# Blender 4.0.2
# www.blender.org
mtllib Fighter_02.mtl
o Fighter_02_Cube.001
v 1.668233 1.674781 -1.566375
v 1.669528 1.396717 -1.564966
v 1.845520 1.876872 1.135517
v 1.848440 1.249532 1.138695
v 2.398613 1.764466 -0.337948
v 2.119499 1.295206 -0.758063
v 2.398615 1.767869 0.333754
v 2.242337 1.256258 0.596216
v 3.010742 1.512073 -0.336671
v 2.901536 0.916653 -0.300270
v 3.010744 1.515477 0.335032
v 3.068825 1.089522 0.597059
v 3.433316 1.235851 -0.417188
v 3.434514 0.978373 -0.415883
v 3.779678 1.152565 0.952528
v 3.780021 1.078755 0.952902
v 4.954598 1.242932 -0.417228
v 4.955796 0.985454 -0.415923
v 4.609097 1.156426 0.952507
v 4.609441 1.082616 0.952881
v 5.388752 1.552879 -0.418799
v 5.389950 1.295401 -0.417495
v 5.388754 1.557112 0.416731
v 5.389952 1.299634 0.418035
v 5.855213 1.555050 -0.418811
v 5.856411 1.297572 -0.417507
v 5.855216 1.559284 0.416718
v 5.856414 1.301806 0.418023
v 6.241051 1.096413 -0.663274
v 6.106907 1.539515 1.577999
v 6.107855 1.335683 1.579032
v 6.609661 1.484920 -0.660935
v 6.610185 1.372265 -0.660364
v 6.470698 1.541209 1.577989
v 6.471646 1.337377 1.579022
v 6.116523 1.575675 -2.388610
v 6.118017 1.254833 -2.386984
v 6.460537 1.577277 -2.388618
v 6.462030 1.256434 -2.386993
v 1.132985 1.879504 2.309523
v 1.135905 1.252164 2.312701
v 0.458094 1.433161 4.028930
v 0.460678 0.877860 4.031743
v 0.123680 1.115692 4.959121
v 0.124078 1.030209 4.959555
v 6.241055 1.104765 0.985046
v 6.609665 1.493229 0.978768
v 6.610189 1.380574 0.979339
v 6.135058 1.520481 1.299227
v 6.135841 1.352152 1.300079
v 6.442711 1.521914 1.299218
v 6.443494 1.353584 1.300071
v 6.140504 1.525053 -2.271226
v 6.141520 1.306863 -2.270120
v 6.437035 1.526433 -2.271234
v 6.438051 1.308243 -2.270128
v 0.937535 1.033809 2.761306
v 0.573177 0.843846 3.733261
v 0.570013 1.523447 3.729818
v 0.933447 1.912027 2.756856
v 1.106596 0.788679 1.170487
v 0.715401 2.754601 -1.306274
v 0.839733 0.779177 -1.381273
v 0.954422 2.738892 0.156602
v 0.629671 1.053726 2.284253
v 0.628569 2.071708 2.284395
v 0.324561 0.877226 4.031747
v 0.321976 1.432527 4.028933
v 0.062317 1.029921 4.959557
v 0.061919 1.115405 4.959123
v 0.655432 1.910733 2.756864
v 0.400517 1.522658 3.729822
v 0.659520 1.032515 2.761313
v 0.277735 0.737535 3.810873
v 0.630246 1.861427 2.769287
v 0.375203 1.500789 3.702745
v 3.650778 1.212244 0.418482
v 3.868104 1.213255 0.418477
v 4.085430 1.214267 0.418471
v 4.302756 1.215278 0.418465
v 4.520082 1.216290 0.418460
v 4.737409 1.217302 0.418454
v 4.737272 1.241921 -0.417222
v 4.519946 1.240909 -0.417216
v 4.302619 1.239897 -0.417211
v 4.085293 1.238886 -0.417205
v 3.867967 1.237874 -0.417199
v 3.650641 1.236863 -0.417194
v 4.661781 0.984474 -0.339227
v 4.597833 0.984176 -0.339225
v 4.227129 0.982451 -0.339215
v 3.728529 0.980130 -0.339202
v 4.661783 0.987931 0.342926
v 4.227130 0.985907 0.342937
v 3.792479 0.983884 0.342948
v 3.728531 0.983586 0.342950
v 4.738470 0.984442 -0.415917
v 4.521144 0.983431 -0.415912
v 4.303818 0.982419 -0.415906
v 4.086492 0.981408 -0.415900
v 3.869166 0.980396 -0.415895
v 3.651840 0.979384 -0.415889
v 4.738338 1.017529 0.419466
v 4.521012 1.016517 0.419472
v 4.303686 1.015505 0.419478
v 4.086360 1.014494 0.419483
v 3.869034 1.013482 0.419489
v 3.651708 1.012470 0.419495
v 4.163181 0.982153 -0.339214
v 3.792477 0.980428 -0.339204
v 4.597835 0.987633 0.342927
v 4.163182 0.985610 0.342939
v 4.652156 0.725138 -0.222326
v 4.609879 0.724941 -0.222325
v 4.217504 0.723114 -0.222315
v 4.175226 0.722918 -0.222314
v 3.782852 0.721091 -0.222304
v 3.740574 0.720894 -0.222303
v 4.652157 0.727423 0.228659
v 4.609880 0.727226 0.228661
v 4.217505 0.725400 0.228671
v 4.175228 0.725203 0.228672
v 3.782853 0.723376 0.228682
v 3.740576 0.723180 0.228683
v 1.235206 1.738537 -2.060698
v 1.236545 1.450983 -2.059241
v 0.892030 2.172153 -2.002103
v 0.903812 1.202440 -1.972848
v 1.072907 1.699558 -3.015340
v 1.073737 1.521123 -3.014436
v 0.865753 1.842176 -3.016062
v 0.867491 1.468916 -3.014170
v 0.926703 1.410253 -3.013873
v 0.056800 1.838410 -3.016040
v 0.058537 1.465150 -3.014149
v 0.924417 1.901387 -3.016362
v 0.056800 1.838840 -2.931288
v 0.058537 1.465580 -2.929397
v 0.867491 1.469345 -2.929418
v 0.865754 1.842605 -2.931309
v 1.678816 0.647380 0.316183
v 1.819616 0.717635 0.314242
v 1.611481 0.812875 -1.037481
v 1.534825 0.738268 -1.038898
v 1.524656 0.674709 0.449806
v 1.868000 0.879674 0.448767
v 1.625213 0.988791 -1.140753
v 1.353836 0.784161 -1.139715
v 2.094451 0.075343 -0.253120
v 2.123512 0.089844 -0.253521
v 2.067098 0.094951 -0.665774
v 2.043690 0.077905 -0.666236
v 1.107571 2.332237 1.157366
v 0.379706 2.753039 -1.306266
v 0.349184 2.736074 0.156618
v 0.933725 2.391526 -1.761444
v 0.291957 2.471062 -1.393847
v 0.236917 2.371314 0.757111
v 1.082970 2.375252 0.757089
v 0.796737 2.473411 -1.393861
v 0.236581 2.431407 -1.406101
v 0.850868 2.434266 -1.406117
v 0.348884 2.792293 -1.294010
v 0.746771 2.794145 -1.294020
v 0.291957 2.471305 -1.345800
v 0.796737 2.473655 -1.345814
v 0.379706 2.753283 -1.258219
v 0.715401 2.754845 -1.258228
v 2.118028 1.611143 -0.759663
v 2.240983 1.547057 0.594743
v 3.050053 1.187287 -0.666233
v 3.068283 1.205946 0.596469
v 2.285351 1.810545 -0.460694
v 2.285353 1.815190 0.456028
v 3.124004 1.464753 -0.458944
v 3.124006 1.469397 0.457778
v 2.372374 1.700830 -0.337625
v 2.372375 1.704233 0.334077
v 2.984503 1.448437 -0.336348
v 2.984505 1.451840 0.335354
v 2.107655 1.745247 0.593739
v 2.384906 1.023944 0.304140
v 3.200275 1.294739 0.596019
v 2.901538 0.919718 0.304667
v 2.348851 1.475790 0.531076
v 2.349853 1.260736 0.532165
v 2.960661 1.223529 0.532352
v 2.961062 1.137430 0.532789
v 0.585694 0.815389 2.886524
v 0.278361 0.602939 3.811554
v 0.403681 0.843057 3.733265
v 0.379101 0.585791 3.594584
v 0.129606 0.736846 3.810876
v 0.130232 0.602250 3.811558
v 0.164984 0.705596 3.928880
v 0.165313 0.635022 3.929237
v 0.242654 0.705957 3.928878
v 0.242983 0.635383 3.929235
v 0.164987 0.711959 5.184681
v 0.165316 0.641385 5.185039
v 0.242658 0.712320 5.184680
v 0.242986 0.641746 5.185037
v 0.170166 1.051587 2.284265
v 1.068411 0.518708 0.454074
v 0.171381 0.784326 1.170512
v 0.741964 1.093568 2.448101
v 0.248635 0.938542 2.231321
v 0.249685 0.707655 1.269152
v 0.990186 0.711102 1.269133
v 0.578171 0.940075 2.231312
v 0.170610 0.956366 2.307115
v 0.171825 0.689105 1.193362
v 1.107040 0.693458 1.193337
v 0.630114 0.958505 2.307103
v 0.248518 0.963788 2.225262
v 0.249567 0.732902 1.263094
v 0.990068 0.736349 1.263075
v 0.578054 0.965322 2.225254
v 1.524084 1.821775 -1.644324
v 1.526636 1.273462 -1.641546
v 2.259390 1.513293 -0.667883
v 2.384904 1.020879 -0.300796
v 1.565347 1.731869 -1.570595
v 1.567130 1.348692 -1.568653
v 2.067173 1.660869 -0.670565
v 2.069153 1.235438 -0.668409
v 1.926476 2.034011 1.000125
v 1.930862 1.091790 1.004899
v 1.050563 2.037246 2.443319
v 1.054949 1.095025 2.448093
v 1.766400 1.876348 1.104736
v 1.769320 1.249008 1.107914
v 1.053865 1.878980 2.278742
v 1.056785 1.251639 2.281920
v 1.067787 2.441980 -1.647465
v 0.113161 2.387707 -1.761423
v 0.995909 2.063794 -2.062345
v 0.114175 2.168532 -2.002083
v 0.048938 2.094564 -2.023695
v 0.047516 2.402053 -1.686064
v 1.008405 2.406526 -1.686089
v 0.949910 2.098758 -2.023719
v 0.948304 1.001602 -1.725299
v 0.266453 0.514976 0.454095
v 0.265188 0.776502 -1.381258
v 1.359216 0.750536 1.006629
v 0.094752 0.921798 -1.547429
v 0.095611 0.751060 0.914299
v 0.991627 0.925973 -1.547452
v 1.256179 0.756462 0.914268
v 1.074813 0.932766 -1.639818
v 0.110990 1.198749 -1.972827
v 0.111932 0.997709 -1.725277
v 0.999593 1.272310 -2.058335
v 0.044891 0.955007 -1.673079
v 0.043551 1.240826 -2.025022
v 1.025549 0.959571 -1.673105
v 0.962295 1.245102 -2.025046
v 0.111933 0.998075 -1.653137
v 0.110990 1.199115 -1.900688
v 0.948304 1.001968 -1.653159
v 0.903812 1.202805 -1.900709
v 2.110436 1.147798 0.596766
v 2.260547 1.264836 -0.666624
v 3.201984 0.927588 0.597879
v 3.050434 1.105483 -0.665819
v 2.195325 1.130234 0.510255
v 2.195322 1.125074 -0.507977
v 3.117095 0.944274 0.511195
v 3.117093 0.939115 -0.507037
v 1.342534 2.036168 1.962254
v 1.634505 2.035089 1.481189
v 1.638891 1.092868 1.485964
v 1.346920 1.093946 1.967028
v 0.170571 0.962500 1.913014
v 0.170976 0.873413 1.541763
v 1.153466 0.864880 1.487120
v 0.947715 0.979224 1.967611
v 0.996331 2.271733 1.419099
v 0.791630 2.160397 1.900734
v 0.947621 0.877028 1.541743
v 0.788646 0.965377 1.912998
v 0.171015 0.867279 1.935864
v 0.171420 0.778192 1.564613
v 0.948065 0.781807 1.564593
v 0.789090 0.870156 1.935848
v 0.248985 0.861579 1.910598
v 0.249335 0.784617 1.589875
v 0.852848 0.787427 1.589859
v 0.715509 0.863751 1.910586
v 0.248868 0.886826 1.904539
v 0.249218 0.809864 1.583817
v 0.852730 0.812673 1.583801
v 0.715392 0.888998 1.904527
v 1.370496 1.878627 1.918187
v 1.608008 1.877750 1.526852
v 1.610928 1.250409 1.530030
v 1.373417 1.251286 1.921366
v 1.291376 1.878103 1.887406
v 1.528888 1.877225 1.496071
v 1.531808 1.249885 1.499250
v 1.294297 1.250762 1.890585
v 1.246373 1.342480 1.968380
v 1.244305 1.786735 1.966129
v 1.101788 1.787262 2.200947
v 1.103856 1.343007 2.203197
v 1.721396 1.340726 1.185709
v 1.719328 1.784981 1.183459
v 1.576811 1.785507 1.418276
v 1.578879 1.341252 1.420527
v 1.483885 1.341603 1.577045
v 1.481817 1.785858 1.574794
v 1.339300 1.786384 1.809611
v 1.341368 1.342130 1.811862
v 1.203731 1.786422 1.941505
v 1.205799 1.342167 1.943756
v 1.063282 1.342693 2.178573
v 1.061214 1.786948 2.176322
v 1.678755 1.784667 1.158834
v 1.680823 1.340412 1.161085
v 1.538306 1.340939 1.395902
v 1.536238 1.785193 1.393651
v 1.441243 1.785544 1.550169
v 1.443311 1.341290 1.552420
v 1.300794 1.341816 1.787238
v 1.298726 1.786071 1.784987
v 0.920839 1.100638 2.840312
v 0.917599 1.796577 2.836786
v 0.610242 1.467954 3.659625
v 0.612699 0.939985 3.662301
v 0.883828 1.187361 2.937194
v 0.881691 1.646487 2.934867
v 0.647185 1.395757 3.562670
v 0.648726 1.064787 3.564348
v 0.842317 1.646229 2.920057
v 0.844454 1.187103 2.922383
v 0.609352 1.064529 3.549537
v 0.607811 1.395498 3.547860
v 0.802005 1.286568 3.033499
v 0.801132 1.474087 3.032549
v 0.650183 1.312694 3.436660
v 0.650672 1.207668 3.437192
v 1.384414 1.099935 2.982979
v 1.384696 1.039297 2.983286
v 1.335759 1.013783 3.113830
v 1.335601 1.047745 3.113658
v 0.885251 2.695511 0.227592
v 0.420023 2.693346 0.227604
v 0.334299 2.414826 0.686121
v 0.983406 2.417848 0.686104
v 0.885250 2.695136 0.153514
v 0.420023 2.692970 0.153526
v 0.983406 2.417472 0.612026
v 0.334299 2.414451 0.612043
v 0.219398 1.207820 4.751143
v 0.220480 0.975177 4.752322
v 0.121019 0.974714 4.752324
v 0.119936 1.207357 4.751145
v 0.293555 1.425925 4.049771
v 0.021789 1.424660 4.049778
v 0.022790 1.213374 4.730311
v 0.103174 1.213748 4.730309
v 0.026507 1.403924 4.062917
v 0.027456 1.203728 4.707726
v 0.284008 1.405122 4.062910
v 0.103620 1.204083 4.707724
v 0.230782 0.700334 5.184741
v 0.176974 0.700083 5.184741
v 0.177192 0.653371 5.184978
v 0.230999 0.653622 5.184978
v 0.230781 0.698341 4.791454
v 0.176973 0.698091 4.791455
v 0.230998 0.651629 4.791691
v 0.177191 0.651378 4.791692
v 0.967103 0.988468 1.997323
v 1.294710 1.091177 1.995170
v 1.038875 1.086520 2.419351
v 0.785746 1.094456 2.417494
v 1.290298 2.038735 1.990369
v 0.961750 2.138368 1.991496
v 0.781369 2.034999 2.412729
v 1.034411 2.045306 2.414491
v 1.879000 2.048360 1.027596
v 1.367685 2.350353 1.027050
v 1.185518 2.249326 1.451245
v 1.622764 2.052047 1.453205
v 1.584669 2.045299 1.508836
v 1.164712 2.242804 1.509199
v 0.983029 2.140934 1.932097
v 1.328791 2.050061 1.933970
v 1.375037 0.770424 1.035055
v 1.883524 1.077275 1.032515
v 1.627312 1.075515 1.458154
v 1.191916 0.874084 1.458214
v 1.171050 0.881002 1.516098
v 1.589153 1.082473 1.513714
v 1.333310 1.079636 1.938888
v 0.988405 0.985496 1.937952
v 1.285331 1.154123 1.982140
v 0.957724 1.051413 1.984293
v 0.798474 1.141640 2.395492
v 1.029496 1.149466 2.406321
v 0.961179 2.080088 2.004296
v 1.250515 1.992346 2.003304
v 1.025168 1.998133 2.376807
v 0.802123 2.032687 2.375034
v 1.808739 2.022471 1.031692
v 1.358449 2.288422 1.031212
v 1.583084 2.025718 1.406506
v 1.197820 2.243083 1.404558
v 1.156870 2.183148 1.516218
v 1.526705 2.009214 1.515899
v 1.301366 2.013408 1.890293
v 0.996668 2.137067 1.888423
v 1.346415 0.824458 1.013158
v 1.854902 1.131309 1.010617
v 1.189012 0.918757 1.428033
v 1.598691 1.129549 1.436257
v 1.567258 1.140624 1.494797
v 1.149155 0.939153 1.497181
v 0.991042 1.031738 1.910435
v 1.311416 1.137786 1.919971
v 0.150705 1.142971 4.958983
v 0.151356 1.003183 4.959692
v 0.062443 1.002769 4.959694
v 0.061793 1.142557 4.958986
v 0.028985 1.029766 4.959558
v 0.028587 1.115250 4.959124
v 0.028587 1.115044 4.918417
v 0.028985 1.029560 4.918850
v 0.061919 1.115199 4.918416
v 0.062317 1.029715 4.918849
v 0.123680 1.115486 4.918414
v 0.124077 1.030002 4.918848
v 0.544362 0.930297 -1.639804
v 0.501838 2.333313 1.140383
v 0.253031 2.066064 2.301403
v 0.162726 1.431786 4.028937
v 0.031883 1.142417 4.958986
v 0.334259 1.031001 2.761322
v 0.205381 0.842134 3.733271
v 0.688582 0.747414 1.006647
v 0.537337 2.439511 -1.647451
v 0.375790 1.091864 2.448111
v 0.165311 0.876485 4.031751
v 0.032533 1.002630 4.959694
v 0.330171 1.909219 2.756872
v 0.202217 1.521735 3.729827
v 0.317553 1.859971 2.769295
v 0.189471 1.499925 3.702750
v 0.505552 1.270011 -2.058322
v 0.501868 2.061495 -2.062332
v 0.468376 1.408119 -3.013861
v 0.466090 1.899254 -3.016350
v 0.467455 1.467054 -3.014160
v 0.465717 1.840314 -3.016051
v 0.467455 1.467483 -2.929407
v 0.465717 1.840743 -2.931298
v 0.664588 2.373305 0.757100
v 0.547097 2.432852 -1.406109
v 0.655125 2.737499 0.156610
v 0.550012 2.793229 -1.294015
v 0.547118 2.472250 -1.393854
v 0.549396 2.753829 -1.306270
v 0.547118 2.472493 -1.345807
v 0.549396 2.754072 -1.258223
v 0.322593 0.814164 2.886531
v 0.218698 0.585044 3.594588
v 0.204483 0.737194 3.810874
v 0.205110 0.602598 3.811556
v 0.204246 0.705779 3.928879
v 0.204574 0.635204 3.929236
v 0.204249 0.712142 5.184680
v 0.204577 0.641567 5.185038
v 0.644122 0.786526 1.170499
v 0.402441 1.052668 2.284259
v 0.644566 0.691306 1.193350
v 0.402885 0.957447 2.307109
v 0.624001 0.709398 1.269142
v 0.415212 0.939317 2.231316
v 0.623883 0.734644 1.263084
v 0.415095 0.964564 2.225258
v 0.533235 2.404314 -1.686077
v 0.504370 2.096684 -2.023707
v 0.527948 2.389637 -1.761434
v 0.507373 2.170362 -2.002093
v 0.548113 0.923908 -1.547441
v 0.682266 0.753791 0.914283
v 0.555614 0.777854 -1.381266
v 0.671835 0.516863 0.454084
v 0.540604 0.957314 -1.673092
v 0.507967 1.242988 -2.025034
v 0.534709 0.999677 -1.725288
v 0.511753 1.200615 -1.972838
v 0.534710 1.000043 -1.653148
v 0.511754 1.200980 -1.900698
v 0.554287 0.811284 1.583809
v 0.484691 0.887924 1.904533
v 0.435291 2.261834 1.450913
v 0.332078 2.150970 1.932545
v 0.655191 2.694440 0.227598
v 0.662416 2.416353 0.686113
v 0.655191 2.694065 0.153520
v 0.662416 2.415978 0.612035
v 0.062205 0.974440 4.752326
v 0.061122 1.207083 4.751147
v 0.159164 1.425300 4.049775
v 0.063423 1.213563 4.730310
v 0.156671 1.404529 4.062913
v 0.065956 1.203907 4.707725
v 0.204173 0.700210 5.184741
v 0.204391 0.653498 5.184978
v 0.204172 0.698217 4.791455
v 0.204390 0.651505 4.791692
v 0.045436 1.115328 4.959124
v 0.045834 1.029844 4.959557
v 0.045436 1.115122 4.918417
v 0.045834 1.029638 4.918850
v 2.107652 1.739210 -0.597689
v 2.110433 1.141761 -0.594661
v 3.200272 1.288703 -0.595409
v 3.201981 0.921551 -0.593548
v 2.166718 1.651048 -0.668581
v 2.168867 1.189449 -0.666242
v 3.141797 1.249005 -0.666546
v 3.142989 0.992928 -0.665249
v 2.259391 1.513730 -0.581596
v 2.260547 1.265273 -0.580338
v 3.050054 1.187725 -0.579947
v 3.050434 1.105921 -0.579532
v 6.340567 1.096877 -0.663277
v 6.340571 1.105229 0.985044
v 6.609187 1.586272 -0.763320
v 6.610660 1.269881 -0.761717
v 6.609191 1.595613 1.080122
v 6.610664 1.279222 1.081725
v 8.209483 0.296265 -2.098755
v 8.209674 0.255289 -2.098547
v 8.209486 0.301995 -0.967908
v 8.209677 0.261019 -0.967700
v 6.027572 1.599219 -0.968173
v 6.030494 1.579459 1.577797
v 6.031818 1.295030 1.579238
v 6.029202 1.249161 -0.966399
v 6.549341 1.601647 -0.968186
v 6.546735 1.581862 1.577783
v 6.548059 1.297433 1.579225
v 6.550971 1.251590 -0.966413
v 6.120313 1.756136 -0.784281
v 6.120317 1.765681 1.099363
v 6.123393 1.104814 1.102711
v 6.123389 1.095270 -0.780933
v 6.455153 1.757695 -0.784290
v 6.455157 1.767239 1.099354
v 6.458233 1.106372 1.102702
v 6.458229 1.096828 -0.780941
v 6.428460 0.733315 0.545575
v 6.428458 0.729435 -0.220062
v 6.463825 0.733479 0.545574
v 6.463823 0.729600 -0.220063
v 0.548919 2.053537 -2.110466
v 0.943345 2.055372 -2.110476
v 0.879067 1.909353 -2.968228
v 0.516751 1.907666 -2.968219
v 0.454816 1.276767 -2.106639
v 0.049330 1.274879 -2.106629
v 0.048729 1.399174 -2.965532
v 0.421400 1.400908 -2.965541
v 0.946949 1.279058 -2.106652
v 0.552528 1.277222 -2.106642
v 0.519112 1.401363 -2.965544
v 0.881431 1.403050 -2.965553
v 0.045716 2.051194 -2.110453
v 0.451206 2.053082 -2.110464
v 0.419039 1.907212 -2.968216
v 0.046372 1.905477 -2.968206
v 0.046460 1.886661 -2.965010
v 0.045804 2.032378 -2.107256
v 0.049242 1.293768 -2.103895
v 0.048641 1.418063 -2.962798
v 0.549006 2.034720 -2.107270
v 0.943432 2.036556 -2.107280
v 0.516839 1.888850 -2.965022
v 0.879154 1.890537 -2.965032
v 0.454728 1.295656 -2.103906
v 0.421312 1.419797 -2.962808
v 0.946861 1.297947 -2.103919
v 0.552440 1.296111 -2.103909
v 0.881343 1.421939 -2.962820
v 0.519024 1.420252 -2.962811
v 0.451294 2.034266 -2.107267
v 0.419127 1.888396 -2.965020
v 0.734989 0.545482 0.509113
v 1.024981 0.546832 0.509105
v 1.167842 0.727725 0.859240
v 0.742926 0.725747 0.859252
v 0.311159 0.543510 0.509124
v 0.611175 0.544906 0.509116
v 0.619111 0.725171 0.859255
v 0.181176 0.723133 0.859266
v 0.734989 0.544925 0.399150
v 1.024981 0.546275 0.399142
v 0.742925 0.725190 0.749288
v 1.167842 0.727168 0.749277
v 0.311159 0.542952 0.399161
v 0.611175 0.544349 0.399153
v 0.181175 0.722575 0.749303
v 0.619111 0.724614 0.749292
v 0.520033 0.800401 -1.407100
v 0.282046 0.799293 -1.407094
v 0.164606 0.899411 -1.521595
v 0.514864 0.901041 -1.521605
v 0.821563 0.801805 -1.407108
v 0.588863 0.800721 -1.407102
v 0.583694 0.901362 -1.521606
v 0.926227 0.902956 -1.521615
v 0.520033 0.800567 -1.374249
v 0.282046 0.799460 -1.374243
v 0.514864 0.901208 -1.488753
v 0.164606 0.899577 -1.488744
v 0.821563 0.801971 -1.374257
v 0.588863 0.800888 -1.374251
v 0.926227 0.903122 -1.488764
v 0.583694 0.901528 -1.488755
v 0.335143 0.841231 2.802889
v 0.206702 0.557980 3.678229
v 0.660404 0.842745 2.802881
v 0.405002 0.558903 3.678224
v 0.322506 0.832711 2.892520
v 0.218611 0.603591 3.600576
v 0.585608 0.833936 2.892513
v 0.379015 0.604338 3.600572
v 1.390705 2.142546 0.701348
v 1.625595 1.911138 0.572638
v 1.224093 2.131642 -1.383412
v 1.448764 1.881627 -1.513052
v 2.088400 1.754292 0.517622
v 1.563602 1.823113 -1.495037
v 1.925467 2.013974 0.883079
v 2.088397 1.748864 -0.553812
v 1.649721 1.783057 0.753958
v 1.928908 1.645378 0.447680
v 1.669646 1.724819 -1.244978
v 1.964673 1.606204 -0.727825
v 1.174844 2.176750 -1.426420
v 1.352717 2.188826 0.793400
v 1.674752 1.866125 0.615690
v 1.486927 1.835166 -1.605191
v 1.334169 2.150567 -1.228195
v 1.471481 2.159338 0.492834
v 1.629699 2.006164 0.406755
v 1.483492 1.981571 -1.315005
v 1.309732 2.172949 -1.249535
v 1.452632 2.182302 0.538509
v 1.654090 1.983829 0.428118
v 1.502427 1.958518 -1.360724
v 2.767484 3.432533 -1.685512
v 2.810560 3.435285 -1.145615
v 2.860193 3.387233 -1.172618
v 2.814327 3.379518 -1.712744
v 0.813593 2.330868 1.157373
v 0.572072 2.071445 2.284397
v 0.141291 2.331635 1.140393
v 0.142189 2.143402 1.961714
v 0.142560 2.065550 2.301406
v 0.141662 2.253783 1.480085
v 0.577831 2.255813 1.480074
v 0.474618 2.144949 1.961705
v 0.142264 2.127200 1.958001
v 0.142635 2.049348 2.297693
v 0.141366 2.315432 1.136680
v 0.141738 2.237581 1.476372
v 0.435367 2.245632 1.447200
v 0.332153 2.134768 1.928832
v 0.501913 2.317111 1.136670
v 0.253107 2.049862 2.297690
v 0.942278 2.147126 1.961693
v 0.737578 2.035789 2.443327
v 1.351679 2.369799 0.998425
v 1.146979 2.258462 1.480059
v 0.681045 2.366677 0.998442
v 0.371404 2.034085 2.443336
v 0.737441 2.249071 1.512726
v 0.634228 2.138207 1.994358
v 0.758652 2.308049 1.617735
v 0.904267 2.320795 1.565074
v 0.700598 2.245692 1.888635
v 0.789131 2.258173 1.835975
v 0.697415 2.208288 2.051770
v 0.966835 2.354826 1.417859
v 0.801484 2.354056 1.417863
v 0.665638 2.208140 2.051770
v 3.433318 1.240085 0.418342
v 3.434516 0.982606 0.419646
v 4.954600 1.247166 0.418302
v 4.955799 0.989688 0.419607
v 4.737275 1.246154 0.418308
v 3.651842 0.983618 0.419641
v 3.650644 1.241096 0.418336
v 3.867970 1.242108 0.418330
v 4.085296 1.243119 0.418325
v 4.302622 1.244131 0.418319
v 4.519948 1.245142 0.418313
v 4.738472 0.988676 0.419612
v 4.521146 0.987664 0.419618
v 4.303820 0.986653 0.419624
v 4.086494 0.985641 0.419629
v 3.869168 0.984630 0.419635
v 3.462305 1.211366 0.418487
v 3.463235 1.011593 0.419499
v 4.925881 1.218179 0.418449
v 4.926811 1.018406 0.419461
v 4.519228 1.156007 0.952509
v 3.869890 1.079174 0.952900
v 3.869547 1.152983 0.952526
v 3.999483 1.153588 0.952523
v 4.129419 1.154193 0.952519
v 4.259356 1.154798 0.952516
v 4.389292 1.155403 0.952512
v 4.519572 1.082198 0.952883
v 4.389636 1.081593 0.952886
v 4.259699 1.080988 0.952890
v 4.129763 1.080383 0.952893
v 3.999827 1.079778 0.952897
v 2.858788 3.486838 -1.554286
v 2.878782 3.488116 -1.303681
v 2.901821 3.465811 -1.316215
v 2.880531 3.462230 -1.566927
v 5.989866 1.591347 -2.250242
v 6.033568 1.644513 -2.388958
v 6.035706 1.185226 -2.386631
v 5.991503 1.239805 -2.248461
v 6.542848 1.646883 -2.388971
v 6.587050 1.594127 -2.250257
v 6.588687 1.242585 -2.248476
v 6.544986 1.187597 -2.386644
v 6.029898 1.693817 -0.874668
v 6.032403 1.155825 -0.871942
v 6.546139 1.696220 -0.874681
v 6.548643 1.158228 -0.871955
v 5.989177 1.145097 -2.341965
v 5.986665 1.684792 -2.344699
v 6.589376 1.687598 -2.344715
v 6.591889 1.147903 -2.341980
v 6.070352 1.457874 -1.165756
v 6.070675 1.388292 -1.165404
v 6.507868 1.459910 -1.165768
v 6.508192 1.390329 -1.165415
v 6.044556 1.381810 -2.053699
v 6.044227 1.452420 -2.054057
v 6.533996 1.454700 -2.054070
v 6.534325 1.384090 -2.053712
v 6.073297 1.577642 -1.047373
v 6.074728 1.270123 -1.045814
v 6.503814 1.579646 -1.047384
v 6.505246 1.272127 -1.045826
v 6.041611 1.261904 -2.172082
v 6.040173 1.570727 -2.173647
v 6.536941 1.573040 -2.173660
v 6.538379 1.264216 -2.172095
v 5.934602 1.436873 -1.401973
v 5.934751 1.404907 -1.401811
v 6.643794 1.440174 -1.401992
v 6.643942 1.408208 -1.401830
v 5.922752 1.401928 -1.809902
v 5.922601 1.434367 -1.810066
v 6.655797 1.437780 -1.810086
v 6.655948 1.405341 -1.809921
v -1.670841 1.659239 -1.566288
v -1.669547 1.381175 -1.564879
v -1.849860 1.859671 1.135613
v -1.846940 1.232331 1.138792
v 0.002135 0.927773 -1.639790
v -0.004479 2.363486 0.998460
v 0.003059 0.744223 1.006665
v -0.004890 2.436987 -1.647437
v -2.401960 1.742120 -0.337823
v -2.118511 1.275479 -0.757952
v -2.401958 1.745524 0.333880
v -2.240911 1.235390 0.596333
v -3.011713 1.484040 -0.336513
v -2.896967 0.889662 -0.300118
v -3.011712 1.487444 0.335189
v -3.065810 1.060966 0.597219
v -3.431701 1.203896 -0.417009
v -3.430502 0.946418 -0.415704
v -3.777201 1.117390 0.952725
v -3.776858 1.043580 0.953099
v -4.952983 1.196815 -0.416969
v -4.951785 0.939337 -0.415664
v -4.606621 1.113529 0.952747
v -4.606277 1.039719 0.953121
v -5.390004 1.502707 -0.418518
v -5.388806 1.245228 -0.417213
v -5.390002 1.506940 0.417012
v -5.388803 1.249462 0.418316
v -5.856466 1.500535 -0.418506
v -5.855268 1.243057 -0.417201
v -5.856463 1.504769 0.417024
v -5.855265 1.247291 0.418329
v -6.238029 1.038326 -0.662948
v -6.107899 1.482658 1.578318
v -6.106950 1.278826 1.579351
v -6.610240 1.423385 -0.660590
v -6.609716 1.310730 -0.660019
v -6.471690 1.480965 1.578327
v -6.470741 1.277133 1.579360
v -6.118059 1.518726 -2.388290
v -6.116565 1.197884 -2.386664
v -6.462072 1.517125 -2.388281
v -6.460579 1.196283 -2.386656
v -1.137319 1.868937 2.309582
v -1.134399 1.241596 2.312761
v 0.001486 1.090121 2.448121
v -0.002900 2.032343 2.443346
v -0.458213 1.428896 4.028954
v -0.455628 0.873594 4.031767
v 0.002525 0.875727 4.031755
v -0.000059 1.431028 4.028942
v -0.120809 1.114555 4.959128
v -0.120411 1.029071 4.959561
v 0.001960 1.002488 4.959695
v 0.001309 1.142275 4.958987
v -6.238025 1.046678 0.985372
v -6.610236 1.431693 0.979113
v -6.609712 1.319038 0.979684
v -6.135886 1.463363 1.299547
v -6.135102 1.295034 1.300400
v -6.443539 1.461931 1.299555
v -6.442755 1.293602 1.300408
v -6.141561 1.467883 -2.270905
v -6.140545 1.249693 -2.269800
v -6.438092 1.466503 -2.270897
v -6.437076 1.248313 -2.269792
v -0.933981 1.025098 2.761355
v -0.567820 0.838535 3.733291
v 0.002678 0.841190 3.733276
v 0.001777 1.029453 2.761330
v -0.002311 1.907671 2.756881
v -0.000485 1.520792 3.729832
v -0.570984 1.518136 3.729847
v -0.938069 1.903315 2.756905
v -1.100837 0.778404 1.170545
v -0.728089 2.747883 -1.306237
v -0.834030 0.771386 -1.381230
v -0.966877 2.729949 0.156653
v -0.626341 1.047880 2.284286
v -0.634716 2.065828 2.284428
v -0.319510 0.874228 4.031764
v -0.322095 1.429529 4.028950
v -0.058651 1.029358 4.959559
v -0.059048 1.114842 4.959126
v -0.660054 1.904609 2.756898
v -0.401488 1.518925 3.729843
v -0.655966 1.026392 2.761348
v -0.271397 0.734979 3.810887
v -0.002082 1.858484 2.769304
v -0.000385 1.499041 3.702755
v -0.634410 1.855540 2.769320
v -0.375972 1.497293 3.702765
v -3.648890 1.178265 0.418673
v -3.866216 1.177254 0.418678
v -4.083543 1.176242 0.418684
v -4.300869 1.175231 0.418690
v -4.518195 1.174219 0.418696
v -4.735521 1.173208 0.418701
v -4.735657 1.197826 -0.416975
v -4.518331 1.198838 -0.416980
v -4.301005 1.199850 -0.416986
v -4.083679 1.200861 -0.416992
v -3.866353 1.201873 -0.416997
v -3.649027 1.202884 -0.417003
v -4.657769 0.941094 -0.338983
v -4.593821 0.941392 -0.338985
v -4.159169 0.943415 -0.338996
v -3.788465 0.945140 -0.339006
v -3.788464 0.948597 0.343146
v -4.734459 0.940348 -0.415670
v -4.517133 0.941360 -0.415676
v -4.299807 0.942372 -0.415681
v -4.082480 0.943383 -0.415687
v -3.865154 0.944395 -0.415693
v -3.647828 0.945406 -0.415699
v -4.734591 0.973434 0.419713
v -4.517264 0.974446 0.419708
v -4.299938 0.975458 0.419702
v -4.082612 0.976469 0.419696
v -3.865286 0.977481 0.419691
v -3.647960 0.978492 0.419685
v -4.223117 0.943117 -0.338995
v -3.724517 0.945438 -0.339008
v -4.657768 0.944550 0.343169
v -4.593820 0.944848 0.343167
v -4.223115 0.946573 0.343158
v -4.159167 0.946871 0.343156
v -3.724515 0.948894 0.343145
v -4.645724 0.681858 -0.222084
v -4.603447 0.682055 -0.222085
v -4.211072 0.683882 -0.222095
v -4.168795 0.684078 -0.222096
v -3.776420 0.685905 -0.222106
v -3.734142 0.686101 -0.222107
v -4.645723 0.684143 0.228902
v -4.603446 0.684340 0.228901
v -4.211071 0.686167 0.228891
v -4.168793 0.686363 0.228890
v -3.776419 0.688190 0.228879
v -3.734141 0.688387 0.228878
v -1.238452 1.727023 -2.060633
v -1.237114 1.439469 -2.059176
v -0.899325 2.163814 -2.002056
v -0.902077 1.194034 -1.972801
v 0.000542 1.267660 -2.058309
v -0.003142 2.059144 -2.062319
v -1.075847 1.689556 -3.015283
v -1.075016 1.511122 -3.014379
v -0.870030 1.834096 -3.016016
v -0.868293 1.460836 -3.014125
v -0.000127 1.405939 -3.013849
v -0.002413 1.897073 -3.016338
v -0.926956 1.401624 -3.013825
v -0.061076 1.837861 -3.016037
v -0.059339 1.464601 -3.014146
v -0.929242 1.892759 -3.016314
v -0.061076 1.838291 -2.931285
v -0.059339 1.465031 -2.929394
v -0.868292 1.461265 -2.929373
v -0.870030 1.834525 -2.931264
v -1.671761 0.631784 0.316270
v -1.813209 0.700725 0.314337
v -1.606040 0.797898 -1.037398
v -1.528693 0.724009 -1.038818
v -1.517855 0.660547 0.449886
v -1.863092 0.862307 0.448864
v -1.621414 0.973679 -1.140668
v -1.348144 0.771584 -1.139645
v -2.082082 0.055902 -0.253011
v -2.111277 0.070132 -0.253410
v -2.054934 0.075764 -0.665667
v -2.031369 0.058936 -0.666129
v -1.116181 2.321886 1.157424
v -0.392394 2.749445 -1.306245
v -0.361639 2.732766 0.156637
v -0.943047 2.382790 -1.761396
v -0.302029 2.468297 -1.393832
v -0.245950 2.369067 0.757124
v -1.092003 2.365129 0.757146
v -0.806808 2.465947 -1.393819
v -0.246286 2.429159 -1.406088
v -0.860574 2.426300 -1.406072
v -0.361939 2.788984 -1.293991
v -0.759825 2.787132 -1.293981
v -0.302029 2.468540 -1.345785
v -0.806808 2.466191 -1.345772
v -0.392393 2.749689 -1.258199
v -0.728088 2.748126 -1.258190
v -2.119982 1.591416 -0.759553
v -2.242265 1.526189 0.594860
v -3.048017 1.158902 -0.666074
v -3.066352 1.177391 0.596629
v -2.289138 1.789252 -0.460575
v -2.289136 1.793897 0.456148
v -3.124536 1.435667 -0.458781
v -3.124533 1.440312 0.457941
v -2.375129 1.678731 -0.337501
v -2.375128 1.682134 0.334201
v -2.984883 1.420651 -0.336192
v -2.984881 1.424054 0.335510
v -2.110787 1.725611 0.593849
v -2.381326 1.001758 0.304264
v -3.199166 1.264952 0.596186
v -2.896966 0.892727 0.304818
v -2.349468 1.453920 0.531198
v -2.348467 1.238867 0.532288
v -2.958903 1.195975 0.532507
v -2.958502 1.109876 0.532943
v 0.004000 0.557036 3.678235
v 0.002661 0.839683 2.802897
v -0.580116 0.809962 2.886554
v -0.270770 0.600383 3.811569
v -0.398324 0.839324 3.733286
v -0.371358 0.582298 3.594603
v -0.123268 0.735669 3.810883
v -0.122641 0.601073 3.811565
v -0.158348 0.704091 3.928888
v -0.158020 0.633517 3.929246
v -0.236018 0.703729 3.928890
v -0.235690 0.633155 3.929248
v -0.158345 0.710454 5.184690
v -0.158016 0.639880 5.185048
v -0.236015 0.710092 5.184692
v -0.235687 0.639518 5.185050
v -0.166836 1.050019 2.284274
v -1.060178 0.508800 0.454129
v -0.165621 0.782757 1.170521
v -0.738992 1.086675 2.448140
v -0.244253 0.936247 2.231333
v -0.243203 0.705361 1.269165
v -0.983704 0.701914 1.269184
v -0.573789 0.934713 2.231342
v -0.166392 0.954798 2.307124
v -0.165177 0.687536 1.193371
v -1.100393 0.683183 1.193395
v -0.625897 0.952659 2.307136
v -0.244370 0.961494 2.225275
v -0.243321 0.730608 1.263107
v -0.983822 0.727161 1.263126
v -0.573906 0.959960 2.225284
v -1.528071 1.807568 -1.644244
v -1.525518 1.259255 -1.641466
v -2.260423 1.492254 -0.667765
v -2.381328 0.998693 -0.300672
v -1.568491 1.717281 -1.570513
v -1.566707 1.334105 -1.568571
v -2.069587 1.641613 -0.670457
v -2.067606 1.216182 -0.668301
v -1.932283 2.016050 1.000226
v -1.927897 1.073828 1.005000
v -1.056363 2.027439 2.443374
v -1.051977 1.085218 2.448148
v -1.770740 1.859884 1.104828
v -1.767820 1.232543 1.108007
v -1.058199 1.869149 2.278797
v -1.055279 1.241808 2.281976
v -1.077568 2.431994 -1.647409
v -0.122484 2.386610 -1.761417
v -1.002193 2.054494 -2.062293
v -0.121470 2.167435 -2.002077
v -0.055548 2.094078 -2.023692
v -0.056970 2.401567 -1.686061
v -1.017859 2.397094 -1.686036
v -0.956520 2.089884 -2.023669
v -0.944685 0.992791 -1.725250
v -0.258219 0.512533 0.454108
v -0.259484 0.774060 -1.381245
v -1.353099 0.737911 1.006700
v -0.090417 0.920936 -1.547424
v -0.089558 0.750198 0.914304
v -0.987292 0.916761 -1.547401
v -1.250126 0.744796 0.914334
v -1.070542 0.922780 -1.639762
v -0.109255 1.197724 -1.972822
v -0.108313 0.996684 -1.725271
v -0.998509 1.263010 -2.058283
v -0.040874 0.954607 -1.673077
v -0.042213 1.240427 -2.025020
v -1.021533 0.950043 -1.673051
v -0.960958 1.236150 -2.024996
v -0.108313 0.997049 -1.653132
v -0.109255 1.198090 -1.900682
v -0.944684 0.993156 -1.653110
v -0.902077 1.194399 -1.900661
v -2.108006 1.128162 0.596876
v -2.259266 1.243798 -0.666506
v -3.197457 0.897800 0.598046
v -3.047636 1.077098 -0.665660
v -2.192732 1.109808 0.510369
v -2.192734 1.104649 -0.507862
v -3.112731 0.915276 0.511357
v -3.112734 0.910117 -0.506874
v -0.003953 2.253105 1.480089
v -0.003426 2.142724 1.961718
v -1.348336 2.023643 1.962324
v -1.640309 2.019846 1.481275
v -1.635923 1.077625 1.486049
v -1.343950 1.081421 1.967099
v -0.166431 0.960932 1.913023
v -0.166026 0.871844 1.541772
v -1.148397 0.854165 1.487180
v -0.943694 0.970420 1.967660
v -1.004369 2.262420 1.419152
v -0.798616 2.152995 1.900775
v 0.002010 0.974822 1.967635
v 0.002534 0.859523 1.487150
v -0.942671 0.868229 1.541792
v -0.784506 0.958055 1.913039
v -0.165987 0.865711 1.935873
v -0.165582 0.776623 1.564622
v -0.942228 0.773008 1.564642
v -0.784062 0.862834 1.935889
v -0.243903 0.859285 1.910611
v -0.243553 0.782323 1.589888
v -0.847066 0.779514 1.589904
v -0.710427 0.857114 1.910623
v -0.244021 0.884532 1.904552
v -0.243671 0.807570 1.583830
v -0.847183 0.804761 1.583845
v -0.710545 0.882360 1.904564
v -1.374833 1.865848 1.918259
v -1.612347 1.862760 1.526936
v -1.609427 1.235419 1.530115
v -1.371913 1.238508 1.921438
v -1.295713 1.866060 1.887474
v -1.533227 1.862972 1.496151
v -1.530307 1.235631 1.499330
v -1.292793 1.238720 1.890653
v -1.245721 1.330880 1.968445
v -1.247789 1.775135 1.966194
v -1.105271 1.776988 2.201004
v -1.103203 1.332734 2.203255
v -1.720748 1.324704 1.185799
v -1.722816 1.768958 1.183548
v -1.580298 1.770812 1.418359
v -1.578230 1.326557 1.420609
v -1.483235 1.327792 1.577122
v -1.485303 1.772047 1.574872
v -1.342785 1.773900 1.809681
v -1.340717 1.329645 1.811932
v -1.207215 1.775199 1.941568
v -1.205148 1.330944 1.943819
v -1.062629 1.332798 2.178628
v -1.064697 1.777052 2.176378
v -1.682243 1.769022 1.158922
v -1.680175 1.324768 1.161173
v -1.537657 1.326621 1.395983
v -1.539725 1.770876 1.393732
v -1.444729 1.772111 1.550245
v -1.442661 1.327856 1.552496
v -1.300143 1.329709 1.787306
v -1.302211 1.773964 1.785055
v -0.917904 1.092080 2.840361
v -0.921144 1.788018 2.836834
v -0.610697 1.462270 3.659657
v -0.608240 0.934302 3.662333
v -0.881697 1.179143 2.937240
v -0.883834 1.638269 2.934914
v -0.646972 1.389733 3.562704
v -0.645431 1.058763 3.564382
v -0.844461 1.638378 2.920101
v -0.842323 1.179251 2.922427
v -0.606058 1.058872 3.549569
v -0.607598 1.389841 3.547892
v -0.800796 1.279107 3.033541
v -0.801669 1.466626 3.032591
v -0.649203 1.306645 3.436694
v -0.648714 1.201620 3.437226
v -1.381446 1.087061 2.983051
v -1.381163 1.026422 2.983358
v -1.331984 1.001365 3.113900
v -1.332142 1.035327 3.113728
v -0.897301 2.687214 0.227638
v -0.432073 2.689379 0.227626
v -0.343737 2.411670 0.686139
v -0.992843 2.408648 0.686156
v -0.897301 2.686838 0.153560
v -0.432074 2.689004 0.153548
v -0.992844 2.408273 0.612078
v -0.343737 2.411295 0.612061
v 0.002086 0.974160 4.752327
v -0.217391 1.205786 4.751154
v -0.216308 0.973144 4.752333
v 0.001003 1.206803 4.751149
v -0.116847 0.973607 4.752331
v -0.117930 1.206249 4.751152
v -0.293613 1.423192 4.049786
v -0.021847 1.424457 4.049779
v -0.020845 1.213171 4.730312
v -0.101229 1.212796 4.730315
v -0.026371 1.403677 4.062918
v -0.025422 1.203482 4.707727
v -0.283871 1.402479 4.062925
v -0.101587 1.203128 4.707729
v -0.224028 0.698217 5.184752
v -0.170221 0.698467 5.184751
v -0.170003 0.651755 5.184988
v -0.223811 0.651505 5.184989
v -0.224029 0.696224 4.791466
v -0.170222 0.696475 4.791465
v -0.223812 0.649512 4.791703
v -0.170004 0.649762 4.791702
v -0.963166 0.979483 1.997373
v -1.291715 1.079138 1.995237
v -1.035825 1.076863 2.419405
v -0.782781 1.087155 2.417535
v -1.296125 2.026696 1.990437
v -0.968518 2.129383 1.991547
v -0.787161 2.027698 2.412770
v -1.040288 2.035649 2.414546
v -1.884942 2.030839 1.027694
v -1.376460 2.337580 1.027122
v -1.193338 2.238253 1.451307
v -1.628728 2.036912 1.453290
v -1.590569 2.030519 1.508919
v -1.172469 2.231925 1.509260
v -0.989823 2.131751 1.932148
v -1.334725 2.037663 1.934040
v -1.369103 0.757651 1.035127
v -1.880425 1.059754 1.032613
v -1.624186 1.060380 1.458239
v -1.186933 0.863011 1.458276
v -1.166129 0.870123 1.516160
v -1.586089 1.067693 1.513797
v -1.330209 1.067237 1.938958
v -0.984442 0.976313 1.938003
v -1.282924 1.142168 1.982207
v -0.954375 1.042513 1.984343
v -0.795950 1.134218 2.395534
v -1.027034 1.139893 2.406375
v -0.967404 2.071111 2.004346
v -1.255911 1.980679 2.003369
v -1.030608 1.988564 2.376861
v -0.807894 2.025193 2.375076
v -1.814442 2.005606 1.031787
v -1.366647 2.275738 1.031283
v -1.588807 2.010954 1.406588
v -1.205584 2.231896 1.404621
v -1.164072 2.172344 1.516279
v -1.532271 1.994975 1.515979
v -1.306962 2.001267 1.890361
v -1.003428 2.127757 1.888475
v -1.340987 0.811949 1.013228
v -1.852308 1.114053 1.010714
v -1.184446 0.907709 1.428095
v -1.596069 1.114678 1.436341
v -1.564738 1.126045 1.494878
v -1.144777 0.928475 1.497241
v -0.987512 1.022528 1.910487
v -1.308858 1.125590 1.920040
v -0.148088 1.141580 4.958991
v -0.147437 1.001792 4.959699
v -0.058524 1.002206 4.959697
v -0.059175 1.141994 4.958989
v -0.025319 1.029513 4.959558
v -0.025717 1.114997 4.959125
v -0.025717 1.114791 4.918418
v -0.025319 1.029307 4.918851
v -0.059049 1.114636 4.918419
v -0.058651 1.029152 4.918852
v -0.120809 1.114348 4.918421
v -0.120411 1.028864 4.918854
v -0.540092 0.925249 -1.639776
v -0.510486 2.328601 1.140410
v -0.259141 2.063680 2.301417
v -0.162845 1.430270 4.028946
v -0.029265 1.142133 4.958988
v -0.330706 1.027906 2.761339
v -0.200024 0.840247 3.733281
v -0.682465 0.741032 1.006683
v -0.547117 2.434464 -1.647423
v -0.372818 1.088379 2.448130
v -0.160260 0.874969 4.031759
v -0.028614 1.002346 4.959696
v -0.334794 1.906123 2.756889
v -0.203188 1.519848 3.729838
v -0.321717 1.856996 2.769312
v -0.190240 1.498157 3.702760
v -0.504468 1.265309 -2.058296
v -0.508152 2.056793 -2.062306
v -0.468629 1.403758 -3.013837
v -0.470915 1.894892 -3.016325
v -0.468256 1.462698 -3.014136
v -0.469994 1.835958 -3.016027
v -0.468256 1.463127 -2.929383
v -0.469994 1.836388 -2.931274
v -0.673621 2.367076 0.757135
v -0.556802 2.427714 -1.406080
v -0.667580 2.731342 0.156645
v -0.563066 2.788048 -1.293986
v -0.557190 2.467109 -1.393825
v -0.562084 2.748655 -1.306241
v -0.557189 2.467353 -1.345778
v -0.562084 2.748899 -1.258194
v -0.317015 0.811187 2.886548
v -0.210954 0.583044 3.594599
v -0.198146 0.735320 3.810885
v -0.197519 0.600724 3.811567
v -0.197610 0.703908 3.928889
v -0.197281 0.633334 3.929247
v -0.197606 0.710271 5.184691
v -0.197278 0.639697 5.185049
v -0.638363 0.780557 1.170533
v -0.399111 1.048937 2.284280
v -0.637919 0.685336 1.193383
v -0.398667 0.953716 2.307130
v -0.617519 0.703619 1.269175
v -0.410830 0.935472 2.231338
v -0.617636 0.728865 1.263116
v -0.410947 0.960719 2.225279
v -0.542690 2.399306 -1.686049
v -0.510980 2.091958 -2.023680
v -0.537270 2.384679 -1.761406
v -0.514667 2.165605 -2.002066
v -0.543778 0.918826 -1.547412
v -0.676213 0.747468 0.914319
v -0.549911 0.772708 -1.381237
v -0.663601 0.510646 0.454119
v -0.536587 0.952300 -1.673064
v -0.506629 1.238265 -2.025008
v -0.531090 0.994716 -1.725260
v -0.510018 1.195859 -1.972811
v -0.531090 0.995082 -1.653121
v -0.510018 1.196224 -1.900672
v -0.548740 0.806150 1.583838
v -0.479844 0.883434 1.904559
v -0.443260 2.257744 1.450936
v -0.338994 2.147846 1.932562
v -0.667241 2.688285 0.227632
v -0.671853 2.410143 0.686147
v -0.667241 2.687909 0.153554
v -0.671854 2.409767 0.612069
v -0.058033 0.973881 4.752329
v -0.059116 1.206523 4.751150
v -0.159222 1.423818 4.049783
v -0.061479 1.212982 4.730313
v -0.156535 1.403072 4.062922
v -0.063923 1.203303 4.707728
v -0.197420 0.698341 5.184752
v -0.197202 0.651628 5.184988
v -0.197421 0.696348 4.791465
v -0.197203 0.649636 4.791702
v -0.042566 1.114919 4.959126
v -0.042168 1.029435 4.959559
v -0.042566 1.114712 4.918418
v -0.042168 1.029228 4.918852
v -2.110790 1.719574 -0.597578
v -2.108009 1.122125 -0.594551
v -3.199169 1.258915 -0.595242
v -3.197460 0.891763 -0.593381
v -2.169036 1.630866 -0.668468
v -2.166888 1.169267 -0.666129
v -3.140331 1.219763 -0.666382
v -3.139139 0.963686 -0.665085
v -2.260422 1.492691 -0.581478
v -2.259266 1.244235 -0.580220
v -3.048016 1.159340 -0.579787
v -3.047636 1.077536 -0.579373
v -6.337546 1.037863 -0.662946
v -6.337542 1.046215 0.985375
v -6.610714 1.524737 -0.762975
v -6.609241 1.208346 -0.761372
v -6.610710 1.534078 1.080467
v -6.609237 1.217686 1.082070
v -8.199002 0.219888 -2.098327
v -8.198812 0.178911 -2.098119
v -8.198999 0.225618 -0.967480
v -8.198809 0.184641 -0.967272
v -6.029256 1.543097 -0.967858
v -6.031862 1.523311 1.578112
v -6.030538 1.238883 1.579553
v -6.027626 1.193040 -0.966084
v -6.551025 1.540668 -0.967845
v -6.548103 1.520908 1.578125
v -6.546779 1.236480 1.579566
v -6.549395 1.190611 -0.966071
v -6.123444 1.699145 -0.783962
v -6.123439 1.708689 1.099682
v -6.120363 1.047822 1.103031
v -6.120368 1.038278 -0.780613
v -6.458284 1.697586 -0.783953
v -6.458280 1.707130 1.099691
v -6.455204 1.046264 1.103040
v -6.455208 1.036719 -0.780604
v -6.421987 0.673499 0.545910
v -6.421988 0.669619 -0.219727
v -6.457351 0.673334 0.545911
v -6.457353 0.669455 -0.219726
v -0.555129 2.048398 -2.110437
v -0.949555 2.046562 -2.110427
v -0.883966 1.901147 -2.968182
v -0.521650 1.902833 -2.968192
v -0.453799 1.272538 -2.106616
v -0.048313 1.274425 -2.106626
v -0.048914 1.398719 -2.965529
v -0.421585 1.396984 -2.965519
v -0.945933 1.270247 -2.106603
v -0.551512 1.272083 -2.106613
v -0.519298 1.396530 -2.965517
v -0.881616 1.394843 -2.965508
v -0.051927 2.050740 -2.110451
v -0.457417 2.048852 -2.110440
v -0.423938 1.903288 -2.968194
v -0.051271 1.905023 -2.968204
v -0.051183 1.886206 -2.965008
v -0.051839 2.031924 -2.107254
v -0.048401 1.293314 -2.103893
v -0.049002 1.417608 -2.962796
v -0.555042 2.029581 -2.107241
v -0.949468 2.027745 -2.107230
v -0.521562 1.884017 -2.964995
v -0.883878 1.882330 -2.964986
v -0.453887 1.291427 -2.103882
v -0.421673 1.415873 -2.962786
v -0.946021 1.289136 -2.103869
v -0.551600 1.290972 -2.103880
v -0.881704 1.413732 -2.962774
v -0.519386 1.415419 -2.962783
v -0.457330 2.030036 -2.107243
v -0.423850 1.884472 -2.964998
v -0.727016 0.538677 0.509151
v -1.017008 0.537327 0.509158
v -1.161529 0.716883 0.859301
v -0.736612 0.718861 0.859290
v -0.303186 0.540650 0.509140
v -0.603202 0.539253 0.509148
v -0.612798 0.719437 0.859287
v -0.174862 0.721475 0.859276
v -0.727016 0.538120 0.399188
v -1.017009 0.536770 0.399195
v -0.736612 0.718303 0.749327
v -1.161529 0.716326 0.749338
v -0.303187 0.540093 0.399177
v -0.603202 0.538696 0.399184
v -0.174862 0.720918 0.749312
v -0.612798 0.718880 0.749324
v -0.514543 0.795585 -1.407073
v -0.276556 0.796693 -1.407079
v -0.160058 0.897900 -1.521587
v -0.510317 0.896269 -1.521578
v -0.816073 0.794182 -1.407065
v -0.583373 0.795265 -1.407071
v -0.579147 0.895949 -1.521576
v -0.921680 0.894354 -1.521567
v -0.514543 0.795752 -1.374222
v -0.276556 0.796860 -1.374228
v -0.510317 0.896436 -1.488727
v -0.160058 0.898066 -1.488736
v -0.816073 0.794348 -1.374214
v -0.583373 0.795431 -1.374220
v -0.921680 0.894521 -1.488716
v -0.579147 0.896115 -1.488725
v 0.003872 0.584044 3.594593
v -0.329821 0.838136 2.802906
v 0.002789 0.812676 2.886539
v -0.198703 0.556093 3.678240
v -0.655082 0.836622 2.802915
v -0.397003 0.555170 3.678245
v 0.003786 0.602591 3.600582
v 0.002703 0.831222 2.892528
v -0.317101 0.829734 2.892536
v -0.211040 0.601591 3.600588
v -0.580202 0.828509 2.892543
v -0.371444 0.600844 3.600592
v -1.397561 2.129568 0.701421
v -1.630293 1.895983 0.572723
v -1.230963 2.120214 -1.383348
v -1.453305 1.868118 -1.512976
v -2.091621 1.734836 0.517731
v -1.567592 1.808538 -1.494955
v -1.931094 1.996023 0.883179
v -2.091623 1.729407 -0.553703
v -1.653217 1.767683 0.754044
v -1.931125 1.627410 0.447781
v -1.672703 1.709261 -1.244891
v -1.966585 1.587904 -0.727722
v -1.182139 2.165779 -1.426358
v -1.360001 2.176198 0.793471
v -1.679027 1.850514 0.615778
v -1.491037 1.821304 -1.605113
v -1.341203 2.138114 -1.228125
v -1.478501 2.145607 0.492911
v -1.635290 1.990966 0.406840
v -1.488950 1.967735 -1.314928
v -1.316977 2.160723 -1.249467
v -1.459864 2.168745 0.538585
v -1.659472 1.968405 0.428204
v -1.507673 1.944506 -1.360645
v -2.786414 3.406681 -1.685367
v -2.829485 3.409031 -1.145468
v -2.878671 3.360520 -1.172469
v -2.832763 3.353232 -1.712597
v -0.822204 2.323254 1.157416
v -0.578219 2.066091 2.284427
v -0.149939 2.330279 1.140401
v -0.149041 2.142046 1.961721
v -0.148670 2.064194 2.301414
v -0.149567 2.252427 1.480093
v -0.585736 2.250397 1.480104
v -0.481470 2.140499 1.961730
v -0.148966 2.125844 1.958008
v -0.148594 2.047992 2.297701
v -0.149863 2.314077 1.136687
v -0.149492 2.236225 1.476379
v -0.443185 2.241542 1.447223
v -0.338919 2.131644 1.928849
v -0.510410 2.312398 1.136697
v -0.259066 2.047478 2.297704
v -0.949131 2.138322 1.961742
v -0.743378 2.028896 2.443366
v -1.360637 2.357173 0.998496
v -1.154884 2.247748 1.480119
v -0.690003 2.360295 0.998478
v -0.377204 2.030601 2.443356
v -0.745275 2.242170 1.512765
v -0.641009 2.132272 1.994391
v -0.767028 2.300947 1.617775
v -0.912759 2.312337 1.565121
v -0.708382 2.239133 1.888671
v -0.797030 2.250789 1.836016
v -0.704843 2.201761 2.051806
v -0.975649 2.345784 1.417909
v -0.810298 2.346554 1.417905
v -0.673066 2.201909 2.051805
v -3.431699 1.208130 0.418521
v -3.430500 0.950652 0.419826
v -4.952981 1.201048 0.418561
v -4.951783 0.943570 0.419865
v -4.735655 1.202060 0.418555
v -3.647826 0.949640 0.419831
v -3.649025 1.207118 0.418527
v -3.866351 1.206106 0.418532
v -4.083677 1.205095 0.418538
v -4.301003 1.204083 0.418544
v -4.518329 1.203072 0.418549
v -4.734457 0.944582 0.419860
v -4.517130 0.945593 0.419854
v -4.299804 0.946605 0.419848
v -4.082478 0.947617 0.419843
v -3.865152 0.948628 0.419837
v -3.460417 1.179143 0.418668
v -3.459487 0.979370 0.419680
v -4.923994 1.172330 0.418706
v -4.923063 0.972557 0.419718
v -4.516752 1.113947 0.952745
v -3.866727 1.043161 0.953102
v -3.867071 1.116971 0.952728
v -3.997007 1.116366 0.952731
v -4.126943 1.115762 0.952735
v -4.256879 1.115157 0.952738
v -4.386816 1.114552 0.952741
v -4.516407 1.040137 0.953119
v -4.386471 1.040742 0.953115
v -4.256535 1.041347 0.953112
v -4.126599 1.041952 0.953109
v -3.996663 1.042557 0.953105
v -2.878212 3.460134 -1.554136
v -2.898205 3.461225 -1.303530
v -2.921036 3.438707 -1.316063
v -2.899726 3.435325 -1.566776
v -5.991546 1.535577 -2.249929
v -6.035748 1.588333 -2.388643
v -6.033610 1.129046 -2.386316
v -5.989909 1.184034 -2.248148
v -6.545028 1.585963 -2.388630
v -6.588730 1.532797 -2.249913
v -6.587093 1.181255 -2.248132
v -6.542890 1.126676 -2.386303
v -6.032458 1.637670 -0.874353
v -6.029953 1.099678 -0.871627
v -6.548699 1.635267 -0.874340
v -6.546195 1.097275 -0.871614
v -5.986707 1.089352 -2.341652
v -5.989220 1.629047 -2.344387
v -6.591932 1.626242 -2.344371
v -6.589419 1.086547 -2.341637
v -6.070728 1.401360 -1.165439
v -6.070405 1.331779 -1.165087
v -6.508245 1.399324 -1.165428
v -6.507921 1.329742 -1.165075
v -6.044271 1.325539 -2.053384
v -6.044600 1.396150 -2.053741
v -6.534369 1.393870 -2.053729
v -6.534040 1.323260 -2.053371
v -6.074782 1.521096 -1.047056
v -6.073351 1.213576 -1.045497
v -6.505300 1.519092 -1.047044
v -6.503869 1.211573 -1.045486
v -6.040217 1.205666 -2.171767
v -6.041655 1.514489 -2.173331
v -6.538423 1.512177 -2.173318
v -6.536985 1.203353 -2.171754
v -5.934803 1.381624 -1.401663
v -5.934654 1.349657 -1.401501
v -6.643994 1.378323 -1.401645
v -6.643845 1.346356 -1.401483
v -5.922648 1.346791 -1.809593
v -5.922799 1.379230 -1.809757
v -6.655995 1.375817 -1.809738
v -6.655844 1.343378 -1.809574
v 3.825951 0.716056 0.957734
v 3.840190 0.697678 0.957827
v 3.849187 0.676241 0.957936
v 3.852329 0.653205 0.958053
v 3.849401 0.630141 0.958170
v 3.840605 0.608621 0.958279
v 3.826537 0.590111 0.958372
v 3.808159 0.575873 0.958445
v 3.786721 0.566876 0.958490
v 3.763686 0.563734 0.958506
v 3.740622 0.566661 0.958492
v 3.719101 0.575458 0.958447
v 3.700591 0.589525 0.958376
v 3.686352 0.607903 0.958283
v 3.677356 0.629341 0.958174
v 3.674214 0.652376 0.958057
v 3.677141 0.675440 0.957940
v 3.685938 0.696960 0.957831
v 3.700005 0.715470 0.957738
v 3.718383 0.729708 0.957665
v 3.739821 0.738705 0.957620
v 3.762857 0.741847 0.957604
v 3.785920 0.738920 0.957619
v 3.807441 0.730123 0.957663
v 3.829711 0.691788 1.002331
v 3.817413 0.707663 1.002250
v 3.837482 0.673271 1.002424
v 3.840196 0.653374 1.002525
v 3.837667 0.633452 1.002626
v 3.830070 0.614864 1.002720
v 3.817919 0.598876 1.002801
v 3.802044 0.586577 1.002864
v 3.783526 0.578806 1.002903
v 3.763629 0.576092 1.002917
v 3.743707 0.578620 1.002904
v 3.725119 0.586219 1.002866
v 3.709131 0.598369 1.002804
v 3.696831 0.614244 1.002724
v 3.689060 0.632761 1.002630
v 3.686346 0.652658 1.002529
v 3.688875 0.672579 1.002428
v 3.696473 0.691168 1.002334
v 3.708624 0.707156 1.002253
v 3.724499 0.719455 1.002191
v 3.743016 0.727226 1.002151
v 3.762913 0.729940 1.002138
v 3.782835 0.727411 1.002150
v 3.801424 0.719813 1.002189
v 3.820050 0.686291 1.030224
v 3.809540 0.699858 1.030155
v 3.826691 0.670467 1.030304
v 3.829011 0.653463 1.030390
v 3.826850 0.636438 1.030476
v 3.820356 0.620553 1.030557
v 3.809972 0.606889 1.030626
v 3.796406 0.596379 1.030679
v 3.780581 0.589738 1.030713
v 3.763577 0.587418 1.030725
v 3.746552 0.589579 1.030714
v 3.730667 0.596073 1.030681
v 3.717003 0.606456 1.030628
v 3.706492 0.620023 1.030560
v 3.699851 0.635847 1.030480
v 3.697532 0.652851 1.030393
v 3.699693 0.669876 1.030307
v 3.706186 0.685761 1.030227
v 3.716570 0.699425 1.030157
v 3.730137 0.709935 1.030104
v 3.745961 0.716577 1.030070
v 3.762965 0.718896 1.030059
v 3.779990 0.716735 1.030069
v 3.795876 0.710241 1.030102
v 3.804805 0.677536 1.058207
v 3.797117 0.687460 1.058156
v 3.809663 0.665961 1.058265
v 3.811360 0.653522 1.058328
v 3.809779 0.641069 1.058391
v 3.805029 0.629449 1.058450
v 3.797433 0.619454 1.058501
v 3.787509 0.611765 1.058540
v 3.775934 0.606907 1.058565
v 3.763495 0.605211 1.058573
v 3.751041 0.606792 1.058565
v 3.739421 0.611542 1.058541
v 3.729426 0.619137 1.058503
v 3.721737 0.629061 1.058453
v 3.716880 0.640637 1.058394
v 3.715183 0.653075 1.058331
v 3.716764 0.665529 1.058268
v 3.721514 0.677149 1.058209
v 3.729110 0.687144 1.058158
v 3.739033 0.694832 1.058119
v 3.750609 0.699690 1.058095
v 3.763047 0.701386 1.058086
v 3.775501 0.699806 1.058094
v 3.787122 0.695056 1.058118
v 3.763272 0.653444 1.087085
v 3.794503 0.698923 -0.730884
v 3.807593 0.688975 -0.730834
v 3.779284 0.705143 -0.730916
v 3.762974 0.707214 -0.730926
v 3.746683 0.704992 -0.730915
v 3.731523 0.698629 -0.730882
v 3.718526 0.688560 -0.730831
v 3.708578 0.675470 -0.730765
v 3.702357 0.660251 -0.730688
v 3.700287 0.643941 -0.730605
v 3.702509 0.627651 -0.730523
v 3.708871 0.612491 -0.730446
v 3.718940 0.599494 -0.730380
v 3.732031 0.589546 -0.730330
v 3.747250 0.583325 -0.730298
v 3.763560 0.581255 -0.730288
v 3.779850 0.583477 -0.730299
v 3.795011 0.589839 -0.730331
v 3.808008 0.599909 -0.730383
v 3.817956 0.612998 -0.730449
v 3.824177 0.628217 -0.730526
v 3.826247 0.644527 -0.730609
v 3.824025 0.660818 -0.730691
v 3.817663 0.675978 -0.730768
v 3.825948 0.709597 -0.317099
v 3.840187 0.691218 -0.317006
v 3.849184 0.669781 -0.316897
v 3.852325 0.646746 -0.316781
v 3.849398 0.623682 -0.316664
v 3.840601 0.602162 -0.316555
v 3.826535 0.583652 -0.316461
v 3.808156 0.569413 -0.316389
v 3.786718 0.560416 -0.316343
v 3.763683 0.557275 -0.316327
v 3.740618 0.560202 -0.316342
v 3.719098 0.568999 -0.316386
v 3.700588 0.583066 -0.316458
v 3.686349 0.601444 -0.316551
v 3.677352 0.622881 -0.316659
v 3.674211 0.645917 -0.316776
v 3.677138 0.668980 -0.316893
v 3.685935 0.690500 -0.317002
v 3.700001 0.709010 -0.317096
v 3.718380 0.723249 -0.317168
v 3.739818 0.732246 -0.317214
v 3.762854 0.735388 -0.317230
v 3.785917 0.732460 -0.317215
v 3.807438 0.723664 -0.317170
v 3.840186 0.688972 -0.760369
v 3.849183 0.667535 -0.760260
v 3.852324 0.644499 -0.760144
v 3.849397 0.621436 -0.760027
v 3.840600 0.599915 -0.759918
v 3.826533 0.581405 -0.759824
v 3.808155 0.567167 -0.759752
v 3.786717 0.558170 -0.759706
v 3.763681 0.555028 -0.759690
v 3.740617 0.557955 -0.759705
v 3.719097 0.566752 -0.759749
v 3.700587 0.580819 -0.759821
v 3.686348 0.599197 -0.759914
v 3.677351 0.620635 -0.760022
v 3.674209 0.643670 -0.760139
v 3.677137 0.666734 -0.760256
v 3.685933 0.688254 -0.760365
v 3.700000 0.706764 -0.760459
v 3.718379 0.721003 -0.760531
v 3.739816 0.729999 -0.760577
v 3.762852 0.733141 -0.760593
v 3.785916 0.730214 -0.760578
v 3.807437 0.721417 -0.760533
v 3.825947 0.707350 -0.760462
v 3.879221 0.761818 -0.623209
v 3.879221 0.762671 -0.454898
v 3.872194 0.768011 -0.454925
v 3.646230 0.761586 -0.454892
v 3.653206 0.766992 -0.454919
v 3.640890 0.754559 -0.454856
v 3.647314 0.528598 -0.453711
v 3.641909 0.535575 -0.453746
v 3.654341 0.523257 -0.453684
v 3.880306 0.529682 -0.453717
v 3.873329 0.524277 -0.453690
v 3.885646 0.536709 -0.453753
v 3.884627 0.755694 -0.454862
v 3.884626 0.754841 -0.623173
v 3.885646 0.535856 -0.622064
v 3.880306 0.528829 -0.622028
v 3.873328 0.523424 -0.622001
v 3.654341 0.522405 -0.621995
v 3.647314 0.527745 -0.622022
v 3.641908 0.534722 -0.622057
v 3.640889 0.753707 -0.623167
v 3.646229 0.760734 -0.623203
v 3.653206 0.766139 -0.623230
v 3.872194 0.767158 -0.623236
v 3.825951 0.715142 0.777372
v 3.840189 0.696764 0.777465
v 3.849187 0.675327 0.777573
v 3.852328 0.652291 0.777690
v 3.849401 0.629228 0.777807
v 3.840604 0.607707 0.777916
v 3.826537 0.589197 0.778010
v 3.808159 0.574959 0.778082
v 3.786721 0.565962 0.778128
v 3.763685 0.562820 0.778144
v 3.740621 0.565747 0.778129
v 3.719101 0.574544 0.778084
v 3.700591 0.588611 0.778013
v 3.686352 0.606989 0.777920
v 3.677355 0.628427 0.777811
v 3.674213 0.651462 0.777695
v 3.677141 0.674526 0.777578
v 3.685937 0.696046 0.777469
v 3.700004 0.714556 0.777375
v 3.718383 0.728795 0.777303
v 3.739820 0.737791 0.777257
v 3.762856 0.740933 0.777241
v 3.785920 0.738006 0.777256
v 3.807441 0.729209 0.777300
v 3.840189 0.695964 0.619648
v 3.849186 0.674527 0.619757
v 3.852328 0.651492 0.619874
v 3.849401 0.628428 0.619990
v 3.840604 0.606908 0.620099
v 3.826537 0.588398 0.620193
v 3.808158 0.574159 0.620265
v 3.786721 0.565162 0.620311
v 3.763685 0.562021 0.620327
v 3.740621 0.564948 0.620312
v 3.719100 0.573745 0.620268
v 3.700590 0.587811 0.620197
v 3.686351 0.606190 0.620103
v 3.677355 0.627627 0.619995
v 3.674213 0.650662 0.619878
v 3.677140 0.673726 0.619761
v 3.685937 0.695246 0.619652
v 3.700004 0.713756 0.619558
v 3.718383 0.727995 0.619486
v 3.739820 0.736992 0.619441
v 3.762856 0.740134 0.619425
v 3.785920 0.737206 0.619439
v 3.807440 0.728409 0.619484
v 3.825951 0.714343 0.619555
v 3.779284 0.704432 -0.871418
v 3.781580 0.713112 -0.881671
v 3.762973 0.706502 -0.871429
v 3.762931 0.715479 -0.881683
v 3.746683 0.704280 -0.871417
v 3.744305 0.712938 -0.881670
v 3.731523 0.697917 -0.871385
v 3.726972 0.705664 -0.881633
v 3.718526 0.687848 -0.871334
v 3.712112 0.694151 -0.881575
v 3.708578 0.674758 -0.871268
v 3.700738 0.679184 -0.881499
v 3.702356 0.659539 -0.871191
v 3.693624 0.661784 -0.881410
v 3.700286 0.643229 -0.871108
v 3.691257 0.643135 -0.881316
v 3.702508 0.626939 -0.871025
v 3.693798 0.624510 -0.881222
v 3.708871 0.611779 -0.870949
v 3.701073 0.607176 -0.881134
v 3.718940 0.598782 -0.870883
v 3.712586 0.592316 -0.881059
v 3.732030 0.588834 -0.870832
v 3.727552 0.580942 -0.881001
v 3.747249 0.582613 -0.870801
v 3.744953 0.573830 -0.880965
v 3.763560 0.580543 -0.870790
v 3.763602 0.571463 -0.880953
v 3.779850 0.582765 -0.870802
v 3.782228 0.574003 -0.880966
v 3.795010 0.589127 -0.870834
v 3.799561 0.581278 -0.881003
v 3.808007 0.599197 -0.870885
v 3.814422 0.592790 -0.881061
v 3.817955 0.612287 -0.870951
v 3.825796 0.607757 -0.881137
v 3.824177 0.627505 -0.871029
v 3.832908 0.625157 -0.881225
v 3.826247 0.643815 -0.871111
v 3.835275 0.643806 -0.881320
v 3.824025 0.660106 -0.871194
v 3.832735 0.662431 -0.881414
v 3.817662 0.675266 -0.871271
v 3.825460 0.679765 -0.881502
v 3.813947 0.694625 -0.881577
v 3.807593 0.688263 -0.871336
v 3.794503 0.698211 -0.871387
v 3.798980 0.705999 -0.881635
v 3.821514 0.702262 -0.881616
v 3.825947 0.706772 -0.874518
v 3.840185 0.688394 -0.874425
v 3.834746 0.685184 -0.881529
v 3.849182 0.666957 -0.874317
v 3.843107 0.665262 -0.881428
v 3.852324 0.643921 -0.874200
v 3.846027 0.643856 -0.881320
v 3.849397 0.620858 -0.874083
v 3.843306 0.622423 -0.881211
v 3.840600 0.599337 -0.873974
v 3.835131 0.602425 -0.881110
v 3.826533 0.580827 -0.873880
v 3.822059 0.585223 -0.881023
v 3.808154 0.566589 -0.873808
v 3.804980 0.571992 -0.880956
v 3.786717 0.557592 -0.873762
v 3.785058 0.563631 -0.880913
v 3.763681 0.554450 -0.873746
v 3.763652 0.560712 -0.880899
v 3.740617 0.557378 -0.873761
v 3.742219 0.563432 -0.880912
v 3.719096 0.566174 -0.873806
v 3.722220 0.571607 -0.880954
v 3.700586 0.580241 -0.873877
v 3.705019 0.584679 -0.881020
v 3.686347 0.598619 -0.873970
v 3.691787 0.601758 -0.881106
v 3.677351 0.620057 -0.874079
v 3.683426 0.621679 -0.881207
v 3.674209 0.643092 -0.874195
v 3.680507 0.643085 -0.881316
v 3.677136 0.666156 -0.874312
v 3.683227 0.664518 -0.881424
v 3.685933 0.687676 -0.874421
v 3.691402 0.684516 -0.881526
v 3.700000 0.706186 -0.874515
v 3.704474 0.701718 -0.881613
v 3.718379 0.720425 -0.874587
v 3.721553 0.714949 -0.881680
v 3.739816 0.729421 -0.874633
v 3.741475 0.723310 -0.881722
v 3.762852 0.732563 -0.874649
v 3.762881 0.726230 -0.881737
v 3.785916 0.729636 -0.874634
v 3.784314 0.723509 -0.881723
v 3.807436 0.720839 -0.874590
v 3.804313 0.715335 -0.881682
v 4.261428 0.592137 0.958361
v 4.243049 0.577899 0.958433
v 4.221612 0.568902 0.958479
v 4.198576 0.565760 0.958495
v 4.175512 0.568687 0.958480
v 4.153992 0.577484 0.958436
v 4.135481 0.591551 0.958364
v 4.121243 0.609929 0.958271
v 4.112246 0.631366 0.958163
v 4.109104 0.654402 0.958046
v 4.112031 0.677466 0.957929
v 4.120828 0.698986 0.957820
v 4.134895 0.717496 0.957726
v 4.153274 0.731734 0.957654
v 4.174711 0.740731 0.957608
v 4.197747 0.743873 0.957592
v 4.220811 0.740946 0.957607
v 4.242331 0.732149 0.957652
v 4.260842 0.718082 0.957723
v 4.275080 0.699704 0.957816
v 4.284077 0.678266 0.957925
v 4.287219 0.655231 0.958041
v 4.284291 0.632167 0.958158
v 4.275495 0.610647 0.958267
v 4.236934 0.588603 1.002852
v 4.252809 0.600901 1.002790
v 4.218417 0.580832 1.002892
v 4.198520 0.578118 1.002906
v 4.178598 0.580646 1.002893
v 4.160009 0.588245 1.002854
v 4.144021 0.600395 1.002793
v 4.131722 0.616270 1.002712
v 4.123950 0.634787 1.002619
v 4.121236 0.654684 1.002518
v 4.123765 0.674605 1.002417
v 4.131364 0.693194 1.002323
v 4.143514 0.709182 1.002242
v 4.159389 0.721481 1.002179
v 4.177906 0.729252 1.002140
v 4.197803 0.731966 1.002126
v 4.217725 0.729437 1.002139
v 4.236314 0.721839 1.002177
v 4.252302 0.709689 1.002239
v 4.264602 0.693814 1.002319
v 4.272373 0.675297 1.002413
v 4.275086 0.655400 1.002514
v 4.272558 0.635478 1.002615
v 4.264959 0.616890 1.002709
v 4.231296 0.598405 1.030668
v 4.244863 0.608915 1.030615
v 4.215472 0.591764 1.030702
v 4.198468 0.589444 1.030713
v 4.181442 0.591605 1.030702
v 4.165556 0.598099 1.030670
v 4.151893 0.608482 1.030617
v 4.141382 0.622049 1.030548
v 4.134741 0.637873 1.030468
v 4.132421 0.654877 1.030382
v 4.134583 0.671902 1.030296
v 4.141076 0.687787 1.030215
v 4.151460 0.701451 1.030146
v 4.165027 0.711961 1.030093
v 4.180851 0.718602 1.030059
v 4.197856 0.720922 1.030047
v 4.214880 0.718761 1.030058
v 4.230767 0.712267 1.030091
v 4.244430 0.701884 1.030143
v 4.254940 0.688317 1.030212
v 4.261581 0.672493 1.030292
v 4.263901 0.655489 1.030379
v 4.261740 0.638464 1.030465
v 4.255246 0.622579 1.030545
v 4.222400 0.613791 1.058529
v 4.232323 0.621480 1.058490
v 4.210824 0.608933 1.058553
v 4.198386 0.607237 1.058562
v 4.185932 0.608817 1.058554
v 4.174311 0.613567 1.058530
v 4.164316 0.621163 1.058491
v 4.156628 0.631087 1.058441
v 4.151770 0.642662 1.058383
v 4.150073 0.655101 1.058320
v 4.151654 0.667554 1.058257
v 4.156404 0.679175 1.058198
v 4.164000 0.689169 1.058147
v 4.173923 0.696858 1.058108
v 4.185499 0.701716 1.058083
v 4.197938 0.703412 1.058075
v 4.210392 0.701832 1.058083
v 4.222012 0.697082 1.058107
v 4.232007 0.689486 1.058145
v 4.239696 0.679562 1.058195
v 4.244553 0.667987 1.058254
v 4.246250 0.655548 1.058317
v 4.244669 0.643095 1.058380
v 4.239919 0.631475 1.058439
v 4.198162 0.655470 1.087073
v 4.252847 0.615024 -0.730460
v 4.242898 0.601934 -0.730394
v 4.259067 0.630243 -0.730537
v 4.261137 0.646553 -0.730620
v 4.258915 0.662844 -0.730703
v 4.252553 0.678004 -0.730779
v 4.242484 0.691000 -0.730845
v 4.229393 0.700948 -0.730895
v 4.214175 0.707170 -0.730927
v 4.197864 0.709239 -0.730937
v 4.181573 0.707017 -0.730926
v 4.166413 0.700655 -0.730894
v 4.153417 0.690586 -0.730843
v 4.143468 0.677496 -0.730776
v 4.137247 0.662277 -0.730699
v 4.135177 0.645967 -0.730617
v 4.137399 0.629677 -0.730534
v 4.143761 0.614517 -0.730457
v 4.153831 0.601520 -0.730392
v 4.166921 0.591572 -0.730341
v 4.182139 0.585351 -0.730310
v 4.198451 0.583281 -0.730299
v 4.214741 0.585503 -0.730311
v 4.229901 0.591865 -0.730343
v 4.261425 0.585678 -0.316472
v 4.243046 0.571439 -0.316400
v 4.221609 0.562442 -0.316354
v 4.198573 0.559301 -0.316338
v 4.175508 0.562228 -0.316353
v 4.153988 0.571025 -0.316398
v 4.135478 0.585091 -0.316469
v 4.121239 0.603470 -0.316562
v 4.112242 0.624907 -0.316671
v 4.109100 0.647942 -0.316787
v 4.112028 0.671006 -0.316904
v 4.120825 0.692526 -0.317013
v 4.134892 0.711036 -0.317107
v 4.153270 0.725275 -0.317179
v 4.174708 0.734272 -0.317225
v 4.197744 0.737413 -0.317241
v 4.220808 0.734486 -0.317226
v 4.242328 0.725689 -0.317182
v 4.260839 0.711622 -0.317110
v 4.275077 0.693244 -0.317017
v 4.284073 0.671807 -0.316909
v 4.287216 0.648771 -0.316792
v 4.284288 0.625708 -0.316675
v 4.275492 0.604188 -0.316566
v 4.243045 0.569193 -0.759763
v 4.221608 0.560196 -0.759718
v 4.198572 0.557054 -0.759702
v 4.175508 0.559981 -0.759716
v 4.153987 0.568778 -0.759761
v 4.135477 0.582845 -0.759832
v 4.121238 0.601223 -0.759925
v 4.112241 0.622660 -0.760034
v 4.109099 0.645696 -0.760150
v 4.112027 0.668760 -0.760267
v 4.120824 0.690280 -0.760376
v 4.134891 0.708790 -0.760470
v 4.153269 0.723028 -0.760542
v 4.174707 0.732025 -0.760588
v 4.197743 0.735167 -0.760604
v 4.220807 0.732240 -0.760589
v 4.242327 0.723443 -0.760545
v 4.260838 0.709376 -0.760473
v 4.275076 0.690998 -0.760380
v 4.284072 0.669560 -0.760272
v 4.287215 0.646525 -0.760155
v 4.284287 0.623461 -0.760038
v 4.275491 0.601941 -0.759929
v 4.261424 0.583431 -0.759835
v 4.315196 0.530855 -0.622039
v 4.315196 0.531708 -0.453728
v 4.320536 0.538735 -0.453764
v 4.314111 0.764697 -0.454909
v 4.319517 0.757720 -0.454874
v 4.307085 0.770037 -0.454936
v 4.081119 0.763612 -0.454903
v 4.088097 0.769018 -0.454930
v 4.075779 0.756585 -0.454867
v 4.082204 0.530623 -0.453722
v 4.076798 0.537600 -0.453758
v 4.089231 0.525283 -0.453695
v 4.308219 0.526303 -0.453701
v 4.308218 0.525450 -0.622012
v 4.089231 0.524431 -0.622006
v 4.082203 0.529771 -0.622033
v 4.076798 0.536747 -0.622069
v 4.075778 0.755733 -0.623178
v 4.081119 0.762759 -0.623214
v 4.088096 0.768165 -0.623241
v 4.307084 0.769184 -0.623247
v 4.314111 0.763844 -0.623220
v 4.319516 0.756867 -0.623185
v 4.320536 0.537882 -0.622075
v 4.261427 0.591223 0.777999
v 4.243049 0.576985 0.778071
v 4.221611 0.567988 0.778116
v 4.198576 0.564846 0.778132
v 4.175511 0.567773 0.778118
v 4.153991 0.576570 0.778073
v 4.135481 0.590637 0.778002
v 4.121242 0.609015 0.777909
v 4.112245 0.630453 0.777800
v 4.109103 0.653488 0.777683
v 4.112031 0.676552 0.777567
v 4.120828 0.698072 0.777457
v 4.134895 0.716582 0.777364
v 4.153273 0.730821 0.777291
v 4.174711 0.739817 0.777246
v 4.197747 0.742959 0.777230
v 4.220811 0.740032 0.777245
v 4.242331 0.731235 0.777289
v 4.260841 0.717168 0.777360
v 4.275080 0.698790 0.777453
v 4.284076 0.677352 0.777562
v 4.287219 0.654317 0.777679
v 4.284291 0.631253 0.777796
v 4.275494 0.609733 0.777905
v 4.243048 0.576185 0.620254
v 4.221611 0.567188 0.620300
v 4.198575 0.564047 0.620316
v 4.175511 0.566974 0.620301
v 4.153991 0.575770 0.620256
v 4.135480 0.589837 0.620185
v 4.121242 0.608216 0.620092
v 4.112245 0.629653 0.619983
v 4.109103 0.652688 0.619867
v 4.112030 0.675752 0.619750
v 4.120827 0.697272 0.619641
v 4.134894 0.715782 0.619547
v 4.153273 0.730021 0.619475
v 4.174710 0.739018 0.619429
v 4.197746 0.742159 0.619413
v 4.220810 0.739232 0.619428
v 4.242330 0.730435 0.619473
v 4.260841 0.716368 0.619544
v 4.275079 0.697990 0.619637
v 4.284076 0.676553 0.619745
v 4.287218 0.653517 0.619862
v 4.284290 0.630454 0.619979
v 4.275494 0.608934 0.620088
v 4.261427 0.590423 0.620182
v 4.259066 0.629531 -0.871040
v 4.267798 0.627183 -0.881237
v 4.261137 0.645841 -0.871123
v 4.270165 0.645832 -0.881331
v 4.258915 0.662132 -0.871205
v 4.267625 0.664457 -0.881425
v 4.252553 0.677292 -0.871282
v 4.260351 0.681791 -0.881513
v 4.242483 0.690289 -0.871348
v 4.248837 0.696651 -0.881589
v 4.229393 0.700236 -0.871398
v 4.233871 0.708025 -0.881646
v 4.214174 0.706458 -0.871430
v 4.216470 0.715138 -0.881682
v 4.197864 0.708528 -0.871440
v 4.197822 0.717505 -0.881694
v 4.181572 0.706306 -0.871429
v 4.179195 0.714964 -0.881681
v 4.166413 0.699943 -0.871396
v 4.161862 0.707690 -0.881644
v 4.153416 0.689874 -0.871345
v 4.147001 0.696177 -0.881586
v 4.143468 0.676784 -0.871279
v 4.135628 0.681210 -0.881510
v 4.137247 0.661565 -0.871202
v 4.128515 0.663810 -0.881422
v 4.135177 0.645255 -0.871119
v 4.126148 0.645161 -0.881327
v 4.137398 0.628965 -0.871037
v 4.128688 0.626536 -0.881233
v 4.143761 0.613805 -0.870960
v 4.135963 0.609202 -0.881145
v 4.153831 0.600808 -0.870894
v 4.147476 0.594342 -0.881070
v 4.166921 0.590860 -0.870844
v 4.162443 0.582968 -0.881012
v 4.182139 0.584639 -0.870812
v 4.179843 0.575855 -0.880976
v 4.198450 0.582569 -0.870802
v 4.198492 0.573489 -0.880964
v 4.214740 0.584791 -0.870813
v 4.217117 0.576029 -0.880977
v 4.229901 0.591153 -0.870845
v 4.234451 0.583303 -0.881014
v 4.249311 0.594816 -0.881073
v 4.242898 0.601222 -0.870896
v 4.252846 0.614312 -0.870963
v 4.260686 0.609783 -0.881148
v 4.256949 0.587249 -0.881034
v 4.261423 0.582853 -0.873891
v 4.243044 0.568615 -0.873819
v 4.239871 0.574018 -0.880967
v 4.221607 0.559618 -0.873774
v 4.219949 0.565657 -0.880925
v 4.198572 0.556476 -0.873758
v 4.198542 0.562737 -0.880910
v 4.175507 0.559403 -0.873772
v 4.177109 0.565458 -0.880924
v 4.153987 0.568200 -0.873817
v 4.157110 0.573632 -0.880965
v 4.135477 0.582267 -0.873888
v 4.139909 0.586704 -0.881031
v 4.121238 0.600645 -0.873981
v 4.126677 0.603783 -0.881118
v 4.112241 0.622083 -0.874090
v 4.118316 0.623705 -0.881219
v 4.109099 0.645118 -0.874207
v 4.115396 0.645111 -0.881327
v 4.112026 0.668182 -0.874323
v 4.118117 0.666544 -0.881436
v 4.120823 0.689702 -0.874433
v 4.126291 0.686542 -0.881537
v 4.134891 0.708212 -0.874526
v 4.139364 0.703743 -0.881624
v 4.153269 0.722451 -0.874599
v 4.156443 0.716975 -0.881691
v 4.174706 0.731447 -0.874644
v 4.176364 0.725336 -0.881734
v 4.197742 0.734589 -0.874660
v 4.197772 0.728256 -0.881749
v 4.220807 0.731662 -0.874645
v 4.219205 0.725535 -0.881735
v 4.242326 0.722865 -0.874601
v 4.239203 0.717360 -0.881693
v 4.260837 0.708798 -0.874530
v 4.256404 0.704288 -0.881627
v 4.275075 0.690420 -0.874436
v 4.269636 0.687209 -0.881541
v 4.284072 0.668983 -0.874328
v 4.277997 0.667288 -0.881440
v 4.287214 0.645947 -0.874211
v 4.280917 0.645882 -0.881331
v 4.284286 0.622883 -0.874094
v 4.278196 0.624449 -0.881223
v 4.275490 0.601363 -0.873985
v 4.270022 0.604451 -0.881121
v 4.572284 0.593587 0.958353
v 4.558045 0.611966 0.958260
v 4.549048 0.633403 0.958151
v 4.545906 0.656438 0.958035
v 4.548834 0.679502 0.957918
v 4.557631 0.701022 0.957809
v 4.571698 0.719532 0.957715
v 4.590076 0.733771 0.957643
v 4.611514 0.742768 0.957597
v 4.634549 0.745909 0.957581
v 4.657614 0.742982 0.957596
v 4.679133 0.734185 0.957640
v 4.697644 0.720119 0.957712
v 4.711883 0.701740 0.957805
v 4.720880 0.680303 0.957913
v 4.724021 0.657267 0.958030
v 4.721094 0.634204 0.958147
v 4.712297 0.612684 0.958256
v 4.698230 0.594174 0.958350
v 4.679852 0.579935 0.958422
v 4.658414 0.570938 0.958467
v 4.635378 0.567796 0.958483
v 4.612314 0.570724 0.958469
v 4.590794 0.579520 0.958424
v 4.568524 0.618306 1.002701
v 4.580822 0.602432 1.002782
v 4.560753 0.636823 1.002607
v 4.558039 0.656720 1.002506
v 4.560568 0.676642 1.002406
v 4.568166 0.695230 1.002311
v 4.580316 0.711219 1.002230
v 4.596191 0.723517 1.002168
v 4.614709 0.731288 1.002128
v 4.634605 0.734002 1.002115
v 4.654528 0.731474 1.002127
v 4.673116 0.723875 1.002166
v 4.689105 0.711725 1.002227
v 4.701404 0.695850 1.002308
v 4.709175 0.677334 1.002402
v 4.711889 0.657436 1.002502
v 4.709361 0.637515 1.002603
v 4.701762 0.618926 1.002698
v 4.689611 0.602938 1.002779
v 4.673737 0.590639 1.002841
v 4.655220 0.582868 1.002880
v 4.635322 0.580154 1.002894
v 4.615400 0.582683 1.002882
v 4.596812 0.590281 1.002843
v 4.578185 0.624085 1.030537
v 4.588696 0.610519 1.030606
v 4.571544 0.639909 1.030457
v 4.569224 0.656914 1.030371
v 4.571385 0.673938 1.030284
v 4.577879 0.689824 1.030204
v 4.588263 0.703487 1.030134
v 4.601829 0.713998 1.030081
v 4.617653 0.720639 1.030048
v 4.634658 0.722958 1.030036
v 4.651683 0.720797 1.030047
v 4.667568 0.714304 1.030079
v 4.681232 0.703920 1.030132
v 4.691743 0.690354 1.030201
v 4.698384 0.674529 1.030281
v 4.700703 0.657526 1.030367
v 4.698543 0.640501 1.030453
v 4.692049 0.624615 1.030534
v 4.681665 0.610952 1.030603
v 4.668098 0.600441 1.030656
v 4.652274 0.593800 1.030690
v 4.635270 0.591481 1.030702
v 4.618245 0.593642 1.030691
v 4.602359 0.600135 1.030658
v 4.593430 0.633123 1.058430
v 4.601119 0.623200 1.058480
v 4.588572 0.644699 1.058371
v 4.586875 0.657137 1.058308
v 4.588456 0.669591 1.058245
v 4.593206 0.681211 1.058186
v 4.600802 0.691206 1.058136
v 4.610726 0.698894 1.058097
v 4.622302 0.703752 1.058072
v 4.634740 0.705449 1.058063
v 4.647194 0.703868 1.058071
v 4.658814 0.699118 1.058095
v 4.668809 0.691522 1.058134
v 4.676498 0.681599 1.058184
v 4.681356 0.670023 1.058243
v 4.683052 0.657585 1.058306
v 4.681472 0.645131 1.058369
v 4.676722 0.633511 1.058428
v 4.669126 0.623516 1.058478
v 4.659202 0.615828 1.058517
v 4.647627 0.610970 1.058542
v 4.635188 0.609273 1.058551
v 4.622734 0.610854 1.058543
v 4.611114 0.615604 1.058519
v 4.634964 0.657507 1.087062
v 4.603724 0.593608 -0.730353
v 4.590633 0.603556 -0.730403
v 4.618942 0.587388 -0.730321
v 4.635252 0.585317 -0.730311
v 4.651543 0.587539 -0.730322
v 4.666704 0.593902 -0.730354
v 4.679700 0.603971 -0.730405
v 4.689649 0.617061 -0.730472
v 4.695869 0.632280 -0.730549
v 4.697940 0.648590 -0.730631
v 4.695718 0.664880 -0.730714
v 4.689355 0.680040 -0.730791
v 4.679286 0.693037 -0.730857
v 4.666196 0.702985 -0.730907
v 4.650977 0.709206 -0.730938
v 4.634666 0.711276 -0.730949
v 4.618376 0.709054 -0.730938
v 4.603216 0.702692 -0.730905
v 4.590219 0.692622 -0.730854
v 4.580271 0.679532 -0.730788
v 4.574050 0.664314 -0.730711
v 4.571980 0.648004 -0.730628
v 4.574202 0.631713 -0.730546
v 4.580564 0.616553 -0.730469
v 4.572280 0.587128 -0.316480
v 4.558042 0.605506 -0.316574
v 4.549045 0.626944 -0.316682
v 4.545903 0.649979 -0.316799
v 4.548831 0.673043 -0.316916
v 4.557628 0.694563 -0.317025
v 4.571694 0.713073 -0.317119
v 4.590073 0.727311 -0.317191
v 4.611510 0.736308 -0.317236
v 4.634546 0.739450 -0.317252
v 4.657610 0.736523 -0.317238
v 4.679130 0.727726 -0.317193
v 4.697641 0.713659 -0.317122
v 4.711880 0.695281 -0.317029
v 4.720876 0.673843 -0.316920
v 4.724018 0.650808 -0.316803
v 4.721091 0.627744 -0.316687
v 4.712294 0.606224 -0.316577
v 4.698227 0.587714 -0.316484
v 4.679848 0.573476 -0.316411
v 4.658411 0.564479 -0.316366
v 4.635375 0.561337 -0.316350
v 4.612311 0.564264 -0.316365
v 4.590791 0.573061 -0.316409
v 4.558041 0.603260 -0.759937
v 4.549044 0.624697 -0.760045
v 4.545902 0.647732 -0.760162
v 4.548830 0.670796 -0.760279
v 4.557627 0.692316 -0.760388
v 4.571693 0.710826 -0.760482
v 4.590072 0.725065 -0.760554
v 4.611509 0.734062 -0.760599
v 4.634545 0.737203 -0.760615
v 4.657609 0.734276 -0.760601
v 4.679129 0.725479 -0.760556
v 4.697640 0.711413 -0.760485
v 4.711879 0.693034 -0.760392
v 4.720875 0.671597 -0.760283
v 4.724017 0.648561 -0.760167
v 4.721090 0.625498 -0.760050
v 4.712293 0.603978 -0.759941
v 4.698226 0.585468 -0.759847
v 4.679847 0.571229 -0.759775
v 4.658410 0.562232 -0.759729
v 4.635374 0.559090 -0.759713
v 4.612310 0.562018 -0.759728
v 4.590790 0.570814 -0.759772
v 4.572279 0.584881 -0.759843
v 4.519006 0.531807 -0.622045
v 4.519006 0.532660 -0.453734
v 4.526033 0.527320 -0.453707
v 4.751998 0.533745 -0.453740
v 4.745021 0.528339 -0.453712
v 4.757338 0.540771 -0.453775
v 4.750914 0.766733 -0.454920
v 4.756319 0.759756 -0.454885
v 4.743887 0.772073 -0.454947
v 4.517922 0.765649 -0.454914
v 4.524899 0.771054 -0.454942
v 4.512581 0.758622 -0.454879
v 4.513601 0.539637 -0.453769
v 4.513600 0.538784 -0.622080
v 4.512581 0.757769 -0.623190
v 4.517921 0.764796 -0.623225
v 4.524899 0.770201 -0.623253
v 4.743886 0.771221 -0.623258
v 4.750914 0.765881 -0.623231
v 4.756318 0.758903 -0.623196
v 4.757338 0.539919 -0.622086
v 4.751997 0.532892 -0.622051
v 4.745021 0.527486 -0.622023
v 4.526033 0.526467 -0.622018
v 4.572283 0.592674 0.777990
v 4.558045 0.611052 0.777897
v 4.549047 0.632489 0.777789
v 4.545906 0.655524 0.777672
v 4.548833 0.678588 0.777555
v 4.557631 0.700108 0.777446
v 4.571697 0.718618 0.777352
v 4.590075 0.732857 0.777280
v 4.611514 0.741854 0.777234
v 4.634549 0.744996 0.777218
v 4.657613 0.742068 0.777233
v 4.679133 0.733271 0.777278
v 4.697644 0.719205 0.777349
v 4.711883 0.700826 0.777442
v 4.720879 0.679389 0.777551
v 4.724021 0.656354 0.777667
v 4.721094 0.633290 0.777784
v 4.712296 0.611770 0.777893
v 4.698230 0.593260 0.777987
v 4.679851 0.579021 0.778059
v 4.658414 0.570024 0.778105
v 4.635378 0.566883 0.778121
v 4.612314 0.569810 0.778106
v 4.590794 0.578607 0.778062
v 4.558044 0.610252 0.620081
v 4.549047 0.631690 0.619972
v 4.545905 0.654725 0.619855
v 4.548833 0.677789 0.619739
v 4.557630 0.699309 0.619630
v 4.571697 0.717819 0.619536
v 4.590075 0.732057 0.619463
v 4.611513 0.741054 0.619418
v 4.634548 0.744196 0.619402
v 4.657613 0.741269 0.619417
v 4.679132 0.732472 0.619461
v 4.697643 0.718405 0.619532
v 4.711882 0.700027 0.619625
v 4.720879 0.678589 0.619734
v 4.724020 0.655554 0.619851
v 4.721093 0.632490 0.619968
v 4.712296 0.610970 0.620077
v 4.698229 0.592460 0.620170
v 4.679851 0.578222 0.620243
v 4.658413 0.569225 0.620288
v 4.635377 0.566083 0.620304
v 4.612313 0.569010 0.620290
v 4.590793 0.577807 0.620245
v 4.572283 0.591874 0.620174
v 4.618942 0.586676 -0.870824
v 4.616645 0.577892 -0.880988
v 4.635252 0.584605 -0.870813
v 4.635294 0.575525 -0.880976
v 4.651543 0.586827 -0.870825
v 4.653920 0.578065 -0.880989
v 4.666703 0.593190 -0.870857
v 4.671254 0.585340 -0.881026
v 4.679700 0.603259 -0.870908
v 4.686113 0.596853 -0.881084
v 4.689648 0.616349 -0.870974
v 4.697488 0.611819 -0.881160
v 4.695869 0.631568 -0.871051
v 4.704601 0.629220 -0.881248
v 4.697939 0.647878 -0.871134
v 4.706968 0.647868 -0.881342
v 4.695717 0.664168 -0.871217
v 4.704427 0.666494 -0.881437
v 4.689355 0.679328 -0.871293
v 4.697153 0.683827 -0.881525
v 4.679286 0.692325 -0.871359
v 4.685640 0.698687 -0.881600
v 4.666195 0.702273 -0.871410
v 4.670673 0.710061 -0.881658
v 4.650976 0.708494 -0.871441
v 4.653273 0.717174 -0.881694
v 4.634665 0.710564 -0.871451
v 4.634624 0.719541 -0.881705
v 4.618375 0.708342 -0.871440
v 4.615998 0.717001 -0.881693
v 4.603216 0.701980 -0.871408
v 4.598664 0.709726 -0.881656
v 4.590219 0.691911 -0.871357
v 4.583804 0.698213 -0.881597
v 4.580270 0.678820 -0.871291
v 4.572430 0.683247 -0.881521
v 4.574049 0.663602 -0.871213
v 4.565317 0.665846 -0.881433
v 4.571979 0.647292 -0.871131
v 4.562950 0.647198 -0.881339
v 4.574201 0.631001 -0.871048
v 4.565491 0.628572 -0.881244
v 4.580564 0.615841 -0.870971
v 4.572765 0.611239 -0.881157
v 4.584278 0.596379 -0.881081
v 4.590633 0.602844 -0.870906
v 4.603723 0.592896 -0.870855
v 4.599245 0.585005 -0.881024
v 4.576712 0.588741 -0.881043
v 4.572279 0.584304 -0.873900
v 4.558041 0.602682 -0.873993
v 4.563479 0.605820 -0.881129
v 4.549043 0.624119 -0.874101
v 4.555119 0.625741 -0.881230
v 4.545901 0.647155 -0.874218
v 4.552199 0.647148 -0.881338
v 4.548829 0.670218 -0.874335
v 4.554919 0.668581 -0.881447
v 4.557626 0.691738 -0.874444
v 4.563094 0.688579 -0.881548
v 4.571693 0.710248 -0.874538
v 4.576167 0.705780 -0.881636
v 4.590071 0.724487 -0.874610
v 4.593246 0.719012 -0.881703
v 4.611509 0.733484 -0.874656
v 4.613167 0.727372 -0.881745
v 4.634544 0.736625 -0.874672
v 4.634573 0.730292 -0.881760
v 4.657609 0.733698 -0.874657
v 4.656007 0.727572 -0.881746
v 4.679129 0.724901 -0.874612
v 4.676006 0.719397 -0.881705
v 4.697639 0.710835 -0.874541
v 4.693207 0.706325 -0.881639
v 4.711878 0.692456 -0.874448
v 4.706439 0.689246 -0.881552
v 4.720875 0.671019 -0.874339
v 4.714799 0.669325 -0.881451
v 4.724017 0.647984 -0.874223
v 4.717719 0.647918 -0.881343
v 4.721089 0.624920 -0.874106
v 4.714999 0.626485 -0.881234
v 4.712292 0.603400 -0.873997
v 4.706824 0.606487 -0.881133
v 4.698225 0.584890 -0.873903
v 4.693752 0.589286 -0.881046
v 4.679847 0.570651 -0.873831
v 4.676673 0.576054 -0.880979
v 4.658410 0.561654 -0.873785
v 4.656751 0.567694 -0.880936
v 4.635374 0.558513 -0.873769
v 4.635344 0.564774 -0.880921
v 4.612309 0.561440 -0.873784
v 4.613912 0.567494 -0.880935
v 4.590789 0.570237 -0.873828
v 4.593913 0.575669 -0.880976
v -4.689514 0.550476 0.958595
v -4.703753 0.568854 0.958502
v -4.712750 0.590292 0.958393
v -4.715891 0.613327 0.958276
v -4.712964 0.636391 0.958159
v -4.704167 0.657911 0.958050
v -4.690100 0.676421 0.957957
v -4.671722 0.690659 0.957884
v -4.650283 0.699656 0.957839
v -4.627248 0.702798 0.957823
v -4.604184 0.699871 0.957837
v -4.582664 0.691074 0.957882
v -4.564153 0.677007 0.957953
v -4.549914 0.658629 0.958046
v -4.540918 0.637192 0.958155
v -4.537776 0.614156 0.958272
v -4.540703 0.591093 0.958389
v -4.549500 0.569572 0.958498
v -4.563567 0.551062 0.958591
v -4.581946 0.536824 0.958664
v -4.603384 0.527827 0.958709
v -4.626419 0.524685 0.958725
v -4.649483 0.527612 0.958710
v -4.671004 0.536409 0.958666
v -4.693274 0.575195 1.002943
v -4.680975 0.559320 1.003023
v -4.701045 0.593712 1.002849
v -4.703759 0.613609 1.002748
v -4.701230 0.633530 1.002647
v -4.693632 0.652119 1.002553
v -4.681481 0.668107 1.002472
v -4.665606 0.680406 1.002410
v -4.647089 0.688177 1.002370
v -4.627192 0.690891 1.002357
v -4.607270 0.688362 1.002369
v -4.588681 0.680764 1.002408
v -4.572693 0.668614 1.002469
v -4.560393 0.652739 1.002550
v -4.552622 0.634222 1.002643
v -4.549909 0.614325 1.002744
v -4.552437 0.594403 1.002845
v -4.560035 0.575815 1.002939
v -4.572186 0.559826 1.003020
v -4.588061 0.547528 1.003083
v -4.606578 0.539757 1.003122
v -4.626476 0.537043 1.003136
v -4.646398 0.539571 1.003123
v -4.664986 0.547170 1.003085
v -4.683613 0.580974 1.030779
v -4.673102 0.567408 1.030847
v -4.690254 0.596798 1.030698
v -4.692573 0.613802 1.030612
v -4.690413 0.630827 1.030526
v -4.683919 0.646712 1.030445
v -4.673535 0.660376 1.030376
v -4.659969 0.670887 1.030323
v -4.644144 0.677528 1.030289
v -4.627140 0.679847 1.030277
v -4.610115 0.677686 1.030288
v -4.594229 0.671193 1.030321
v -4.580565 0.660809 1.030374
v -4.570055 0.647242 1.030443
v -4.563413 0.631418 1.030523
v -4.561095 0.614414 1.030609
v -4.563255 0.597389 1.030695
v -4.569748 0.581504 1.030776
v -4.580132 0.567840 1.030845
v -4.593699 0.557330 1.030898
v -4.609524 0.550689 1.030932
v -4.626528 0.548370 1.030944
v -4.643553 0.550530 1.030933
v -4.659438 0.557024 1.030900
v -4.668367 0.590012 1.058672
v -4.660679 0.580088 1.058722
v -4.673225 0.601587 1.058613
v -4.674922 0.614026 1.058550
v -4.673341 0.626479 1.058487
v -4.668591 0.638100 1.058428
v -4.660996 0.648095 1.058377
v -4.651072 0.655783 1.058338
v -4.639496 0.660641 1.058314
v -4.627058 0.662337 1.058305
v -4.614604 0.660757 1.058313
v -4.602983 0.656007 1.058337
v -4.592989 0.648411 1.058375
v -4.585300 0.638487 1.058426
v -4.580441 0.626912 1.058484
v -4.578745 0.614473 1.058547
v -4.580326 0.602020 1.058610
v -4.585076 0.590400 1.058669
v -4.592672 0.580405 1.058720
v -4.602596 0.572716 1.058759
v -4.614171 0.567858 1.058784
v -4.626610 0.566162 1.058792
v -4.639063 0.567742 1.058784
v -4.650684 0.572492 1.058760
v -4.626834 0.614395 1.087304
v -4.658074 0.550497 -0.730111
v -4.671165 0.560445 -0.730161
v -4.642855 0.544276 -0.730079
v -4.626545 0.542206 -0.730069
v -4.610254 0.544428 -0.730080
v -4.595094 0.550790 -0.730112
v -4.582097 0.560860 -0.730164
v -4.572149 0.573950 -0.730230
v -4.565928 0.589168 -0.730307
v -4.563858 0.605478 -0.730390
v -4.566080 0.621769 -0.730472
v -4.572442 0.636929 -0.730549
v -4.582511 0.649926 -0.730615
v -4.595602 0.659873 -0.730665
v -4.610821 0.666094 -0.730697
v -4.627131 0.668165 -0.730707
v -4.643422 0.665943 -0.730696
v -4.658582 0.659580 -0.730664
v -4.671579 0.649511 -0.730613
v -4.681527 0.636421 -0.730546
v -4.687748 0.621202 -0.730469
v -4.689818 0.604892 -0.730386
v -4.687596 0.588602 -0.730304
v -4.681233 0.573442 -0.730227
v -4.689517 0.544017 -0.316239
v -4.703756 0.562395 -0.316332
v -4.712753 0.583832 -0.316440
v -4.715895 0.606867 -0.316557
v -4.712967 0.629931 -0.316674
v -4.704170 0.651451 -0.316783
v -4.690104 0.669961 -0.316877
v -4.671725 0.684200 -0.316949
v -4.650287 0.693197 -0.316995
v -4.627252 0.696339 -0.317011
v -4.604187 0.693411 -0.316996
v -4.582667 0.684614 -0.316951
v -4.564157 0.670548 -0.316880
v -4.549918 0.652169 -0.316787
v -4.540921 0.630732 -0.316678
v -4.537780 0.607697 -0.316562
v -4.540707 0.584633 -0.316445
v -4.549504 0.563113 -0.316336
v -4.563570 0.544603 -0.316242
v -4.581949 0.530364 -0.316170
v -4.603387 0.521367 -0.316124
v -4.626422 0.518226 -0.316108
v -4.649487 0.521153 -0.316123
v -4.671007 0.529950 -0.316167
v -4.703757 0.560148 -0.759695
v -4.712754 0.581586 -0.759803
v -4.715896 0.604621 -0.759920
v -4.712968 0.627685 -0.760037
v -4.704171 0.649205 -0.760146
v -4.690104 0.667715 -0.760240
v -4.671726 0.681954 -0.760312
v -4.650288 0.690950 -0.760358
v -4.627253 0.694092 -0.760374
v -4.604188 0.691165 -0.760359
v -4.582668 0.682368 -0.760314
v -4.564157 0.668301 -0.760243
v -4.549919 0.649923 -0.760150
v -4.540922 0.628486 -0.760042
v -4.537781 0.605450 -0.759925
v -4.540708 0.582387 -0.759808
v -4.549505 0.560866 -0.759699
v -4.563571 0.542356 -0.759605
v -4.581950 0.528118 -0.759533
v -4.603388 0.519121 -0.759487
v -4.626423 0.515979 -0.759471
v -4.649487 0.518906 -0.759486
v -4.671008 0.527703 -0.759531
v -4.689518 0.541770 -0.759602
v -4.742792 0.488696 -0.621803
v -4.742791 0.489549 -0.453492
v -4.735764 0.484208 -0.453465
v -4.509800 0.490633 -0.453498
v -4.516777 0.485228 -0.453471
v -4.504459 0.497660 -0.453534
v -4.510884 0.723622 -0.454679
v -4.505479 0.716645 -0.454643
v -4.517911 0.728962 -0.454706
v -4.743876 0.722537 -0.454673
v -4.736898 0.727943 -0.454700
v -4.749216 0.715511 -0.454637
v -4.748197 0.496526 -0.453527
v -4.748197 0.495673 -0.621838
v -4.749217 0.714658 -0.622948
v -4.743876 0.721685 -0.622984
v -4.736899 0.727090 -0.623011
v -4.517911 0.728109 -0.623017
v -4.510884 0.722769 -0.622990
v -4.505479 0.715792 -0.622954
v -4.504460 0.496807 -0.621845
v -4.509800 0.489780 -0.621809
v -4.516777 0.484375 -0.621782
v -4.735765 0.483356 -0.621776
v -4.689515 0.549562 0.778232
v -4.703753 0.567940 0.778139
v -4.712750 0.589378 0.778030
v -4.715892 0.612413 0.777914
v -4.712965 0.635477 0.777797
v -4.704167 0.656997 0.777688
v -4.690101 0.675507 0.777594
v -4.671722 0.689746 0.777522
v -4.650284 0.698742 0.777476
v -4.627249 0.701884 0.777460
v -4.604185 0.698957 0.777475
v -4.582664 0.690160 0.777519
v -4.564154 0.676093 0.777591
v -4.549915 0.657715 0.777684
v -4.540918 0.636278 0.777792
v -4.537777 0.613242 0.777909
v -4.540704 0.590179 0.778026
v -4.549501 0.568659 0.778135
v -4.563568 0.550148 0.778229
v -4.581946 0.535910 0.778301
v -4.603384 0.526913 0.778347
v -4.626420 0.523771 0.778363
v -4.649484 0.526698 0.778348
v -4.671004 0.535495 0.778303
v -4.703753 0.567141 0.620322
v -4.712751 0.588578 0.620214
v -4.715892 0.611613 0.620097
v -4.712965 0.634677 0.619980
v -4.704168 0.656197 0.619871
v -4.690101 0.674707 0.619777
v -4.671723 0.688946 0.619705
v -4.650284 0.697943 0.619660
v -4.627249 0.701084 0.619644
v -4.604185 0.698157 0.619658
v -4.582665 0.689360 0.619703
v -4.564154 0.675294 0.619774
v -4.549915 0.656915 0.619867
v -4.540919 0.635478 0.619976
v -4.537777 0.612443 0.620093
v -4.540704 0.589379 0.620209
v -4.549501 0.567859 0.620318
v -4.563568 0.549349 0.620412
v -4.581947 0.535110 0.620484
v -4.603384 0.526113 0.620530
v -4.626420 0.522972 0.620546
v -4.649484 0.525899 0.620531
v -4.671005 0.534696 0.620487
v -4.689515 0.548763 0.620416
v -4.642856 0.543564 -0.870582
v -4.645152 0.534781 -0.880746
v -4.626545 0.541494 -0.870571
v -4.626503 0.532414 -0.880734
v -4.610255 0.543716 -0.870583
v -4.607878 0.534954 -0.880747
v -4.595094 0.550078 -0.870615
v -4.590544 0.542229 -0.880784
v -4.582098 0.560148 -0.870666
v -4.575684 0.553741 -0.880842
v -4.572149 0.573238 -0.870732
v -4.564310 0.568708 -0.880918
v -4.565928 0.588456 -0.870810
v -4.557197 0.586108 -0.881006
v -4.563858 0.604766 -0.870892
v -4.554830 0.604757 -0.881101
v -4.566080 0.621057 -0.870975
v -4.557371 0.623382 -0.881195
v -4.572443 0.636217 -0.871052
v -4.564644 0.640716 -0.881283
v -4.582512 0.649214 -0.871117
v -4.576158 0.655576 -0.881358
v -4.595602 0.659161 -0.871168
v -4.591125 0.666950 -0.881416
v -4.610821 0.665383 -0.871199
v -4.608525 0.674063 -0.881452
v -4.627132 0.667453 -0.871210
v -4.627174 0.676430 -0.881464
v -4.643422 0.665231 -0.871198
v -4.645800 0.673889 -0.881451
v -4.658582 0.658868 -0.871166
v -4.663133 0.666615 -0.881414
v -4.671579 0.648799 -0.871115
v -4.677993 0.655102 -0.881356
v -4.681527 0.635709 -0.871049
v -4.689367 0.640135 -0.881280
v -4.687748 0.620490 -0.870972
v -4.696481 0.622735 -0.881192
v -4.689819 0.604180 -0.870889
v -4.698848 0.604087 -0.881097
v -4.687597 0.587890 -0.870807
v -4.696307 0.585461 -0.881003
v -4.681234 0.572730 -0.870730
v -4.689032 0.568127 -0.880915
v -4.677520 0.553267 -0.880840
v -4.671165 0.559733 -0.870664
v -4.658075 0.549785 -0.870614
v -4.662552 0.541893 -0.880782
v -4.685086 0.545630 -0.880801
v -4.689519 0.541192 -0.873658
v -4.703757 0.559570 -0.873751
v -4.698318 0.562708 -0.880887
v -4.712755 0.581008 -0.873860
v -4.706679 0.582630 -0.880988
v -4.715896 0.604043 -0.873976
v -4.709599 0.604036 -0.881097
v -4.712969 0.627107 -0.874093
v -4.706879 0.625469 -0.881205
v -4.704172 0.648627 -0.874202
v -4.698703 0.645467 -0.881307
v -4.690105 0.667137 -0.874296
v -4.685631 0.662669 -0.881394
v -4.671727 0.681376 -0.874368
v -4.668552 0.675900 -0.881461
v -4.650289 0.690372 -0.874414
v -4.648631 0.684261 -0.881503
v -4.627253 0.693514 -0.874430
v -4.627224 0.687181 -0.881518
v -4.604189 0.690587 -0.874415
v -4.605791 0.684460 -0.881505
v -4.582669 0.681790 -0.874371
v -4.585792 0.676286 -0.881463
v -4.564158 0.667723 -0.874299
v -4.568591 0.663213 -0.881397
v -4.549919 0.649345 -0.874206
v -4.555359 0.646135 -0.881310
v -4.540923 0.627908 -0.874098
v -4.546998 0.626213 -0.881210
v -4.537781 0.604872 -0.873981
v -4.544078 0.604807 -0.881101
v -4.540708 0.581809 -0.873864
v -4.546799 0.583374 -0.880992
v -4.549505 0.560288 -0.873755
v -4.554974 0.563376 -0.880891
v -4.563572 0.541778 -0.873661
v -4.568046 0.546175 -0.880804
v -4.581951 0.527540 -0.873589
v -4.585125 0.532943 -0.880737
v -4.603388 0.518543 -0.873543
v -4.605046 0.524582 -0.880694
v -4.626424 0.515401 -0.873527
v -4.626453 0.521663 -0.880680
v -4.649488 0.518328 -0.873542
v -4.647886 0.524383 -0.880693
v -4.671009 0.527125 -0.873587
v -4.667885 0.532557 -0.880735
v -4.129258 0.679026 0.957942
v -4.115020 0.660648 0.958035
v -4.106023 0.639211 0.958144
v -4.102881 0.616176 0.958260
v -4.105809 0.593112 0.958377
v -4.114605 0.571592 0.958486
v -4.128672 0.553082 0.958580
v -4.147051 0.538843 0.958652
v -4.168488 0.529846 0.958698
v -4.191524 0.526705 0.958714
v -4.214588 0.529632 0.958699
v -4.236108 0.538429 0.958655
v -4.254619 0.552495 0.958583
v -4.268857 0.570874 0.958490
v -4.277854 0.592311 0.958382
v -4.280996 0.615346 0.958265
v -4.278069 0.638410 0.958148
v -4.269271 0.659930 0.958039
v -4.255205 0.678440 0.957945
v -4.236826 0.692679 0.957873
v -4.215389 0.701676 0.957827
v -4.192353 0.704818 0.957811
v -4.169289 0.701890 0.957826
v -4.147769 0.693093 0.957871
v -4.125499 0.654758 1.002538
v -4.137797 0.670633 1.002458
v -4.117728 0.636242 1.002632
v -4.115014 0.616344 1.002733
v -4.117542 0.596423 1.002834
v -4.125141 0.577834 1.002928
v -4.137291 0.561846 1.003009
v -4.153166 0.549547 1.003071
v -4.171683 0.541776 1.003111
v -4.191580 0.539062 1.003125
v -4.211502 0.541591 1.003112
v -4.230091 0.549189 1.003073
v -4.246079 0.561340 1.003012
v -4.258379 0.577214 1.002931
v -4.266150 0.595731 1.002838
v -4.268864 0.615628 1.002737
v -4.266335 0.635550 1.002636
v -4.258737 0.654138 1.002542
v -4.246586 0.670127 1.002461
v -4.230711 0.682426 1.002398
v -4.212194 0.690197 1.002359
v -4.192297 0.692910 1.002345
v -4.172375 0.690382 1.002358
v -4.153786 0.682784 1.002396
v -4.135160 0.649262 1.030431
v -4.145670 0.662828 1.030362
v -4.128519 0.633438 1.030511
v -4.126199 0.616433 1.030597
v -4.128360 0.599409 1.030684
v -4.134854 0.583523 1.030764
v -4.145237 0.569860 1.030834
v -4.158803 0.559349 1.030887
v -4.174628 0.552708 1.030921
v -4.191632 0.550389 1.030932
v -4.208658 0.552550 1.030921
v -4.224543 0.559043 1.030889
v -4.238207 0.569427 1.030836
v -4.248718 0.582993 1.030767
v -4.255359 0.598818 1.030687
v -4.257678 0.615822 1.030601
v -4.255517 0.632846 1.030515
v -4.249024 0.648732 1.030434
v -4.238640 0.662395 1.030365
v -4.225073 0.672906 1.030312
v -4.209249 0.679547 1.030278
v -4.192244 0.681866 1.030266
v -4.175220 0.679705 1.030277
v -4.159334 0.673212 1.030310
v -4.150404 0.640507 1.058414
v -4.158093 0.650430 1.058364
v -4.145546 0.628931 1.058473
v -4.143850 0.616493 1.058536
v -4.145431 0.604039 1.058599
v -4.150181 0.592419 1.058658
v -4.157777 0.582424 1.058709
v -4.167701 0.574736 1.058748
v -4.179276 0.569878 1.058772
v -4.191714 0.568181 1.058781
v -4.204168 0.569762 1.058773
v -4.215789 0.574512 1.058749
v -4.225784 0.582108 1.058710
v -4.233472 0.592031 1.058660
v -4.238330 0.603607 1.058601
v -4.240027 0.616045 1.058539
v -4.238446 0.628499 1.058475
v -4.233696 0.640119 1.058416
v -4.226100 0.650114 1.058366
v -4.216177 0.657802 1.058327
v -4.204601 0.662660 1.058302
v -4.192162 0.664357 1.058294
v -4.179708 0.662776 1.058302
v -4.168088 0.658026 1.058326
v -4.191938 0.616415 1.087292
v -4.160707 0.661893 -0.730677
v -4.147616 0.651945 -0.730626
v -4.175926 0.668114 -0.730708
v -4.192236 0.670184 -0.730718
v -4.208527 0.667962 -0.730707
v -4.223687 0.661600 -0.730675
v -4.236683 0.651531 -0.730624
v -4.246632 0.638440 -0.730558
v -4.252853 0.623222 -0.730480
v -4.254923 0.606912 -0.730398
v -4.252701 0.590621 -0.730315
v -4.246338 0.575461 -0.730238
v -4.236269 0.562464 -0.730173
v -4.223179 0.552517 -0.730122
v -4.207960 0.546296 -0.730091
v -4.191649 0.544225 -0.730080
v -4.175359 0.546447 -0.730092
v -4.160199 0.552810 -0.730124
v -4.147202 0.562879 -0.730175
v -4.137254 0.575969 -0.730241
v -4.131033 0.591188 -0.730318
v -4.128963 0.607498 -0.730401
v -4.131185 0.623788 -0.730484
v -4.137547 0.638949 -0.730560
v -4.129261 0.672567 -0.316891
v -4.115023 0.654189 -0.316798
v -4.106026 0.632751 -0.316690
v -4.102884 0.609716 -0.316573
v -4.105812 0.586652 -0.316456
v -4.114609 0.565132 -0.316347
v -4.128675 0.546622 -0.316253
v -4.147054 0.532384 -0.316181
v -4.168491 0.523387 -0.316135
v -4.191527 0.520245 -0.316119
v -4.214592 0.523172 -0.316134
v -4.236112 0.531969 -0.316179
v -4.254622 0.546036 -0.316250
v -4.268861 0.564414 -0.316343
v -4.277858 0.585852 -0.316452
v -4.281000 0.608887 -0.316568
v -4.278072 0.631951 -0.316685
v -4.269275 0.653471 -0.316794
v -4.255208 0.671981 -0.316888
v -4.236830 0.686219 -0.316960
v -4.215392 0.695216 -0.317006
v -4.192356 0.698358 -0.317022
v -4.169292 0.695431 -0.317007
v -4.147772 0.686634 -0.316963
v -4.115024 0.651942 -0.760161
v -4.106027 0.630505 -0.760053
v -4.102885 0.607470 -0.759936
v -4.105813 0.584406 -0.759819
v -4.114610 0.562886 -0.759710
v -4.128676 0.544376 -0.759616
v -4.147055 0.530137 -0.759544
v -4.168492 0.521140 -0.759499
v -4.191528 0.517999 -0.759483
v -4.214592 0.520926 -0.759497
v -4.236113 0.529723 -0.759542
v -4.254623 0.543790 -0.759613
v -4.268862 0.562168 -0.759706
v -4.277859 0.583605 -0.759815
v -4.281001 0.606641 -0.759932
v -4.278073 0.629704 -0.760048
v -4.269276 0.651224 -0.760157
v -4.255209 0.669734 -0.760251
v -4.236831 0.683973 -0.760323
v -4.215393 0.692970 -0.760369
v -4.192357 0.696112 -0.760385
v -4.169293 0.693184 -0.760370
v -4.147773 0.684388 -0.760326
v -4.129262 0.670321 -0.760255
v -4.075989 0.724788 -0.623001
v -4.075989 0.725641 -0.454690
v -4.083015 0.730982 -0.454717
v -4.308981 0.724557 -0.454684
v -4.302003 0.729962 -0.454711
v -4.314321 0.717530 -0.454648
v -4.307896 0.491568 -0.453503
v -4.313301 0.498545 -0.453539
v -4.300869 0.486228 -0.453476
v -4.074904 0.492653 -0.453509
v -4.081881 0.487247 -0.453482
v -4.069564 0.499679 -0.453545
v -4.070583 0.718665 -0.454655
v -4.070584 0.717812 -0.622966
v -4.069564 0.498827 -0.621856
v -4.074904 0.491800 -0.621820
v -4.081882 0.486394 -0.621793
v -4.300869 0.485375 -0.621787
v -4.307897 0.490715 -0.621814
v -4.313302 0.497692 -0.621850
v -4.314321 0.716677 -0.622959
v -4.308981 0.723704 -0.622995
v -4.302004 0.729109 -0.623022
v -4.083016 0.730129 -0.623028
v -4.129259 0.678113 0.777579
v -4.115020 0.659734 0.777672
v -4.106023 0.638297 0.777781
v -4.102881 0.615262 0.777898
v -4.105809 0.592198 0.778015
v -4.114606 0.570678 0.778124
v -4.128673 0.552168 0.778217
v -4.147051 0.537929 0.778290
v -4.168489 0.528932 0.778335
v -4.191524 0.525791 0.778351
v -4.214589 0.528718 0.778337
v -4.236109 0.537515 0.778292
v -4.254619 0.551582 0.778221
v -4.268858 0.569960 0.778128
v -4.277855 0.591397 0.778019
v -4.280997 0.614433 0.777902
v -4.278069 0.637496 0.777786
v -4.269272 0.659016 0.777676
v -4.255205 0.677526 0.777583
v -4.236827 0.691765 0.777510
v -4.215389 0.700762 0.777465
v -4.192353 0.703904 0.777449
v -4.169289 0.700976 0.777464
v -4.147769 0.692180 0.777508
v -4.115021 0.658935 0.619856
v -4.106024 0.637497 0.619964
v -4.102882 0.614462 0.620081
v -4.105810 0.591398 0.620198
v -4.114606 0.569878 0.620307
v -4.128673 0.551368 0.620401
v -4.147052 0.537130 0.620473
v -4.168489 0.528133 0.620519
v -4.191525 0.524991 0.620535
v -4.214589 0.527918 0.620520
v -4.236109 0.536715 0.620475
v -4.254620 0.550782 0.620404
v -4.268858 0.569160 0.620311
v -4.277855 0.590598 0.620203
v -4.280997 0.613633 0.620086
v -4.278070 0.636697 0.619969
v -4.269272 0.658217 0.619860
v -4.255206 0.676727 0.619766
v -4.236827 0.690965 0.619694
v -4.215390 0.699962 0.619648
v -4.192354 0.703104 0.619632
v -4.169290 0.700177 0.619647
v -4.147770 0.691380 0.619692
v -4.129259 0.677313 0.619763
v -4.175926 0.667402 -0.871211
v -4.173630 0.676082 -0.881463
v -4.192236 0.669472 -0.871221
v -4.192278 0.678449 -0.881475
v -4.208527 0.667250 -0.871210
v -4.210905 0.675909 -0.881462
v -4.223687 0.660888 -0.871177
v -4.228238 0.668634 -0.881425
v -4.236684 0.650819 -0.871126
v -4.243098 0.657121 -0.881367
v -4.246632 0.637729 -0.871060
v -4.254472 0.642155 -0.881291
v -4.252853 0.622510 -0.870983
v -4.261586 0.624754 -0.881203
v -4.254924 0.606200 -0.870900
v -4.263952 0.606106 -0.881108
v -4.252702 0.589909 -0.870818
v -4.261412 0.587480 -0.881014
v -4.246339 0.574749 -0.870741
v -4.254138 0.570147 -0.880926
v -4.236269 0.561752 -0.870675
v -4.242625 0.555287 -0.880851
v -4.223179 0.551805 -0.870625
v -4.227658 0.543913 -0.880793
v -4.207961 0.545584 -0.870593
v -4.210257 0.536800 -0.880757
v -4.191650 0.543513 -0.870583
v -4.191608 0.534433 -0.880745
v -4.175360 0.545735 -0.870594
v -4.172982 0.536974 -0.880758
v -4.160200 0.552098 -0.870626
v -4.155649 0.544248 -0.880795
v -4.147202 0.562167 -0.870677
v -4.140789 0.555761 -0.880854
v -4.137254 0.575257 -0.870744
v -4.129414 0.570727 -0.880929
v -4.131034 0.590476 -0.870821
v -4.122302 0.588128 -0.881018
v -4.128963 0.606786 -0.870904
v -4.119935 0.606776 -0.881112
v -4.131186 0.623076 -0.870986
v -4.122475 0.625402 -0.881206
v -4.137547 0.638237 -0.871063
v -4.129749 0.642735 -0.881294
v -4.141263 0.657595 -0.881370
v -4.147617 0.651233 -0.871129
v -4.160707 0.661181 -0.871179
v -4.156229 0.668969 -0.881427
v -4.133696 0.665233 -0.881408
v -4.129263 0.669743 -0.874311
v -4.115025 0.651365 -0.874218
v -4.120464 0.648154 -0.881322
v -4.106028 0.629927 -0.874109
v -4.112103 0.628233 -0.881221
v -4.102886 0.606892 -0.873992
v -4.109183 0.606826 -0.881112
v -4.105813 0.583828 -0.873875
v -4.111904 0.585394 -0.881004
v -4.114610 0.562308 -0.873766
v -4.120079 0.565395 -0.880902
v -4.128677 0.543798 -0.873672
v -4.133151 0.548194 -0.880815
v -4.147056 0.529559 -0.873600
v -4.150229 0.534962 -0.880748
v -4.168493 0.520563 -0.873555
v -4.170151 0.526602 -0.880706
v -4.191528 0.517421 -0.873539
v -4.191558 0.523682 -0.880691
v -4.214593 0.520348 -0.873553
v -4.212991 0.526402 -0.880705
v -4.236113 0.529145 -0.873598
v -4.232990 0.534577 -0.880746
v -4.254623 0.543212 -0.873669
v -4.250191 0.547649 -0.880812
v -4.268862 0.561590 -0.873762
v -4.263423 0.564728 -0.880899
v -4.277859 0.583027 -0.873871
v -4.271784 0.584649 -0.881000
v -4.281001 0.606063 -0.873988
v -4.274704 0.606056 -0.881108
v -4.278074 0.629126 -0.874104
v -4.271983 0.627489 -0.881217
v -4.269276 0.650646 -0.874214
v -4.263808 0.647487 -0.881318
v -4.255209 0.669156 -0.874307
v -4.250736 0.664688 -0.881405
v -4.236831 0.683395 -0.874380
v -4.233657 0.677920 -0.881472
v -4.215394 0.692392 -0.874425
v -4.213735 0.686280 -0.881515
v -4.192358 0.695534 -0.874441
v -4.192328 0.689200 -0.881530
v -4.169293 0.692606 -0.874426
v -4.170896 0.686480 -0.881516
v -4.147774 0.683810 -0.874382
v -4.150897 0.678305 -0.881474
v -3.691875 0.555116 0.958569
v -3.710253 0.540878 0.958641
v -3.731691 0.531881 0.958687
v -3.754727 0.528739 0.958703
v -3.777791 0.531667 0.958688
v -3.799311 0.540463 0.958643
v -3.817821 0.554530 0.958572
v -3.832060 0.572909 0.958479
v -3.841057 0.594346 0.958370
v -3.844199 0.617381 0.958254
v -3.841271 0.640445 0.958137
v -3.832475 0.661965 0.958028
v -3.818408 0.680475 0.957934
v -3.800029 0.694714 0.957862
v -3.778591 0.703710 0.957816
v -3.755556 0.706852 0.957800
v -3.732492 0.703925 0.957815
v -3.710971 0.695128 0.957859
v -3.692461 0.681061 0.957931
v -3.678222 0.662683 0.958024
v -3.669225 0.641246 0.958132
v -3.666083 0.618210 0.958249
v -3.669011 0.595147 0.958366
v -3.677808 0.573627 0.958475
v -3.716368 0.551582 1.003060
v -3.700493 0.563881 1.002998
v -3.734885 0.543811 1.003099
v -3.754783 0.541097 1.003113
v -3.774705 0.543626 1.003101
v -3.793293 0.551224 1.003062
v -3.809282 0.563374 1.003000
v -3.821581 0.579249 1.002920
v -3.829352 0.597766 1.002826
v -3.832066 0.617663 1.002725
v -3.829538 0.637585 1.002625
v -3.821939 0.656173 1.002530
v -3.809788 0.672161 1.002449
v -3.793913 0.684460 1.002387
v -3.775397 0.692231 1.002348
v -3.755499 0.694945 1.002334
v -3.735577 0.692417 1.002347
v -3.716989 0.684818 1.002385
v -3.701000 0.672668 1.002446
v -3.688701 0.656793 1.002527
v -3.680930 0.638276 1.002621
v -3.678216 0.618379 1.002721
v -3.680745 0.598458 1.002822
v -3.688343 0.579869 1.002917
v -3.722006 0.561384 1.030875
v -3.708440 0.571894 1.030822
v -3.737831 0.554743 1.030909
v -3.754835 0.552424 1.030921
v -3.771860 0.554584 1.030910
v -3.787746 0.561078 1.030877
v -3.801409 0.571462 1.030825
v -3.811920 0.585028 1.030756
v -3.818561 0.600852 1.030676
v -3.820880 0.617856 1.030590
v -3.818720 0.634881 1.030503
v -3.812226 0.650766 1.030423
v -3.801842 0.664430 1.030354
v -3.788276 0.674941 1.030300
v -3.772451 0.681582 1.030267
v -3.755447 0.683901 1.030255
v -3.738422 0.681740 1.030266
v -3.722536 0.675247 1.030298
v -3.708873 0.664863 1.030351
v -3.698362 0.651297 1.030420
v -3.691721 0.635472 1.030500
v -3.689402 0.618468 1.030586
v -3.691562 0.601444 1.030672
v -3.698056 0.585558 1.030753
v -3.730903 0.576771 1.058736
v -3.720979 0.584459 1.058697
v -3.742479 0.571913 1.058761
v -3.754917 0.570216 1.058770
v -3.767371 0.571797 1.058762
v -3.778991 0.576547 1.058738
v -3.788986 0.584143 1.058699
v -3.796675 0.594066 1.058649
v -3.801533 0.605642 1.058590
v -3.803229 0.618080 1.058527
v -3.801649 0.630534 1.058464
v -3.796899 0.642154 1.058405
v -3.789303 0.652149 1.058354
v -3.779379 0.659837 1.058316
v -3.767803 0.664695 1.058291
v -3.755365 0.666392 1.058282
v -3.742911 0.664811 1.058290
v -3.731291 0.660061 1.058314
v -3.721296 0.652465 1.058353
v -3.713607 0.642542 1.058403
v -3.708749 0.630966 1.058462
v -3.707052 0.618528 1.058525
v -3.708633 0.606074 1.058588
v -3.713383 0.594454 1.058647
v -3.755141 0.618450 1.087281
v -3.700456 0.578004 -0.730253
v -3.710404 0.564914 -0.730186
v -3.694235 0.593222 -0.730330
v -3.692165 0.609533 -0.730412
v -3.694387 0.625823 -0.730495
v -3.700750 0.640983 -0.730572
v -3.710819 0.653980 -0.730638
v -3.723909 0.663928 -0.730688
v -3.739128 0.670149 -0.730719
v -3.755438 0.672219 -0.730730
v -3.771729 0.669997 -0.730719
v -3.786889 0.663634 -0.730686
v -3.799886 0.653565 -0.730635
v -3.809834 0.640475 -0.730569
v -3.816055 0.625256 -0.730492
v -3.818125 0.608946 -0.730409
v -3.815904 0.592656 -0.730327
v -3.809541 0.577496 -0.730250
v -3.799472 0.564499 -0.730184
v -3.786381 0.554551 -0.730134
v -3.771163 0.548330 -0.730102
v -3.754852 0.546260 -0.730092
v -3.738562 0.548482 -0.730103
v -3.723401 0.554844 -0.730135
v -3.691878 0.548657 -0.316265
v -3.710257 0.534418 -0.316193
v -3.731694 0.525422 -0.316147
v -3.754730 0.522280 -0.316131
v -3.777794 0.525207 -0.316146
v -3.799314 0.534004 -0.316190
v -3.817824 0.548071 -0.316261
v -3.832063 0.566449 -0.316355
v -3.841060 0.587886 -0.316463
v -3.844202 0.610922 -0.316580
v -3.841274 0.633985 -0.316697
v -3.832478 0.655506 -0.316806
v -3.818411 0.674016 -0.316900
v -3.800032 0.688254 -0.316972
v -3.778594 0.697251 -0.317017
v -3.755559 0.700393 -0.317033
v -3.732495 0.697466 -0.317019
v -3.710974 0.688669 -0.316974
v -3.692464 0.674602 -0.316903
v -3.678226 0.656223 -0.316810
v -3.669228 0.634786 -0.316701
v -3.666086 0.611751 -0.316584
v -3.669014 0.588687 -0.316468
v -3.677811 0.567167 -0.316359
v -3.710258 0.532172 -0.759556
v -3.731695 0.523175 -0.759510
v -3.754731 0.520033 -0.759494
v -3.777795 0.522960 -0.759509
v -3.799315 0.531757 -0.759553
v -3.817826 0.545824 -0.759625
v -3.832064 0.564203 -0.759718
v -3.841061 0.585640 -0.759826
v -3.844203 0.608675 -0.759943
v -3.841276 0.631739 -0.760060
v -3.832479 0.653259 -0.760169
v -3.818412 0.671769 -0.760263
v -3.800033 0.686008 -0.760335
v -3.778596 0.695004 -0.760381
v -3.755560 0.698146 -0.760396
v -3.732496 0.695219 -0.760382
v -3.710976 0.686422 -0.760337
v -3.692466 0.672355 -0.760266
v -3.678227 0.653977 -0.760173
v -3.669230 0.632540 -0.760064
v -3.666088 0.609504 -0.759948
v -3.669015 0.586441 -0.759831
v -3.677812 0.564921 -0.759722
v -3.691879 0.546410 -0.759628
v -3.638107 0.493835 -0.621832
v -3.638107 0.494687 -0.453521
v -3.632766 0.501714 -0.453556
v -3.639191 0.727676 -0.454701
v -3.633785 0.720699 -0.454666
v -3.646218 0.733016 -0.454728
v -3.872183 0.726592 -0.454695
v -3.865206 0.731997 -0.454723
v -3.877523 0.719565 -0.454660
v -3.871098 0.493603 -0.453515
v -3.876503 0.500580 -0.453550
v -3.864071 0.488263 -0.453488
v -3.645083 0.489282 -0.453493
v -3.645084 0.488429 -0.621804
v -3.864072 0.487410 -0.621799
v -3.871099 0.492750 -0.621826
v -3.876504 0.499727 -0.621861
v -3.877523 0.718712 -0.622971
v -3.872183 0.725739 -0.623006
v -3.865206 0.731144 -0.623034
v -3.646219 0.732163 -0.623039
v -3.639191 0.726823 -0.623012
v -3.633786 0.719846 -0.622977
v -3.632767 0.500861 -0.621867
v -3.691875 0.554202 0.778206
v -3.710254 0.539964 0.778278
v -3.731691 0.530967 0.778324
v -3.754727 0.527825 0.778340
v -3.777791 0.530753 0.778325
v -3.799311 0.539549 0.778281
v -3.817822 0.553616 0.778209
v -3.832060 0.571995 0.778116
v -3.841057 0.593432 0.778008
v -3.844199 0.616467 0.777891
v -3.841272 0.639531 0.777774
v -3.832475 0.661051 0.777665
v -3.818408 0.679561 0.777571
v -3.800029 0.693800 0.777499
v -3.778592 0.702797 0.777453
v -3.755556 0.705938 0.777437
v -3.732492 0.703011 0.777452
v -3.710972 0.694214 0.777497
v -3.692461 0.680147 0.777568
v -3.678223 0.661769 0.777661
v -3.669225 0.640332 0.777770
v -3.666084 0.617296 0.777886
v -3.669011 0.594233 0.778003
v -3.677808 0.572713 0.778112
v -3.710254 0.539164 0.620462
v -3.731692 0.530168 0.620507
v -3.754727 0.527026 0.620523
v -3.777791 0.529953 0.620509
v -3.799312 0.538750 0.620464
v -3.817822 0.552817 0.620393
v -3.832061 0.571195 0.620300
v -3.841058 0.592632 0.620191
v -3.844199 0.615668 0.620074
v -3.841272 0.638731 0.619958
v -3.832475 0.660252 0.619848
v -3.818408 0.678762 0.619755
v -3.800030 0.693000 0.619682
v -3.778592 0.701997 0.619637
v -3.755556 0.705139 0.619621
v -3.732493 0.702211 0.619636
v -3.710972 0.693415 0.619680
v -3.692462 0.679348 0.619751
v -3.678223 0.660969 0.619844
v -3.669226 0.639532 0.619953
v -3.666084 0.616497 0.620070
v -3.669011 0.593433 0.620187
v -3.677809 0.571913 0.620296
v -3.691876 0.553403 0.620389
v -3.694236 0.592510 -0.870832
v -3.685504 0.590163 -0.881029
v -3.692166 0.608821 -0.870915
v -3.683137 0.608811 -0.881124
v -3.694388 0.625111 -0.870998
v -3.685677 0.627437 -0.881218
v -3.700750 0.640271 -0.871074
v -3.692952 0.644770 -0.881306
v -3.710819 0.653268 -0.871140
v -3.704465 0.659630 -0.881381
v -3.723909 0.663216 -0.871191
v -3.719432 0.671004 -0.881439
v -3.739128 0.669437 -0.871222
v -3.736832 0.678117 -0.881475
v -3.755439 0.671507 -0.871233
v -3.755481 0.680484 -0.881486
v -3.771729 0.669285 -0.871221
v -3.774107 0.677943 -0.881474
v -3.786890 0.662923 -0.871189
v -3.791440 0.670669 -0.881437
v -3.799887 0.652853 -0.871138
v -3.806301 0.659156 -0.881378
v -3.809834 0.639763 -0.871072
v -3.817675 0.644190 -0.881302
v -3.816056 0.624545 -0.870994
v -3.824788 0.626789 -0.881214
v -3.818126 0.608234 -0.870912
v -3.827155 0.608141 -0.881120
v -3.815904 0.591944 -0.870829
v -3.824614 0.589515 -0.881025
v -3.809541 0.576784 -0.870752
v -3.817339 0.572182 -0.880938
v -3.799472 0.563787 -0.870687
v -3.805826 0.557321 -0.880862
v -3.786382 0.553839 -0.870636
v -3.790860 0.545948 -0.880805
v -3.771163 0.547618 -0.870605
v -3.773459 0.538835 -0.880769
v -3.754853 0.545548 -0.870594
v -3.754811 0.536468 -0.880757
v -3.738562 0.547770 -0.870606
v -3.736185 0.539008 -0.880770
v -3.723402 0.554133 -0.870638
v -3.718851 0.546283 -0.880807
v -3.703991 0.557795 -0.880865
v -3.710405 0.564202 -0.870689
v -3.700457 0.577292 -0.870755
v -3.692616 0.572762 -0.880941
v -3.696353 0.550229 -0.880827
v -3.691880 0.545832 -0.873684
v -3.710258 0.531594 -0.873612
v -3.713432 0.536997 -0.880760
v -3.731696 0.522597 -0.873566
v -3.733354 0.528637 -0.880717
v -3.754731 0.519455 -0.873550
v -3.754761 0.525717 -0.880702
v -3.777795 0.522383 -0.873565
v -3.776194 0.528437 -0.880716
v -3.799316 0.531179 -0.873609
v -3.796192 0.536612 -0.880757
v -3.817826 0.545246 -0.873681
v -3.813394 0.549684 -0.880824
v -3.832065 0.563625 -0.873774
v -3.826626 0.566763 -0.880910
v -3.841061 0.585062 -0.873882
v -3.834986 0.586684 -0.881011
v -3.844203 0.608097 -0.873999
v -3.837905 0.608090 -0.881119
v -3.841276 0.631161 -0.874116
v -3.835186 0.629523 -0.881228
v -3.832479 0.652681 -0.874225
v -3.827011 0.649522 -0.881329
v -3.818412 0.671191 -0.874319
v -3.813938 0.666723 -0.881417
v -3.800034 0.685430 -0.874391
v -3.796859 0.679955 -0.881484
v -3.778596 0.694427 -0.874437
v -3.776937 0.688315 -0.881526
v -3.755560 0.697568 -0.874453
v -3.755531 0.691235 -0.881541
v -3.732497 0.694641 -0.874438
v -3.734098 0.688514 -0.881527
v -3.710976 0.685844 -0.874393
v -3.714100 0.680340 -0.881486
v -3.692466 0.671777 -0.874322
v -3.696898 0.667268 -0.881420
v -3.678227 0.653399 -0.874229
v -3.683666 0.650189 -0.881333
v -3.669230 0.631962 -0.874120
v -3.675306 0.630268 -0.881232
v -3.666088 0.608926 -0.874004
v -3.672385 0.608861 -0.881124
v -3.669015 0.585863 -0.873887
v -3.675106 0.587428 -0.881015
v -3.677812 0.564343 -0.873778
v -3.683281 0.567430 -0.880914
vn 0.9857 0.0870 -0.1446
vn 0.9150 0.0063 0.4034
vn -0.9766 -0.2150 0.0011
vn 1.0000 0.0047 -0.0000
vn -0.0047 0.9992 0.0387
vn 0.1978 0.9802 -0.0050
vn 0.8735 0.0016 -0.4869
vn -0.0665 -0.9970 -0.0386
vn 0.2338 -0.9723 0.0049
vn -0.1978 -0.9802 0.0050
vn 0.1833 0.9103 0.3713
vn -0.0000 0.0051 1.0000
vn -0.0047 1.0000 -0.0051
vn 0.6073 0.0069 0.7944
vn 0.2248 0.9744 -0.0049
vn 0.6073 -0.0012 -0.7945
vn -0.5810 0.8139 -0.0041
vn -0.0000 -0.0051 -1.0000
vn 0.0047 -1.0000 0.0051
vn 0.5810 -0.8139 0.0041
vn -0.9888 -0.0038 0.1493
vn 0.0036 -0.7630 0.6464
vn -0.4624 0.8862 0.0298
vn -0.9331 -0.0062 -0.3595
vn -0.4542 -0.8901 0.0388
vn -0.5700 -0.8216 0.0042
vn -0.9950 -0.0041 0.1002
vn -0.0043 0.9139 -0.4060
vn 0.0046 -0.9934 0.1149
vn 0.9019 0.1313 0.4115
vn 0.9489 0.0060 0.3155
vn -0.0044 0.9578 0.2874
vn 0.9360 0.0061 0.3521
vn -0.0044 0.9550 0.2965
vn 0.0046 -0.9908 0.1353
vn 0.0046 -0.9976 0.0686
vn 0.9950 0.0051 0.1001
vn -0.0046 0.9983 0.0585
vn -0.4104 0.9119 0.0054
vn 0.4103 -0.9118 0.0174
vn -0.0047 1.0000 -0.0060
vn 0.0047 -1.0000 0.0072
vn -0.9801 -0.0056 -0.1986
vn 0.0043 -0.9179 -0.3967
vn 0.9801 0.0036 -0.1987
vn 0.3521 -0.0031 -0.9360
vn -0.0043 0.9292 0.3695
vn -0.0036 0.7796 -0.6263
vn 0.0046 -0.9817 -0.1902
vn 0.9640 -0.0031 0.2660
vn -0.0045 0.9578 0.2874
vn 0.9231 0.0938 0.3730
vn -0.1709 0.2910 0.9413
vn 0.4786 -0.6378 -0.6035
vn 0.0046 -0.9900 -0.1411
vn -0.8164 0.5775 0.0084
vn -0.0011 0.2449 0.9696
vn 0.0046 -1.0000 0.0051
vn -0.9989 -0.0463 0.0002
vn 0.9993 -0.0370 0.0002
vn 0.0019 -0.4110 -0.9116
vn 0.0019 -0.4017 0.9157
vn -0.0007 0.1432 -0.9897
vn 0.7956 0.5845 -0.1591
vn 0.6681 0.4887 -0.5612
vn 0.8215 0.0009 -0.5702
vn 0.9993 -0.0017 -0.0372
vn 0.9858 0.0037 -0.1678
vn 0.5940 -0.7886 -0.1591
vn -1.0000 -0.0047 -0.0000
vn 0.2855 -0.2930 -0.9125
vn 0.4955 -0.8287 0.2601
vn 0.5212 -0.6938 -0.4970
vn -0.4520 -0.8919 -0.0128
vn 0.3872 -0.6743 0.6289
vn 0.9733 -0.1640 -0.1606
vn 0.3712 -0.4615 -0.8058
vn -0.2173 -0.9752 -0.0431
vn 0.5139 -0.8546 -0.0747
vn 0.2905 -0.5607 0.7754
vn -0.7944 -0.6048 0.0555
vn 0.8601 0.5001 -0.1005
vn -0.0047 0.9996 0.0278
vn -0.9534 0.3017 0.0099
vn 0.9655 0.2362 -0.1100
vn -0.0014 0.2970 -0.9549
vn -0.9605 -0.2783 0.0014
vn 0.9547 -0.2976 0.0015
vn -0.3694 0.9293 -0.0047
vn 0.9170 0.3988 -0.0020
vn 0.2738 0.6605 -0.6991
vn 0.2738 0.6676 0.6924
vn 0.3812 0.9245 -0.0047
vn 0.9245 -0.3812 0.0019
vn -0.9245 0.3812 -0.0019
vn 0.5116 0.0067 0.8592
vn -0.3561 -0.8618 0.3614
vn -0.5116 0.0020 0.8592
vn 0.0015 -0.3073 0.9516
vn 0.9581 0.0059 0.2864
vn 0.0010 -0.2140 -0.9768
vn -0.0027 0.5946 0.8040
vn 0.0044 -0.9483 0.3174
vn 0.6516 -0.0947 0.7526
vn -0.6506 -0.1007 0.7527
vn -0.0045 0.9663 0.2572
vn 0.0045 -0.9637 0.2670
vn -0.9581 -0.0030 0.2864
vn 0.0045 -0.9724 0.2333
vn -0.0011 0.2333 0.9724
vn 0.0011 -0.2333 -0.9724
vn 1.0000 0.0046 -0.0000
vn -0.9231 -0.0938 -0.3730
vn 0.0383 -0.0049 -0.9993
vn 0.8700 0.0065 0.4929
vn 0.4816 0.8530 -0.2012
vn 0.4099 -0.8483 -0.3353
vn 0.8549 0.0066 0.5188
vn -0.3626 0.0030 0.9319
vn 0.3626 -0.0030 -0.9319
vn -0.0035 0.7393 -0.6733
vn -0.0034 0.7393 -0.6733
vn -0.5228 0.6292 -0.5752
vn -0.0046 0.9816 -0.1909
vn -0.0013 0.2815 -0.9595
vn 0.5127 0.5884 -0.6252
vn 0.0046 -0.9976 -0.0692
vn -0.7676 -0.6377 -0.0638
vn -0.7818 0.6235 -0.0032
vn 0.7951 -0.5876 -0.1501
vn 0.0036 -0.7762 -0.6304
vn -0.4854 -0.8743 0.0044
vn 0.1084 -0.9941 0.0050
vn -0.1885 -0.9357 -0.2981
vn -0.1885 -0.9327 0.3076
vn 0.5189 -0.0019 -0.8549
vn -0.3486 0.9116 -0.2178
vn -0.8325 -0.2285 -0.5046
vn 0.0525 0.1099 0.9926
vn -0.7356 0.5049 -0.4516
vn -0.9789 0.0413 -0.2003
vn -0.5188 0.0019 0.8549
vn 0.5188 -0.0019 -0.8549
vn 0.9793 0.0056 0.2022
vn 0.9045 0.1517 0.3985
vn 0.8698 0.0065 0.4933
vn 0.9353 -0.1469 0.3219
vn 0.5031 0.7213 0.4760
vn -0.0690 0.9836 0.1664
vn 0.1288 -0.9366 -0.3260
vn -0.3521 0.0031 0.9360
vn -0.0882 -0.0055 -0.9961
vn 0.4284 0.0066 0.9036
vn -0.3936 -0.8632 -0.3162
vn -0.0040 0.8550 0.5186
vn -0.9437 -0.3308 0.0017
vn 0.9564 -0.2919 0.0015
vn 0.9592 0.2706 0.0826
vn -0.9315 0.3274 -0.1585
vn -0.0043 0.9193 -0.3935
vn -0.0025 0.5348 0.8450
vn 0.0001 0.0051 1.0000
vn -0.0000 0.0050 1.0000
vn -1.0000 -0.0046 -0.0000
vn 0.2776 -0.9246 0.2610
vn 0.1614 -0.9824 0.0938
vn -0.0118 -0.9925 0.1219
vn 0.1553 -0.9421 0.2972
vn 0.2689 0.9298 0.2515
vn 0.1465 0.9465 0.2876
vn -0.0210 0.9935 0.1118
vn 0.1522 0.9848 0.0838
vn 0.4756 0.8111 0.3405
vn 0.4310 0.8201 0.3764
vn 0.3935 0.8672 0.3051
vn 0.4486 0.8530 0.2668
vn 0.3999 0.8629 0.3089
vn 0.3305 0.8773 0.3480
vn 0.2526 0.9367 0.2425
vn 0.3453 0.9163 0.2029
vn 0.4832 -0.8030 0.3487
vn 0.4567 -0.8459 0.2755
vn 0.4016 -0.8603 0.3139
vn 0.4387 -0.8121 0.3847
vn 0.4081 -0.8559 0.3177
vn 0.3539 -0.9109 0.2122
vn 0.2614 -0.9317 0.2520
vn 0.3387 -0.8706 0.3569
vn 0.1876 -0.9633 0.1919
vn 0.2285 0.9583 0.1716
vn 0.4780 0.8279 0.2934
vn 0.3902 0.8858 0.2512
vn 0.4639 -0.8264 0.3193
vn 0.3672 -0.8882 0.2764
vn -0.5279 0.7840 -0.3265
vn -0.1223 0.2651 0.9564
vn 0.0249 -0.3037 -0.9524
vn 0.9149 -0.1832 0.3596
vn 0.8731 0.4144 0.2569
vn 0.0467 0.8383 -0.5432
vn 0.9194 -0.1302 0.3711
vn 0.9059 0.3000 0.2988
vn 0.4130 0.8155 -0.4055
vn -0.7131 -0.5526 -0.4315
vn 0.2836 0.8521 -0.4400
vn -0.7680 -0.4404 -0.4650
vn 0.2059 -0.4044 -0.8911
vn 0.1296 -0.3829 -0.9146
vn -0.0546 0.1946 0.9794
vn 0.0681 0.2134 0.9746
vn 0.9289 0.0863 0.3602
vn 0.0354 0.0617 0.9975
vn -0.8821 0.4638 -0.0823
vn 0.8481 0.3075 0.4315
vn 0.0036 -0.7763 -0.6304
vn 0.6509 0.7591 -0.0038
vn -0.0046 1.0000 -0.0051
vn -0.0045 0.9663 0.2573
vn 0.0008 -0.1674 -0.9859
vn 0.0046 -0.9908 0.1354
vn -0.0045 0.9550 0.2965
vn -0.7724 -0.0068 -0.6351
vn 0.7724 0.0004 -0.6351
vn 0.2944 0.7109 -0.6387
vn -0.1528 -0.7604 -0.6313
vn -0.3812 -0.9245 0.0047
vn 0.8709 0.0016 -0.4915
vn 0.9922 0.0053 0.1247
vn 0.6437 0.7651 0.0186
vn 0.6508 -0.7588 0.0263
vn 0.7746 0.0068 0.6324
vn 0.5940 0.8044 -0.0041
vn -0.6713 -0.0069 -0.7412
vn -0.7984 0.6019 0.0147
vn -0.7928 -0.6091 0.0208
vn 0.7928 0.6093 0.0146
vn 0.7984 -0.6017 0.0208
vn -0.0043 0.9322 0.3620
vn -0.0039 0.8251 -0.5650
vn 0.0039 -0.8308 -0.5566
vn 0.0043 -0.9284 0.3714
vn 0.9486 0.3164 -0.0016
vn -0.8917 -0.4526 0.0023
vn 0.0036 -0.7695 -0.6386
vn -0.0046 0.9859 -0.1675
vn 0.0046 -0.9897 -0.1432
vn -0.9992 -0.0101 0.0374
vn 0.0008 -0.1675 -0.9859
vn -0.9973 0.0079 0.0734
vn -0.9972 -0.0153 0.0739
vn 0.0007 -0.1432 0.9897
vn -0.9993 0.0016 0.0372
vn -0.0008 0.1675 0.9859
vn 0.9992 0.0101 -0.0374
vn 0.0041 -0.8891 0.4577
vn 0.0042 -0.8891 0.4577
vn 0.8073 0.5901 -0.0030
vn 0.9990 -0.0444 0.0002
vn -0.9990 0.0444 -0.0002
vn 0.0035 -0.7510 -0.6603
vn 0.0035 -0.7510 -0.6602
vn -0.6970 0.7171 -0.0036
vn -0.9987 -0.0510 0.0003
vn 0.9987 0.0510 -0.0003
vn 0.0044 -0.9516 -0.3073
vn -0.0015 0.3072 -0.9516
vn -0.9636 0.0781 -0.2558
vn 0.4802 0.7033 -0.5242
vn 0.4012 0.7033 -0.5869
vn 0.9688 0.2315 -0.0891
vn 0.7663 0.5522 0.3286
vn -0.4856 0.8740 0.0152
vn 0.2863 0.9544 -0.0843
vn 0.4399 0.8981 -0.0046
vn 0.7596 0.6400 -0.1161
vn 0.5293 0.8355 -0.1476
vn 0.4138 0.9101 -0.0207
vn -0.8378 0.2193 0.5000
vn 0.8817 -0.4700 -0.0421
vn -0.2864 0.7302 -0.6204
vn -0.6516 0.7582 -0.0254
vn 0.7057 0.7060 -0.0602
vn 0.6861 0.7247 -0.0635
vn 0.7027 0.7081 -0.0694
vn 0.7216 0.6892 -0.0661
vn -0.3960 0.1179 -0.9107
vn 0.7441 0.5264 0.4115
vn 0.8760 -0.4776 -0.0675
vn -0.4761 0.8787 0.0335
vn 0.7058 0.7059 -0.0600
vn 0.6799 0.7306 -0.0631
vn 0.7026 0.7081 -0.0697
vn 0.7273 0.6831 -0.0665
vn 0.8301 -0.5541 -0.0626
vn 0.6413 0.2559 0.7234
vn 0.7161 -0.6962 -0.0509
vn -0.6572 0.7521 0.0486
vn -0.0045 0.9747 0.2234
vn 0.0011 -0.2234 0.9747
vn -0.0011 0.2234 -0.9747
vn -0.0046 0.9960 -0.0889
vn -0.0040 0.8629 0.5054
vn -0.8597 -0.0014 0.5108
vn 0.8597 0.0066 0.5107
vn -0.0046 0.9937 0.1122
vn 0.0046 -0.9925 0.1222
vn 0.7042 0.7070 -0.0648
vn -0.5525 0.8326 0.0398
vn 0.4343 0.6845 -0.5855
vn 0.7312 0.4865 0.4782
vn -0.6894 -0.0069 -0.7243
vn 0.6894 -0.0005 -0.7244
vn -0.0035 0.7377 -0.6751
vn 0.0035 -0.7457 -0.6663
vn -0.9996 -0.0045 0.0294
vn 0.9996 0.0048 0.0294
vn 0.8670 0.0066 0.4983
vn 0.8948 0.0019 -0.4465
vn -0.8360 -0.0011 0.5488
vn -0.8668 -0.0066 -0.4986
vn 0.4019 0.9157 0.0054
vn -0.4018 -0.9156 0.0174
vn 0.8360 0.0067 0.5487
vn 0.8668 0.0015 -0.4987
vn 0.1409 0.9900 -0.0017
vn -0.1408 -0.9900 0.0114
vn -0.8948 -0.0064 -0.4465
vn -0.8670 -0.0015 0.4984
vn 0.1500 -0.9886 0.0114
vn -0.1501 0.9887 -0.0017
vn -0.9864 0.0778 -0.1445
vn -0.9150 -0.0022 0.4035
vn 0.9786 -0.2059 0.0010
vn -0.0046 0.9992 0.0387
vn -0.2069 0.9784 -0.0050
vn -0.8735 -0.0065 -0.4868
vn 0.0758 -0.9964 -0.0386
vn -0.2248 -0.9744 0.0049
vn 0.2069 -0.9784 0.0050
vn -0.1917 0.9085 0.3713
vn -0.6073 0.0012 0.7945
vn -0.2338 0.9723 -0.0049
vn -0.6073 -0.0069 -0.7944
vn 0.5734 0.8192 -0.0042
vn -0.5734 -0.8192 0.0042
vn 0.9888 0.0054 0.1493
vn 0.4542 0.8904 0.0297
vn 0.9331 0.0025 -0.3595
vn 0.4624 -0.8858 0.0387
vn 0.5776 -0.8163 0.0041
vn -0.9030 0.1229 0.4116
vn -0.9489 -0.0028 0.3155
vn -0.9360 -0.0026 0.3521
vn -0.3521 -0.0064 -0.9359
vn -0.9639 -0.0120 0.2660
vn -0.9239 0.0852 0.3730
vn 0.1682 0.2925 0.9413
vn -0.4727 -0.6422 -0.6034
vn 0.8109 0.5851 0.0084
vn 0.0019 -0.4017 0.9158
vn -0.8010 0.5771 -0.1591
vn -0.6726 0.4824 -0.5611
vn -0.8215 -0.0067 -0.5701
vn -0.9993 -0.0110 -0.0371
vn -0.9858 -0.0054 -0.1677
vn -0.5866 -0.7941 -0.1591
vn -0.2828 -0.2957 -0.9125
vn -0.4878 -0.8333 0.2601
vn -0.5148 -0.6986 -0.4969
vn 0.4603 -0.8877 -0.0129
vn -0.3808 -0.6778 0.6289
vn -0.9717 -0.1731 -0.1606
vn -0.3669 -0.4649 -0.8057
vn 0.2263 -0.9731 -0.0431
vn -0.5059 -0.8593 -0.0746
vn -0.2852 -0.5634 0.7754
vn 0.8000 -0.5974 0.0555
vn -0.8647 0.4921 -0.1005
vn 0.9505 0.3106 0.0098
vn -0.9676 0.2272 -0.1100
vn 0.9631 -0.2693 0.0014
vn -0.9519 -0.3064 0.0016
vn 0.3607 0.9327 -0.0047
vn -0.9207 0.3903 -0.0020
vn -0.2800 0.6579 -0.6991
vn -0.2800 0.6650 0.6924
vn -0.3898 0.9209 -0.0047
vn -0.9209 -0.3898 0.0020
vn 0.9209 0.3898 -0.0020
vn 0.3641 -0.8584 0.3613
vn 0.9239 -0.0852 -0.3730
vn -0.0383 -0.0052 -0.9993
vn -0.8700 -0.0016 0.4930
vn -0.4895 0.8485 -0.2012
vn -0.4020 -0.8520 -0.3353
vn -0.8549 -0.0014 0.5189
vn -0.8549 -0.0013 0.5189
vn 0.3626 0.0064 0.9319
vn -0.3626 -0.0064 -0.9319
vn 0.5169 0.6340 -0.5752
vn -0.5182 0.5836 -0.6252
vn 0.7735 -0.6306 -0.0638
vn 0.7760 0.6308 -0.0032
vn -0.7896 -0.5950 -0.1500
vn 0.4935 -0.8697 0.0044
vn -0.0992 -0.9951 0.0050
vn 0.1972 -0.9339 -0.2981
vn 0.1972 -0.9309 0.3076
vn -0.5189 -0.0067 -0.8548
vn 0.3401 0.9148 -0.2178
vn 0.8346 -0.2207 -0.5047
vn -0.0535 0.1094 0.9926
vn 0.7308 0.5117 -0.4517
vn 0.9784 0.0505 -0.2003
vn 0.5188 0.0067 0.8548
vn -0.5188 -0.0067 -0.8549
vn -0.5188 -0.0067 -0.8548
vn -0.9793 -0.0035 0.2023
vn -0.9059 0.1433 0.3985
vn -0.8698 -0.0015 0.4934
vn -0.9339 -0.1556 0.3220
vn -0.5098 0.7166 0.4760
vn 0.0599 0.9842 0.1664
vn -0.1200 -0.9377 -0.3259
vn 0.3521 0.0064 0.9359
vn 0.0881 -0.0046 -0.9961
vn -0.4283 0.0026 0.9036
vn 0.4016 -0.8595 -0.3163
vn 0.9467 -0.3220 0.0016
vn -0.9537 -0.3008 0.0015
vn -0.9616 0.2616 0.0826
vn 0.9284 0.3361 -0.1586
vn -0.2689 -0.9271 0.2610
vn -0.1522 -0.9839 0.0938
vn 0.0210 -0.9923 0.1219
vn -0.1465 -0.9435 0.2972
vn -0.2775 0.9272 0.2515
vn -0.1553 0.9451 0.2876
vn 0.0118 0.9937 0.1118
vn -0.1613 0.9833 0.0838
vn -0.4831 0.8066 0.3405
vn -0.4386 0.8161 0.3764
vn -0.4015 0.8635 0.3051
vn -0.4565 0.8488 0.2668
vn -0.4079 0.8592 0.3089
vn -0.3386 0.8742 0.3480
vn -0.2613 0.9343 0.2425
vn -0.3538 0.9130 0.2029
vn -0.4757 -0.8075 0.3488
vn -0.4488 -0.8501 0.2755
vn -0.3936 -0.8640 0.3139
vn -0.4311 -0.8162 0.3847
vn -0.4001 -0.8597 0.3177
vn -0.3454 -0.9141 0.2122
vn -0.2527 -0.9341 0.2521
vn -0.3306 -0.8737 0.3569
vn -0.1786 -0.9650 0.1919
vn -0.2374 0.9561 0.1716
vn -0.4857 0.8234 0.2934
vn -0.3984 0.8821 0.2512
vn -0.4562 -0.8306 0.3193
vn -0.3589 -0.8915 0.2764
vn 0.5205 0.7889 -0.3265
vn 0.1199 0.2662 0.9564
vn -0.0221 -0.3039 -0.9524
vn -0.9132 -0.1917 0.3597
vn -0.8769 0.4062 0.2569
vn -0.0546 0.8378 -0.5432
vn -0.9181 -0.1388 0.3712
vn -0.9086 0.2916 0.2989
vn -0.4206 0.8116 -0.4055
vn 0.7182 -0.5459 -0.4315
vn -0.2915 0.8494 -0.4400
vn 0.7720 -0.4333 -0.4651
vn -0.2021 -0.4063 -0.8911
vn -0.1261 -0.3841 -0.9146
vn 0.0528 0.1951 0.9794
vn -0.0700 0.2127 0.9746
vn -0.9296 0.0777 0.3602
vn -0.0359 0.0614 0.9975
vn 0.8778 0.4720 -0.0823
vn -0.8509 0.2996 0.4316
vn -0.6580 0.7530 -0.0038
vn -0.3011 0.7081 -0.6387
vn 0.1598 -0.7589 -0.6313
vn 0.3898 -0.9209 0.0047
vn -0.8709 -0.0065 -0.4915
vn -0.9922 -0.0040 0.1247
vn -0.6508 0.7590 0.0186
vn -0.6437 -0.7648 0.0264
vn -0.7746 -0.0004 0.6325
vn -0.6015 0.7989 -0.0040
vn 0.6713 -0.0006 -0.7412
vn -0.9515 0.3076 -0.0016
vn 0.8959 -0.4443 0.0022
vn 0.9993 -0.0008 0.0374
vn 0.9972 0.0171 0.0734
vn 0.9973 -0.0060 0.0738
vn 0.9992 0.0110 0.0371
vn -0.9993 0.0008 -0.0374
vn -0.0008 0.1674 0.9859
vn -0.8128 0.5825 -0.0029
vn -0.9986 -0.0537 0.0003
vn 0.9986 0.0537 -0.0003
vn 0.6903 0.7235 -0.0037
vn 0.9991 -0.0417 0.0002
vn -0.9991 0.0417 -0.0002
vn -1.0000 -0.0032 -0.0004
vn -0.0015 0.3073 -0.9516
vn 0.9628 0.0871 -0.2559
vn -0.4867 0.6988 -0.5242
vn -0.4078 0.6995 -0.5868
vn -0.9709 0.2225 -0.0890
vn -0.7713 0.5450 0.3286
vn 0.4775 0.8785 0.0152
vn -0.2952 0.9517 -0.0843
vn -0.4482 0.8939 -0.0045
vn -0.7655 0.6329 -0.1161
vn -0.5370 0.8306 -0.1476
vn -0.4223 0.9062 -0.0206
vn 0.8358 0.2271 0.4999
vn -0.8773 -0.4782 -0.0421
vn 0.2795 0.7328 -0.6204
vn 0.6445 0.7642 -0.0255
vn -0.7122 0.6994 -0.0602
vn -0.6928 0.7183 -0.0635
vn -0.7093 0.7015 -0.0694
vn -0.7280 0.6824 -0.0661
vn 0.3948 0.1216 -0.9107
vn -0.7489 0.5194 0.4115
vn -0.8715 -0.4857 -0.0675
vn 0.4679 0.8831 0.0334
vn -0.7123 0.6993 -0.0600
vn -0.6866 0.7243 -0.0630
vn -0.7092 0.7016 -0.0696
vn -0.7336 0.6763 -0.0665
vn -0.8249 -0.5618 -0.0625
vn -0.6436 0.2499 0.7234
vn -0.7096 -0.7028 -0.0508
vn 0.6502 0.7582 0.0486
vn 0.9784 0.0504 -0.2003
vn -0.7108 0.7004 -0.0648
vn 0.5447 0.8377 0.0398
vn -0.4407 0.6804 -0.5855
vn -0.7356 0.4797 0.4782
vn 0.8670 0.0065 0.4983
vn -0.0043 0.9332 0.3594
vn 0.7905 0.6124 -0.0031
vn 0.9221 0.3870 -0.0020
vn 0.9908 0.1351 -0.0007
vn 0.9920 -0.1259 0.0006
vn 0.9257 -0.3784 0.0019
vn 0.7962 -0.6051 0.0031
vn 0.6125 -0.7905 0.0040
vn 0.3870 -0.9221 0.0047
vn 0.1351 -0.9908 0.0050
vn -0.1259 -0.9920 0.0050
vn -0.3784 -0.9256 0.0047
vn -0.6051 -0.7962 0.0040
vn -0.7905 -0.6125 0.0031
vn -0.9221 -0.3870 0.0020
vn -0.9908 -0.1351 0.0007
vn -0.9920 0.1259 -0.0006
vn -0.9257 0.3783 -0.0019
vn -0.7962 0.6051 -0.0031
vn -0.6124 0.7905 -0.0040
vn -0.3870 0.9221 -0.0047
vn -0.1351 0.9908 -0.0050
vn 0.1259 0.9920 -0.0050
vn -0.8935 0.3666 0.2592
vn 0.3784 0.9256 -0.0047
vn 0.6051 0.7962 -0.0040
vn -0.9256 0.3784 -0.0019
vn -0.9217 0.1189 0.3692
vn 0.1216 0.9589 0.2562
vn 0.8936 -0.3639 0.2629
vn -0.1215 -0.9563 0.2659
vn -0.9565 -0.1291 0.2617
vn -0.3736 0.8914 0.2566
vn 0.9565 0.1318 0.2604
vn 0.3735 -0.8888 0.2656
vn 0.7631 0.5925 0.2581
vn -0.7631 -0.5899 0.2641
vn -0.7686 0.5854 0.2581
vn 0.3652 0.8949 0.2566
vn 0.7685 -0.5828 0.2640
vn -0.3653 -0.8922 0.2656
vn -0.9576 0.1229 0.2605
vn -0.1305 0.9578 0.2562
vn 0.9576 -0.1202 0.2617
vn 0.1305 -0.9551 0.2659
vn -0.8901 -0.3722 0.2630
vn -0.5912 0.7644 0.2572
vn 0.5841 0.7699 0.2572
vn 0.8901 0.3749 0.2592
vn 0.5912 -0.7618 0.2650
vn -0.5841 -0.7672 0.2650
vn 0.7845 -0.3180 0.5325
vn 0.1256 -0.9187 0.3744
vn 0.5621 0.7416 0.3660
vn 0.8567 0.3614 0.3680
vn -0.8600 0.3534 0.3680
vn -0.1170 -0.9198 0.3744
vn 0.9206 0.1274 0.3691
vn -0.7397 0.5641 0.3669
vn -0.3516 -0.8581 0.3741
vn 0.9217 -0.1151 0.3703
vn -0.5690 0.7364 0.3661
vn -0.5622 -0.7379 0.3735
vn 0.8600 -0.3497 0.3716
vn -0.3596 0.8586 0.3654
vn -0.7345 -0.5672 0.3727
vn 0.7397 -0.5603 0.3726
vn -0.1256 0.9225 0.3651
vn -0.8567 -0.3577 0.3716
vn 0.5690 -0.7326 0.3735
vn 0.1170 0.9236 0.3651
vn -0.9206 -0.1237 0.3704
vn 0.3595 -0.8548 0.3741
vn 0.3516 0.8619 0.3654
vn 0.7345 0.5709 0.3669
vn 0.0697 -0.5074 0.8589
vn -0.3280 0.7841 0.5269
vn -0.6699 -0.5164 0.5335
vn 0.6747 -0.5101 0.5334
vn -0.1145 0.8424 0.5266
vn -0.7815 -0.3252 0.5325
vn 0.5190 -0.6672 0.5342
vn 0.1067 0.8434 0.5266
vn -0.8397 -0.1118 0.5314
vn 0.3280 -0.7787 0.5348
vn 0.3207 0.7872 0.5268
vn 0.6699 0.5217 0.5282
vn -0.8407 0.1094 0.5303
vn 0.1145 -0.8370 0.5351
vn 0.5128 0.6774 0.5274
vn 0.7814 0.3306 0.5292
vn -0.7845 0.3233 0.5292
vn -0.1067 -0.8380 0.5351
vn 0.8397 0.1172 0.5303
vn -0.6747 0.5155 0.5282
vn -0.3207 -0.7817 0.5348
vn 0.8407 -0.1040 0.5314
vn -0.5190 0.6726 0.5274
vn -0.5127 -0.6721 0.5343
vn 0.3125 0.4155 0.8542
vn 0.4762 0.2042 0.8553
vn -0.4781 0.1998 0.8553
vn -0.0650 -0.5080 0.8589
vn 0.5117 0.0741 0.8559
vn -0.4112 0.3169 0.8547
vn -0.1954 -0.4737 0.8587
vn 0.5124 -0.0607 0.8566
vn -0.3163 0.4126 0.8542
vn -0.3125 -0.4069 0.8584
vn 0.4781 -0.1911 0.8573
vn -0.1999 0.4805 0.8539
vn -0.4083 -0.3119 0.8579
vn 0.4112 -0.3081 0.8579
vn -0.0698 0.5161 0.8537
vn -0.4762 -0.1955 0.8573
vn 0.3163 -0.4039 0.8584
vn 0.0650 0.5167 0.8537
vn -0.5117 -0.0655 0.8567
vn 0.1999 -0.4719 0.8587
vn 0.1954 0.4824 0.8539
vn 0.4083 0.3207 0.8547
vn -0.5123 0.0694 0.8560
vn -0.6125 0.7905 -0.0040
vn 0.6124 -0.7905 0.0040
vn -0.1352 0.9908 -0.0050
vn 0.7962 -0.6050 0.0031
vn -0.7905 -0.6124 0.0031
vn 0.9256 -0.3784 0.0019
vn -0.9257 0.3784 -0.0019
vn -0.9221 -0.3869 0.0020
vn -0.6939 -0.5352 0.4817
vn 0.6939 0.5352 -0.4817
vn 0.6989 -0.5287 0.4817
vn -0.8209 -0.5710 0.0029
vn 0.5376 -0.6915 0.4825
vn 0.5376 -0.6964 -0.4755
vn 0.8262 -0.5634 0.0029
vn -0.5710 0.8209 -0.0042
vn -0.0000 -0.0050 -1.0000
vn 0.5311 0.6965 -0.4825
vn 0.5710 -0.8209 0.0042
vn -0.5312 -0.6964 0.4826
vn 0.5634 0.8262 -0.0042
vn -0.5376 0.6963 0.4755
vn -0.6989 0.5287 -0.4817
vn 0.8209 0.5710 -0.0029
vn -0.6989 0.5335 0.4763
vn -0.8262 0.5634 -0.0029
vn -0.5376 0.6915 -0.4825
vn -0.5311 -0.7013 -0.4755
vn 0.5312 0.7013 0.4755
vn -0.5634 -0.8262 0.0042
vn -0.6939 -0.5401 -0.4763
vn 0.6939 0.5401 0.4763
vn 0.6989 -0.5335 -0.4763
vn 0.6050 0.7962 -0.0040
vn -0.9908 -0.1352 0.0007
vn -0.7962 0.6050 -0.0031
vn -0.4549 -0.6020 -0.6562
vn -0.2845 -0.6993 -0.6558
vn -0.0947 -0.7492 -0.6555
vn 0.1016 -0.7483 -0.6555
vn 0.2910 -0.6966 -0.6558
vn 0.4605 -0.5977 -0.6563
vn 0.5986 -0.4583 -0.6570
vn 0.6959 -0.2879 -0.6579
vn 0.7459 -0.0980 -0.6588
vn 0.7450 0.0983 -0.6598
vn 0.6933 0.2876 -0.6608
vn 0.5944 0.4571 -0.6616
vn 0.4550 0.5953 -0.6623
vn 0.2845 0.6926 -0.6628
vn 0.0947 0.7426 -0.6630
vn -0.1016 0.7416 -0.6631
vn -0.2910 0.6900 -0.6628
vn -0.4605 0.5910 -0.6623
vn -0.5986 0.4516 -0.6616
vn -0.6960 0.2811 -0.6607
vn -0.7459 0.0913 -0.6597
vn -0.7450 -0.1049 -0.6588
vn -0.6933 -0.2943 -0.6578
vn -0.5944 -0.4638 -0.6570
vn 0.6959 -0.2878 -0.6579
vn 0.5986 -0.4582 -0.6570
vn -0.4549 -0.6019 -0.6563
vn -0.5943 -0.4638 -0.6570
vn -0.6933 -0.2943 -0.6579
vn -0.7459 0.0913 -0.6598
vn -0.6960 0.2811 -0.6608
vn -0.2909 0.6899 -0.6628
vn 0.0947 0.7425 -0.6631
vn 0.2845 0.6926 -0.6629
vn 0.4549 0.5953 -0.6623
vn 0.7905 0.6125 -0.0031
vn 0.9221 0.3869 -0.0020
vn 0.9908 0.1352 -0.0007
vn 0.9920 -0.1260 0.0006
vn 0.9257 -0.3783 0.0019
vn 0.8935 -0.3639 0.2629
vn -0.8935 0.3666 0.2593
vn 0.1215 0.9589 0.2562
vn 0.7686 -0.5827 0.2641
vn 0.3736 -0.8888 0.2656
vn -0.3206 -0.7818 0.5348
vn 0.7398 -0.5602 0.3726
vn 0.3596 -0.8548 0.3741
vn 0.3515 0.8619 0.3654
vn 0.5622 0.7416 0.3660
vn -0.7397 0.5640 0.3669
vn -0.3516 -0.8582 0.3741
vn -0.7345 -0.5671 0.3726
vn 0.9217 -0.1151 0.3704
vn -0.1256 0.9224 0.3651
vn 0.7815 0.3306 0.5292
vn -0.5128 -0.6720 0.5343
vn 0.8397 0.1173 0.5303
vn -0.3279 0.7841 0.5269
vn -0.6699 -0.5163 0.5335
vn -0.7814 -0.3253 0.5325
vn -0.8397 -0.1119 0.5314
vn 0.6748 -0.5100 0.5334
vn 0.3279 -0.7787 0.5348
vn 0.4112 -0.3082 0.8579
vn 0.1998 -0.4719 0.8587
vn 0.0698 -0.5074 0.8589
vn -0.4780 0.1998 0.8553
vn 0.4083 0.3206 0.8547
vn -0.4112 0.3168 0.8547
vn -0.3125 -0.4068 0.8584
vn 0.5117 0.0742 0.8559
vn -0.1998 0.4805 0.8539
vn -0.4083 -0.3120 0.8579
vn 0.5123 -0.0607 0.8566
vn -0.0698 0.5160 0.8537
vn -0.4762 -0.1956 0.8573
vn 0.4781 -0.1910 0.8573
vn 0.3163 -0.4038 0.8584
vn -0.6050 -0.7962 0.0040
vn -0.5311 -0.6965 0.4825
vn -0.9920 0.1260 -0.0006
vn -0.6939 -0.5400 -0.4763
vn 0.6124 -0.7906 0.0040
vn 0.6989 -0.5336 -0.4763
vn -0.6989 0.5336 0.4763
vn 0.6939 0.5400 0.4763
vn 0.5311 0.6964 -0.4825
vn 0.5311 0.7013 0.4755
vn -0.5943 -0.4639 -0.6569
vn -0.4550 -0.6019 -0.6563
vn 0.6960 -0.2878 -0.6579
vn 0.7450 0.0982 -0.6598
vn 0.5943 0.4572 -0.6616
vn 0.4549 0.5953 -0.6624
vn 0.0946 0.7425 -0.6631
vn -0.2909 0.6900 -0.6628
vn -0.4550 -0.6020 -0.6562
vn -0.5944 -0.4638 -0.6569
vn -0.2910 0.6899 -0.6628
vn -0.1016 0.7417 -0.6630
vn 0.4549 0.5952 -0.6624
vn 0.5944 0.4571 -0.6617
vn 0.6933 0.2876 -0.6607
vn 0.6960 -0.2878 -0.6578
vn -0.1216 -0.9563 0.2659
vn 0.9565 0.1317 0.2604
vn -0.9565 -0.1291 0.2618
vn -0.3735 0.8914 0.2566
vn 0.7686 -0.5828 0.2640
vn -0.3652 -0.8922 0.2656
vn 0.3653 0.8948 0.2566
vn -0.1304 0.9578 0.2563
vn 0.5912 -0.7617 0.2650
vn 0.5840 0.7699 0.2572
vn -0.9217 0.1188 0.3692
vn -0.8600 0.3535 0.3680
vn -0.5690 0.7363 0.3661
vn -0.1170 -0.9198 0.3745
vn -0.3595 0.8586 0.3654
vn -0.7345 -0.5671 0.3727
vn 0.1146 -0.8370 0.5351
vn 0.7814 0.3307 0.5292
vn -0.5191 0.6726 0.5274
vn 0.8397 0.1172 0.5302
vn 0.7845 -0.3180 0.5324
vn 0.3207 0.7871 0.5269
vn 0.5190 -0.6673 0.5342
vn -0.5124 0.0694 0.8560
vn 0.3163 -0.4040 0.8584
vn 0.3125 0.4156 0.8542
vn 0.1999 -0.4718 0.8587
vn -0.1998 0.4806 0.8539
vn -0.4082 -0.3120 0.8579
vn 0.1352 -0.9908 0.0050
vn 0.3783 0.9257 -0.0047
vn 0.1260 0.9920 -0.0050
vn -0.5376 0.6964 0.4755
vn 0.7961 -0.6051 0.0031
vn 0.7906 0.6123 -0.0031
vn -0.6124 0.7906 -0.0040
vn 0.5376 -0.6963 -0.4755
vn 0.6940 0.5351 -0.4817
vn -0.7459 0.0914 -0.6598
vn -0.7450 -0.1050 -0.6588
vn -0.7449 -0.1050 -0.6588
vn -0.6960 0.2812 -0.6607
vn 0.7449 0.0983 -0.6598
vn 0.4605 -0.5977 -0.6562
vn 0.2909 -0.6966 -0.6558
vn -0.4549 -0.6020 -0.6563
vn -0.1215 -0.9563 0.2660
vn 0.7686 -0.5828 0.2641
vn 0.8901 0.3748 0.2592
vn -0.5622 -0.7378 0.3736
vn 0.7398 -0.5603 0.3726
vn 0.3595 -0.8549 0.3741
vn -0.5691 0.7363 0.3660
vn -0.0697 0.5161 0.8537
vn 0.3280 -0.7788 0.5348
vn -0.6699 -0.5164 0.5334
vn -0.5128 -0.6720 0.5342
vn -0.7814 -0.3252 0.5325
vn 0.7845 -0.3179 0.5325
vn 0.6747 -0.5101 0.5335
vn 0.3206 0.7872 0.5268
vn -0.5117 -0.0655 0.8566
vn 0.4082 0.3207 0.8547
vn -0.7961 0.6051 -0.0031
vn -0.3869 0.9221 -0.0047
vn -0.0001 -0.0051 -1.0000
vn -0.5311 -0.7013 -0.4754
vn 0.0947 0.7426 -0.6631
vn -0.7450 -0.1050 -0.6587
vn 0.6960 -0.2879 -0.6579
vn 0.7459 -0.0980 -0.6589
vn 0.5943 0.4571 -0.6617
vn 0.3653 0.8949 0.2566
vn -0.1304 0.9578 0.2562
vn 0.1304 -0.9551 0.2659
vn 0.1256 -0.9187 0.3745
vn 0.9206 0.1275 0.3691
vn -0.3515 -0.8582 0.3741
vn -0.5622 -0.7378 0.3735
vn -0.1255 0.9225 0.3651
vn 0.5691 -0.7326 0.3735
vn 0.6748 -0.5101 0.5334
vn 0.3207 0.7872 0.5269
vn 0.7815 0.3307 0.5291
vn -0.7845 0.3234 0.5292
vn 0.8397 0.1173 0.5302
vn -0.6747 0.5154 0.5283
vn -0.4781 0.1997 0.8553
vn 0.5117 0.0741 0.8560
vn -0.5117 -0.0656 0.8567
vn -0.5123 0.0695 0.8560
vn 0.6939 0.5351 -0.4817
vn 0.6051 0.7961 -0.0040
vn 0.1016 -0.7483 -0.6556
vn -0.5944 -0.4639 -0.6569
vn -0.0947 -0.7493 -0.6555
vn -0.2845 -0.6993 -0.6557
vn 0.9576 -0.1203 0.2617
vn 0.7686 -0.5827 0.2640
vn -0.7685 0.5854 0.2582
vn -0.3207 -0.7818 0.5348
vn 0.9206 0.1274 0.3692
vn 0.8601 -0.3497 0.3716
vn -0.5124 0.0693 0.8560
vn 0.0699 -0.5074 0.8589
vn -0.0651 -0.5080 0.8589
vn 0.0651 0.5167 0.8537
vn -0.6940 -0.5400 -0.4763
vn 0.2910 -0.6967 -0.6558
vn 0.5986 -0.4582 -0.6571
vn 0.6933 0.2877 -0.6608
vn 0.2845 0.6927 -0.6628
vn 0.5944 0.4572 -0.6616
vt 0.757526 0.222838
vt 0.757526 0.360066
vt 0.743930 0.332826
vt 0.743930 0.250403
vt 0.500205 0.462479
vt 0.551475 0.457877
vt 0.550442 0.482285
vt 0.517933 0.485204
vt 0.583859 0.972300
vt 0.583859 0.989223
vt 0.581451 0.992345
vt 0.581451 0.975422
vt 0.485523 0.751929
vt 0.485523 0.726172
vt 0.486431 0.726161
vt 0.486431 0.751918
vt 0.059997 0.015352
vt 0.070986 0.015240
vt 0.072378 0.090845
vt 0.055662 0.091014
vt 0.959172 0.922045
vt 0.959172 0.965488
vt 0.954752 0.965218
vt 0.954752 0.921774
vt 0.883834 0.633413
vt 0.898989 0.632266
vt 0.898989 0.682869
vt 0.881770 0.684171
vt 0.575742 0.490912
vt 0.575742 0.626747
vt 0.552655 0.569895
vt 0.562887 0.509022
vt 0.392821 0.556691
vt 0.392821 0.491630
vt 0.404970 0.501139
vt 0.404970 0.546765
vt 0.544994 0.523380
vt 0.539799 0.554287
vt 0.511505 0.550994
vt 0.516700 0.520086
vt 0.963324 0.407584
vt 0.963324 0.362128
vt 0.967099 0.368320
vt 0.967099 0.401936
vt 0.969252 0.632266
vt 0.969252 0.668456
vt 0.965489 0.668456
vt 0.965489 0.632266
vt 0.608955 0.390931
vt 0.566081 0.390931
vt 0.566194 0.379057
vt 0.609068 0.379057
vt 0.915736 0.602272
vt 0.915736 0.622330
vt 0.902624 0.619045
vt 0.902624 0.604979
vt 0.618320 0.474977
vt 0.557183 0.474977
vt 0.565403 0.462175
vt 0.608277 0.462175
vt 0.786791 0.485204
vt 0.786791 0.465136
vt 0.801512 0.468104
vt 0.801512 0.482177
vt 0.412774 0.855583
vt 0.412774 0.809927
vt 0.441928 0.809919
vt 0.441928 0.855575
vt 0.679734 0.073261
vt 0.693629 0.075446
vt 0.691783 0.087180
vt 0.677888 0.084995
vt 0.672761 0.450896
vt 0.716044 0.450261
vt 0.716044 0.462128
vt 0.672761 0.462763
vt 0.961778 0.261051
vt 0.965813 0.261051
vt 0.965813 0.265963
vt 0.961778 0.265963
vt 0.197491 0.834614
vt 0.197491 0.877903
vt 0.172022 0.877529
vt 0.172022 0.834241
vt 0.704702 0.113313
vt 0.690807 0.111128
vt 0.833595 0.217122
vt 0.833595 0.171497
vt 0.862751 0.171504
vt 0.862751 0.217130
vt 0.659254 0.054175
vt 0.645352 0.056363
vt 0.658277 0.030228
vt 0.672179 0.028040
vt 0.894165 0.844568
vt 0.880103 0.844549
vt 0.878631 0.783746
vt 0.894165 0.783766
vt 0.654314 0.005042
vt 0.668216 0.002854
vt 0.149253 0.835364
vt 0.149253 0.878239
vt 0.123767 0.877996
vt 0.123767 0.835122
vt 0.700741 0.138499
vt 0.686846 0.136314
vt 0.727196 0.094339
vt 0.721762 0.094339
vt 0.732401 0.065024
vt 0.734333 0.065024
vt 0.731501 0.741489
vt 0.731501 0.695833
vt 0.739696 0.632266
vt 0.743760 0.766373
vt 0.311811 0.903050
vt 0.311811 0.888977
vt 0.338236 0.881350
vt 0.338236 0.910755
vt 0.763235 0.293323
vt 0.763235 0.247660
vt 0.775075 0.222838
vt 0.769474 0.356899
vt 0.558176 0.193996
vt 0.496515 0.128972
vt 0.515651 0.002854
vt 0.558176 0.047699
vt 0.175803 0.906931
vt 0.193331 0.906931
vt 0.197113 0.911448
vt 0.172022 0.911448
vt 0.700737 0.482722
vt 0.689605 0.482722
vt 0.690351 0.468472
vt 0.699545 0.468472
vt 0.526752 0.947624
vt 0.526752 0.966230
vt 0.519916 0.964736
vt 0.519916 0.948698
vt 0.175803 0.888128
vt 0.172022 0.883611
vt 0.193331 0.888128
vt 0.197113 0.883611
vt 0.590706 0.678932
vt 0.581451 0.678932
vt 0.587433 0.662885
vt 0.594866 0.662885
vt 0.987320 0.330023
vt 0.987320 0.355594
vt 0.986693 0.353372
vt 0.984371 0.331392
vt 0.929617 0.245487
vt 0.929617 0.221579
vt 0.934145 0.220629
vt 0.934145 0.244536
vt 0.539299 0.234609
vt 0.526640 0.235745
vt 0.529145 0.223521
vt 0.536752 0.222838
vt 0.082920 0.296970
vt 0.093995 0.296857
vt 0.094192 0.313899
vt 0.085298 0.313990
vt 0.551475 0.292697
vt 0.514495 0.296016
vt 0.517934 0.278222
vt 0.548150 0.275510
vt 0.904813 0.479885
vt 0.904813 0.480786
vt 0.902725 0.480806
vt 0.902725 0.479905
vt 0.091376 0.355220
vt 0.094661 0.355186
vt 0.094795 0.367068
vt 0.093125 0.367085
vt 0.605623 0.623879
vt 0.600192 0.623879
vt 0.603864 0.612654
vt 0.608719 0.612654
vt 0.053513 0.917408
vt 0.042372 0.917408
vt 0.040169 0.913242
vt 0.055716 0.913242
vt 0.042372 0.937293
vt 0.053513 0.937293
vt 0.055716 0.941459
vt 0.040169 0.941459
vt 0.844559 0.605854
vt 0.844559 0.625719
vt 0.829804 0.624358
vt 0.829804 0.607558
vt 0.683896 0.483466
vt 0.672761 0.483466
vt 0.673632 0.468472
vt 0.682828 0.468472
vt 0.581451 0.942277
vt 0.581451 0.922400
vt 0.596094 0.923820
vt 0.596094 0.940631
vt 0.947134 0.432233
vt 0.947134 0.362128
vt 0.949939 0.366381
vt 0.949939 0.427966
vt 0.719112 0.944768
vt 0.719112 0.874685
vt 0.721927 0.878930
vt 0.721927 0.940497
vt 0.793013 0.454461
vt 0.764806 0.454461
vt 0.761724 0.379057
vt 0.794656 0.379057
vt 0.079354 0.761440
vt 0.051164 0.761440
vt 0.047693 0.685233
vt 0.080605 0.685233
vt 0.969563 0.413293
vt 0.969563 0.430829
vt 0.963324 0.428002
vt 0.963324 0.416077
vt 0.047008 0.947168
vt 0.047008 0.965971
vt 0.040169 0.964673
vt 0.040169 0.948465
vt 0.262985 0.978041
vt 0.262985 0.960504
vt 0.269198 0.963319
vt 0.269198 0.975245
vt 0.544144 0.368524
vt 0.492874 0.373126
vt 0.498144 0.354333
vt 0.545930 0.350044
vt 0.602846 0.974392
vt 0.602846 0.992474
vt 0.600693 0.992499
vt 0.600693 0.974418
vt 0.072838 0.221436
vt 0.093288 0.221228
vt 0.093461 0.239660
vt 0.075295 0.239844
vt 0.710299 0.924472
vt 0.710299 0.913747
vt 0.712195 0.915108
vt 0.712195 0.925153
vt 0.377967 0.662561
vt 0.377967 0.679668
vt 0.362077 0.673234
vt 0.362077 0.658039
vt 0.312767 0.653270
vt 0.312767 0.644006
vt 0.763337 0.002854
vt 0.760098 0.058583
vt 0.744309 0.057689
vt 0.753343 0.006301
vt 0.377967 0.642546
vt 0.362077 0.640260
vt 0.042334 0.240179
vt 0.057523 0.240025
vt 0.072085 0.297080
vt 0.062824 0.297174
vt 0.035730 0.221812
vt 0.052831 0.221639
vt 0.608835 0.623879
vt 0.610352 0.612654
vt 0.082728 0.355308
vt 0.088162 0.355252
vt 0.091491 0.367102
vt 0.086633 0.367151
vt 0.905738 0.360034
vt 0.905738 0.364704
vt 0.903617 0.364725
vt 0.903617 0.360055
vt 0.076597 0.314078
vt 0.069160 0.314154
vt 0.448189 0.906252
vt 0.448189 0.928733
vt 0.442864 0.928787
vt 0.442864 0.906306
vt 0.601535 0.678932
vt 0.603562 0.662885
vt 0.306490 0.666469
vt 0.306490 0.698931
vt 0.303149 0.699120
vt 0.303149 0.666658
vt 0.378405 0.228153
vt 0.389171 0.252935
vt 0.359767 0.256959
vt 0.354121 0.243963
vt 0.306415 0.013526
vt 0.321930 0.013526
vt 0.336352 0.103812
vt 0.314697 0.103812
vt 0.959077 0.490912
vt 0.959077 0.549309
vt 0.956896 0.547565
vt 0.956812 0.491520
vt 0.072315 0.889140
vt 0.072315 0.907313
vt 0.069624 0.907313
vt 0.069624 0.889843
vt 0.961778 0.220629
vt 0.965813 0.220629
vt 0.965813 0.225541
vt 0.961778 0.225541
vt 0.965813 0.232643
vt 0.961778 0.232643
vt 0.965813 0.239745
vt 0.961778 0.239745
vt 0.965813 0.246847
vt 0.961778 0.246847
vt 0.965813 0.253949
vt 0.961778 0.253949
vt 0.672761 0.379691
vt 0.716044 0.379057
vt 0.716044 0.390924
vt 0.672761 0.391559
vt 0.672761 0.403426
vt 0.716044 0.402792
vt 0.716044 0.414659
vt 0.672761 0.415293
vt 0.672761 0.427161
vt 0.716044 0.426526
vt 0.716044 0.438394
vt 0.672761 0.439028
vt 0.690807 0.002854
vt 0.704702 0.005040
vt 0.702857 0.016774
vt 0.688961 0.014589
vt 0.701011 0.028508
vt 0.687116 0.026323
vt 0.699166 0.040243
vt 0.685270 0.038057
vt 0.697320 0.051977
vt 0.683425 0.049792
vt 0.695475 0.063712
vt 0.681579 0.061526
vt 0.565516 0.450302
vt 0.608390 0.450302
vt 0.565629 0.438427
vt 0.608503 0.438427
vt 0.565742 0.426553
vt 0.608616 0.426553
vt 0.565855 0.414679
vt 0.608729 0.414679
vt 0.565968 0.402805
vt 0.608842 0.402805
vt 0.712072 0.446131
vt 0.712072 0.442640
vt 0.712072 0.422397
vt 0.712072 0.418905
vt 0.712072 0.398662
vt 0.712072 0.395170
vt 0.676733 0.443158
vt 0.676733 0.446650
vt 0.676733 0.419423
vt 0.676733 0.422915
vt 0.676733 0.395688
vt 0.676733 0.399180
vt 0.936753 0.573428
vt 0.936753 0.606574
vt 0.922589 0.600397
vt 0.922589 0.578483
vt 0.936806 0.490912
vt 0.936806 0.526462
vt 0.922589 0.520476
vt 0.922589 0.496973
vt 0.451163 0.216915
vt 0.447668 0.216915
vt 0.448260 0.202918
vt 0.450571 0.202918
vt 0.424125 0.992024
vt 0.424125 0.968659
vt 0.426433 0.968693
vt 0.426433 0.992058
vt 0.376046 0.969168
vt 0.376046 0.992534
vt 0.373738 0.992500
vt 0.373738 0.969134
vt 0.730131 0.969516
vt 0.730131 0.992881
vt 0.727823 0.992847
vt 0.727823 0.969482
vt 0.971799 0.755759
vt 0.968303 0.755759
vt 0.968896 0.741548
vt 0.971206 0.741548
vt 0.741987 0.906196
vt 0.741987 0.939342
vt 0.727823 0.933165
vt 0.727823 0.911251
vt 0.478775 0.216915
vt 0.475279 0.216915
vt 0.475872 0.202918
vt 0.478182 0.202918
vt 0.892847 0.900279
vt 0.892847 0.935828
vt 0.878631 0.929842
vt 0.878631 0.906340
vt 0.470952 0.992660
vt 0.467457 0.992660
vt 0.468049 0.978448
vt 0.470360 0.978448
vt 0.936259 0.850276
vt 0.936259 0.885826
vt 0.922043 0.879840
vt 0.922043 0.856337
vt 0.469571 0.216915
vt 0.466076 0.216915
vt 0.466668 0.202918
vt 0.468979 0.202918
vt 0.387901 0.905849
vt 0.387901 0.938995
vt 0.373738 0.932817
vt 0.373738 0.910904
vt 0.926085 0.626495
vt 0.922590 0.626495
vt 0.923182 0.612283
vt 0.925493 0.612283
vt 0.993727 0.699650
vt 0.993727 0.721209
vt 0.992691 0.721209
vt 0.992691 0.699650
vt 0.366015 0.880399
vt 0.343945 0.880399
vt 0.347591 0.831980
vt 0.361286 0.831980
vt 0.236771 0.644319
vt 0.267956 0.626269
vt 0.277205 0.652647
vt 0.260851 0.662113
vt 0.297440 0.620899
vt 0.292668 0.649831
vt 0.541455 0.741838
vt 0.568286 0.741838
vt 0.557223 0.749903
vt 0.547475 0.749903
vt 0.707779 0.983268
vt 0.707779 0.962876
vt 0.712195 0.962832
vt 0.712195 0.983224
vt 0.972807 0.407081
vt 0.972807 0.362128
vt 0.973847 0.362157
vt 0.973847 0.407110
vt 0.297440 0.699604
vt 0.287845 0.701352
vt 0.890351 0.002854
vt 0.906563 0.002854
vt 0.905394 0.054621
vt 0.895334 0.054621
vt 0.544675 0.716751
vt 0.544675 0.738617
vt 0.541455 0.716787
vt 0.565066 0.694401
vt 0.544675 0.694401
vt 0.541455 0.691179
vt 0.568286 0.691179
vt 0.565066 0.716751
vt 0.568286 0.716787
vt 0.565066 0.738617
vt 0.882748 0.967336
vt 0.882748 0.987722
vt 0.878631 0.987806
vt 0.878631 0.967421
vt 0.958204 0.721559
vt 0.958204 0.699715
vt 0.962595 0.699650
vt 0.962595 0.721495
vt 0.965605 0.153461
vt 0.965605 0.175804
vt 0.961256 0.175845
vt 0.961256 0.153502
vt 0.953558 0.004016
vt 0.959288 0.002854
vt 0.959288 0.048858
vt 0.957708 0.048949
vt 0.123767 0.727739
vt 0.159411 0.720956
vt 0.160064 0.752160
vt 0.138655 0.756234
vt 0.409751 0.222839
vt 0.416217 0.237723
vt 0.828295 0.778037
vt 0.828295 0.632266
vt 0.840518 0.661388
vt 0.840518 0.748942
vt 0.865783 0.859046
vt 0.872859 0.861907
vt 0.872922 0.872022
vt 0.855915 0.864294
vt 0.734535 0.325793
vt 0.734664 0.255647
vt 0.419910 0.223634
vt 0.422191 0.227843
vt 0.872922 0.790358
vt 0.864170 0.783746
vt 0.828276 0.462379
vt 0.829848 0.462571
vt 0.829848 0.485107
vt 0.828099 0.484958
vt 0.132368 0.955504
vt 0.123767 0.955504
vt 0.130188 0.917492
vt 0.131963 0.917492
vt 0.455654 0.643960
vt 0.455654 0.718581
vt 0.412774 0.693045
vt 0.413655 0.670377
vt 0.741721 0.144211
vt 0.741721 0.215077
vt 0.700291 0.192832
vt 0.699040 0.171530
vt 0.055425 0.128652
vt 0.078791 0.128414
vt 0.092217 0.140809
vt 0.054762 0.141190
vt 0.076689 0.016113
vt 0.089645 0.003450
vt 0.059723 0.016285
vt 0.043126 0.016454
vt 0.031037 0.004045
vt 0.060019 0.003751
vt 0.032565 0.128884
vt 0.018121 0.141562
vt 0.804759 0.568778
vt 0.803891 0.498156
vt 0.824095 0.490912
vt 0.824095 0.596158
vt 0.055510 0.124202
vt 0.037972 0.124380
vt 0.037897 0.120579
vt 0.055435 0.120401
vt 0.984929 0.084853
vt 0.984929 0.070911
vt 0.987395 0.070888
vt 0.987395 0.084830
vt 0.802873 0.739610
vt 0.803678 0.664907
vt 0.822587 0.632266
vt 0.822587 0.741546
vt 0.543626 0.903451
vt 0.543626 0.917095
vt 0.541455 0.920044
vt 0.541455 0.903440
vt 0.559138 0.903647
vt 0.559138 0.894372
vt 0.561308 0.892698
vt 0.561308 0.903691
vt 0.543626 0.889505
vt 0.541455 0.886468
vt 0.559138 0.912721
vt 0.561308 0.914445
vt 0.809031 0.979578
vt 0.809031 0.995369
vt 0.806537 0.994545
vt 0.806537 0.978754
vt 0.227004 0.982692
vt 0.227004 0.973627
vt 0.229493 0.973591
vt 0.229493 0.982656
vt 0.996254 0.461038
vt 0.996254 0.476907
vt 0.993806 0.477432
vt 0.993806 0.461562
vt 0.916334 0.857720
vt 0.916334 0.907813
vt 0.906215 0.915380
vt 0.906215 0.850276
vt 0.521853 0.847447
vt 0.521853 0.798961
vt 0.532056 0.791124
vt 0.532056 0.854140
vt 0.871062 0.615949
vt 0.871062 0.567147
vt 0.881407 0.560021
vt 0.881407 0.623602
vt 0.610516 0.211346
vt 0.610516 0.164678
vt 0.620163 0.156254
vt 0.620163 0.217054
vt 0.604284 0.170153
vt 0.570117 0.165614
vt 0.563885 0.158484
vt 0.570117 0.199676
vt 0.604284 0.204215
vt 0.563885 0.205151
vt 0.073934 0.826700
vt 0.073934 0.861168
vt 0.040169 0.865654
vt 0.040169 0.831186
vt 0.974769 0.761858
vt 0.974769 0.796863
vt 0.971252 0.797266
vt 0.971252 0.762261
vt 0.972064 0.699652
vt 0.972064 0.735839
vt 0.968303 0.735838
vt 0.968303 0.699651
vt 0.632491 0.920272
vt 0.632491 0.956976
vt 0.629280 0.956930
vt 0.629280 0.920226
vt 0.566199 0.768113
vt 0.550633 0.764897
vt 0.541455 0.755611
vt 0.573436 0.762218
vt 0.559967 0.812909
vt 0.566199 0.814196
vt 0.573436 0.823081
vt 0.553783 0.819021
vt 0.564783 0.773822
vt 0.553272 0.771444
vt 0.364240 0.966888
vt 0.364240 0.920629
vt 0.367986 0.927156
vt 0.367986 0.961366
vt 0.560175 0.806950
vt 0.564783 0.807902
vt 0.306377 0.453067
vt 0.306377 0.467448
vt 0.305365 0.467448
vt 0.305365 0.453067
vt 0.747731 0.066362
vt 0.755022 0.065404
vt 0.754167 0.072296
vt 0.750344 0.072798
vt 0.786856 0.787057
vt 0.786856 0.769279
vt 0.797164 0.769279
vt 0.797164 0.787057
vt 0.472465 0.850965
vt 0.476467 0.850965
vt 0.483273 0.856903
vt 0.472438 0.856903
vt 0.738749 0.843800
vt 0.742838 0.843800
vt 0.749745 0.851484
vt 0.738676 0.851484
vt 0.882503 0.012599
vt 0.875157 0.012880
vt 0.869311 0.006188
vt 0.884642 0.002854
vt 0.877206 0.019413
vt 0.881058 0.019266
vt 0.884642 0.080181
vt 0.880791 0.080328
vt 0.468373 0.850965
vt 0.470283 0.844315
vt 0.472429 0.844315
vt 0.734749 0.843800
vt 0.736656 0.837137
vt 0.738753 0.837137
vt 0.957304 0.991718
vt 0.954752 0.991693
vt 0.954752 0.971197
vt 0.957304 0.971222
vt 0.763337 0.137094
vt 0.759514 0.137596
vt 0.469670 0.779878
vt 0.471815 0.779878
vt 0.735702 0.772082
vt 0.737799 0.772082
vt 0.287552 0.187186
vt 0.287637 0.207961
vt 0.278474 0.217130
vt 0.278363 0.190242
vt 0.313195 0.145635
vt 0.287381 0.145635
vt 0.278142 0.136466
vt 0.315576 0.136466
vt 0.300321 0.207961
vt 0.312729 0.207961
vt 0.318908 0.217130
vt 0.298913 0.217130
vt 0.329876 0.166410
vt 0.338449 0.145635
vt 0.352197 0.136466
vt 0.341100 0.163354
vt 0.979654 0.241088
vt 0.979654 0.261103
vt 0.978273 0.261103
vt 0.978273 0.241088
vt 0.950495 0.096166
vt 0.950495 0.070888
vt 0.955664 0.070888
vt 0.955664 0.096166
vt 0.945192 0.257796
vt 0.945192 0.276380
vt 0.939854 0.276561
vt 0.939854 0.257977
vt 0.942514 0.549034
vt 0.942514 0.536338
vt 0.947724 0.536338
vt 0.947724 0.549034
vt 0.585872 0.724777
vt 0.585946 0.742725
vt 0.581707 0.746966
vt 0.581622 0.726191
vt 0.606164 0.688882
vt 0.585724 0.688882
vt 0.581451 0.684640
vt 0.607265 0.684640
vt 0.595042 0.742725
vt 0.603941 0.742725
vt 0.606799 0.746966
vt 0.594391 0.746966
vt 0.618754 0.706829
vt 0.626160 0.688882
vt 0.632519 0.684640
vt 0.623946 0.705415
vt 0.067580 0.785097
vt 0.054982 0.785097
vt 0.062389 0.767149
vt 0.071287 0.767149
vt 0.997146 0.986998
vt 0.997146 0.996103
vt 0.995775 0.996103
vt 0.995775 0.986998
vt 0.514158 0.942786
vt 0.514158 0.960059
vt 0.512747 0.960016
vt 0.512747 0.942744
vt 0.486932 0.682834
vt 0.486932 0.702271
vt 0.485523 0.702286
vt 0.485523 0.682849
vt 0.271999 0.620872
vt 0.292604 0.617119
vt 0.288978 0.560558
vt 0.266101 0.564725
vt 0.261097 0.560976
vt 0.293224 0.555124
vt 0.311811 0.966390
vt 0.311811 0.951199
vt 0.317420 0.948596
vt 0.317420 0.969529
vt 0.022727 0.966130
vt 0.022727 0.948870
vt 0.028217 0.946202
vt 0.028217 0.969444
vt 0.262985 0.952276
vt 0.262985 0.908254
vt 0.268588 0.905682
vt 0.268588 0.954796
vt 0.948075 0.575787
vt 0.948075 0.622145
vt 0.942462 0.625149
vt 0.942462 0.573428
vt 0.508088 0.453377
vt 0.542224 0.450313
vt 0.536260 0.377626
vt 0.502125 0.380690
vt 0.506101 0.429148
vt 0.497762 0.432694
vt 0.538248 0.401855
vt 0.546587 0.398308
vt 0.534998 0.981168
vt 0.534998 0.995576
vt 0.532461 0.995424
vt 0.532461 0.981015
vt 0.870272 0.932462
vt 0.870272 0.966752
vt 0.865948 0.966750
vt 0.865948 0.932460
vt 0.936629 0.681333
vt 0.936629 0.705346
vt 0.932160 0.704304
vt 0.932160 0.680291
vt 0.221295 0.931159
vt 0.221295 0.965431
vt 0.216971 0.965485
vt 0.216971 0.931212
vt 0.656503 0.578071
vt 0.656503 0.551800
vt 0.659341 0.548929
vt 0.659341 0.578256
vt 0.631696 0.576832
vt 0.631696 0.600929
vt 0.628858 0.603454
vt 0.628858 0.576733
vt 0.656503 0.603771
vt 0.659341 0.606946
vt 0.631696 0.552199
vt 0.628858 0.549419
vt 0.572230 0.968373
vt 0.572230 0.983118
vt 0.568153 0.986645
vt 0.568153 0.965958
vt 0.652699 0.577526
vt 0.652699 0.555092
vt 0.436702 0.929770
vt 0.436702 0.950795
vt 0.432646 0.953940
vt 0.432646 0.929587
vt 0.635017 0.597447
vt 0.652699 0.599472
vt 0.305586 0.007517
vt 0.280830 0.007517
vt 0.275688 0.002854
vt 0.305297 0.002854
vt 0.283112 0.131803
vt 0.315147 0.131803
vt 0.346486 0.131803
vt 0.329804 0.007517
vt 0.334263 0.002854
vt 0.774971 0.127699
vt 0.769046 0.027074
vt 0.786358 0.002854
vt 0.786358 0.137487
vt 0.993579 0.751693
vt 0.993579 0.732988
vt 0.995281 0.732963
vt 0.995281 0.751668
vt 0.532461 0.970228
vt 0.532461 0.947624
vt 0.535672 0.952702
vt 0.535672 0.975307
vt 0.351388 0.793093
vt 0.354188 0.693802
vt 0.366018 0.685377
vt 0.366018 0.819180
vt 0.386832 0.282127
vt 0.386832 0.255621
vt 0.389171 0.281929
vt 0.362106 0.309222
vt 0.386832 0.309222
vt 0.389171 0.311566
vt 0.359767 0.311566
vt 0.362106 0.259005
vt 0.362106 0.283838
vt 0.359767 0.283963
vt 0.365773 0.305547
vt 0.383165 0.305547
vt 0.383165 0.282438
vt 0.383165 0.259832
vt 0.365773 0.262212
vt 0.365773 0.283642
vt 0.917266 0.806352
vt 0.917266 0.829460
vt 0.899874 0.829460
vt 0.899874 0.807555
vt 0.865948 0.989323
vt 0.865948 0.972461
vt 0.868411 0.975300
vt 0.868411 0.992163
vt 0.964997 0.024318
vt 0.964997 0.002909
vt 0.968734 0.002854
vt 0.968734 0.024263
vt 0.964880 0.944910
vt 0.964880 0.921810
vt 0.968582 0.921774
vt 0.968582 0.944875
vt 0.548750 0.564930
vt 0.557494 0.512905
vt 0.507011 0.507029
vt 0.498267 0.559053
vt 0.492874 0.562937
vt 0.503106 0.502063
vt 0.907591 0.193931
vt 0.907591 0.160870
vt 0.918365 0.149657
vt 0.918365 0.205304
vt 0.915213 0.672440
vt 0.915213 0.644026
vt 0.926451 0.632266
vt 0.926451 0.682962
vt 0.936629 0.633308
vt 0.936629 0.657320
vt 0.932160 0.656279
vt 0.932160 0.632266
vt 0.279323 0.981267
vt 0.279323 0.995613
vt 0.276752 0.995715
vt 0.276752 0.981370
vt 0.987805 0.976867
vt 0.987805 0.952585
vt 0.990067 0.952579
vt 0.990067 0.976861
vt 0.540236 0.426084
vt 0.549031 0.428093
vt 0.504113 0.404919
vt 0.495318 0.402910
vt 0.486932 0.643960
vt 0.486932 0.663397
vt 0.485523 0.663412
vt 0.485523 0.643975
vt 0.514158 0.908242
vt 0.514158 0.925514
vt 0.512747 0.925472
vt 0.512747 0.908200
vt 0.060165 0.820992
vt 0.040169 0.820992
vt 0.047576 0.803044
vt 0.063872 0.803044
vt 0.611347 0.724777
vt 0.615372 0.726191
vt 0.585798 0.706829
vt 0.581536 0.705415
vt 0.945192 0.220629
vt 0.945192 0.239213
vt 0.939854 0.239393
vt 0.939854 0.220809
vt 0.321303 0.187186
vt 0.330004 0.190242
vt 0.287466 0.166410
vt 0.278253 0.163354
vt 0.901747 0.976841
vt 0.901747 0.951179
vt 0.905201 0.953077
vt 0.905201 0.975676
vt 0.150624 0.974557
vt 0.150624 0.947505
vt 0.154057 0.947917
vt 0.154057 0.974969
vt 0.448189 0.861291
vt 0.448189 0.883772
vt 0.442864 0.883826
vt 0.442864 0.861345
vt 0.929617 0.293301
vt 0.929617 0.269394
vt 0.934145 0.268444
vt 0.934145 0.292351
vt 0.751140 0.459742
vt 0.751140 0.485107
vt 0.748006 0.484107
vt 0.748006 0.461769
vt 0.987927 0.220629
vt 0.987927 0.247681
vt 0.985363 0.246051
vt 0.985363 0.222228
vt 0.306268 0.519974
vt 0.306268 0.537058
vt 0.305365 0.537032
vt 0.305365 0.519948
vt 0.485523 0.770095
vt 0.486431 0.770084
vt 0.236771 0.755943
vt 0.271043 0.755681
vt 0.266042 0.760580
vt 0.241772 0.760766
vt 0.271043 0.779991
vt 0.266042 0.775168
vt 0.236771 0.780253
vt 0.241772 0.775353
vt 0.236771 0.707323
vt 0.271043 0.707060
vt 0.266042 0.711960
vt 0.241772 0.712146
vt 0.271043 0.731370
vt 0.266042 0.726547
vt 0.236771 0.731633
vt 0.241772 0.726733
vt 0.266042 0.736270
vt 0.241772 0.736456
vt 0.266042 0.750857
vt 0.241772 0.751043
vt 0.916334 0.921200
vt 0.916334 0.945471
vt 0.901748 0.945359
vt 0.901748 0.921088
vt 0.343945 0.944899
vt 0.343945 0.920629
vt 0.358532 0.920741
vt 0.358532 0.945011
vt 0.236771 0.946548
vt 0.236771 0.922277
vt 0.251358 0.922389
vt 0.251358 0.946659
vt 0.991954 0.529368
vt 0.991954 0.553651
vt 0.989737 0.553649
vt 0.989737 0.529367
vt 0.514158 0.965767
vt 0.514158 0.990049
vt 0.511897 0.990055
vt 0.511897 0.965773
vt 0.256782 0.981182
vt 0.256782 0.995527
vt 0.254211 0.995630
vt 0.254211 0.981284
vt 0.150624 0.995086
vt 0.150624 0.980678
vt 0.153161 0.980830
vt 0.153161 0.995239
vt 0.990459 0.632268
vt 0.990459 0.656550
vt 0.988242 0.656549
vt 0.988242 0.632266
vt 0.990229 0.282861
vt 0.990229 0.307143
vt 0.987968 0.307149
vt 0.987968 0.282866
vt 0.245932 0.995630
vt 0.245932 0.981284
vt 0.248502 0.981182
vt 0.248502 0.995527
vt 0.160448 0.995107
vt 0.160448 0.980699
vt 0.162985 0.980851
vt 0.162985 0.995260
vt 0.990459 0.662260
vt 0.990459 0.686543
vt 0.988242 0.686541
vt 0.988242 0.662259
vt 0.504035 0.349382
vt 0.541903 0.345983
vt 0.517864 0.300063
vt 0.546592 0.297484
vt 0.511722 0.342994
vt 0.536704 0.340752
vt 0.522273 0.305365
vt 0.540282 0.303749
vt 0.437155 0.897112
vt 0.412774 0.898986
vt 0.429271 0.861897
vt 0.437155 0.861291
vt 0.974196 0.527782
vt 0.974196 0.490912
vt 0.976470 0.490958
vt 0.976470 0.527828
vt 0.971314 0.169844
vt 0.971314 0.131710
vt 0.973562 0.131603
vt 0.973562 0.169737
vt 0.989381 0.761859
vt 0.989381 0.786955
vt 0.987229 0.786954
vt 0.987229 0.761858
vt 0.230954 0.881530
vt 0.206303 0.886166
vt 0.214373 0.878025
vt 0.224441 0.876131
vt 0.213184 0.847696
vt 0.218802 0.853262
vt 0.230954 0.844354
vt 0.224441 0.852202
vt 0.421400 0.211866
vt 0.418144 0.212479
vt 0.419576 0.204471
vt 0.421400 0.204128
vt 0.942514 0.496496
vt 0.951103 0.490912
vt 0.951103 0.528824
vt 0.948326 0.530629
vt 0.568153 0.919435
vt 0.573501 0.921521
vt 0.569882 0.960250
vt 0.568153 0.959575
vt 0.656455 0.918078
vt 0.638228 0.905590
vt 0.650561 0.875754
vt 0.656455 0.879793
vt 0.068540 0.095333
vt 0.055691 0.095463
vt 0.073437 0.124020
vt 0.039309 0.091180
vt 0.043122 0.095591
vt 0.389873 0.944704
vt 0.389873 0.974040
vt 0.387733 0.977476
vt 0.387733 0.948140
vt 0.052717 0.976657
vt 0.052717 0.947168
vt 0.054743 0.950454
vt 0.054743 0.979944
vt 0.832133 0.961435
vt 0.832133 0.974277
vt 0.828295 0.974333
vt 0.828295 0.961491
vt 0.982179 0.528102
vt 0.982179 0.490912
vt 0.983064 0.491947
vt 0.983064 0.527184
vt 0.093014 0.315103
vt 0.085508 0.315179
vt 0.093455 0.354007
vt 0.089063 0.354052
vt 0.091235 0.354030
vt 0.078165 0.315253
vt 0.923565 0.372207
vt 0.930677 0.372216
vt 0.930677 0.409081
vt 0.928574 0.409078
vt 0.850027 0.916403
vt 0.850027 0.955767
vt 0.849198 0.954591
vt 0.849198 0.917294
vt 0.599857 0.482836
vt 0.599857 0.480686
vt 0.601166 0.480707
vt 0.601166 0.482744
vt 0.657034 0.984590
vt 0.657034 0.992099
vt 0.655897 0.991846
vt 0.655897 0.984732
vt 0.570607 0.482785
vt 0.570607 0.484931
vt 0.569954 0.484279
vt 0.569954 0.482792
vt 0.566749 0.484931
vt 0.567401 0.484279
vt 0.566749 0.482785
vt 0.566749 0.480686
vt 0.567401 0.481338
vt 0.567401 0.482792
vt 0.570607 0.480686
vt 0.569954 0.481338
vt 0.578868 0.482140
vt 0.578868 0.483627
vt 0.576315 0.483627
vt 0.576315 0.482140
vt 0.747107 0.970555
vt 0.748592 0.970576
vt 0.748592 0.990952
vt 0.747107 0.990931
vt 0.218425 0.991388
vt 0.216971 0.991374
vt 0.216971 0.971193
vt 0.218425 0.971207
vt 0.364240 0.972597
vt 0.366791 0.972649
vt 0.366791 0.991759
vt 0.364240 0.991707
vt 0.351578 0.192209
vt 0.348753 0.193620
vt 0.331068 0.191940
vt 0.335999 0.217130
vt 0.335116 0.215494
vt 0.321274 0.215559
vt 0.019292 0.197295
vt 0.041261 0.194947
vt 0.040219 0.196654
vt 0.022177 0.198658
vt 0.050407 0.220109
vt 0.036591 0.220171
vt 0.483273 0.862611
vt 0.483273 0.896139
vt 0.481641 0.894931
vt 0.481651 0.864958
vt 0.029691 0.168254
vt 0.027548 0.166968
vt 0.017258 0.143405
vt 0.002854 0.172777
vt 0.003483 0.171016
vt 0.455763 0.875039
vt 0.457362 0.876002
vt 0.028737 0.170055
vt 0.005614 0.173976
vt 0.038999 0.193567
vt 0.020027 0.195574
vt 0.126016 0.725752
vt 0.157816 0.719652
vt 0.131731 0.699125
vt 0.133055 0.700445
vt 0.160064 0.693604
vt 0.158382 0.695557
vt 0.133955 0.697122
vt 0.158505 0.692275
vt 0.139695 0.670510
vt 0.141016 0.671840
vt 0.332191 0.188816
vt 0.350841 0.190502
vt 0.342051 0.165136
vt 0.811995 0.926522
vt 0.794843 0.931148
vt 0.799947 0.905881
vt 0.811995 0.902098
vt 0.828295 0.916403
vt 0.843489 0.921375
vt 0.843489 0.943164
vt 0.832006 0.938904
vt 0.602886 0.884822
vt 0.602886 0.911217
vt 0.581451 0.916691
vt 0.581499 0.894555
vt 0.755453 0.896336
vt 0.775409 0.901659
vt 0.775409 0.923521
vt 0.759092 0.918911
vt 0.040785 0.903736
vt 0.040169 0.871362
vt 0.063915 0.882593
vt 0.063915 0.907534
vt 0.344651 0.911122
vt 0.343945 0.886108
vt 0.367705 0.897267
vt 0.367705 0.914920
vt 0.435832 0.959648
vt 0.435832 0.985264
vt 0.432646 0.983304
vt 0.432646 0.960745
vt 0.941967 0.978542
vt 0.941967 0.953175
vt 0.945354 0.952871
vt 0.945354 0.978239
vt 0.289750 0.980007
vt 0.289750 0.993849
vt 0.287184 0.993233
vt 0.286347 0.980626
vt 0.820937 0.957052
vt 0.820937 0.982774
vt 0.820028 0.980276
vt 0.817703 0.958149
vt 0.073166 0.948973
vt 0.073166 0.974777
vt 0.069624 0.974602
vt 0.070496 0.949892
vt 0.895941 0.980189
vt 0.895941 0.993832
vt 0.892773 0.993360
vt 0.894171 0.981104
vt 0.985519 0.002854
vt 0.985519 0.028513
vt 0.984763 0.026120
vt 0.982440 0.004054
vt 0.612084 0.950239
vt 0.612084 0.975978
vt 0.608595 0.975764
vt 0.609539 0.951137
vt 0.175379 0.955907
vt 0.175379 0.981575
vt 0.172022 0.980155
vt 0.173301 0.956937
vt 0.100898 0.984798
vt 0.100898 0.960333
vt 0.104411 0.960340
vt 0.104411 0.984805
vt 0.209590 0.969521
vt 0.209590 0.989013
vt 0.206303 0.988027
vt 0.207637 0.970379
vt 0.837842 0.975971
vt 0.837842 0.948872
vt 0.841011 0.949224
vt 0.841011 0.976323
vt 0.721927 0.950476
vt 0.721927 0.976696
vt 0.719685 0.975833
vt 0.718620 0.950670
vt 0.988283 0.104201
vt 0.988283 0.123742
vt 0.985922 0.122948
vt 0.984929 0.104526
vt 0.968928 0.674165
vt 0.968928 0.692930
vt 0.965489 0.693471
vt 0.965489 0.674706
vt 0.138076 0.990782
vt 0.138076 0.972017
vt 0.141136 0.972912
vt 0.141136 0.989438
vt 0.240223 0.952368
vt 0.240223 0.977905
vt 0.236771 0.977648
vt 0.237399 0.953110
vt 0.114231 0.943312
vt 0.114231 0.975770
vt 0.111059 0.974483
vt 0.111059 0.945899
vt 0.707930 0.483319
vt 0.712602 0.483319
vt 0.714086 0.484803
vt 0.706446 0.484803
vt 0.712602 0.479943
vt 0.714086 0.479943
vt 0.707930 0.479042
vt 0.707930 0.479943
vt 0.706446 0.479943
vt 0.706446 0.478308
vt 0.712602 0.478121
vt 0.707930 0.478121
vt 0.706446 0.476637
vt 0.714086 0.476637
vt 0.712602 0.479042
vt 0.714086 0.478308
vt 0.887110 0.479916
vt 0.887110 0.478996
vt 0.889218 0.478965
vt 0.889218 0.479885
vt 0.915758 0.065038
vt 0.915758 0.060369
vt 0.917735 0.060329
vt 0.917735 0.064998
vt 0.887110 0.484188
vt 0.887110 0.480816
vt 0.889218 0.480785
vt 0.889218 0.484157
vt 0.904813 0.484161
vt 0.902725 0.484180
vt 0.219911 0.991402
vt 0.219911 0.971221
vt 0.745654 0.970533
vt 0.745654 0.990909
vt 0.578868 0.480686
vt 0.576315 0.480686
vt 0.657034 0.977245
vt 0.655897 0.977772
vt 0.599857 0.485034
vt 0.601166 0.484827
vt 0.916607 0.372199
vt 0.926516 0.409075
vt 0.612451 0.662885
vt 0.612118 0.623879
vt 0.832133 0.948872
vt 0.828295 0.948929
vt 0.938644 0.179524
vt 0.938644 0.196131
vt 0.934251 0.181410
vt 0.934251 0.172070
vt 0.935141 0.002854
vt 0.935141 0.025709
vt 0.930506 0.029630
vt 0.930506 0.016775
vt 0.080531 0.803044
vt 0.080457 0.785097
vt 0.080605 0.820992
vt 0.964880 0.967509
vt 0.968582 0.967474
vt 0.964997 0.046202
vt 0.968734 0.046147
vt 0.917266 0.783746
vt 0.899874 0.786126
vt 0.448506 0.968421
vt 0.448506 0.984813
vt 0.442864 0.984867
vt 0.442864 0.968474
vt 0.834112 0.371677
vt 0.834112 0.361761
vt 0.835554 0.362731
vt 0.835554 0.372647
vt 0.436702 0.908279
vt 0.432646 0.904694
vt 0.997146 0.978091
vt 0.995775 0.978091
vt 0.080383 0.767149
vt 0.942514 0.561454
vt 0.947724 0.561454
vt 0.950495 0.122005
vt 0.955664 0.122005
vt 0.979654 0.220629
vt 0.978273 0.220629
vt 0.740897 0.837137
vt 0.739943 0.772082
vt 0.474527 0.844315
vt 0.473914 0.779878
vt 0.727847 0.851484
vt 0.461362 0.856903
vt 0.786856 0.805230
vt 0.797164 0.805230
vt 0.227004 0.991958
vt 0.229493 0.991922
vt 0.984929 0.098492
vt 0.987395 0.098469
vt 0.073363 0.120219
vt 0.965605 0.131603
vt 0.961256 0.131644
vt 0.958204 0.743889
vt 0.962595 0.743824
vt 0.656933 0.949373
vt 0.656933 0.971536
vt 0.655897 0.971536
vt 0.655897 0.949373
vt 0.993380 0.274948
vt 0.993380 0.253389
vt 0.994403 0.253389
vt 0.994403 0.274948
vt 0.072315 0.871362
vt 0.069624 0.872751
vt 0.290556 0.013526
vt 0.292560 0.103812
vt 0.612604 0.678932
vt 0.612022 0.612654
vt 0.377967 0.622088
vt 0.362077 0.622088
vt 0.710299 0.935435
vt 0.712195 0.935422
vt 0.904813 0.478965
vt 0.902725 0.478985
vt 0.049247 0.015461
vt 0.935141 0.054399
vt 0.930506 0.045768
vt 0.206303 0.959009
vt 0.206303 0.933780
vt 0.211262 0.931159
vt 0.211262 0.963813
vt 0.781820 0.481272
vt 0.781820 0.467275
vt 0.886445 0.562178
vt 0.886445 0.618919
vt 0.941426 0.374822
vt 0.941426 0.428398
vt 0.936386 0.432233
vt 0.936386 0.372199
vt 0.511117 0.798675
vt 0.498591 0.803905
vt 0.492874 0.800841
vt 0.516145 0.791124
vt 0.506993 0.847139
vt 0.511117 0.845416
vt 0.516145 0.848768
vt 0.503235 0.854159
vt 0.787251 0.846956
vt 0.787251 0.851424
vt 0.783059 0.851510
vt 0.783059 0.847042
vt 0.100898 0.954108
vt 0.100898 0.909898
vt 0.105339 0.910414
vt 0.105339 0.954624
vt 0.427562 0.216537
vt 0.427562 0.202963
vt 0.432059 0.202918
vt 0.432059 0.216492
vt 0.550901 0.949102
vt 0.550901 0.931808
vt 0.557855 0.925752
vt 0.557855 0.955158
vt 0.110290 0.403735
vt 0.093939 0.398131
vt 0.103359 0.372860
vt 0.118058 0.377898
vt 0.876061 0.659412
vt 0.876061 0.756912
vt 0.869149 0.762966
vt 0.874772 0.632266
vt 0.865353 0.497093
vt 0.865353 0.597758
vt 0.863050 0.625045
vt 0.859084 0.490912
vt 0.070633 0.486080
vt 0.076455 0.488076
vt 0.080048 0.494919
vt 0.063697 0.489315
vt 0.103354 0.406970
vt 0.097532 0.404974
vt 0.099507 0.603305
vt 0.097389 0.602579
vt 0.115941 0.546643
vt 0.118058 0.547369
vt 0.172022 0.467251
vt 0.231063 0.403727
vt 0.231063 0.555990
vt 0.190344 0.599801
vt 0.869311 0.089131
vt 0.874635 0.086037
vt 0.874635 0.214481
vt 0.872698 0.215606
vt 0.749745 0.658484
vt 0.749745 0.761413
vt 0.780708 0.227828
vt 0.780708 0.330771
vt 0.863527 0.757650
vt 0.863527 0.658023
vt 0.853097 0.598729
vt 0.853097 0.495869
vt 0.686903 0.660314
vt 0.668608 0.660314
vt 0.663670 0.632270
vt 0.691877 0.632270
vt 0.455763 0.959990
vt 0.455763 0.941880
vt 0.461748 0.936998
vt 0.461748 0.964919
vt 0.794843 0.960116
vt 0.794843 0.941814
vt 0.800829 0.936857
vt 0.800829 0.965074
vt 0.715426 0.100434
vt 0.733710 0.100434
vt 0.738601 0.128451
vt 0.710411 0.128451
vt 0.720510 0.008950
vt 0.713995 0.002854
vt 0.725944 0.008950
vt 0.732280 0.002854
vt 0.687823 0.756966
vt 0.669528 0.756966
vt 0.731820 0.025361
vt 0.733751 0.025361
vt 0.023149 0.765777
vt 0.023149 0.852958
vt 0.002854 0.831238
vt 0.002854 0.790743
vt 0.228628 0.748563
vt 0.228628 0.838645
vt 0.206303 0.814586
vt 0.206303 0.772743
vt 0.680601 0.959610
vt 0.675425 0.957937
vt 0.678761 0.926027
vt 0.680601 0.926621
vt 0.626467 0.600438
vt 0.626467 0.579105
vt 0.581451 0.596163
vt 0.583843 0.593883
vt 0.581451 0.571374
vt 0.583843 0.574287
vt 0.357390 0.308897
vt 0.357390 0.286734
vt 0.312767 0.311566
vt 0.315144 0.308897
vt 0.312767 0.285958
vt 0.315144 0.288528
vt 0.357390 0.281393
vt 0.357390 0.259835
vt 0.315144 0.283187
vt 0.312767 0.260907
vt 0.315144 0.263383
vt 0.626467 0.573820
vt 0.626467 0.551889
vt 0.583843 0.569002
vt 0.581451 0.546035
vt 0.583843 0.548846
vt 0.900490 0.421952
vt 0.879293 0.424349
vt 0.881018 0.381258
vt 0.900490 0.379057
vt 0.373738 0.857894
vt 0.395901 0.857894
vt 0.395901 0.900140
vt 0.375531 0.900140
vt 0.880343 0.149657
vt 0.901882 0.150571
vt 0.901882 0.192856
vt 0.882096 0.192016
vt 0.900506 0.893009
vt 0.878631 0.894571
vt 0.880402 0.851712
vt 0.900506 0.850276
vt 0.977773 0.742879
vt 0.977773 0.699650
vt 0.978809 0.699701
vt 0.978809 0.742930
vt 0.991191 0.056385
vt 0.991191 0.034222
vt 0.992214 0.034222
vt 0.992214 0.056385
vt 0.976003 0.632266
vt 0.976003 0.676158
vt 0.974960 0.676174
vt 0.974960 0.632282
vt 0.974463 0.326869
vt 0.974463 0.282861
vt 0.975499 0.282906
vt 0.975499 0.326915
vt 0.995023 0.104201
vt 0.995023 0.124570
vt 0.993991 0.124570
vt 0.993991 0.104201
vt 0.979221 0.070888
vt 0.979221 0.113976
vt 0.978178 0.113993
vt 0.978178 0.070905
vt 0.995666 0.941578
vt 0.995666 0.921774
vt 0.996695 0.921774
vt 0.996695 0.941578
vt 0.974290 0.966442
vt 0.974290 0.921779
vt 0.975333 0.921774
vt 0.975333 0.966437
vt 0.995410 0.131603
vt 0.995410 0.151972
vt 0.994381 0.151972
vt 0.994381 0.131603
vt 0.971719 0.484372
vt 0.971719 0.438897
vt 0.972758 0.438922
vt 0.972758 0.484397
vt 0.996122 0.761858
vt 0.996122 0.781662
vt 0.995090 0.781662
vt 0.995090 0.761858
vt 0.972277 0.604570
vt 0.972277 0.559364
vt 0.973320 0.559359
vt 0.973320 0.604565
vt 0.333966 0.107159
vt 0.318131 0.107159
vt 0.341677 0.128456
vt 0.318474 0.128456
vt 0.311370 0.107159
vt 0.294987 0.107159
vt 0.311713 0.128456
vt 0.287799 0.128456
vt 0.287715 0.122759
vt 0.311629 0.122759
vt 0.412774 0.984558
vt 0.412774 0.968713
vt 0.418416 0.968659
vt 0.418416 0.984504
vt 0.647024 0.976388
vt 0.647024 0.954254
vt 0.650188 0.949373
vt 0.650188 0.971508
vt 0.318390 0.122759
vt 0.341593 0.122759
vt 0.985775 0.616824
vt 0.985775 0.596129
vt 0.988479 0.591077
vt 0.988479 0.611772
vt 0.986020 0.151275
vt 0.986020 0.131603
vt 0.988672 0.136241
vt 0.988672 0.155913
vt 0.709814 0.787827
vt 0.709814 0.771953
vt 0.711683 0.772880
vt 0.711683 0.785888
vt 0.721840 0.762675
vt 0.719970 0.766487
vt 0.721840 0.787455
vt 0.719970 0.785632
vt 0.709814 0.803357
vt 0.711683 0.789650
vt 0.711683 0.802369
vt 0.719970 0.789394
vt 0.721840 0.811696
vt 0.719970 0.808116
vt 0.890514 0.360034
vt 0.890514 0.373037
vt 0.888829 0.373053
vt 0.888829 0.360050
vt 0.835003 0.154598
vt 0.835003 0.164674
vt 0.833595 0.165788
vt 0.833595 0.155712
vt 0.541455 0.993960
vt 0.541455 0.974834
vt 0.543157 0.974809
vt 0.543157 0.993935
vt 0.871518 0.768675
vt 0.871518 0.776658
vt 0.870415 0.777811
vt 0.870415 0.769829
vt 0.864707 0.769916
vt 0.864707 0.777930
vt 0.863527 0.776689
vt 0.863527 0.768675
vt 0.410750 0.216859
vt 0.410750 0.204144
vt 0.412435 0.204128
vt 0.412435 0.216843
vt 0.649937 0.162682
vt 0.649937 0.180162
vt 0.645352 0.180162
vt 0.645352 0.161989
vt 0.688746 0.180162
vt 0.688746 0.168420
vt 0.693331 0.169083
vt 0.693331 0.180162
vt 0.688746 0.159653
vt 0.649937 0.148302
vt 0.645352 0.144211
vt 0.693331 0.158244
vt 0.492874 0.736075
vt 0.492874 0.721695
vt 0.531684 0.733046
vt 0.531684 0.741813
vt 0.492874 0.753555
vt 0.531684 0.753555
vt 0.981354 0.882528
vt 0.981354 0.870786
vt 0.982376 0.870786
vt 0.982376 0.882528
vt 0.981354 0.891295
vt 0.982376 0.891295
vt 0.981042 0.963087
vt 0.981042 0.921774
vt 0.982096 0.921806
vt 0.982096 0.963119
vt 0.306377 0.435587
vt 0.305365 0.435587
vt 0.859906 0.142670
vt 0.859906 0.161686
vt 0.851297 0.163492
vt 0.851297 0.147182
vt 0.105351 0.904189
vt 0.079643 0.897436
vt 0.091268 0.874115
vt 0.105351 0.869307
vt 0.841037 0.356052
vt 0.830868 0.345537
vt 0.826962 0.232852
vt 0.841037 0.222839
vt 0.165311 0.394366
vt 0.152323 0.409240
vt 0.125905 0.403154
vt 0.123767 0.401091
vt 0.821253 0.369498
vt 0.819710 0.367627
vt 0.808491 0.246334
vt 0.821253 0.222839
vt 0.957615 0.363397
vt 0.957615 0.427101
vt 0.955648 0.419417
vt 0.955648 0.362128
vt 0.732062 0.604116
vt 0.730108 0.541131
vt 0.731220 0.543559
vt 0.732978 0.600201
vt 0.751211 0.624797
vt 0.750197 0.618799
vt 0.751211 0.490912
vt 0.750197 0.498398
vt 0.819468 0.848949
vt 0.804193 0.835466
vt 0.802872 0.775728
vt 0.819468 0.747254
vt 0.756046 0.203215
vt 0.751647 0.188080
vt 0.747430 0.155207
vt 0.756046 0.144211
vt 0.775029 0.622494
vt 0.756919 0.612168
vt 0.774407 0.504285
vt 0.775029 0.490912
vt 0.765538 0.460642
vt 0.776111 0.460736
vt 0.776111 0.483879
vt 0.756919 0.485204
vt 0.912065 0.134454
vt 0.902032 0.143948
vt 0.901525 0.079767
vt 0.912065 0.075907
vt 0.161312 0.519720
vt 0.149118 0.411872
vt 0.165311 0.524065
vt 0.142565 0.515064
vt 0.139367 0.517697
vt 0.129918 0.407503
vt 0.616642 0.752675
vt 0.629062 0.752769
vt 0.629062 0.857416
vt 0.625166 0.857386
vt 0.143487 0.506263
vt 0.159566 0.510257
vt 0.262985 0.899973
vt 0.262985 0.785962
vt 0.267139 0.794709
vt 0.267139 0.892493
vt 0.161456 0.876224
vt 0.161456 0.761943
vt 0.166061 0.770546
vt 0.166061 0.868562
vt 0.157582 0.508100
vt 0.147518 0.419064
vt 0.149108 0.417758
vt 0.145074 0.504956
vt 0.134632 0.416168
vt 0.132641 0.414010
vt 0.639643 0.020374
vt 0.615878 0.002854
vt 0.625596 0.003904
vt 0.636627 0.012036
vt 0.149184 0.394705
vt 0.153108 0.395691
vt 0.639643 0.150546
vt 0.563885 0.094697
vt 0.312767 0.464080
vt 0.387112 0.406001
vt 0.387112 0.540579
vt 0.363790 0.558799
vt 0.084366 0.148790
vt 0.064667 0.148990
vt 0.079191 0.213470
vt 0.085227 0.213409
vt 0.084975 0.194502
vt 0.092931 0.194422
vt 0.084618 0.167696
vt 0.092574 0.167615
vt 0.068552 0.166236
vt 0.074577 0.192985
vt 0.066813 0.194687
vt 0.060787 0.167938
vt 0.647551 0.849482
vt 0.657928 0.851138
vt 0.657928 0.870046
vt 0.651892 0.870027
vt 0.638228 0.805359
vt 0.657928 0.805421
vt 0.657928 0.824329
vt 0.641883 0.822655
vt 0.995938 0.302567
vt 0.995938 0.282861
vt 0.996823 0.282861
vt 0.996823 0.302567
vt 0.306268 0.473182
vt 0.306268 0.493476
vt 0.305365 0.493450
vt 0.305365 0.473156
vt 0.485523 0.708006
vt 0.486431 0.707995
vt 0.940745 0.282269
vt 0.940745 0.288307
vt 0.939854 0.288307
vt 0.939854 0.282269
vt 0.049443 0.191470
vt 0.058660 0.212733
vt 0.031585 0.150272
vt 0.037873 0.164778
vt 0.047647 0.150109
vt 0.061746 0.212701
vt 0.058118 0.196593
vt 0.052093 0.169845
vt 0.043094 0.171310
vt 0.051092 0.174160
vt 0.054481 0.189205
vt 0.049601 0.186323
vt 0.039557 0.163151
vt 0.048591 0.163059
vt 0.056522 0.198265
vt 0.054785 0.198282
vt 0.938644 0.151949
vt 0.934251 0.156560
vt 0.935141 0.069991
vt 0.930506 0.054537
vt 0.938644 0.131603
vt 0.934251 0.145116
vt 0.659590 0.136700
vt 0.670376 0.135003
vt 0.672179 0.136315
vt 0.658277 0.138503
vt 0.657942 0.055978
vt 0.647155 0.057676
vt 0.659543 0.066155
vt 0.661101 0.065910
vt 0.657988 0.126523
vt 0.656431 0.126769
vt 0.668775 0.124826
vt 0.670333 0.124581
vt 0.666929 0.113092
vt 0.668486 0.112847
vt 0.665082 0.101357
vt 0.666640 0.101112
vt 0.663236 0.089623
vt 0.664794 0.089378
vt 0.661389 0.077889
vt 0.662947 0.077644
vt 0.648756 0.067852
vt 0.647198 0.068097
vt 0.650603 0.079587
vt 0.649045 0.079832
vt 0.652449 0.091321
vt 0.650891 0.091566
vt 0.654296 0.103055
vt 0.652738 0.103300
vt 0.656142 0.114789
vt 0.654584 0.115034
vt 0.026247 0.906622
vt 0.030278 0.906622
vt 0.033637 0.940493
vt 0.022727 0.940493
vt 0.192328 0.917156
vt 0.196360 0.917156
vt 0.199558 0.950198
vt 0.188644 0.950198
vt 0.172022 0.770976
vt 0.172022 0.766065
vt 0.200594 0.748563
vt 0.200594 0.758861
vt 0.441521 0.781725
vt 0.441521 0.786633
vt 0.412774 0.804210
vt 0.412774 0.793918
vt 0.172022 0.811384
vt 0.172022 0.806474
vt 0.200594 0.818234
vt 0.200594 0.828533
vt 0.172022 0.799374
vt 0.200594 0.806360
vt 0.172022 0.792274
vt 0.200594 0.794485
vt 0.172022 0.785175
vt 0.200594 0.782610
vt 0.172022 0.778075
vt 0.200594 0.770736
vt 0.441521 0.741341
vt 0.441521 0.746249
vt 0.412774 0.734581
vt 0.412774 0.724290
vt 0.441521 0.753344
vt 0.412774 0.746449
vt 0.441521 0.760439
vt 0.412774 0.758317
vt 0.441521 0.767534
vt 0.412774 0.770184
vt 0.441521 0.774630
vt 0.412774 0.782051
vt 0.151745 0.386246
vt 0.149923 0.385788
vt 0.148403 0.372860
vt 0.150279 0.373281
vt 0.383822 0.549856
vt 0.372996 0.558313
vt 0.388748 0.214733
vt 0.385110 0.213082
vt 0.387059 0.204128
vt 0.388748 0.204894
vt 0.492875 0.974363
vt 0.492875 0.949260
vt 0.496232 0.947055
vt 0.496232 0.976552
vt 0.399333 0.946696
vt 0.399333 0.976195
vt 0.395962 0.974006
vt 0.395962 0.948902
vt 0.160448 0.972517
vt 0.160448 0.944972
vt 0.163706 0.942392
vt 0.163706 0.974990
vt 0.299852 0.974877
vt 0.299852 0.941934
vt 0.303105 0.944487
vt 0.303105 0.972323
vt 0.768456 0.212090
vt 0.787572 0.212409
vt 0.792706 0.217130
vt 0.763328 0.216640
vt 0.805588 0.451487
vt 0.824711 0.451676
vt 0.829847 0.456671
vt 0.800457 0.456379
vt 0.787572 0.149171
vt 0.768375 0.148851
vt 0.763235 0.144130
vt 0.792706 0.144622
vt 0.824711 0.384242
vt 0.805507 0.384051
vt 0.800364 0.379057
vt 0.829847 0.379349
vt 0.816958 0.441961
vt 0.813156 0.441923
vt 0.814408 0.427380
vt 0.816154 0.427397
vt 0.935935 0.989570
vt 0.932076 0.989570
vt 0.933103 0.974691
vt 0.934876 0.974691
vt 0.786296 0.154124
vt 0.769431 0.153843
vt 0.984028 0.534518
vt 0.984028 0.553651
vt 0.979028 0.552483
vt 0.979028 0.535675
vt 0.957416 0.850276
vt 0.957416 0.916066
vt 0.954752 0.912434
vt 0.954752 0.854639
vt 0.955547 0.131603
vt 0.955547 0.198109
vt 0.952867 0.194391
vt 0.952867 0.135966
vt 0.823460 0.389043
vt 0.806590 0.388876
vt 0.632491 0.962684
vt 0.632491 0.981818
vt 0.627491 0.980662
vt 0.627491 0.963854
vt 0.775995 0.203636
vt 0.779795 0.203700
vt 0.786296 0.209677
vt 0.769503 0.209397
vt 0.823460 0.448284
vt 0.806661 0.448117
vt 0.779795 0.159885
vt 0.775939 0.159820
vt 0.816958 0.395237
vt 0.813100 0.395199
vt 0.779063 0.188802
vt 0.777318 0.188773
vt 0.777292 0.168644
vt 0.779063 0.168673
vt 0.814382 0.405914
vt 0.816154 0.405932
vt 0.949044 0.850276
vt 0.949044 0.895879
vt 0.941967 0.883815
vt 0.941967 0.862865
vt 0.781118 0.942434
vt 0.781118 0.896336
vt 0.788206 0.908592
vt 0.788206 0.929770
vt 0.896168 0.625567
vt 0.892309 0.625567
vt 0.893378 0.610679
vt 0.895151 0.610679
vt 0.947849 0.002854
vt 0.947849 0.048910
vt 0.940850 0.036050
vt 0.940850 0.014892
vt 0.948991 0.901587
vt 0.948991 0.947163
vt 0.941967 0.934446
vt 0.941967 0.913508
vt 0.406670 0.702330
vt 0.393047 0.674748
vt 0.393047 0.591968
vt 0.406670 0.564507
vt 0.435888 0.245756
vt 0.453521 0.222838
vt 0.486036 0.225580
vt 0.487166 0.250080
vt 0.974290 0.972151
vt 0.976686 0.975048
vt 0.976686 0.992509
vt 0.974290 0.989612
vt 0.747695 0.923331
vt 0.748592 0.923395
vt 0.748592 0.947690
vt 0.747695 0.947626
vt 0.120812 0.014734
vt 0.127931 0.090280
vt 0.111215 0.090450
vt 0.109823 0.014846
vt 0.966568 0.602370
vt 0.962155 0.602728
vt 0.962155 0.559717
vt 0.966568 0.559359
vt 0.883834 0.740638
vt 0.881770 0.689880
vt 0.898988 0.691184
vt 0.898988 0.741786
vt 0.172022 0.398018
vt 0.190452 0.384950
vt 0.251390 0.375110
vt 0.307059 0.398018
vt 0.185782 0.325964
vt 0.192078 0.311933
vt 0.234813 0.305033
vt 0.246720 0.316124
vt 0.205457 0.367693
vt 0.203246 0.339775
vt 0.234187 0.334779
vt 0.236397 0.362697
vt 0.964979 0.282861
vt 0.968755 0.288455
vt 0.968755 0.321737
vt 0.964979 0.327864
vt 0.935838 0.968982
vt 0.932076 0.968982
vt 0.932076 0.932792
vt 0.935838 0.932792
vt 0.535746 0.703704
vt 0.535746 0.715578
vt 0.492874 0.715986
vt 0.492874 0.704112
vt 0.291228 0.945620
vt 0.276752 0.942353
vt 0.276752 0.928291
vt 0.291228 0.925568
vt 0.002854 0.622286
vt 0.012460 0.610222
vt 0.058116 0.610222
vt 0.067958 0.622286
vt 0.818529 0.621933
vt 0.803891 0.619008
vt 0.803891 0.604935
vt 0.818529 0.601866
vt 0.689078 0.822393
vt 0.716651 0.824784
vt 0.716651 0.868976
vt 0.689078 0.866585
vt 0.699431 0.556151
vt 0.697585 0.544417
vt 0.711481 0.542232
vt 0.713326 0.553966
vt 0.181759 0.241481
vt 0.180040 0.229739
vt 0.222774 0.222838
vt 0.224494 0.234581
vt 0.961976 0.443809
vt 0.961976 0.438897
vt 0.966010 0.438897
vt 0.966010 0.443809
vt 0.312768 0.831980
vt 0.338236 0.832354
vt 0.338236 0.875642
vt 0.312768 0.875268
vt 0.710504 0.518284
vt 0.724400 0.516098
vt 0.276752 0.822622
vt 0.304375 0.822773
vt 0.304375 0.868436
vt 0.276752 0.868285
vt 0.678952 0.575240
vt 0.691877 0.601375
vt 0.677974 0.599187
vt 0.665049 0.573052
vt 0.885550 0.490912
vt 0.886600 0.554312
vt 0.871062 0.554312
vt 0.871483 0.490912
vt 0.687914 0.626561
vt 0.674011 0.624373
vt 0.581451 0.835997
vt 0.606937 0.836240
vt 0.606937 0.879114
vt 0.581451 0.878871
vt 0.706543 0.493098
vt 0.720438 0.490912
vt 0.101219 0.700498
vt 0.095083 0.671183
vt 0.097014 0.671183
vt 0.106653 0.700498
vt 0.780737 0.514154
vt 0.792559 0.490912
vt 0.786937 0.621612
vt 0.780737 0.558346
vt 0.886046 0.282449
vt 0.912424 0.274801
vt 0.912424 0.304207
vt 0.886046 0.296523
vt 0.755453 0.695884
vt 0.763733 0.632266
vt 0.767700 0.766399
vt 0.755453 0.741510
vt 0.490807 0.002854
vt 0.490807 0.153497
vt 0.447189 0.197210
vt 0.427562 0.066238
vt 0.145076 0.907267
vt 0.148858 0.911783
vt 0.123767 0.911783
vt 0.127549 0.907267
vt 0.531772 0.214699
vt 0.532644 0.199704
vt 0.541840 0.199704
vt 0.542908 0.214699
vt 0.588287 0.966592
vt 0.581451 0.965098
vt 0.581451 0.949060
vt 0.588287 0.947986
vt 0.145076 0.888463
vt 0.148858 0.883947
vt 0.123767 0.883947
vt 0.127549 0.888463
vt 0.634501 0.678932
vt 0.630036 0.662885
vt 0.637469 0.662885
vt 0.643756 0.678932
vt 0.850027 0.987105
vt 0.847054 0.985771
vt 0.849375 0.963738
vt 0.850027 0.961475
vt 0.928542 0.156849
vt 0.924074 0.155830
vt 0.924074 0.131603
vt 0.928542 0.132621
vt 0.475640 0.474782
vt 0.473237 0.486431
vt 0.465629 0.485789
vt 0.462979 0.473715
vt 0.105070 0.296745
vt 0.103086 0.313809
vt 0.487166 0.417190
vt 0.483993 0.434306
vt 0.453772 0.431758
vt 0.450180 0.414071
vt 0.894927 0.479905
vt 0.897016 0.479885
vt 0.897016 0.480786
vt 0.894927 0.480806
vt 0.097945 0.355153
vt 0.096466 0.367051
vt 0.618612 0.623879
vt 0.615324 0.612654
vt 0.620179 0.612654
vt 0.624043 0.623879
vt 0.092987 0.933948
vt 0.095190 0.938115
vt 0.079643 0.938115
vt 0.081846 0.933948
vt 0.081846 0.914064
vt 0.079643 0.909898
vt 0.095190 0.909898
vt 0.092987 0.914064
vt 0.821976 0.485001
vt 0.807221 0.483640
vt 0.807221 0.466840
vt 0.821976 0.465136
vt 0.616642 0.877375
vt 0.617389 0.863125
vt 0.626582 0.863125
vt 0.627775 0.877375
vt 0.638228 0.923787
vt 0.652871 0.925208
vt 0.652871 0.942019
vt 0.638228 0.943665
vt 0.956447 0.625149
vt 0.953784 0.621517
vt 0.953784 0.563722
vt 0.956447 0.559359
vt 0.955444 0.828365
vt 0.952763 0.824647
vt 0.952763 0.766222
vt 0.955444 0.761858
vt 0.403588 0.708039
vt 0.406670 0.783442
vt 0.373738 0.783442
vt 0.375381 0.708039
vt 0.342209 0.685376
vt 0.345679 0.761584
vt 0.312768 0.761584
vt 0.314019 0.685376
vt 0.557115 0.978403
vt 0.550901 0.975588
vt 0.550901 0.963663
vt 0.557115 0.960867
vt 0.144915 0.966308
vt 0.138076 0.965010
vt 0.138076 0.948802
vt 0.144915 0.947505
vt 0.901492 0.216100
vt 0.895252 0.213274
vt 0.895252 0.201348
vt 0.901492 0.198564
vt 0.479178 0.341784
vt 0.481125 0.360161
vt 0.433330 0.356131
vt 0.427900 0.337460
vt 0.976595 0.063476
vt 0.974443 0.063450
vt 0.974443 0.045369
vt 0.976595 0.045395
vt 0.113739 0.221020
vt 0.111626 0.239475
vt 0.710299 0.946399
vt 0.712195 0.945690
vt 0.712195 0.955736
vt 0.710299 0.957124
vt 0.377967 0.581614
vt 0.362077 0.586137
vt 0.362077 0.570941
vt 0.377967 0.564507
vt 0.312767 0.600170
vt 0.312767 0.590905
vt 0.479815 0.774169
vt 0.469818 0.770640
vt 0.461363 0.719887
vt 0.477047 0.719517
vt 0.377967 0.601629
vt 0.362077 0.603915
vt 0.144588 0.239140
vt 0.125165 0.296541
vt 0.115904 0.296635
vt 0.129398 0.239295
vt 0.150846 0.220643
vt 0.133746 0.220817
vt 0.615400 0.623879
vt 0.613691 0.612654
vt 0.106593 0.355065
vt 0.102958 0.366985
vt 0.098100 0.367035
vt 0.101159 0.355120
vt 0.913562 0.835209
vt 0.915540 0.835169
vt 0.915540 0.839838
vt 0.913562 0.839878
vt 0.119224 0.313645
vt 0.111787 0.313721
vt 0.928315 0.784383
vt 0.922974 0.784411
vt 0.922974 0.761886
vt 0.928315 0.761858
vt 0.623672 0.678932
vt 0.621340 0.662885
vt 0.964597 0.214204
vt 0.961256 0.214015
vt 0.961256 0.181554
vt 0.964597 0.181743
vt 0.378405 0.394978
vt 0.354121 0.379168
vt 0.359767 0.366172
vt 0.389171 0.370196
vt 0.246047 0.013526
vt 0.241774 0.103812
vt 0.220118 0.103812
vt 0.230532 0.013526
vt 0.959271 0.340489
vt 0.956997 0.339888
vt 0.956922 0.284868
vt 0.959271 0.282861
vt 0.072315 0.925486
vt 0.069624 0.924784
vt 0.961976 0.484231
vt 0.961976 0.479319
vt 0.966010 0.479319
vt 0.966010 0.484231
vt 0.961976 0.472217
vt 0.966010 0.472217
vt 0.961976 0.465115
vt 0.966010 0.465115
vt 0.961976 0.458013
vt 0.966010 0.458013
vt 0.961976 0.450911
vt 0.966010 0.450911
vt 0.190358 0.300191
vt 0.233093 0.293291
vt 0.188638 0.288449
vt 0.186919 0.276707
vt 0.229653 0.269807
vt 0.231373 0.281549
vt 0.185199 0.264965
vt 0.183479 0.253223
vt 0.226214 0.246323
vt 0.227934 0.258065
vt 0.710504 0.626557
vt 0.708659 0.614823
vt 0.722554 0.612638
vt 0.724400 0.624372
vt 0.706813 0.603089
vt 0.720709 0.600904
vt 0.704967 0.591354
vt 0.718863 0.589169
vt 0.703122 0.579620
vt 0.717018 0.577435
vt 0.701276 0.567886
vt 0.715172 0.565700
vt 0.535746 0.632456
vt 0.535746 0.644331
vt 0.492874 0.644738
vt 0.492874 0.632864
vt 0.535746 0.656205
vt 0.492874 0.656613
vt 0.535746 0.668080
vt 0.492874 0.668488
vt 0.535746 0.679954
vt 0.492874 0.680362
vt 0.535746 0.691829
vt 0.492874 0.692237
vt 0.221179 0.239357
vt 0.221685 0.242812
vt 0.224618 0.262841
vt 0.225124 0.266296
vt 0.228058 0.286325
vt 0.228564 0.289781
vt 0.186795 0.248446
vt 0.186289 0.244991
vt 0.190234 0.271930
vt 0.189728 0.268475
vt 0.193674 0.295414
vt 0.193168 0.291959
vt 0.936806 0.567719
vt 0.922590 0.561733
vt 0.922590 0.538231
vt 0.936806 0.532170
vt 0.002854 0.906622
vt 0.017018 0.912799
vt 0.017018 0.934713
vt 0.002854 0.939768
vt 0.456872 0.216915
vt 0.457464 0.202918
vt 0.459775 0.202918
vt 0.460367 0.216915
vt 0.985363 0.253389
vt 0.987671 0.253423
vt 0.987671 0.276788
vt 0.985363 0.276755
vt 0.079643 0.968933
vt 0.081952 0.968967
vt 0.081952 0.992332
vt 0.079643 0.992298
vt 0.735840 0.969482
vt 0.738148 0.969516
vt 0.738148 0.992881
vt 0.735840 0.992847
vt 0.311811 0.989450
vt 0.312403 0.975238
vt 0.314714 0.975238
vt 0.315306 0.989450
vt 0.936259 0.927083
vt 0.922043 0.921097
vt 0.922043 0.897595
vt 0.936259 0.891534
vt 0.910910 0.993989
vt 0.911502 0.979993
vt 0.913813 0.979993
vt 0.914405 0.993989
vt 0.492874 0.908200
vt 0.507038 0.914377
vt 0.507038 0.936291
vt 0.492874 0.941346
vt 0.030137 0.989364
vt 0.030729 0.975152
vt 0.033040 0.975152
vt 0.033632 0.989364
vt 0.412774 0.904694
vt 0.426937 0.910872
vt 0.426937 0.932786
vt 0.412774 0.937840
vt 0.484483 0.216915
vt 0.485076 0.202918
vt 0.487386 0.202918
vt 0.487979 0.216915
vt 0.931989 0.111456
vt 0.917773 0.105470
vt 0.917773 0.081968
vt 0.931989 0.075907
vt 0.931793 0.626495
vt 0.932386 0.612283
vt 0.934696 0.612283
vt 0.935289 0.626495
vt 0.994064 0.351581
vt 0.993028 0.351581
vt 0.993028 0.330023
vt 0.994064 0.330023
vt 0.541455 0.880759
vt 0.542902 0.828790
vt 0.555926 0.828790
vt 0.562444 0.880759
vt 0.637899 0.280404
vt 0.662051 0.262455
vt 0.678638 0.271753
vt 0.669526 0.298135
vt 0.694109 0.274518
vt 0.699027 0.303407
vt 0.541455 0.640521
vt 0.547475 0.632456
vt 0.557223 0.632456
vt 0.568286 0.640521
vt 0.770455 0.987979
vt 0.766337 0.988064
vt 0.766337 0.967678
vt 0.770455 0.967594
vt 0.980066 0.602136
vt 0.979028 0.602181
vt 0.979028 0.559405
vt 0.980066 0.559359
vt 0.689427 0.222839
vt 0.699027 0.224554
vt 0.535414 0.859867
vt 0.533791 0.911902
vt 0.524174 0.911902
vt 0.519916 0.859867
vt 0.544675 0.665607
vt 0.541455 0.665572
vt 0.544675 0.643742
vt 0.565066 0.687958
vt 0.544675 0.687958
vt 0.565066 0.665607
vt 0.568286 0.665572
vt 0.565066 0.643742
vt 0.675425 0.965363
vt 0.679842 0.965319
vt 0.679842 0.985711
vt 0.675425 0.985754
vt 0.965544 0.783703
vt 0.961153 0.783767
vt 0.961153 0.761923
vt 0.965544 0.761858
vt 0.965722 0.093231
vt 0.961373 0.093272
vt 0.961373 0.070929
vt 0.965722 0.070888
vt 0.950537 0.483829
vt 0.954687 0.438896
vt 0.956267 0.438987
vt 0.956267 0.484991
vt 0.786046 0.890628
vt 0.755453 0.879554
vt 0.755453 0.859488
vt 0.786046 0.857218
vt 0.416217 0.385408
vt 0.409751 0.400293
vt 0.299656 0.549416
vt 0.286100 0.520582
vt 0.286100 0.433078
vt 0.299656 0.403727
vt 0.880005 0.355833
vt 0.883120 0.366629
vt 0.864995 0.359215
vt 0.872775 0.352539
vt 0.383676 0.599073
vt 0.383807 0.669521
vt 0.419910 0.399497
vt 0.422191 0.395289
vt 0.277332 0.439916
vt 0.277480 0.514499
vt 0.992199 0.811805
vt 0.992199 0.834387
vt 0.990628 0.834454
vt 0.990699 0.811921
vt 0.881628 0.310109
vt 0.883120 0.310789
vt 0.237294 0.487683
vt 0.236771 0.464943
vt 0.041985 0.760069
vt 0.002854 0.732628
vt 0.003913 0.709997
vt 0.041985 0.685233
vt 0.128540 0.127909
vt 0.129672 0.140429
vt 0.105173 0.128146
vt 0.103071 0.015845
vt 0.120036 0.015672
vt 0.119271 0.003149
vt 0.148253 0.002854
vt 0.136634 0.015504
vt 0.166313 0.140056
vt 0.151399 0.127676
vt 0.638930 0.718521
vt 0.657938 0.684640
vt 0.657938 0.799651
vt 0.638228 0.795789
vt 0.128411 0.123461
vt 0.128336 0.119661
vt 0.145874 0.119482
vt 0.145948 0.123283
vt 0.986982 0.713592
vt 0.984517 0.713616
vt 0.984517 0.699674
vt 0.986982 0.699650
vt 0.276752 0.709228
vt 0.296579 0.707060
vt 0.296579 0.816914
vt 0.277607 0.784280
vt 0.208473 0.908467
vt 0.206303 0.908478
vt 0.206303 0.891874
vt 0.208473 0.894823
vt 0.223986 0.908271
vt 0.226156 0.908227
vt 0.226156 0.919220
vt 0.223986 0.917546
vt 0.206303 0.925450
vt 0.208473 0.922413
vt 0.226156 0.897473
vt 0.223986 0.899197
vt 0.993806 0.439444
vt 0.996249 0.438897
vt 0.996249 0.454782
vt 0.993806 0.455329
vt 0.964880 0.982520
vt 0.967369 0.982483
vt 0.967369 0.991548
vt 0.964880 0.991585
vt 0.781118 0.974785
vt 0.783616 0.975593
vt 0.783616 0.991659
vt 0.781118 0.990850
vt 0.636875 0.425920
vt 0.624028 0.425956
vt 0.663248 0.379057
vt 0.667052 0.389834
vt 0.010234 0.631258
vt 0.060327 0.631258
vt 0.895817 0.136893
vt 0.885391 0.143948
vt 0.885391 0.086037
vt 0.895817 0.092443
vt 0.667052 0.460301
vt 0.663343 0.470749
vt 0.053862 0.673006
vt 0.060593 0.679524
vt 0.010500 0.679524
vt 0.017158 0.673006
vt 0.016964 0.637777
vt 0.053668 0.637777
vt 0.079643 0.826895
vt 0.114872 0.826700
vt 0.114872 0.863404
vt 0.079643 0.863599
vt 0.230664 0.967868
vt 0.227004 0.967882
vt 0.227004 0.931173
vt 0.230664 0.931159
vt 0.810298 0.973044
vt 0.806537 0.973045
vt 0.806537 0.936858
vt 0.810298 0.936857
vt 0.471121 0.972524
vt 0.467457 0.972739
vt 0.467457 0.937213
vt 0.471121 0.936998
vt 0.148510 0.816912
vt 0.155747 0.822806
vt 0.123767 0.829413
vt 0.132944 0.820127
vt 0.142278 0.772115
vt 0.136094 0.766003
vt 0.155747 0.761943
vt 0.148510 0.770828
vt 0.135584 0.813581
vt 0.147095 0.811202
vt 0.966679 0.898077
vt 0.963124 0.892648
vt 0.963124 0.857298
vt 0.966679 0.850276
vt 0.147095 0.777122
vt 0.142486 0.778074
vt 0.306377 0.418107
vt 0.305365 0.418107
vt 0.305365 0.403727
vt 0.306377 0.403727
vt 0.465309 0.710724
vt 0.467990 0.704451
vt 0.471800 0.705035
vt 0.472575 0.711839
vt 0.786856 0.823403
vt 0.797164 0.823403
vt 0.797164 0.841181
vt 0.786856 0.841181
vt 0.839309 0.854832
vt 0.839130 0.860770
vt 0.828295 0.860770
vt 0.835306 0.854832
vt 0.766444 0.843825
vt 0.766522 0.851510
vt 0.755453 0.851510
vt 0.762355 0.843825
vt 0.878597 0.295241
vt 0.880338 0.304400
vt 0.864995 0.300571
vt 0.871256 0.294819
vt 0.873384 0.288208
vt 0.876489 0.222838
vt 0.880338 0.223060
vt 0.877234 0.288430
vt 0.839315 0.848183
vt 0.841460 0.848183
vt 0.843400 0.854832
vt 0.766406 0.837162
vt 0.768503 0.837162
vt 0.770444 0.843825
vt 0.858465 0.972547
vt 0.858465 0.991657
vt 0.855915 0.991605
vt 0.855915 0.972495
vt 0.476005 0.643960
vt 0.479815 0.644544
vt 0.838702 0.783746
vt 0.840847 0.783746
vt 0.765452 0.772107
vt 0.767549 0.772107
vt 0.269149 0.187186
vt 0.269235 0.207961
vt 0.243164 0.145635
vt 0.240708 0.136466
vt 0.268978 0.145635
vt 0.256551 0.207961
vt 0.258034 0.217130
vt 0.238039 0.217130
vt 0.244143 0.207961
vt 0.226654 0.166410
vt 0.215405 0.163354
vt 0.204087 0.136466
vt 0.217910 0.145635
vt 0.979848 0.458911
vt 0.978467 0.458911
vt 0.978467 0.438897
vt 0.979848 0.438897
vt 0.950901 0.246468
vt 0.956070 0.246468
vt 0.956070 0.271746
vt 0.950901 0.271746
vt 0.654788 0.632807
vt 0.649465 0.632648
vt 0.649465 0.612654
vt 0.654788 0.612813
vt 0.918132 0.287221
vt 0.923342 0.287221
vt 0.923342 0.299917
vt 0.918132 0.299917
vt 0.218834 0.720648
vt 0.223090 0.722079
vt 0.223090 0.742854
vt 0.218834 0.738596
vt 0.198394 0.684668
vt 0.197276 0.680422
vt 0.223090 0.680528
vt 0.218834 0.684752
vt 0.209738 0.738558
vt 0.210406 0.742802
vt 0.197998 0.742751
vt 0.200839 0.738522
vt 0.185879 0.702564
vt 0.180681 0.701129
vt 0.172022 0.680318
vt 0.178398 0.684586
vt 0.691228 0.798684
vt 0.695009 0.816647
vt 0.686111 0.816611
vt 0.678630 0.798632
vt 0.996460 0.796475
vt 0.995090 0.796475
vt 0.995090 0.787371
vt 0.996460 0.787371
vt 0.061424 0.945399
vt 0.062839 0.945351
vt 0.062839 0.961406
vt 0.061424 0.961454
vt 0.228799 0.719129
vt 0.230209 0.719146
vt 0.230209 0.738552
vt 0.228799 0.738535
vt 0.673588 0.303518
vt 0.694204 0.307203
vt 0.690769 0.363775
vt 0.695033 0.369195
vt 0.662888 0.363450
vt 0.667879 0.359684
vt 0.781118 0.951282
vt 0.786727 0.948143
vt 0.786727 0.969076
vt 0.781118 0.966473
vt 0.002854 0.948744
vt 0.008463 0.945476
vt 0.008463 0.968712
vt 0.002854 0.965999
vt 0.166061 0.934065
vt 0.160448 0.936683
vt 0.160448 0.881933
vt 0.166061 0.884991
vt 0.952496 0.749492
vt 0.947032 0.751334
vt 0.947032 0.699650
vt 0.952496 0.703168
vt 0.443711 0.255031
vt 0.477852 0.257910
vt 0.471354 0.332509
vt 0.437213 0.329630
vt 0.441545 0.279897
vt 0.433225 0.276324
vt 0.473520 0.307642
vt 0.481840 0.311216
vt 0.325687 0.996030
vt 0.323129 0.996161
vt 0.323129 0.981877
vt 0.325687 0.981746
vt 0.926367 0.967082
vt 0.922043 0.967084
vt 0.922043 0.932794
vt 0.926367 0.932792
vt 0.934024 0.810467
vt 0.938531 0.809469
vt 0.938531 0.833274
vt 0.934024 0.834272
vt 0.860239 0.966786
vt 0.855915 0.966733
vt 0.855915 0.932460
vt 0.860239 0.932514
vt 0.656503 0.519878
vt 0.659341 0.519602
vt 0.656503 0.546149
vt 0.631696 0.521916
vt 0.628858 0.522106
vt 0.628858 0.495385
vt 0.631696 0.497818
vt 0.659341 0.490912
vt 0.656503 0.494179
vt 0.631696 0.546548
vt 0.652699 0.542346
vt 0.635017 0.542631
vt 0.652699 0.519912
vt 0.821760 0.926267
vt 0.817703 0.926450
vt 0.817703 0.902098
vt 0.821760 0.905243
vt 0.755453 0.971404
vt 0.759590 0.968521
vt 0.759590 0.988049
vt 0.755453 0.985323
vt 0.245962 0.007517
vt 0.246079 0.002854
vt 0.270718 0.007517
vt 0.273001 0.131803
vt 0.240966 0.131803
vt 0.209626 0.131803
vt 0.217113 0.002854
vt 0.221743 0.007517
vt 0.796275 0.012346
vt 0.808084 0.002854
vt 0.808084 0.136999
vt 0.792066 0.112240
vt 0.993636 0.220654
vt 0.995337 0.220629
vt 0.995337 0.239333
vt 0.993636 0.239358
vt 0.972388 0.893421
vt 0.975616 0.888583
vt 0.975616 0.911109
vt 0.972388 0.915946
vt 0.786417 0.248089
vt 0.802782 0.222839
vt 0.802782 0.357040
vt 0.791354 0.348000
vt 0.386832 0.341004
vt 0.389171 0.341203
vt 0.386832 0.367510
vt 0.362106 0.313910
vt 0.386832 0.313910
vt 0.362106 0.364126
vt 0.362106 0.339294
vt 0.359767 0.339169
vt 0.365773 0.317585
vt 0.383165 0.317585
vt 0.383165 0.340693
vt 0.383165 0.363299
vt 0.365773 0.360919
vt 0.365773 0.339490
vt 0.276752 0.896751
vt 0.294144 0.897954
vt 0.294144 0.919859
vt 0.276752 0.919859
vt 0.922043 0.975391
vt 0.924395 0.972792
vt 0.924395 0.989253
vt 0.922043 0.991852
vt 0.545192 0.947161
vt 0.541455 0.947216
vt 0.541455 0.925807
vt 0.545192 0.925752
vt 0.964786 0.513546
vt 0.968488 0.513511
vt 0.968488 0.536611
vt 0.964786 0.536647
vt 0.246598 0.371238
vt 0.194518 0.379647
vt 0.190575 0.329836
vt 0.242654 0.321427
vt 0.625872 0.167589
vt 0.637667 0.156254
vt 0.637667 0.211857
vt 0.625872 0.200623
vt 0.926167 0.350284
vt 0.914929 0.360805
vt 0.914929 0.310109
vt 0.926167 0.321870
vt 0.934024 0.762856
vt 0.938531 0.761858
vt 0.938531 0.785663
vt 0.934024 0.786661
vt 0.302389 0.995258
vt 0.299852 0.995123
vt 0.299852 0.980585
vt 0.302389 0.980721
vt 0.988227 0.179923
vt 0.990472 0.179909
vt 0.990472 0.204190
vt 0.988227 0.204204
vt 0.484503 0.280648
vt 0.475686 0.282776
vt 0.430562 0.306892
vt 0.439379 0.304763
vt 0.228799 0.680318
vt 0.230209 0.680335
vt 0.230209 0.699740
vt 0.228799 0.699724
vt 0.061424 0.913290
vt 0.062839 0.913243
vt 0.062839 0.929297
vt 0.061424 0.929345
vt 0.683665 0.762757
vt 0.687447 0.780721
vt 0.671150 0.780654
vt 0.663670 0.762675
vt 0.189340 0.721940
vt 0.193359 0.720543
vt 0.223090 0.701304
vt 0.218834 0.702700
vt 0.654788 0.672794
vt 0.649465 0.672634
vt 0.649465 0.652641
vt 0.654788 0.652800
vt 0.226722 0.190242
vt 0.235399 0.187186
vt 0.269064 0.166410
vt 0.034212 0.900386
vt 0.030737 0.899498
vt 0.030737 0.877747
vt 0.034212 0.875687
vt 0.501940 0.947454
vt 0.505386 0.947055
vt 0.505386 0.974119
vt 0.501940 0.974519
vt 0.928315 0.829432
vt 0.922974 0.829460
vt 0.922974 0.806936
vt 0.928315 0.806907
vt 0.928542 0.205304
vt 0.924074 0.204286
vt 0.924074 0.180058
vt 0.928542 0.181077
vt 0.126901 0.986578
vt 0.123767 0.984551
vt 0.123767 0.962213
vt 0.126901 0.961213
vt 0.985557 0.438897
vt 0.988097 0.440477
vt 0.988097 0.464312
vt 0.985557 0.465961
vt 0.573995 0.679155
vt 0.574897 0.679124
vt 0.574897 0.696163
vt 0.573995 0.696195
vt 0.747695 0.906196
vt 0.748592 0.906259
vt 0.756015 0.428978
vt 0.751016 0.433983
vt 0.726753 0.434050
vt 0.721753 0.429073
vt 0.726753 0.449028
vt 0.721753 0.454033
vt 0.751016 0.448961
vt 0.756015 0.453938
vt 0.756015 0.379057
vt 0.751016 0.384062
vt 0.726753 0.384129
vt 0.721753 0.379152
vt 0.726753 0.399107
vt 0.721753 0.404112
vt 0.751016 0.399040
vt 0.756015 0.404017
vt 0.751016 0.409023
vt 0.726753 0.409090
vt 0.726753 0.424067
vt 0.751016 0.424000
vt 0.608595 0.920226
vt 0.623572 0.920267
vt 0.623572 0.944531
vt 0.608595 0.944489
vt 0.153053 0.941796
vt 0.138076 0.941755
vt 0.138076 0.917492
vt 0.153053 0.917533
vt 0.519916 0.917610
vt 0.534893 0.917652
vt 0.534893 0.941915
vt 0.519916 0.941874
vt 0.991752 0.431867
vt 0.989535 0.431868
vt 0.989535 0.407586
vt 0.991752 0.407584
vt 0.990330 0.904561
vt 0.988085 0.904575
vt 0.988085 0.880295
vt 0.990330 0.880280
vt 0.504477 0.994901
vt 0.501940 0.994765
vt 0.501940 0.980227
vt 0.504477 0.980363
vt 0.111059 0.981610
vt 0.113618 0.981479
vt 0.113618 0.995763
vt 0.111059 0.995894
vt 0.990990 0.515195
vt 0.988773 0.515196
vt 0.988773 0.490914
vt 0.990990 0.490912
vt 0.988085 0.850291
vt 0.990330 0.850276
vt 0.990330 0.874557
vt 0.988085 0.874572
vt 0.072161 0.995159
vt 0.069624 0.995023
vt 0.069624 0.980485
vt 0.072161 0.980621
vt 0.611153 0.995971
vt 0.608595 0.996102
vt 0.608595 0.981818
vt 0.611153 0.981687
vt 0.063642 0.991445
vt 0.061424 0.991446
vt 0.061424 0.967164
vt 0.063642 0.967162
vt 0.477194 0.364110
vt 0.439319 0.360916
vt 0.453570 0.409916
vt 0.482303 0.412339
vt 0.472044 0.369340
vt 0.447057 0.367233
vt 0.457929 0.404619
vt 0.475942 0.406138
vt 0.886046 0.258362
vt 0.899327 0.222838
vt 0.905674 0.226308
vt 0.905674 0.269093
vt 0.974443 0.002889
vt 0.976731 0.002854
vt 0.976731 0.039626
vt 0.974443 0.039661
vt 0.973562 0.213793
vt 0.971314 0.213686
vt 0.971314 0.175552
vt 0.973562 0.175659
vt 0.989957 0.946870
vt 0.987805 0.946871
vt 0.987805 0.921775
vt 0.989957 0.921774
vt 0.819469 0.859385
vt 0.812962 0.864729
vt 0.802905 0.862798
vt 0.794843 0.854658
vt 0.807329 0.887466
vt 0.801717 0.892981
vt 0.812962 0.888548
vt 0.819469 0.896389
vt 0.627281 0.477082
vt 0.627281 0.484784
vt 0.625459 0.484434
vt 0.624028 0.476457
vt 0.951213 0.306356
vt 0.945402 0.340489
vt 0.942624 0.338683
vt 0.942624 0.300772
vt 0.337891 0.916463
vt 0.337891 0.956603
vt 0.336161 0.957278
vt 0.332543 0.918549
vt 0.254586 0.871763
vt 0.254586 0.912350
vt 0.248825 0.916569
vt 0.236771 0.884811
vt 0.127945 0.094729
vt 0.115096 0.094859
vt 0.110483 0.123643
vt 0.140515 0.094601
vt 0.144283 0.090114
vt 0.407060 0.979624
vt 0.405042 0.976333
vt 0.405042 0.946696
vt 0.407060 0.949987
vt 0.016280 0.974641
vt 0.014172 0.978097
vt 0.014172 0.948932
vt 0.016280 0.945476
vt 0.913311 0.765013
vt 0.917149 0.764956
vt 0.917149 0.777798
vt 0.913311 0.777854
vt 0.594899 0.983247
vt 0.593996 0.982355
vt 0.593996 0.948945
vt 0.594899 0.947986
vt 0.102903 0.315002
vt 0.095398 0.315078
vt 0.095839 0.353983
vt 0.098059 0.353961
vt 0.100231 0.353938
vt 0.110246 0.314927
vt 0.923720 0.414789
vt 0.918754 0.451654
vt 0.916651 0.451654
vt 0.916607 0.414789
vt 0.982533 0.671561
vt 0.981711 0.670679
vt 0.981711 0.633446
vt 0.982533 0.632266
vt 0.594148 0.482900
vt 0.592839 0.482723
vt 0.592839 0.480686
vt 0.594148 0.480751
vt 0.995518 0.165189
vt 0.994381 0.165048
vt 0.994381 0.157933
vt 0.995518 0.157681
vt 0.557183 0.482785
vt 0.557835 0.482792
vt 0.557835 0.484279
vt 0.557183 0.484931
vt 0.560388 0.484279
vt 0.561041 0.484931
vt 0.561041 0.482785
vt 0.560388 0.482792
vt 0.560388 0.481338
vt 0.561041 0.480686
vt 0.557835 0.481338
vt 0.557183 0.480686
vt 0.587130 0.482173
vt 0.584577 0.482173
vt 0.584577 0.480686
vt 0.587130 0.480686
vt 0.457248 0.970650
vt 0.457248 0.991025
vt 0.455763 0.991004
vt 0.455763 0.970628
vt 0.796329 0.990977
vt 0.796329 0.970797
vt 0.797783 0.970810
vt 0.797783 0.990991
vt 0.040169 0.992175
vt 0.040169 0.971679
vt 0.042721 0.971705
vt 0.042721 0.992200
vt 0.225663 0.191940
vt 0.207518 0.193620
vt 0.204639 0.192209
vt 0.221825 0.215494
vt 0.220948 0.217130
vt 0.235623 0.215559
vt 0.166313 0.195801
vt 0.163491 0.197222
vt 0.145683 0.195582
vt 0.144602 0.193897
vt 0.136106 0.219238
vt 0.149946 0.219019
vt 0.345294 0.767292
vt 0.343660 0.769786
vt 0.314654 0.784066
vt 0.312767 0.783243
vt 0.320589 0.807200
vt 0.319492 0.809510
vt 0.343663 0.795871
vt 0.345294 0.796782
vt 0.343691 0.799277
vt 0.321350 0.810375
vt 0.155457 0.166977
vt 0.156433 0.168757
vt 0.146790 0.192471
vt 0.165553 0.194095
vt 0.345294 0.826272
vt 0.343666 0.825346
vt 0.203196 0.138286
vt 0.174664 0.143543
vt 0.172022 0.142368
vt 0.188985 0.165545
vt 0.188331 0.167289
vt 0.213260 0.162019
vt 0.214427 0.165136
vt 0.191093 0.168544
vt 0.205397 0.190502
vt 0.224462 0.188816
vt 0.473303 0.906786
vt 0.473303 0.931289
vt 0.461275 0.927397
vt 0.455763 0.901848
vt 0.311811 0.942887
vt 0.315395 0.920574
vt 0.326834 0.916463
vt 0.326834 0.938159
vt 0.341726 0.771059
vt 0.341729 0.794030
vt 0.320132 0.804579
vt 0.316182 0.783634
vt 0.662763 0.892726
vt 0.683370 0.902845
vt 0.683370 0.920318
vt 0.662885 0.914694
vt 0.713404 0.903697
vt 0.689078 0.908038
vt 0.689172 0.884782
vt 0.713404 0.874685
vt 0.631622 0.889900
vt 0.631622 0.914517
vt 0.614193 0.910423
vt 0.608595 0.884822
vt 0.932160 0.727521
vt 0.935577 0.728053
vt 0.941323 0.749023
vt 0.938685 0.751334
vt 0.479012 0.953159
vt 0.482398 0.953462
vt 0.482398 0.978830
vt 0.479012 0.978526
vt 0.831698 0.993884
vt 0.828295 0.993265
vt 0.829132 0.980658
vt 0.831698 0.980042
vt 0.984919 0.837591
vt 0.981728 0.836437
vt 0.984053 0.814252
vt 0.984919 0.811805
vt 0.985482 0.059978
vt 0.982759 0.059155
vt 0.982440 0.034542
vt 0.985482 0.034222
vt 0.980002 0.624402
vt 0.978223 0.623169
vt 0.976840 0.611383
vt 0.980002 0.610659
vt 0.665814 0.986862
vt 0.662763 0.985625
vt 0.665087 0.963501
vt 0.665814 0.961140
vt 0.982519 0.205601
vt 0.979723 0.204791
vt 0.979270 0.180258
vt 0.982519 0.179909
vt 0.343945 0.951004
vt 0.346919 0.950720
vt 0.346919 0.977863
vt 0.343945 0.978147
vt 0.940161 0.711054
vt 0.941323 0.712983
vt 0.323129 0.948926
vt 0.326322 0.948596
vt 0.326322 0.975707
vt 0.323129 0.976037
vt 0.621099 0.976459
vt 0.617792 0.976265
vt 0.618858 0.951101
vt 0.621099 0.950239
vt 0.987871 0.752505
vt 0.984517 0.752180
vt 0.985510 0.733757
vt 0.987871 0.732963
vt 0.968418 0.352879
vt 0.964979 0.352338
vt 0.964979 0.333573
vt 0.968418 0.334114
vt 0.519916 0.971938
vt 0.522976 0.973283
vt 0.522976 0.989808
vt 0.519916 0.990704
vt 0.356102 0.976319
vt 0.353284 0.975540
vt 0.352628 0.951106
vt 0.356102 0.950720
vt 0.976019 0.844263
vt 0.972847 0.841676
vt 0.972847 0.813092
vt 0.976019 0.811805
vt 0.707930 0.469956
vt 0.706446 0.468472
vt 0.714086 0.468472
vt 0.712602 0.469956
vt 0.714086 0.473331
vt 0.712602 0.473331
vt 0.707930 0.474232
vt 0.706446 0.474966
vt 0.706446 0.473331
vt 0.707930 0.473331
vt 0.712602 0.475153
vt 0.707930 0.475153
vt 0.712602 0.474232
vt 0.714086 0.474966
vt 0.879292 0.483268
vt 0.881401 0.483237
vt 0.881401 0.484157
vt 0.879292 0.484188
vt 0.910048 0.064999
vt 0.907928 0.065020
vt 0.907928 0.060350
vt 0.910048 0.060329
vt 0.879292 0.478996
vt 0.881401 0.478965
vt 0.881401 0.482337
vt 0.879292 0.482368
vt 0.897016 0.484161
vt 0.894927 0.484180
vt 0.794843 0.990963
vt 0.794843 0.970782
vt 0.458701 0.970671
vt 0.458701 0.991047
vt 0.587130 0.483627
vt 0.584577 0.483627
vt 0.995518 0.172535
vt 0.994381 0.172008
vt 0.594148 0.485098
vt 0.592839 0.484805
vt 0.930677 0.414789
vt 0.920812 0.451654
vt 0.913311 0.752450
vt 0.917149 0.752394
vt 0.299852 0.920248
vt 0.304635 0.912685
vt 0.304635 0.921671
vt 0.299852 0.936225
vt 0.111059 0.869307
vt 0.115703 0.883640
vt 0.115703 0.896717
vt 0.111059 0.892557
vt 0.704105 0.780789
vt 0.704105 0.798737
vt 0.704105 0.762841
vt 0.964786 0.490948
vt 0.968488 0.490912
vt 0.545192 0.969045
vt 0.541455 0.969100
vt 0.276752 0.874144
vt 0.294144 0.876525
vt 0.371727 0.685430
vt 0.377369 0.685376
vt 0.377369 0.701769
vt 0.371727 0.701823
vt 0.828403 0.372247
vt 0.826962 0.373317
vt 0.826962 0.362830
vt 0.828403 0.361761
vt 0.821760 0.947759
vt 0.817703 0.951343
vt 0.652699 0.497966
vt 0.996460 0.805382
vt 0.995090 0.805382
vt 0.704105 0.816685
vt 0.918132 0.274801
vt 0.923342 0.274801
vt 0.950901 0.220629
vt 0.956070 0.220629
vt 0.979848 0.479371
vt 0.978467 0.479371
vt 0.764262 0.837162
vt 0.763308 0.772107
vt 0.837216 0.848183
vt 0.836603 0.783746
vt 0.777350 0.851510
vt 0.850206 0.860770
vt 0.093639 0.943823
vt 0.094682 0.943913
vt 0.094682 0.980770
vt 0.093639 0.980680
vt 0.964880 0.973254
vt 0.967369 0.973217
vt 0.986982 0.727231
vt 0.984517 0.727255
vt 0.110408 0.119843
vt 0.965722 0.115089
vt 0.961373 0.115130
vt 0.965544 0.806032
vt 0.961153 0.806097
vt 0.256889 0.974531
vt 0.255852 0.974531
vt 0.255852 0.952368
vt 0.256889 0.952368
vt 0.993103 0.070888
vt 0.994127 0.070888
vt 0.994127 0.092446
vt 0.993103 0.092446
vt 0.072315 0.943264
vt 0.069624 0.941875
vt 0.261906 0.013526
vt 0.263910 0.103812
vt 0.894927 0.478985
vt 0.897016 0.478965
vt 0.131562 0.014625
vt 0.115703 0.913133
vt 0.111059 0.921743
vt 0.766337 0.934047
vt 0.771308 0.929229
vt 0.771308 0.961885
vt 0.766337 0.959278
vt 0.823488 0.617987
vt 0.823488 0.603991
vt 0.880343 0.087926
vt 0.880343 0.139608
vt 0.936915 0.358182
vt 0.931876 0.360806
vt 0.931876 0.300772
vt 0.936915 0.304607
vt 0.391980 0.844635
vt 0.397008 0.852185
vt 0.373738 0.842468
vt 0.379455 0.839404
vt 0.387856 0.796171
vt 0.384099 0.789151
vt 0.397008 0.794542
vt 0.391980 0.797893
vt 0.854065 0.365291
vt 0.854065 0.369788
vt 0.849596 0.369743
vt 0.849596 0.365246
vt 0.959781 0.677994
vt 0.955069 0.677950
vt 0.955069 0.632266
vt 0.959781 0.632310
vt 0.441959 0.216488
vt 0.437767 0.216574
vt 0.437767 0.203004
vt 0.441959 0.202918
vt 0.662763 0.932084
vt 0.669716 0.926027
vt 0.669716 0.955431
vt 0.662763 0.949376
vt 0.050081 0.574957
vt 0.057988 0.599456
vt 0.043300 0.604513
vt 0.033742 0.580582
vt 0.863603 0.109708
vt 0.861347 0.136961
vt 0.857283 0.002854
vt 0.863603 0.008977
vt 0.859286 0.350831
vt 0.852379 0.356899
vt 0.857979 0.222839
vt 0.859286 0.250085
vt 0.009822 0.499337
vt 0.002854 0.496502
vt 0.019193 0.490877
vt 0.015639 0.497334
vt 0.043113 0.572122
vt 0.037296 0.574125
vt 0.039040 0.372859
vt 0.057988 0.424438
vt 0.055872 0.425167
vt 0.036924 0.373588
vt 0.357905 0.135662
vt 0.377751 0.002854
vt 0.421854 0.046136
vt 0.421854 0.198420
vt 0.455654 0.727396
vt 0.452271 0.854589
vt 0.450337 0.853460
vt 0.450337 0.724290
vt 0.798182 0.595856
vt 0.798182 0.496229
vt 0.773687 0.761442
vt 0.773687 0.658582
vt 0.851298 0.007815
vt 0.851298 0.110743
vt 0.846745 0.248966
vt 0.846745 0.351909
vt 0.702524 0.660311
vt 0.697586 0.632266
vt 0.725793 0.632266
vt 0.720819 0.660311
vt 0.967139 0.834845
vt 0.961153 0.839726
vt 0.961153 0.811805
vt 0.967139 0.816734
vt 0.442864 0.939453
vt 0.448850 0.934495
vt 0.448850 0.962712
vt 0.442864 0.957755
vt 0.113168 0.706593
vt 0.118058 0.734609
vt 0.089869 0.734609
vt 0.094883 0.706593
vt 0.105402 0.615108
vt 0.111737 0.609013
vt 0.093453 0.609013
vt 0.099967 0.615108
vt 0.721739 0.756963
vt 0.703444 0.756963
vt 0.094501 0.631520
vt 0.096433 0.631520
vt 0.257276 0.866055
vt 0.236771 0.847235
vt 0.236771 0.810032
vt 0.257276 0.785962
vt 0.835556 0.379057
vt 0.855456 0.403624
vt 0.855456 0.445433
vt 0.835556 0.469067
vt 0.760629 0.929230
vt 0.760629 0.962218
vt 0.758790 0.962813
vt 0.755453 0.930903
vt 0.626467 0.519392
vt 0.626467 0.498059
vt 0.583843 0.498528
vt 0.581451 0.495906
vt 0.583843 0.518124
vt 0.581451 0.520695
vt 0.357390 0.336397
vt 0.357390 0.314234
vt 0.315144 0.314234
vt 0.315144 0.334604
vt 0.312767 0.337173
vt 0.357390 0.363296
vt 0.357390 0.341738
vt 0.315144 0.339944
vt 0.315144 0.359748
vt 0.312767 0.362224
vt 0.626467 0.546608
vt 0.626467 0.524677
vt 0.583843 0.523409
vt 0.583843 0.543565
vt 0.514207 0.859867
vt 0.512939 0.902491
vt 0.493343 0.902491
vt 0.492874 0.859867
vt 0.025017 0.858666
vt 0.023224 0.900913
vt 0.002854 0.900913
vt 0.002854 0.858666
vt 0.879293 0.473256
vt 0.881046 0.430897
vt 0.900832 0.430057
vt 0.900832 0.472342
vt 0.727823 0.900487
vt 0.729598 0.857792
vt 0.749745 0.857193
vt 0.749745 0.899835
vt 0.972565 0.266378
vt 0.971521 0.266382
vt 0.971521 0.220633
vt 0.972565 0.220629
vt 0.991227 0.002854
vt 0.992251 0.002854
vt 0.992251 0.025018
vt 0.991227 0.025018
vt 0.575035 0.748433
vt 0.573995 0.748414
vt 0.573995 0.701904
vt 0.575035 0.701922
vt 0.602846 0.968680
vt 0.601803 0.968684
vt 0.601803 0.922403
vt 0.602846 0.922400
vt 0.995179 0.579729
vt 0.994148 0.579729
vt 0.994148 0.559359
vt 0.995179 0.559359
vt 0.971430 0.070888
vt 0.972470 0.070910
vt 0.972470 0.116908
vt 0.971430 0.116886
vt 0.995775 0.952579
vt 0.996804 0.952579
vt 0.996804 0.972383
vt 0.995775 0.972383
vt 0.979270 0.131603
vt 0.980311 0.131634
vt 0.980311 0.174200
vt 0.979270 0.174169
vt 0.995217 0.611446
vt 0.994187 0.611446
vt 0.994187 0.591077
vt 0.995217 0.591077
vt 0.981520 0.804125
vt 0.980478 0.804144
vt 0.980478 0.761877
vt 0.981520 0.761858
vt 0.995736 0.381932
vt 0.994704 0.381932
vt 0.994704 0.362128
vt 0.995736 0.362128
vt 0.979555 0.362128
vt 0.980591 0.362184
vt 0.980591 0.404616
vt 0.979555 0.404561
vt 0.238297 0.107159
vt 0.222461 0.107159
vt 0.214479 0.128456
vt 0.237682 0.128456
vt 0.261440 0.107159
vt 0.245058 0.107159
vt 0.244443 0.128456
vt 0.268357 0.128456
vt 0.244359 0.122759
vt 0.268273 0.122759
vt 0.965489 0.610712
vt 0.971132 0.610659
vt 0.971132 0.626504
vt 0.965489 0.626558
vt 0.638228 0.949373
vt 0.641316 0.954528
vt 0.641316 0.976786
vt 0.638228 0.971631
vt 0.214395 0.122759
vt 0.237598 0.122759
vt 0.986300 0.362128
vt 0.988995 0.366742
vt 0.988995 0.386013
vt 0.986300 0.381399
vt 0.988439 0.580295
vt 0.985775 0.585368
vt 0.985775 0.564433
vt 0.988439 0.559359
vt 0.855915 0.901599
vt 0.857784 0.903538
vt 0.857784 0.916546
vt 0.855915 0.917473
vt 0.866071 0.922939
vt 0.867941 0.926752
vt 0.866071 0.903795
vt 0.867941 0.901972
vt 0.855915 0.886070
vt 0.857784 0.887057
vt 0.857784 0.899776
vt 0.866071 0.900033
vt 0.866071 0.881311
vt 0.867941 0.877730
vt 0.896223 0.360050
vt 0.897908 0.360034
vt 0.897908 0.373037
vt 0.896223 0.373053
vt 0.840711 0.154597
vt 0.842120 0.155615
vt 0.842120 0.165297
vt 0.840711 0.164280
vt 0.024428 0.994278
vt 0.022727 0.994303
vt 0.022727 0.975177
vt 0.024428 0.975152
vt 0.852216 0.474775
vt 0.853381 0.476030
vt 0.853381 0.484168
vt 0.852216 0.482914
vt 0.901003 0.843000
vt 0.899874 0.844128
vt 0.899874 0.836297
vt 0.901003 0.835169
vt 0.405041 0.216843
vt 0.403355 0.216859
vt 0.403355 0.204144
vt 0.405041 0.204128
vt 0.165773 0.675185
vt 0.165773 0.670510
vt 0.165773 0.719433
vt 0.165773 0.714758
vt 0.649937 0.197642
vt 0.645352 0.198335
vt 0.693331 0.191242
vt 0.688746 0.191904
vt 0.688746 0.200672
vt 0.693331 0.202080
vt 0.645352 0.216113
vt 0.649937 0.212023
vt 0.492874 0.771035
vt 0.531684 0.765297
vt 0.531684 0.774065
vt 0.492874 0.785416
vt 0.981354 0.859044
vt 0.982376 0.859044
vt 0.981354 0.850276
vt 0.982376 0.850276
vt 0.981208 0.282897
vt 0.982259 0.282861
vt 0.982259 0.324107
vt 0.981208 0.324144
vt 0.130057 0.651965
vt 0.131383 0.643847
vt 0.147511 0.640269
vt 0.148862 0.647793
vt 0.881770 0.777854
vt 0.886875 0.747494
vt 0.899851 0.754779
vt 0.907603 0.777854
vt 0.827953 0.002854
vt 0.827953 0.137220
vt 0.813793 0.123467
vt 0.817760 0.012416
vt 0.163248 0.664802
vt 0.123767 0.658243
vt 0.126149 0.656437
vt 0.152081 0.650680
vt 0.845589 0.002854
vt 0.845589 0.147325
vt 0.833662 0.123397
vt 0.844771 0.004299
vt 0.704736 0.308414
vt 0.706080 0.306109
vt 0.727744 0.359109
vt 0.728826 0.367349
vt 0.709935 0.243518
vt 0.710756 0.247749
vt 0.728826 0.222839
vt 0.727744 0.229152
vt 0.847388 0.490912
vt 0.847388 0.600145
vt 0.829804 0.572396
vt 0.831028 0.508119
vt 0.923717 0.688671
vt 0.923717 0.746548
vt 0.915213 0.736063
vt 0.919455 0.703824
vt 0.797164 0.632266
vt 0.797164 0.763571
vt 0.794148 0.750361
vt 0.779396 0.642055
vt 0.733445 0.459742
vt 0.742297 0.484242
vt 0.721753 0.484242
vt 0.722308 0.460423
vt 0.073977 0.665681
vt 0.074292 0.609013
vt 0.084160 0.613717
vt 0.084160 0.675233
vt 0.159355 0.534244
vt 0.163248 0.529774
vt 0.140692 0.538409
vt 0.137480 0.535521
vt 0.861165 0.483799
vt 0.869688 0.379086
vt 0.873584 0.379057
vt 0.873584 0.483704
vt 0.887065 0.961628
vt 0.878631 0.956798
vt 0.878631 0.941537
vt 0.887065 0.943834
vt 0.892309 0.490912
vt 0.896916 0.498523
vt 0.896916 0.596347
vt 0.892309 0.604970
vt 0.406873 0.901408
vt 0.402717 0.893475
vt 0.402717 0.797195
vt 0.406873 0.789151
vt 0.154580 0.545098
vt 0.156512 0.542880
vt 0.145914 0.638836
vt 0.142098 0.547886
vt 0.140504 0.546453
vt 0.133322 0.641628
vt 0.632191 0.355494
vt 0.629391 0.364252
vt 0.618469 0.372540
vt 0.608660 0.373348
vt 0.857818 0.632266
vt 0.857818 0.764552
vt 0.854182 0.765336
vt 0.846227 0.634765
vt 0.632191 0.222838
vt 0.557183 0.279755
vt 0.412774 0.582993
vt 0.463829 0.492139
vt 0.487166 0.509474
vt 0.487166 0.638251
vt 0.100278 0.148628
vt 0.119977 0.148428
vt 0.107175 0.213186
vt 0.101139 0.213247
vt 0.100887 0.194341
vt 0.100530 0.167535
vt 0.116553 0.165748
vt 0.124361 0.167292
vt 0.119050 0.194156
vt 0.111242 0.192612
vt 0.672853 0.842925
vt 0.677129 0.822394
vt 0.683165 0.822394
vt 0.683225 0.841301
vt 0.663670 0.887018
vt 0.667269 0.869733
vt 0.683310 0.868110
vt 0.683370 0.887018
vt 0.996038 0.850276
vt 0.996923 0.850276
vt 0.996923 0.869983
vt 0.996038 0.869983
vt 0.573995 0.632488
vt 0.574897 0.632456
vt 0.574897 0.652696
vt 0.573995 0.652727
vt 0.748592 0.964825
vt 0.747695 0.964762
vt 0.935142 0.207877
vt 0.934251 0.207877
vt 0.934251 0.201839
vt 0.935142 0.201839
vt 0.136329 0.190587
vt 0.127682 0.212031
vt 0.153084 0.149038
vt 0.147185 0.163667
vt 0.137022 0.149201
vt 0.124595 0.212063
vt 0.127793 0.195885
vt 0.133104 0.169021
vt 0.142370 0.170301
vt 0.136264 0.185442
vt 0.131463 0.188422
vt 0.134450 0.173313
vt 0.145689 0.162073
vt 0.136654 0.162164
vt 0.131400 0.197504
vt 0.129664 0.197522
vt 0.299852 0.893719
vt 0.304635 0.897763
vt 0.115703 0.922054
vt 0.111059 0.937604
vt 0.299852 0.874144
vt 0.304635 0.886753
vt 0.679287 0.492715
vt 0.677974 0.490912
vt 0.691877 0.493100
vt 0.690074 0.494413
vt 0.677639 0.573437
vt 0.666852 0.571739
vt 0.679240 0.563260
vt 0.680798 0.563505
vt 0.677686 0.502892
vt 0.676128 0.502647
vt 0.690030 0.504834
vt 0.688473 0.504589
vt 0.688184 0.516568
vt 0.686626 0.516323
vt 0.686337 0.528303
vt 0.684780 0.528058
vt 0.684491 0.540037
vt 0.682933 0.539792
vt 0.682645 0.551771
vt 0.681087 0.551526
vt 0.666896 0.561318
vt 0.668454 0.561563
vt 0.668742 0.549584
vt 0.670300 0.549829
vt 0.670589 0.537849
vt 0.672147 0.538095
vt 0.672435 0.526115
vt 0.673993 0.526360
vt 0.674282 0.514381
vt 0.675839 0.514626
vt 0.179738 0.917156
vt 0.182936 0.950198
vt 0.172022 0.950198
vt 0.175705 0.917156
vt 0.403514 0.907117
vt 0.406873 0.940988
vt 0.395962 0.940988
vt 0.399483 0.907117
vt 0.118058 0.762377
vt 0.089486 0.750616
vt 0.089486 0.740318
vt 0.118058 0.757466
vt 0.392821 0.463963
vt 0.421568 0.475630
vt 0.421568 0.485922
vt 0.392821 0.468871
vt 0.118058 0.802786
vt 0.089486 0.820288
vt 0.089486 0.809989
vt 0.118058 0.797875
vt 0.089486 0.798115
vt 0.118058 0.790776
vt 0.089486 0.786240
vt 0.118058 0.783676
vt 0.089486 0.774365
vt 0.118058 0.776576
vt 0.089486 0.762491
vt 0.118058 0.769476
vt 0.392821 0.423579
vt 0.421568 0.406002
vt 0.421568 0.416293
vt 0.392821 0.428486
vt 0.421568 0.428161
vt 0.392821 0.435582
vt 0.421568 0.440028
vt 0.392821 0.442677
vt 0.421568 0.451895
vt 0.392821 0.449772
vt 0.421568 0.463763
vt 0.392821 0.456868
vt 0.898572 0.914563
vt 0.898556 0.900855
vt 0.900343 0.900279
vt 0.900343 0.913989
vt 0.473019 0.492832
vt 0.483851 0.500878
vt 0.397647 0.204128
vt 0.397647 0.213857
vt 0.396166 0.214742
vt 0.394457 0.206034
vt 0.855445 0.774091
vt 0.853758 0.774455
vt 0.689078 0.949251
vt 0.692449 0.947045
vt 0.692449 0.976544
vt 0.689078 0.974355
vt 0.701515 0.976543
vt 0.698158 0.974354
vt 0.698158 0.949251
vt 0.701515 0.947046
vt 0.972388 0.852857
vt 0.975645 0.850276
vt 0.975645 0.882874
vt 0.972388 0.880402
vt 0.892773 0.941537
vt 0.896026 0.944090
vt 0.896026 0.971927
vt 0.892773 0.974480
vt 0.605798 0.825294
vt 0.610934 0.830289
vt 0.581544 0.829997
vt 0.586674 0.825105
vt 0.822752 0.212409
vt 0.827887 0.217130
vt 0.798508 0.216640
vt 0.803636 0.212090
vt 0.586593 0.757669
vt 0.581451 0.752675
vt 0.610934 0.752967
vt 0.605798 0.757859
vt 0.803555 0.148851
vt 0.798415 0.144130
vt 0.827887 0.144622
vt 0.822752 0.149171
vt 0.811176 0.203636
vt 0.812498 0.188773
vt 0.814243 0.188802
vt 0.814975 0.203700
vt 0.940850 0.069507
vt 0.941919 0.054619
vt 0.943692 0.054619
vt 0.944709 0.069507
vt 0.604547 0.762661
vt 0.587676 0.762494
vt 0.895351 0.079462
vt 0.890351 0.078307
vt 0.890351 0.061498
vt 0.895351 0.060329
vt 0.947158 0.201707
vt 0.944353 0.197455
vt 0.944353 0.135869
vt 0.947158 0.131603
vt 0.944240 0.761858
vt 0.947055 0.766104
vt 0.947055 0.827670
vt 0.944240 0.831941
vt 0.821476 0.154124
vt 0.804611 0.153843
vt 0.337542 0.982119
vt 0.332543 0.980952
vt 0.332543 0.964144
vt 0.337542 0.962987
vt 0.598044 0.815578
vt 0.604547 0.821901
vt 0.587747 0.821735
vt 0.594243 0.815541
vt 0.821476 0.209677
vt 0.804683 0.209397
vt 0.594187 0.768817
vt 0.598044 0.768855
vt 0.811119 0.159821
vt 0.814975 0.159885
vt 0.595495 0.800998
vt 0.595469 0.779532
vt 0.597241 0.779550
vt 0.597241 0.801015
vt 0.812472 0.168644
vt 0.814243 0.168674
vt 0.949361 0.677841
vt 0.942338 0.665124
vt 0.942338 0.644187
vt 0.949361 0.632266
vt 0.944828 0.484953
vt 0.937829 0.472092
vt 0.937829 0.450934
vt 0.944828 0.438897
vt 0.002854 0.989300
vt 0.003881 0.974420
vt 0.005654 0.974420
vt 0.006714 0.989300
vt 0.944786 0.122005
vt 0.937698 0.109749
vt 0.937698 0.088571
vt 0.944786 0.075907
vt 0.479012 0.901848
vt 0.486088 0.913912
vt 0.486088 0.934862
vt 0.479012 0.947450
vt 0.818786 0.033266
vt 0.499151 0.033275
vt 0.500848 0.966726
vt 0.690704 0.966721
vt 1.131479 0.033258
vt 0.876436 0.966716
vt 0.179516 0.033283
vt 0.310993 0.966731
vt -0.133177 0.033291
vt 0.125261 0.966736
vt 0.889544 0.215380
vt 0.880343 0.215380
vt 0.880343 0.198565
vt 0.889544 0.198565
vt 0.055617 0.091663
vt 0.068466 0.091532
vt 0.749588 0.366696
vt 0.744916 0.366696
vt 0.744916 0.365775
vt 0.749588 0.365775
vt 0.749588 0.370972
vt 0.744916 0.370972
vt 0.744916 0.367597
vt 0.749588 0.367597
vt 0.043047 0.091790
vt 0.318048 0.101463
vt 0.333883 0.101463
vt 0.294904 0.101463
vt 0.311287 0.101463
vt 0.557817 0.199704
vt 0.557817 0.216520
vt 0.548617 0.216520
vt 0.548617 0.199704
vt 0.127870 0.090928
vt 0.115021 0.091059
vt 0.739207 0.370051
vt 0.739207 0.370972
vt 0.734535 0.370972
vt 0.734535 0.370051
vt 0.739207 0.365775
vt 0.739207 0.369151
vt 0.734535 0.369151
vt 0.734535 0.365775
vt 0.140440 0.090801
vt 0.238213 0.101463
vt 0.222378 0.101463
vt 0.261357 0.101463
vt 0.244974 0.101463
vt 0.508435 0.215912
vt 0.496515 0.215912
vt 0.496515 0.199704
vt 0.508435 0.199704
vt 0.635017 0.576643
vt 0.909220 0.331975
vt 0.888829 0.331975
vt 0.888829 0.310109
vt 0.909220 0.310109
vt 0.932120 0.471505
vt 0.932120 0.480579
vt 0.916607 0.484953
vt 0.916607 0.471309
vt 0.932120 0.462230
vt 0.916607 0.457362
vt 0.909220 0.354325
vt 0.888829 0.354325
vt 0.635017 0.555376
vt 0.912272 0.008085
vt 0.924797 0.002854
vt 0.924797 0.049596
vt 0.920673 0.051318
vt 0.412774 0.962950
vt 0.412774 0.949942
vt 0.421061 0.943549
vt 0.421061 0.962694
vt 0.373738 0.957679
vt 0.373738 0.944960
vt 0.382025 0.944704
vt 0.382025 0.963426
vt 0.526064 0.199704
vt 0.526064 0.215912
vt 0.514144 0.215912
vt 0.514144 0.199704
vt 0.635017 0.521365
vt 0.635017 0.500560
vt 0.848687 0.888829
vt 0.848687 0.910695
vt 0.828295 0.910695
vt 0.828295 0.888829
vt 0.704590 0.927194
vt 0.689078 0.927390
vt 0.689078 0.913747
vt 0.704590 0.918121
vt 0.704590 0.936469
vt 0.689078 0.941337
vt 0.848687 0.866479
vt 0.828295 0.866479
vt 0.923908 0.225859
vt 0.915507 0.269093
vt 0.911383 0.267371
vt 0.911383 0.220629
vt 0.079643 0.943823
vt 0.087930 0.944080
vt 0.087930 0.963224
vt 0.079643 0.956831
vt 0.727823 0.950798
vt 0.736110 0.945051
vt 0.736110 0.963773
vt 0.727823 0.963517
vt 0.304818 0.791822
vt 0.304740 0.801076
vt 0.303476 0.801111
vt 0.303553 0.791856
vt 0.302287 0.801257
vt 0.302365 0.792003
vt 0.030736 0.782507
vt 0.030736 0.772968
vt 0.031953 0.773060
vt 0.031953 0.782599
vt 0.033224 0.773069
vt 0.033224 0.782609
vt 0.034460 0.772996
vt 0.034460 0.782536
vt 0.916881 0.577060
vt 0.916881 0.586460
vt 0.915627 0.586397
vt 0.915627 0.576998
vt 0.914363 0.586435
vt 0.914363 0.577035
vt 0.913173 0.586570
vt 0.913173 0.577170
vt 0.303149 0.570537
vt 0.303149 0.560688
vt 0.304360 0.560704
vt 0.304360 0.570553
vt 0.305630 0.560707
vt 0.305630 0.570556
vt 0.306871 0.560695
vt 0.306871 0.570544
vt 0.907029 0.387604
vt 0.907011 0.378260
vt 0.908262 0.378328
vt 0.908280 0.387673
vt 0.909528 0.378292
vt 0.909546 0.387636
vt 0.910723 0.378152
vt 0.910741 0.387496
vt 0.902624 0.506279
vt 0.902624 0.496423
vt 0.903843 0.496428
vt 0.903843 0.506285
vt 0.905113 0.496429
vt 0.905113 0.506286
vt 0.906348 0.496424
vt 0.906348 0.506281
vt 0.907465 0.496414
vt 0.907465 0.506271
vt 0.570437 0.843803
vt 0.570255 0.835041
vt 0.571520 0.834965
vt 0.571701 0.843727
vt 0.904698 0.647629
vt 0.904698 0.637773
vt 0.905780 0.637789
vt 0.905780 0.647644
vt 0.906998 0.637797
vt 0.906998 0.647653
vt 0.908268 0.637798
vt 0.908268 0.647654
vt 0.905043 0.493988
vt 0.906110 0.493984
vt 0.909504 0.637791
vt 0.909504 0.647646
vt 0.306072 0.791901
vt 0.305994 0.801156
vt 0.634652 0.484136
vt 0.633778 0.484140
vt 0.633778 0.476461
vt 0.634652 0.476458
vt 0.903946 0.493987
vt 0.904041 0.492455
vt 0.904978 0.492455
vt 0.907103 0.635352
vt 0.908200 0.635353
vt 0.033157 0.770551
vt 0.034225 0.770487
vt 0.304476 0.558248
vt 0.305573 0.558249
vt 0.902893 0.493982
vt 0.572710 0.834742
vt 0.571326 0.832510
vt 0.572354 0.832318
vt 0.031008 0.770463
vt 0.032060 0.770543
vt 0.914513 0.588947
vt 0.913486 0.589064
vt 0.304700 0.803587
vt 0.303608 0.803617
vt 0.908288 0.375813
vt 0.909382 0.375782
vt 0.569002 0.834965
vt 0.569152 0.832511
vt 0.570234 0.832577
vt 0.909268 0.635346
vt 0.916688 0.588969
vt 0.915605 0.588915
vt 0.306645 0.558239
vt 0.906051 0.635345
vt 0.303430 0.558233
vt 0.910414 0.375661
vt 0.305784 0.803655
vt 0.302582 0.803743
vt 0.907207 0.375754
vt 0.034008 0.768869
vt 0.033095 0.768924
vt 0.032998 0.767204
vt 0.033666 0.767164
vt 0.303689 0.556688
vt 0.304584 0.556700
vt 0.305596 0.805285
vt 0.304670 0.805227
vt 0.303736 0.805252
vt 0.302859 0.805360
vt 0.568153 0.832319
vt 0.568449 0.830723
vt 0.569302 0.830887
vt 0.305521 0.556702
vt 0.031259 0.768848
vt 0.032158 0.768917
vt 0.570227 0.830943
vt 0.306437 0.556693
vt 0.571161 0.830886
vt 0.907390 0.374124
vt 0.908313 0.374175
vt 0.572039 0.830722
vt 0.909248 0.374148
vt 0.916511 0.590597
vt 0.915585 0.590551
vt 0.906300 0.633809
vt 0.907199 0.633815
vt 0.910130 0.374044
vt 0.914652 0.590579
vt 0.908137 0.633815
vt 0.903141 0.492450
vt 0.913774 0.590678
vt 0.306784 0.803818
vt 0.306451 0.805424
vt 0.652234 0.476978
vt 0.652829 0.476635
vt 0.653836 0.479064
vt 0.570916 0.829102
vt 0.571559 0.828982
vt 0.908354 0.372420
vt 0.909038 0.372400
vt 0.916230 0.592332
vt 0.915553 0.592298
vt 0.572803 0.830460
vt 0.572117 0.828790
vt 0.909683 0.372325
vt 0.914871 0.592318
vt 0.907352 0.632266
vt 0.908038 0.632267
vt 0.910899 0.373872
vt 0.910246 0.372199
vt 0.914228 0.592391
vt 0.305931 0.807137
vt 0.305305 0.807035
vt 0.304628 0.806992
vt 0.303946 0.807011
vt 0.904190 0.490912
vt 0.904876 0.490912
vt 0.304098 0.555124
vt 0.304752 0.555133
vt 0.303304 0.807090
vt 0.568932 0.828982
vt 0.569556 0.829103
vt 0.305438 0.555134
vt 0.031655 0.767149
vt 0.032312 0.767199
vt 0.570233 0.829144
vt 0.906540 0.373999
vt 0.907058 0.372292
vt 0.907679 0.372383
vt 0.843887 0.474869
vt 0.844774 0.474918
vt 0.844774 0.482128
vt 0.843887 0.482079
vt 0.656440 0.479406
vt 0.656263 0.480069
vt 0.656263 0.478057
vt 0.656440 0.478720
vt 0.652829 0.481492
vt 0.652234 0.481149
vt 0.651749 0.477463
vt 0.655920 0.477463
vt 0.653491 0.481669
vt 0.651406 0.478058
vt 0.655434 0.476978
vt 0.654178 0.481669
vt 0.651229 0.478720
vt 0.654840 0.476635
vt 0.654840 0.481492
vt 0.651229 0.479406
vt 0.654177 0.476458
vt 0.655434 0.481149
vt 0.651406 0.480069
vt 0.653491 0.476458
vt 0.655920 0.480663
vt 0.651749 0.480664
vt 0.779691 0.362643
vt 0.780586 0.362608
vt 0.780586 0.369435
vt 0.779691 0.369471
vt 0.843042 0.365344
vt 0.843887 0.365246
vt 0.843887 0.372526
vt 0.843042 0.372623
vt 0.841262 0.365317
vt 0.842147 0.365368
vt 0.842147 0.372647
vt 0.841262 0.372597
vt 0.836443 0.474897
vt 0.837337 0.474871
vt 0.837337 0.482193
vt 0.836443 0.482219
vt 0.845668 0.474886
vt 0.846507 0.474776
vt 0.846507 0.481985
vt 0.845668 0.482096
vt 0.644754 0.484142
vt 0.643893 0.484136
vt 0.643893 0.476458
vt 0.644754 0.476464
vt 0.635550 0.484137
vt 0.635550 0.476458
vt 0.747430 0.208924
vt 0.748286 0.208936
vt 0.748286 0.216608
vt 0.747430 0.216596
vt 0.795479 0.362813
vt 0.796377 0.362820
vt 0.796377 0.370252
vt 0.795479 0.370245
vt 0.642995 0.484135
vt 0.642121 0.484140
vt 0.642121 0.476462
vt 0.642995 0.476458
vt 0.632989 0.484147
vt 0.632989 0.476468
vt 0.749184 0.208937
vt 0.750062 0.208929
vt 0.750062 0.216602
vt 0.749184 0.216610
vt 0.835556 0.474853
vt 0.835556 0.482175
vt 0.645520 0.484153
vt 0.645520 0.476475
vt 0.636412 0.484141
vt 0.636412 0.476462
vt 0.838178 0.474775
vt 0.838178 0.482098
vt 0.794619 0.362748
vt 0.794619 0.370180
vt 0.908438 0.473256
vt 0.908427 0.467347
vt 0.909693 0.467310
vt 0.909704 0.473219
vt 0.797252 0.362768
vt 0.797252 0.370200
vt 0.379401 0.207990
vt 0.379169 0.208858
vt 0.378720 0.209636
vt 0.378085 0.210272
vt 0.377307 0.210721
vt 0.376439 0.210954
vt 0.375541 0.210954
vt 0.374674 0.210721
vt 0.373896 0.210272
vt 0.373261 0.209637
vt 0.372812 0.208859
vt 0.372579 0.207991
vt 0.372579 0.207092
vt 0.372812 0.206224
vt 0.373261 0.205446
vt 0.373896 0.204810
vt 0.374674 0.204361
vt 0.375541 0.204128
vt 0.376439 0.204128
vt 0.377307 0.204360
vt 0.378085 0.204810
vt 0.378720 0.205445
vt 0.379169 0.206223
vt 0.379401 0.207091
vt 0.904698 0.737893
vt 0.904698 0.731661
vt 0.905780 0.731676
vt 0.905780 0.737909
vt 0.033224 0.869978
vt 0.033224 0.863946
vt 0.034460 0.863873
vt 0.034460 0.869905
vt 0.907187 0.473187
vt 0.907176 0.467278
vt 0.921248 0.840761
vt 0.921248 0.835219
vt 0.922514 0.835169
vt 0.922514 0.840711
vt 0.031953 0.869969
vt 0.031953 0.863936
vt 0.305630 0.660760
vt 0.305630 0.654532
vt 0.306871 0.654521
vt 0.306871 0.660749
vt 0.906348 0.596559
vt 0.906348 0.590325
vt 0.907465 0.590315
vt 0.907465 0.596549
vt 0.030736 0.869876
vt 0.030736 0.863844
vt 0.304360 0.660758
vt 0.304360 0.654530
vt 0.905113 0.596563
vt 0.905113 0.590330
vt 0.306784 0.707140
vt 0.306735 0.712992
vt 0.305481 0.712913
vt 0.305530 0.707060
vt 0.303149 0.660741
vt 0.303149 0.654513
vt 0.903843 0.596563
vt 0.903843 0.590330
vt 0.357905 0.209203
vt 0.357905 0.208023
vt 0.358488 0.208099
vt 0.358488 0.209127
vt 0.906998 0.737917
vt 0.906998 0.731685
vt 0.908268 0.731686
vt 0.908268 0.737918
vt 0.914363 0.490950
vt 0.914363 0.496894
vt 0.913173 0.497029
vt 0.913173 0.491085
vt 0.902624 0.596557
vt 0.902624 0.590324
vt 0.915627 0.490912
vt 0.915627 0.496856
vt 0.910888 0.467171
vt 0.910899 0.473080
vt 0.916881 0.490975
vt 0.916881 0.496919
vt 0.908385 0.444376
vt 0.909651 0.444340
vt 0.908691 0.452805
vt 0.908210 0.452819
vt 0.908268 0.707459
vt 0.909504 0.707452
vt 0.909504 0.731679
vt 0.906998 0.707458
vt 0.905780 0.707449
vt 0.904698 0.707434
vt 0.788910 0.371364
vt 0.787644 0.371267
vt 0.787791 0.362748
vt 0.788272 0.362785
vt 0.916881 0.520024
vt 0.915627 0.519961
vt 0.915763 0.511547
vt 0.916240 0.511571
vt 0.905113 0.566100
vt 0.906348 0.566095
vt 0.903843 0.566099
vt 0.902624 0.566093
vt 0.910846 0.444200
vt 0.286348 0.974299
vt 0.286348 0.951329
vt 0.290619 0.958267
vt 0.290619 0.966987
vt 0.914363 0.519999
vt 0.915283 0.511562
vt 0.305630 0.630322
vt 0.306871 0.630310
vt 0.304360 0.630319
vt 0.303149 0.630302
vt 0.913173 0.520134
vt 0.664669 0.485119
vt 0.663408 0.485037
vt 0.663409 0.476458
vt 0.663887 0.476489
vt 0.245932 0.975473
vt 0.245932 0.952368
vt 0.250144 0.959813
vt 0.250144 0.968584
vt 0.033224 0.840496
vt 0.034460 0.840423
vt 0.031953 0.840487
vt 0.030736 0.840394
vt 0.304217 0.712947
vt 0.304026 0.735697
vt 0.302837 0.735843
vt 0.303029 0.713094
vt 0.979555 0.431868
vt 0.979555 0.410325
vt 0.983826 0.416737
vt 0.983826 0.424915
vt 0.358211 0.210344
vt 0.358754 0.210119
vt 0.358211 0.206882
vt 0.358753 0.207107
vt 0.358801 0.205859
vt 0.359267 0.206217
vt 0.359635 0.205024
vt 0.359993 0.205491
vt 0.360657 0.204434
vt 0.360882 0.204977
vt 0.361797 0.204128
vt 0.361874 0.204711
vt 0.362977 0.204128
vt 0.362901 0.204711
vt 0.364117 0.204434
vt 0.363893 0.204977
vt 0.365140 0.205024
vt 0.364782 0.205491
vt 0.365974 0.205859
vt 0.365508 0.206217
vt 0.366565 0.206882
vt 0.366022 0.207107
vt 0.366870 0.208023
vt 0.366288 0.208099
vt 0.366870 0.209203
vt 0.366288 0.209126
vt 0.366565 0.210344
vt 0.366022 0.210119
vt 0.365975 0.211367
vt 0.365509 0.211009
vt 0.365141 0.212202
vt 0.364783 0.211735
vt 0.364119 0.212792
vt 0.363894 0.212249
vt 0.362979 0.213098
vt 0.362902 0.212515
vt 0.361798 0.213098
vt 0.361875 0.212515
vt 0.360658 0.212792
vt 0.360883 0.212249
vt 0.359636 0.212202
vt 0.359993 0.211736
vt 0.358801 0.211367
vt 0.359267 0.211009
vt 0.304266 0.707095
vt 0.303078 0.707241
vt 0.306024 0.718576
vt 0.305952 0.727213
vt 0.305475 0.727182
vt 0.305548 0.718546
vt 0.571701 0.913726
vt 0.571531 0.905550
vt 0.572011 0.905521
vt 0.572181 0.913697
vt 0.165773 0.734344
vt 0.165773 0.725146
vt 0.166197 0.725142
vt 0.166197 0.734340
vt 0.908226 0.461539
vt 0.908707 0.461525
vt 0.907751 0.461513
vt 0.907735 0.452793
vt 0.915763 0.502776
vt 0.915283 0.502790
vt 0.916240 0.502800
vt 0.304996 0.727196
vt 0.305068 0.718559
vt 0.786417 0.371364
vt 0.787326 0.362785
vt 0.910910 0.974284
vt 0.910910 0.951179
vt 0.915173 0.958153
vt 0.915173 0.966924
vt 0.907134 0.444308
vt 0.195273 0.955907
vt 0.195273 0.978657
vt 0.191056 0.971291
vt 0.191056 0.962654
vt 0.571538 0.896973
vt 0.572803 0.896896
vt 0.764493 0.371188
vt 0.763235 0.371268
vt 0.764015 0.362638
vt 0.764493 0.362608
vt 0.185348 0.955907
vt 0.185348 0.978658
vt 0.181088 0.971829
vt 0.181088 0.963193
vt 0.570285 0.896897
vt 0.571056 0.905521
vt 0.280639 0.951329
vt 0.280639 0.975559
vt 0.276752 0.968073
vt 0.276752 0.958875
vt 0.765754 0.371268
vt 0.764972 0.362638
vt 0.772723 0.371129
vt 0.771463 0.371225
vt 0.772244 0.362645
vt 0.772723 0.362608
vt 0.306544 0.735742
vt 0.305290 0.735662
vt 0.974463 0.355594
vt 0.974463 0.332624
vt 0.978663 0.340060
vt 0.978663 0.348780
vt 0.773983 0.371225
vt 0.773201 0.362645
vt 0.662149 0.485119
vt 0.662931 0.476489
vt 0.306140 0.783803
vt 0.304886 0.783724
vt 0.908268 0.656277
vt 0.909504 0.656270
vt 0.906998 0.656276
vt 0.905780 0.656268
vt 0.904698 0.656252
vt 0.570596 0.851470
vt 0.571860 0.851394
vt 0.906348 0.514906
vt 0.907465 0.514896
vt 0.905113 0.514911
vt 0.903843 0.514910
vt 0.902624 0.514904
vt 0.909561 0.395813
vt 0.910756 0.395673
vt 0.908295 0.395849
vt 0.907044 0.395781
vt 0.305630 0.579174
vt 0.306871 0.579162
vt 0.304360 0.579171
vt 0.303149 0.579154
vt 0.914363 0.568811
vt 0.913173 0.568946
vt 0.915627 0.568774
vt 0.916881 0.568836
vt 0.033224 0.790956
vt 0.034460 0.790883
vt 0.031953 0.790946
vt 0.030736 0.790854
vt 0.303622 0.783758
vt 0.302433 0.783905
vt 0.907465 0.566085
vt 0.305443 0.546568
vt 0.305365 0.545550
vt 0.306105 0.545550
vt 0.306174 0.546441
vt 0.305671 0.547518
vt 0.306374 0.547271
vt 0.306035 0.548333
vt 0.306692 0.547984
vt 0.923702 0.061147
vt 0.924010 0.060329
vt 0.924667 0.060678
vt 0.924398 0.061393
vt 0.923509 0.062098
vt 0.924229 0.062225
vt 0.923444 0.063117
vt 0.924172 0.063116
vt 0.923509 0.064135
vt 0.924229 0.064006
vt 0.923702 0.065083
vt 0.924398 0.064835
vt 0.924010 0.065895
vt 0.924667 0.065546
vt 0.918081 0.118045
vt 0.918445 0.117165
vt 0.919102 0.117516
vt 0.918783 0.118286
vt 0.917851 0.119030
vt 0.918583 0.119148
vt 0.917773 0.120054
vt 0.918514 0.120043
vt 0.917851 0.121046
vt 0.918583 0.120911
vt 0.918081 0.121939
vt 0.918783 0.121692
vt 0.918445 0.122673
vt 0.919102 0.122333
vt 0.925064 0.117986
vt 0.925364 0.117165
vt 0.926021 0.117513
vt 0.925758 0.118232
vt 0.924875 0.118939
vt 0.925593 0.119065
vt 0.924811 0.119959
vt 0.925537 0.119957
vt 0.924875 0.120976
vt 0.925593 0.120847
vt 0.925064 0.121922
vt 0.925758 0.121674
vt 0.925364 0.122731
vt 0.926021 0.122381
vt 0.305671 0.543582
vt 0.306035 0.542767
vt 0.306692 0.543115
vt 0.306374 0.543828
vt 0.305443 0.544531
vt 0.306174 0.544659
vt 0.909504 0.737911
vt 0.755770 0.212497
vt 0.755867 0.211231
vt 0.756377 0.211313
vt 0.756287 0.212489
vt 0.756150 0.210012
vt 0.756640 0.210180
vt 0.756602 0.208924
vt 0.757060 0.209169
vt 0.901761 0.067213
vt 0.901381 0.066208
vt 0.901866 0.066036
vt 0.902219 0.066970
vt 0.901142 0.065036
vt 0.901644 0.064946
vt 0.901061 0.063777
vt 0.901568 0.063776
vt 0.901142 0.062516
vt 0.901644 0.062605
vt 0.901381 0.061340
vt 0.901866 0.061512
vt 0.901761 0.060329
vt 0.902219 0.060572
vt 0.756126 0.372659
vt 0.755676 0.371651
vt 0.756166 0.371479
vt 0.756584 0.372415
vt 0.755393 0.370477
vt 0.755903 0.370388
vt 0.755297 0.369217
vt 0.755814 0.369217
vt 0.755393 0.367957
vt 0.755903 0.368046
vt 0.755676 0.366783
vt 0.756166 0.366955
vt 0.756126 0.365775
vt 0.756584 0.366018
vt 0.907395 0.842052
vt 0.907024 0.841052
vt 0.907509 0.840879
vt 0.907854 0.841809
vt 0.906791 0.839883
vt 0.907292 0.839792
vt 0.906712 0.838624
vt 0.907218 0.838623
vt 0.906791 0.837363
vt 0.907292 0.837451
vt 0.907024 0.836184
vt 0.907509 0.836356
vt 0.907395 0.835169
vt 0.907854 0.835412
vt 0.756602 0.215736
vt 0.756150 0.214829
vt 0.756640 0.214656
vt 0.757060 0.215499
vt 0.755867 0.213724
vt 0.756377 0.213630
s 0
usemtl Material.001
f 220/1/1 228/2/1 146/3/1 147/4/1
f 227/5/2 228/6/2 263/7/2 181/8/2
f 128/9/3 243/10/3 261/11/3 262/12/3
f 666/13/4 664/14/4 669/15/4 672/16/4
f 462/17/5 163/18/5 155/19/5 461/20/5
f 266/21/6 264/22/6 528/23/6 530/24/6
f 2/25/7 1/26/7 169/27/7 6/28/7
f 228/29/8 220/30/8 520/31/8 263/32/8
f 265/33/9 522/34/9 14/35/9 694/36/9
f 182/37/10 222/38/10 10/39/10 184/40/10
f 8/41/11 12/42/11 188/43/11 186/44/11
f 9/45/12 5/46/12 177/47/12 179/48/12
f 83/49/13 697/50/13 695/51/13 17/52/13
f 183/53/14 265/54/14 694/55/14 693/56/14
f 521/57/15 183/58/15 693/59/15 13/60/15
f 522/61/16 521/62/16 13/63/16 14/64/16
f 17/65/17 695/66/17 23/67/17 21/68/17
f 97/69/18 83/70/18 17/71/18 18/72/18
f 704/73/19 97/74/19 18/75/19 696/76/19
f 713/77/12 720/78/12 20/79/12 19/80/12
f 24/81/19 22/82/19 26/83/19 28/84/19
f 18/72/18 17/71/18 21/85/18 22/86/18
f 696/87/20 18/88/20 22/89/20 24/90/20
f 695/91/12 696/92/12 24/93/12 23/94/12
f 27/95/21 28/96/21 543/97/21 542/98/21
f 23/94/12 24/93/12 28/99/12 27/100/12
f 21/101/13 23/102/13 27/103/13 25/104/13
f 22/86/18 21/85/18 25/105/18 26/106/18
f 532/107/22 46/108/22 557/109/22 559/110/22
f 25/111/23 27/112/23 542/113/23 737/114/23
f 26/115/24 25/116/24 737/117/24 738/118/24
f 28/119/25 26/120/25 738/121/25 543/122/25
f 48/123/26 33/124/26 538/125/26 540/126/26
f 39/127/18 38/128/18 733/129/18 736/130/18
f 35/131/27 34/132/27 51/133/27 52/134/27
f 39/135/28 37/136/28 54/137/28 56/138/28
f 37/139/18 39/127/18 736/130/18 731/140/18
f 38/128/18 36/141/18 730/142/18 733/129/18
f 191/143/29 58/144/29 43/145/29 67/146/29
f 380/147/30 381/148/30 406/149/30 403/150/30
f 295/151/19 40/152/19 233/153/19 299/154/19
f 356/155/31 355/156/31 423/157/31 424/158/31
f 448/159/32 840/160/32 819/161/32 438/162/32
f 58/163/33 59/164/33 42/165/33 43/166/33
f 516/167/13 69/168/13 432/169/13 518/170/13
f 506/171/34 1152/172/34 823/173/34 439/174/34
f 357/175/35 356/176/35 424/177/35 425/178/35
f 31/179/12 30/180/12 542/181/12 543/182/12
f 34/183/12 35/184/12 547/185/12 546/186/12
f 30/180/12 34/183/12 546/186/12 542/181/12
f 35/184/12 31/179/12 543/182/12 547/185/12
f 34/187/36 30/188/36 49/189/36 51/190/36
f 30/191/37 31/192/37 50/193/37 49/194/37
f 31/195/38 35/196/38 52/197/38 50/198/38
f 732/199/39 544/200/39 754/201/39 757/202/39
f 734/203/40 545/204/40 755/205/40 759/206/40
f 737/207/41 739/208/41 743/209/41 742/210/41
f 740/211/42 738/212/42 741/213/42 744/214/42
f 38/215/43 39/216/43 56/217/43 55/218/43
f 36/219/44 38/220/44 55/221/44 53/222/44
f 37/223/45 36/224/45 53/225/45 54/226/45
f 230/227/33 229/228/33 60/229/33 57/230/33
f 333/231/46 334/232/46 337/233/46 338/234/46
f 682/235/47 815/236/47 839/237/47 447/238/47
f 448/239/48 72/240/48 76/241/48 450/242/48
f 206/243/49 230/244/49 57/245/49 73/246/49
f 73/246/49 57/245/49 58/247/49 191/248/49
f 73/249/50 191/250/50 628/251/50 627/252/50
f 444/253/49 206/243/49 73/246/49 440/254/49
f 60/255/47 71/256/47 72/257/47 59/258/47
f 229/259/47 678/260/47 71/256/47 60/255/47
f 505/261/35 357/175/35 425/178/35 446/262/35
f 355/263/34 358/264/34 426/265/34 423/266/34
f 428/267/4 427/268/4 430/269/4 429/270/4
f 59/258/51 72/257/51 68/271/51 42/272/51
f 282/273/52 65/274/52 214/275/52 286/276/52
f 441/277/29 191/143/29 67/146/29 445/278/29
f 391/279/53 392/280/53 416/281/53 415/282/53
f 220/283/54 251/284/54 254/285/54 126/286/54
f 489/287/55 63/288/55 204/289/55 490/290/55
f 72/291/56 71/292/56 75/293/56 76/294/56
f 447/295/57 839/296/57 857/297/57 449/298/57
f 15/299/12 16/300/12 714/301/12 715/302/12
f 715/302/12 714/301/12 724/303/12 716/304/12
f 716/304/12 724/303/12 723/305/12 717/306/12
f 717/306/12 723/305/12 722/307/12 718/308/12
f 718/308/12 722/307/12 721/309/12 719/310/12
f 719/310/12 721/309/12 720/78/12 713/77/12
f 694/311/19 14/312/19 102/313/19 698/314/19
f 708/315/19 101/316/19 100/317/19 707/318/19
f 706/319/19 99/320/19 98/321/19 705/322/19
f 14/323/18 13/324/18 88/325/18 102/326/18
f 102/326/18 88/325/18 87/327/18 101/328/18
f 101/328/18 87/327/18 86/329/18 100/330/18
f 100/330/18 86/329/18 85/331/18 99/332/18
f 99/332/18 85/331/18 84/333/18 98/334/18
f 98/334/18 84/333/18 83/70/18 97/69/18
f 13/60/13 693/59/13 699/335/13 88/336/13
f 88/336/13 699/335/13 700/337/13 87/338/13
f 87/338/13 700/337/13 701/339/13 86/340/13
f 86/340/13 701/339/13 702/341/13 85/342/13
f 85/342/13 702/341/13 703/343/13 84/344/13
f 84/344/13 703/343/13 697/50/13 83/49/13
f 89/345/19 90/346/19 98/321/19 97/74/19
f 91/347/19 109/348/19 100/317/19 99/320/19
f 110/349/19 92/350/19 102/313/19 101/316/19
f 111/351/19 93/352/19 704/73/19 705/322/19
f 112/353/19 94/354/19 706/319/19 707/318/19
f 96/355/19 95/356/19 708/315/19 698/314/19
f 92/350/19 96/355/19 698/314/19 102/313/19
f 95/356/19 110/349/19 101/316/19 708/315/19
f 109/348/19 112/353/19 707/318/19 100/317/19
f 94/354/19 91/347/19 99/320/19 706/319/19
f 90/346/19 111/351/19 705/322/19 98/321/19
f 93/352/58 89/345/58 97/74/58 704/73/58
f 96/357/59 92/358/59 118/359/59 124/360/59
f 91/361/60 94/362/60 121/363/60 115/364/60
f 92/365/61 110/366/61 117/367/61 118/368/61
f 124/369/58 118/370/58 117/371/58 123/372/58
f 122/373/58 116/374/58 115/375/58 121/376/58
f 120/377/19 114/378/19 113/379/19 119/380/19
f 93/381/62 111/382/62 120/383/62 119/384/62
f 111/385/59 90/386/59 114/387/59 120/388/59
f 90/389/61 89/390/61 113/391/61 114/392/61
f 110/393/60 95/394/60 123/395/60 117/396/60
f 94/397/62 112/398/62 122/399/62 121/400/62
f 89/401/60 93/402/60 119/403/60 113/404/60
f 109/405/61 91/406/61 115/407/61 116/408/61
f 112/409/59 109/410/59 116/411/59 122/412/59
f 95/413/62 96/414/62 124/415/62 123/416/62
f 569/417/63 570/418/63 588/419/63 587/420/63
f 237/421/64 125/422/64 129/423/64 136/424/64
f 235/425/65 219/426/65 125/427/65 237/428/65
f 219/426/66 220/429/66 126/430/66 125/427/66
f 133/431/18 136/432/18 129/433/18 130/434/18
f 135/435/4 134/436/4 137/437/4 138/438/4
f 564/439/67 561/440/67 581/441/67 583/442/67
f 125/427/68 126/430/68 130/443/68 129/444/68
f 126/445/69 254/446/69 133/447/69 130/448/69
f 455/449/18 132/450/18 133/431/18 453/451/18
f 134/452/18 135/453/18 919/454/18 920/455/18
f 456/456/18 134/452/18 920/455/18 454/457/18
f 132/450/18 131/458/18 136/432/18 133/431/18
f 131/459/70 132/460/70 139/461/70 140/462/70
f 456/463/19 131/464/19 140/465/19 458/466/19
f 455/467/13 135/468/13 138/469/13 457/470/13
f 144/471/71 143/472/71 151/473/71 152/474/71
f 228/475/72 246/476/72 145/477/72 146/478/72
f 251/284/73 220/283/73 147/479/73 148/480/73
f 246/481/74 251/482/74 148/483/74 145/484/74
f 141/485/75 142/486/75 146/487/75 145/488/75
f 142/489/76 143/490/76 147/4/76 146/3/76
f 143/491/77 144/492/77 148/480/77 147/479/77
f 144/493/78 141/485/78 145/488/78 148/494/78
f 152/495/79 151/496/79 150/497/79 149/498/79
f 142/499/80 141/500/80 149/501/80 150/502/80
f 141/503/81 144/504/81 152/505/81 149/506/81
f 143/507/82 142/508/82 150/509/82 151/510/82
f 459/511/83 158/512/83 774/513/83 681/514/83
f 158/512/83 161/515/83 776/516/83 774/513/83
f 460/517/83 162/518/83 235/519/83 443/520/83
f 162/518/83 159/521/83 679/522/83 235/519/83
f 155/523/84 163/524/84 161/525/84 158/526/84
f 502/527/13 350/528/13 353/529/13 504/530/13
f 463/531/13 157/532/13 165/533/13 465/534/13
f 164/535/85 64/536/85 159/537/85 162/538/85
f 463/539/86 160/540/86 162/541/86 460/542/86
f 464/543/86 154/544/86 163/545/86 462/546/86
f 154/544/86 157/547/86 161/548/86 163/545/86
f 160/540/86 62/549/86 164/550/86 162/541/86
f 62/551/87 160/552/87 166/553/87 168/554/87
f 464/555/19 62/556/19 168/557/19 466/558/19
f 157/559/88 154/560/88 167/561/88 165/562/88
f 174/563/89 173/564/89 519/565/89 181/566/89
f 175/567/90 176/568/90 183/569/90 521/570/90
f 173/571/91 175/572/91 521/573/91 519/574/91
f 176/575/92 174/576/92 181/577/92 183/578/92
f 7/579/93 5/580/93 173/581/93 174/576/93
f 9/582/93 11/583/93 176/575/93 175/584/93
f 5/580/93 9/582/93 175/584/93 173/581/93
f 11/583/93 7/579/93 174/576/93 176/575/93
f 177/585/93 178/586/93 180/587/93 179/588/93
f 5/589/94 7/590/94 178/591/94 177/592/94
f 7/593/18 11/594/18 180/595/18 178/596/18
f 11/597/95 9/598/95 179/599/95 180/600/95
f 8/601/12 170/602/12 181/603/12 263/604/12
f 172/605/12 12/606/12 265/607/12 183/608/12
f 12/606/12 8/601/12 263/604/12 265/607/12
f 170/602/12 172/605/12 183/608/12 181/603/12
f 170/602/96 8/601/96 186/609/96 185/610/96
f 172/611/97 170/612/97 185/613/97 187/614/97
f 12/606/98 172/605/98 187/615/98 188/616/98
f 467/617/99 189/618/99 631/619/99 629/620/99
f 190/621/100 74/622/100 197/623/100 198/624/100
f 440/625/101 73/626/101 627/627/101 625/628/101
f 469/629/102 74/630/102 191/631/102 441/632/102
f 470/633/103 194/634/103 977/635/103 626/636/103
f 74/622/104 190/621/104 628/251/104 191/250/104
f 194/637/105 193/638/105 837/639/105 977/640/105
f 195/641/70 196/642/70 200/643/70 199/644/70
f 469/629/106 193/645/106 195/646/106 471/647/106
f 470/633/107 190/648/107 198/649/107 472/650/107
f 193/638/108 194/637/108 196/642/108 195/641/108
f 368/651/4 369/652/4 374/653/4 372/654/4
f 198/624/4 197/623/4 201/655/4 202/656/4
f 471/647/13 195/646/13 199/657/13 473/658/13
f 472/650/19 198/649/19 202/659/19 474/660/19
f 275/661/109 203/662/109 814/663/109 1073/664/109
f 475/665/109 205/666/109 775/667/109 442/668/109
f 476/669/109 65/670/109 206/671/109 444/672/109
f 281/673/109 61/674/109 246/675/109 277/676/109
f 479/677/110 209/678/110 217/679/110 481/680/110
f 475/681/111 61/682/111 213/683/111 477/684/111
f 276/685/70 205/686/70 212/687/70 284/688/70
f 476/689/110 203/690/110 211/691/110 478/692/110
f 287/693/109 207/694/109 211/695/109 283/696/109
f 479/697/109 208/698/109 212/699/109 477/700/109
f 480/701/109 210/702/109 214/703/109 478/704/109
f 289/705/109 209/706/109 213/707/109 285/708/109
f 498/709/109 294/710/109 218/711/109 482/712/109
f 480/713/111 207/714/111 215/715/111 482/716/111
f 288/717/112 208/718/112 216/719/112 292/720/112
f 290/721/113 210/722/113 218/723/113 294/724/113
f 223/725/7 224/726/7 220/429/7 219/426/7
f 226/727/7 225/728/7 519/729/7 520/730/7
f 225/728/7 223/725/7 219/426/7 519/729/7
f 224/726/7 226/727/7 520/730/7 220/429/7
f 1/731/114 2/732/114 224/733/114 223/734/114
f 6/735/115 169/736/115 225/737/115 226/738/115
f 169/739/116 1/740/116 223/741/116 225/742/116
f 2/743/117 6/744/117 226/745/117 224/746/117
f 3/747/118 4/748/118 228/6/118 227/5/118
f 41/749/118 40/750/118 229/228/118 230/227/118
f 296/751/118 3/747/118 227/5/118 272/752/118
f 298/753/118 41/749/118 230/227/118 274/754/118
f 306/755/13 303/756/13 316/757/13 317/758/13
f 4/759/119 3/760/119 231/761/119 232/762/119
f 297/763/13 4/764/13 232/765/13 301/766/13
f 40/767/120 41/768/120 234/769/120 233/770/120
f 483/771/121 240/772/121 776/773/121 443/774/121
f 484/775/121 242/776/121 237/777/121 452/778/121
f 242/776/122 241/779/122 235/780/122 237/777/122
f 240/772/121 239/781/121 914/782/121 776/773/121
f 236/783/123 238/784/123 239/785/123 240/786/123
f 485/787/124 236/788/124 240/772/124 483/771/124
f 486/789/125 127/790/125 242/791/125 484/792/125
f 127/793/126 156/794/126 241/779/126 242/776/126
f 487/795/127 247/796/127 773/797/127 435/798/127
f 247/796/127 248/799/127 775/667/127 773/797/127
f 488/800/127 250/801/127 246/675/127 442/668/127
f 250/801/127 249/802/127 251/803/127 246/675/127
f 245/804/128 244/805/128 248/806/128 247/807/128
f 615/808/19 616/809/19 623/810/19 624/811/19
f 594/812/129 595/813/129 604/814/129 602/815/129
f 204/816/130 63/817/130 249/818/130 250/819/130
f 491/820/131 257/821/131 251/284/131 435/822/131
f 256/823/131 255/824/131 773/825/131 913/826/131
f 257/821/131 258/827/131 254/285/131 251/284/131
f 492/828/131 256/823/131 913/826/131 451/829/131
f 252/830/131 253/831/131 255/824/131 256/823/131
f 493/832/131 243/833/131 257/821/131 491/820/131
f 243/833/131 128/834/131 258/827/131 257/821/131
f 494/835/131 252/830/131 256/823/131 492/828/131
f 495/836/131 259/837/131 260/838/131 496/839/131
f 253/840/4 252/841/4 260/842/4 259/843/4
f 494/844/19 128/845/19 262/846/19 496/847/19
f 493/848/13 253/849/13 259/850/13 495/851/13
f 268/852/10 267/853/10 263/32/10 520/31/10
f 269/854/10 270/855/10 522/856/10 265/857/10
f 270/855/10 268/852/10 520/31/10 522/856/10
f 267/853/10 269/854/10 265/857/10 263/32/10
f 222/858/132 182/859/132 267/860/132 268/861/132
f 184/40/133 10/39/133 270/855/133 269/854/133
f 10/862/134 222/863/134 268/864/134 270/865/134
f 182/37/135 184/40/135 269/854/135 267/853/135
f 41/866/13 298/867/13 302/868/13 234/869/13
f 298/867/13 297/763/13 301/766/13 302/868/13
f 312/870/19 313/871/19 326/872/19 323/873/19
f 309/874/136 310/875/136 321/876/136 322/877/136
f 4/748/118 297/878/118 273/879/118 228/6/118
f 297/878/118 298/753/118 274/754/118 273/879/118
f 40/750/118 295/880/118 271/881/118 229/228/118
f 295/880/118 296/751/118 272/752/118 271/881/118
f 209/882/113 289/883/113 293/884/113 217/885/113
f 289/883/113 290/721/113 294/724/113 293/884/113
f 207/886/112 287/887/112 291/888/112 215/889/112
f 287/887/112 288/717/112 292/720/112 291/888/112
f 481/890/109 217/891/109 293/892/109 497/893/109
f 497/893/109 293/892/109 294/710/109 498/709/109
f 210/702/109 290/894/109 286/895/109 214/703/109
f 290/894/109 289/705/109 285/708/109 286/895/109
f 208/698/109 288/896/109 284/897/109 212/699/109
f 288/896/109 287/693/109 283/696/109 284/897/109
f 203/898/70 275/899/70 283/900/70 211/901/70
f 275/899/70 276/685/70 284/688/70 283/900/70
f 65/670/109 282/902/109 278/903/109 206/671/109
f 282/902/109 281/673/109 277/676/109 278/903/109
f 205/666/109 276/904/109 1074/905/109 775/667/109
f 276/904/109 275/661/109 1073/664/109 1074/905/109
f 386/906/137 383/907/137 407/908/137 409/909/137
f 376/910/138 377/911/138 402/912/138 399/913/138
f 61/914/52 281/915/52 285/916/52 213/917/52
f 281/915/52 282/273/52 286/276/52 285/916/52
f 3/918/19 296/919/19 300/920/19 231/921/19
f 296/919/19 295/151/19 299/154/19 300/920/19
f 387/922/139 388/923/139 411/924/139 412/925/139
f 382/926/140 379/927/140 404/928/140 405/929/140
f 499/930/141 436/931/141 675/932/141 673/933/141
f 663/934/4 666/13/4 672/16/4 671/935/4
f 302/936/118 299/937/118 304/938/118 303/939/118
f 299/937/118 233/940/118 305/941/118 304/938/118
f 233/940/118 234/942/118 306/943/118 305/941/118
f 234/942/118 302/936/118 303/939/118 306/943/118
f 232/944/118 231/945/118 308/946/118 307/947/118
f 231/945/118 300/948/118 309/949/118 308/946/118
f 300/948/118 301/950/118 310/951/118 309/949/118
f 301/950/118 232/944/118 307/947/118 310/951/118
f 301/950/118 300/948/118 312/952/118 311/953/118
f 300/948/118 299/937/118 313/954/118 312/952/118
f 299/937/118 302/936/118 314/955/118 313/954/118
f 302/936/118 301/950/118 311/953/118 314/955/118
f 316/956/118 315/957/118 318/958/118 317/959/118
f 320/960/118 319/961/118 322/962/118 321/963/118
f 324/964/118 323/965/118 326/966/118 325/967/118
f 307/968/142 308/969/142 319/970/142 320/971/142
f 313/972/143 314/973/143 325/974/143 326/975/143
f 304/976/19 305/977/19 318/978/19 315/979/19
f 310/980/13 307/981/13 320/982/13 321/983/13
f 311/984/142 312/985/142 323/986/142 324/987/142
f 305/988/143 306/989/143 317/990/143 318/991/143
f 308/992/19 309/993/19 322/994/19 319/995/19
f 314/996/13 311/997/13 324/998/13 325/999/13
f 303/1000/142 304/1001/142 315/1002/142 316/1003/142
f 57/230/144 60/229/144 328/1004/144 327/1005/144
f 60/229/145 59/164/145 329/1006/145 328/1004/145
f 59/164/146 58/163/146 330/1007/146 329/1006/146
f 58/163/147 57/230/147 327/1005/147 330/1007/147
f 327/1005/33 328/1004/33 332/1008/33 331/1009/33
f 328/1004/33 329/1006/33 333/1010/33 332/1008/33
f 329/1006/33 330/1007/33 334/1011/33 333/1010/33
f 330/1007/33 327/1005/33 331/1009/33 334/1011/33
f 340/1012/148 341/1013/148 346/1014/148 343/1015/148
f 334/1016/149 331/1017/149 336/1018/149 337/1019/149
f 332/1020/150 333/1021/150 338/1022/150 335/1023/150
f 331/1024/151 332/1025/151 335/1026/151 336/1027/151
f 336/1028/33 335/1029/33 340/1030/33 339/1031/33
f 335/1029/33 338/1032/33 341/1033/33 340/1030/33
f 338/1032/33 337/1034/33 342/1035/33 341/1033/33
f 337/1034/33 336/1028/33 339/1031/33 342/1035/33
f 344/1036/33 343/1037/33 346/1038/33 345/1039/33
f 339/1040/152 340/1041/152 343/1042/152 344/1043/152
f 341/1044/153 342/1045/153 345/1046/153 346/1047/153
f 342/1048/154 339/1049/154 344/1050/154 345/1051/154
f 461/20/155 155/19/155 348/1052/155 501/1053/155
f 155/19/155 158/512/155 349/1054/155 348/1052/155
f 459/511/155 159/521/155 350/528/155 502/527/155
f 159/521/155 64/1055/155 347/1056/155 350/528/155
f 350/1057/156 347/1058/156 351/1059/156 353/1060/156
f 348/1061/157 349/1062/157 354/1063/157 352/1064/157
f 501/1065/19 348/1066/19 352/1067/19 503/1068/19
f 42/272/34 68/271/34 358/264/34 355/263/34
f 445/278/35 67/146/35 357/175/35 505/261/35
f 67/146/35 43/145/35 356/176/35 357/175/35
f 360/1069/158 361/1070/158 364/1071/158 363/1072/158
f 43/166/31 42/165/31 355/156/31 356/155/31
f 438/162/34 819/161/34 360/1073/34 507/1074/34
f 819/161/34 1152/172/34 361/1075/34 360/1073/34
f 506/171/34 358/264/34 362/1076/34 508/1077/34
f 358/264/34 68/271/34 359/1078/34 362/1076/34
f 509/1079/34 363/1080/34 364/1081/34 510/1082/34
f 362/1083/159 359/1084/159 365/1085/159 366/1086/159
f 508/1087/160 362/1088/160 366/1089/160 510/1090/160
f 507/1091/161 360/1092/161 363/1093/161 509/1094/161
f 473/1095/12 199/1096/12 368/1097/12 511/1098/12
f 199/1096/162 200/1099/162 369/1100/162 368/1097/162
f 474/1101/163 202/1102/163 370/1103/163 512/1104/163
f 202/1102/12 201/1105/12 367/1106/12 370/1103/12
f 513/1107/12 372/1108/12 374/1109/12 514/1110/12
f 511/1111/19 368/1112/19 372/1113/19 513/1114/19
f 512/1115/13 370/1116/13 373/1117/13 514/1118/13
f 370/1119/164 367/1120/164 371/1121/164 373/1122/164
f 278/903/165 274/1123/165 376/1124/165 375/1125/165
f 274/1123/166 230/1126/166 377/1127/166 376/1124/166
f 230/1126/167 206/671/167 378/1128/167 377/1127/167
f 206/671/168 278/903/168 375/1125/168 378/1128/168
f 271/1129/169 677/1130/169 380/1131/169 379/1132/169
f 677/1130/170 678/260/170 381/1133/170 380/1131/170
f 678/260/171 229/259/171 382/1134/171 381/1133/171
f 229/259/172 271/1129/172 379/1132/172 382/1134/172
f 227/1135/173 679/1136/173 384/1137/173 383/1138/173
f 679/522/174 680/1139/174 385/1140/174 384/1141/174
f 680/1139/175 272/1142/175 386/1143/175 385/1140/175
f 272/1144/176 227/1135/176 383/1138/176 386/1145/176
f 272/1142/177 680/1139/177 388/1146/177 387/1147/177
f 680/1139/178 677/1130/178 389/1148/178 388/1146/178
f 677/1130/179 271/1129/179 390/1149/179 389/1148/179
f 271/1129/180 272/1142/180 387/1147/180 390/1149/180
f 246/476/181 228/475/181 392/1150/181 391/1151/181
f 228/475/182 273/1152/182 393/1153/182 392/1150/182
f 273/1152/183 277/1154/183 394/1155/183 393/1153/183
f 277/1154/184 246/476/184 391/1151/184 394/1155/184
f 277/1154/185 273/1152/185 396/1156/185 395/1157/185
f 273/1152/186 274/1158/186 397/1159/186 396/1156/186
f 274/1123/187 278/903/187 398/1160/187 397/1161/187
f 278/903/188 277/676/188 395/1162/188 398/1160/188
f 400/1163/189 399/1164/189 402/1165/189 401/1166/189
f 404/1167/190 403/1168/190 406/1169/190 405/1170/190
f 407/1171/191 408/1172/191 410/1173/191 409/1174/191
f 412/1175/192 411/1176/192 414/1177/192 413/1178/192
f 415/1179/193 416/1180/193 418/1181/193 417/1182/193
f 420/1183/194 419/1184/194 422/1185/194 421/1186/194
f 390/1187/195 387/1188/195 412/1189/195 413/1190/195
f 395/1191/196 396/1192/196 419/1193/196 420/1194/196
f 377/1195/197 378/1196/197 401/1197/197 402/1198/197
f 384/1199/198 385/1200/198 410/1201/198 408/1202/198
f 394/1203/199 391/1204/199 415/1205/199 417/1206/199
f 381/1207/200 382/1208/200 405/1209/200 406/1210/200
f 388/1211/201 389/1212/201 414/1213/201 411/1214/201
f 398/1215/202 395/1216/202 420/1217/202 421/1218/202
f 385/1219/203 386/1220/203 409/1221/203 410/1222/203
f 392/1223/204 393/1224/204 418/1225/204 416/1226/204
f 389/1227/205 390/1228/205 413/1229/205 414/1230/205
f 396/1231/206 397/1232/206 422/1233/206 419/1234/206
f 393/1235/207 394/1236/207 417/1237/207 418/1238/207
f 397/1239/208 398/1240/208 421/1241/208 422/1242/208
f 375/1243/209 376/1244/209 399/1245/209 400/1246/209
f 379/1247/210 380/1248/210 403/1249/210 404/1250/210
f 378/1251/211 375/1252/211 400/1253/211 401/1254/211
f 383/1255/212 384/1256/212 408/1257/212 407/1258/212
f 44/1259/12 45/1260/12 424/1261/12 423/1262/12
f 45/1260/12 69/1263/12 425/1264/12 424/1261/12
f 515/1265/12 70/1266/12 426/1267/12 439/1268/12
f 427/1269/12 428/1270/12 823/1271/12 822/1272/12
f 516/1273/163 427/1269/163 822/1272/163 446/1274/163
f 70/1266/12 44/1259/12 423/1262/12 426/1267/12
f 515/1275/58 428/1276/58 429/1277/58 517/1278/58
f 45/1279/164 44/1280/164 433/1281/164 434/1282/164
f 44/1283/58 70/1284/58 431/1285/58 433/1286/58
f 69/168/13 45/1287/13 434/1288/13 432/169/13
f 70/1284/19 515/1275/19 517/1278/19 431/1285/19
f 69/1263/163 516/1273/163 446/1274/163 425/1264/163
f 428/1270/12 515/1265/12 439/1268/12 823/1271/12
f 369/1289/13 512/1115/13 514/1118/13 374/1290/13
f 367/1291/19 511/1111/19 513/1114/19 371/1292/19
f 371/1293/12 513/1107/12 514/1110/12 373/1294/12
f 200/1099/12 474/1101/12 512/1104/12 369/1100/12
f 201/1105/12 473/1095/12 511/1098/12 367/1106/12
f 359/1295/161 507/1091/161 509/1094/161 365/1296/161
f 361/1297/160 508/1087/160 510/1090/160 364/1298/160
f 365/1299/34 509/1079/34 510/1082/34 366/1300/34
f 1152/172/34 506/171/34 508/1077/34 361/1075/34
f 68/271/34 438/162/34 507/1074/34 359/1078/34
f 818/1301/35 445/278/35 505/261/35 1149/1302/35
f 347/1303/19 501/1065/19 503/1068/19 351/1304/19
f 158/512/155 459/511/155 502/527/155 349/1054/155
f 64/1055/155 461/20/155 501/1053/155 347/1056/155
f 684/1305/213 662/1306/213 692/1307/213 687/1308/213
f 66/1309/214 280/1310/214 688/1311/214 689/1312/214
f 292/1313/109 497/893/109 498/709/109 291/1314/109
f 216/1315/109 481/890/109 497/893/109 292/1313/109
f 243/1316/13 493/848/13 495/851/13 261/1317/13
f 252/1318/19 494/844/19 496/847/19 260/1319/19
f 261/1320/131 495/836/131 496/839/131 262/1321/131
f 128/834/215 494/835/215 492/828/215 258/827/215
f 253/831/131 493/832/131 491/820/131 255/824/131
f 258/827/131 492/828/131 451/829/131 254/285/131
f 255/824/131 491/820/131 435/822/131 773/825/131
f 597/1322/13 598/1323/13 606/1324/13 605/1325/13
f 610/1326/216 611/1327/216 620/1328/216 618/1329/216
f 248/799/127 488/800/127 442/668/127 775/667/127
f 249/802/127 487/795/127 435/798/127 251/803/127
f 238/1330/125 486/789/125 484/792/125 239/1331/125
f 156/794/124 485/787/124 483/771/124 241/779/124
f 239/781/121 484/775/121 452/778/121 914/782/121
f 241/779/121 483/771/121 443/774/121 235/780/121
f 210/1332/111 480/713/111 482/716/111 218/1333/111
f 291/1314/109 498/709/109 482/712/109 215/1334/109
f 207/694/109 480/701/109 478/704/109 211/695/109
f 209/706/109 479/697/109 477/700/109 213/707/109
f 65/1335/110 476/689/110 478/692/110 214/1336/110
f 205/1337/111 475/681/111 477/684/111 212/1338/111
f 208/1339/110 479/677/110 481/680/110 216/1340/110
f 203/662/109 476/669/109 444/672/109 814/663/109
f 61/674/109 475/665/109 442/668/109 246/675/109
f 196/1341/58 472/650/58 474/660/58 200/1342/58
f 197/1343/217 471/647/217 473/658/217 201/1344/217
f 194/634/107 470/633/107 472/650/107 196/1341/107
f 74/630/218 469/629/218 471/647/218 197/1343/218
f 190/648/103 470/633/103 626/636/103 628/1345/103
f 193/645/102 469/629/102 441/632/102 837/1346/102
f 838/1347/101 440/625/101 625/628/101 978/1348/101
f 154/1349/19 464/555/19 466/558/19 167/1350/19
f 62/549/86 464/543/86 462/546/86 164/550/86
f 157/547/86 463/539/86 460/542/86 161/548/86
f 160/1351/13 463/531/13 465/534/13 166/1352/13
f 349/1054/13 502/527/13 504/530/13 354/1353/13
f 161/515/83 460/517/83 443/520/83 776/516/83
f 159/521/83 459/511/83 681/514/83 679/522/83
f 132/1354/13 455/467/13 457/470/13 139/1355/13
f 134/1356/19 456/463/19 458/466/19 137/1357/19
f 131/458/18 456/456/18 454/457/18 136/432/18
f 135/453/18 455/449/18 453/451/18 919/454/18
f 565/1358/63 566/1359/63 579/1360/63 585/1361/63
f 561/1362/219 562/1363/219 582/1364/219 581/1365/219
f 71/1366/57 447/295/57 449/298/57 75/1367/57
f 245/1368/55 489/287/55 490/290/55 244/1369/55
f 837/1370/29 441/277/29 445/278/29 818/1301/29
f 1149/1302/220 505/261/220 446/262/220 822/1371/220
f 814/1372/49 444/253/49 440/254/49 838/1373/49
f 840/1374/48 448/239/48 450/242/48 858/1375/48
f 678/260/47 682/235/47 447/238/47 71/256/47
f 358/264/221 506/171/221 439/174/221 426/265/221
f 427/1376/217 516/167/217 518/170/217 430/1377/217
f 72/257/51 448/159/51 438/162/51 68/271/51
f 164/1378/5 462/17/5 461/20/5 64/1055/5
f 280/1310/214 279/1379/214 686/1380/214 688/1311/214
f 523/1381/222 524/1382/222 520/1383/222 519/1384/222
f 526/1385/223 525/1386/223 521/62/223 522/61/223
f 525/1387/224 523/1388/224 519/574/224 521/573/224
f 524/1389/225 526/1390/225 522/1391/225 520/1392/225
f 221/1393/18 264/1394/18 524/1395/18 523/1396/18
f 266/1397/18 171/1398/18 525/1399/18 526/1400/18
f 171/1398/18 221/1393/18 523/1396/18 525/1399/18
f 264/1394/18 266/1397/18 526/1400/18 524/1395/18
f 171/1401/70 266/1402/70 530/1403/70 529/1404/70
f 221/1405/226 171/1406/226 529/1407/226 527/1408/226
f 264/1409/4 221/1410/4 527/1411/4 528/1412/4
f 533/1413/227 534/1414/227 740/1415/227 739/1416/227
f 536/1417/228 535/1418/228 546/1419/228 547/1420/228
f 535/1421/229 533/1422/229 739/1423/229 546/1424/229
f 534/1425/230 536/1426/230 547/1427/230 740/1428/230
f 32/1429/4 33/1430/4 534/1431/4 533/1432/4
f 48/1433/4 47/1434/4 535/1418/4 536/1417/4
f 47/1434/4 32/1429/4 533/1432/4 535/1418/4
f 33/1430/4 48/1433/4 536/1417/4 534/1431/4
f 538/1435/4 537/1436/4 539/1437/4 540/1438/4
f 47/1434/231 48/1433/231 540/1438/231 539/1437/231
f 32/1439/232 47/1440/232 539/1441/232 537/1442/232
f 33/1443/233 32/1444/233 537/1445/233 538/1446/233
f 550/1447/234 549/1448/234 737/114/234 542/113/234
f 552/1449/235 551/1450/235 543/122/235 738/121/235
f 553/1451/236 554/1452/236 546/1424/236 739/1423/236
f 555/1453/237 556/1454/237 740/1428/237 547/1427/237
f 554/1455/238 550/1456/238 542/1457/238 546/1458/238
f 549/1459/239 553/1460/239 739/1461/239 737/1462/239
f 556/1463/240 552/1464/240 738/1465/240 740/1466/240
f 551/1467/241 555/1468/241 547/1469/241 543/1470/241
f 29/1471/58 46/108/58 551/1467/58 552/1472/58
f 532/107/58 531/1473/58 556/1474/58 555/1468/58
f 550/1456/13 554/1455/13 553/1475/13 549/1476/13
f 531/1473/19 29/1471/19 552/1472/19 556/1474/19
f 46/108/19 532/107/19 555/1468/19 551/1467/19
f 557/109/19 558/1477/19 560/1478/19 559/110/19
f 531/1479/242 532/1480/242 559/1481/242 560/1482/242
f 46/1483/243 29/1484/243 558/1485/243 557/1486/243
f 29/1487/244 531/1488/244 560/1489/244 558/1490/244
f 452/778/245 237/777/245 562/1491/245 561/1492/245
f 237/777/245 136/1493/245 563/1494/245 562/1491/245
f 136/1493/245 454/1495/245 564/1496/245 563/1494/245
f 454/1495/245 452/778/245 561/1492/245 564/1496/245
f 451/829/246 913/826/246 566/1497/246 565/1498/246
f 913/826/246 919/1499/246 567/1500/246 566/1497/246
f 919/1499/246 453/1501/246 568/1502/246 567/1500/246
f 453/1501/246 451/829/246 565/1498/246 568/1502/246
f 254/285/246 451/829/246 570/1503/246 569/1504/246
f 451/829/246 453/1501/246 571/1505/246 570/1503/246
f 453/1501/246 133/1506/246 572/1507/246 571/1505/246
f 133/1506/246 254/285/246 569/1504/246 572/1507/246
f 914/782/245 452/778/245 574/1508/245 573/1509/245
f 452/778/245 454/1495/245 575/1510/245 574/1508/245
f 454/1495/245 920/1511/245 576/1512/245 575/1510/245
f 920/1511/245 914/782/245 573/1509/245 576/1512/245
f 581/1513/245 582/1514/245 584/1515/245 583/1516/245
f 585/1517/246 579/1518/246 580/1519/246 586/1520/246
f 587/1521/246 588/1522/246 590/1523/246 589/1524/246
f 578/1525/245 591/1526/245 592/1527/245 577/1528/245
f 568/1529/247 565/1530/247 585/1531/247 586/1532/247
f 573/1533/248 574/1534/248 591/1535/248 578/1536/248
f 562/1537/249 563/1538/249 584/1539/249 582/1540/249
f 572/1541/250 569/1542/250 587/1543/250 589/1544/250
f 567/1545/251 568/1546/251 586/1547/251 580/1548/251
f 574/1549/252 575/1550/252 592/1551/252 591/1552/252
f 563/1553/253 564/1554/253 583/1555/253 584/1556/253
f 570/1557/254 571/1558/254 590/1559/254 588/1560/254
f 575/1561/253 576/1562/253 577/1563/253 592/1564/253
f 576/1565/4 573/1566/4 578/1567/4 577/1568/4
f 571/1569/251 572/1570/251 589/1571/251 590/1572/251
f 566/1573/4 567/1574/4 580/1575/4 579/1576/4
f 490/290/255 204/289/255 594/1577/255 593/1578/255
f 204/289/255 250/801/255 595/1579/255 594/1577/255
f 250/801/256 488/800/256 596/1580/256 595/1579/256
f 488/800/255 490/290/255 593/1578/255 596/1580/255
f 244/1369/256 490/290/256 598/1581/256 597/1582/256
f 490/290/256 488/800/256 599/1583/256 598/1581/256
f 488/800/256 248/799/256 600/1584/256 599/1583/256
f 248/799/256 244/1369/256 597/1582/256 600/1584/256
f 599/1583/19 600/1584/19 607/1585/19 608/1586/19
f 593/1587/13 594/1588/13 602/1589/13 601/1590/13
f 600/1591/257 597/1592/257 605/1593/257 607/1594/257
f 595/1579/19 596/1580/19 603/1595/19 604/1596/19
f 596/1597/258 593/1598/258 601/1599/258 603/1600/258
f 598/1601/259 599/1602/259 608/1603/259 606/1604/259
f 489/1605/260 245/1606/260 610/1607/260 609/1608/260
f 245/1606/260 247/1609/260 611/1610/260 610/1607/260
f 247/1609/261 487/1611/261 612/1612/261 611/1610/261
f 487/1611/260 489/1605/260 609/1608/260 612/1612/260
f 63/1613/260 489/1605/260 614/1614/260 613/1615/260
f 489/1605/260 487/1611/260 615/1616/260 614/1614/260
f 487/1611/261 249/1617/261 616/1618/261 615/1616/261
f 249/1617/260 63/1613/260 613/1615/260 616/1618/260
f 609/1619/13 610/1620/13 618/1621/13 617/1622/13
f 616/1623/262 613/1624/262 621/1625/262 623/1626/262
f 611/1627/19 612/1628/19 619/1629/19 620/1630/19
f 612/1631/263 609/1632/263 617/1633/263 619/1634/263
f 614/1635/264 615/1636/264 624/1637/264 622/1638/264
f 613/1639/13 614/1640/13 622/1641/13 621/1642/13
f 467/1643/265 1423/1644/265 978/1645/265 625/1646/265
f 1421/1647/265 468/1648/265 626/1649/265 977/1650/265
f 192/1651/265 189/1652/265 627/1653/265 628/1654/265
f 189/1652/265 467/1643/265 625/1646/265 627/1653/265
f 468/1648/265 192/1651/265 628/1654/265 626/1649/265
f 629/1655/265 631/1656/265 632/1657/265 630/1658/265
f 1428/1659/265 629/1655/265 630/1658/265 1427/1660/265
f 468/1661/266 1421/1662/266 1427/1663/266 630/1664/266
f 192/1665/266 468/1661/266 630/1664/266 632/1666/266
f 189/1667/267 192/1668/267 632/1669/267 631/1670/267
f 1423/1671/99 467/617/99 629/620/99 1428/1672/99
f 636/1673/268 635/1674/268 653/1675/268 656/1676/268
f 227/1677/269 647/1678/269 646/1679/269 679/1680/269
f 679/1681/270 646/1682/270 645/1683/270 235/1684/270
f 235/1685/271 645/1686/271 648/1687/271 219/1688/271
f 219/1689/272 648/1690/272 647/1691/272 227/1692/272
f 519/1693/273 219/1694/273 638/1695/273 640/1696/273
f 181/1697/274 519/1698/274 640/1699/274 637/1700/274
f 227/1701/275 181/1697/275 637/1700/275 639/1702/275
f 219/1703/276 227/1701/276 639/1702/276 638/1704/276
f 641/1705/277 642/1706/277 644/1707/277 643/1708/277
f 638/1709/278 643/1710/278 644/1711/278 640/1712/278
f 639/1713/279 641/1714/279 643/1715/279 638/1716/279
f 637/1717/280 642/1718/280 641/1719/280 639/1720/280
f 640/1721/281 644/1722/281 642/1723/281 637/1724/281
f 633/1725/282 635/1726/282 645/1686/282 646/1727/282
f 634/1728/283 633/1725/283 646/1727/283 647/1729/283
f 636/1730/284 634/1728/284 647/1729/284 648/1687/284
f 635/1726/285 636/1730/285 648/1687/285 645/1686/285
f 652/1731/286 649/1732/286 657/1733/286 660/1734/286
f 633/1725/287 634/1728/287 655/1735/287 654/1736/287
f 634/1737/288 636/1738/288 656/1739/288 655/1740/288
f 635/1741/289 633/1742/289 654/1743/289 653/1744/289
f 650/1745/290 649/1746/290 653/1747/290 654/1736/290
f 651/1748/291 650/1745/291 654/1736/291 655/1735/291
f 652/1749/292 651/1748/292 655/1735/292 656/1750/292
f 649/1746/293 652/1749/293 656/1750/293 653/1747/293
f 659/1751/294 660/1752/294 728/1753/294 727/1754/294
f 650/1745/295 651/1748/295 659/1755/295 658/1756/295
f 651/1757/296 652/1758/296 660/1752/296 659/1751/296
f 649/1759/297 650/1760/297 658/1761/297 657/1762/297
f 663/1763/298 436/1764/298 681/514/298 774/513/298
f 437/1765/298 665/1766/298 815/236/298 682/235/298
f 665/1766/298 664/1767/298 1062/1768/298 815/236/298
f 666/1769/298 663/1763/298 774/513/298 1061/1770/298
f 664/1767/298 666/1769/298 1061/1770/298 1062/1768/298
f 499/1771/298 500/1772/298 668/1773/298 667/1774/298
f 436/1764/298 499/1771/298 667/1774/298 681/514/298
f 500/1772/298 437/1765/298 682/235/298 668/1773/298
f 674/1775/298 669/1776/298 670/1777/298 676/1778/298
f 675/1779/298 671/1780/298 672/1781/298 673/1782/298
f 673/1782/298 672/1781/298 669/1776/298 674/1775/298
f 436/1783/299 663/1784/299 671/1785/299 675/1786/299
f 437/1787/141 500/1788/141 674/1789/141 676/1790/141
f 664/14/112 665/1791/112 670/1792/112 669/15/112
f 500/1788/141 499/930/141 673/933/141 674/1789/141
f 665/1793/300 437/1794/300 676/1795/300 670/1796/300
f 280/1797/298 66/1798/298 678/260/298 677/1130/298
f 153/1799/298 279/1800/298 680/1139/298 679/522/298
f 279/1800/298 280/1797/298 677/1130/298 680/1139/298
f 661/1801/298 153/1799/298 679/522/298 681/514/298
f 66/1798/298 662/1802/298 682/235/298 678/260/298
f 684/1803/298 683/1804/298 667/1774/298 668/1773/298
f 683/1804/298 661/1801/298 681/514/298 667/1774/298
f 662/1802/298 684/1803/298 668/1773/298 682/235/298
f 686/1805/298 685/1806/298 687/1807/298 688/1808/298
f 690/1809/298 691/1810/298 685/1806/298 686/1805/298
f 688/1808/298 687/1807/298 692/1811/298 689/1812/298
f 683/1813/213 684/1305/213 687/1308/213 685/1814/213
f 153/1799/301 661/1801/301 691/1810/301 690/1809/301
f 279/1379/214 153/1815/214 690/1816/214 686/1380/214
f 661/1817/213 683/1813/213 685/1814/213 691/1818/213
f 662/1802/302 66/1798/302 689/1812/302 692/1811/302
f 710/1819/12 709/1820/12 693/1821/12 694/1822/12
f 711/1823/12 712/1824/12 696/92/12 695/91/12
f 82/1825/12 711/1823/12 695/91/12 697/1826/12
f 108/1827/12 710/1819/12 694/1822/12 698/1828/12
f 709/1820/12 77/1829/12 699/1830/12 693/1821/12
f 77/1829/12 78/1831/12 700/1832/12 699/1830/12
f 78/1831/12 79/1833/12 701/1834/12 700/1832/12
f 79/1833/12 80/1835/12 702/1836/12 701/1834/12
f 80/1835/12 81/1837/12 703/1838/12 702/1836/12
f 81/1837/12 82/1825/12 697/1826/12 703/1838/12
f 712/1824/12 103/1839/12 704/1840/12 696/92/12
f 103/1839/12 104/1841/12 705/1842/12 704/1840/12
f 104/1841/12 105/1843/12 706/1844/12 705/1842/12
f 105/1843/12 106/1845/12 707/1846/12 706/1844/12
f 106/1845/12 107/1847/12 708/1848/12 707/1846/12
f 107/1847/12 108/1827/12 698/1828/12 708/1848/12
f 16/1849/303 15/1850/303 709/1851/303 710/1852/303
f 19/1853/304 20/1854/304 712/1855/304 711/1856/304
f 713/1857/305 19/1858/305 711/1859/305 82/1860/305
f 714/1861/306 16/1862/306 710/1863/306 108/1864/306
f 15/1865/305 715/1866/305 77/1867/305 709/1868/305
f 715/1866/305 716/1869/305 78/1870/305 77/1867/305
f 716/1869/305 717/1871/305 79/1872/305 78/1870/305
f 717/1871/305 718/1873/305 80/1874/305 79/1872/305
f 718/1873/305 719/1875/305 81/1876/305 80/1874/305
f 719/1875/305 713/1857/305 82/1860/305 81/1876/305
f 20/1877/306 720/1878/306 103/1879/306 712/1880/306
f 720/1878/306 721/1881/306 104/1882/306 103/1879/306
f 721/1881/306 722/1883/306 105/1884/306 104/1882/306
f 722/1883/306 723/1885/306 106/1886/306 105/1884/306
f 723/1885/306 724/1887/306 107/1888/306 106/1886/306
f 724/1887/306 714/1861/306 108/1864/306 107/1888/306
f 726/1889/307 727/1890/307 728/1891/307 725/1892/307
f 657/1762/308 658/1761/308 726/1893/308 725/1894/308
f 660/1895/309 657/1896/309 725/1897/309 728/1898/309
f 658/1756/310 659/1755/310 727/1890/310 726/1889/310
f 730/1899/311 731/1900/311 741/1901/311 742/1902/311
f 743/1903/312 744/1904/312 736/1905/312 733/1906/312
f 733/1907/313 730/1908/313 742/1909/313 743/1910/313
f 744/1911/314 741/1912/314 731/1913/314 736/1914/314
f 36/141/18 37/139/18 731/140/18 730/142/18
f 541/1915/315 544/1916/315 738/1917/315 737/1918/315
f 548/1919/316 545/1920/316 739/1921/316 740/1922/316
f 732/1923/315 729/1924/315 742/1925/315 741/1926/315
f 734/1927/316 735/1928/316 744/1929/316 743/1930/316
f 544/1916/315 732/1923/315 741/1926/315 738/1917/315
f 729/1924/315 541/1915/315 737/1918/315 742/1925/315
f 545/1920/316 734/1927/316 743/1930/316 739/1921/316
f 735/1928/316 548/1919/316 740/1922/316 744/1929/316
f 747/1931/317 748/1932/317 764/1933/317 763/1934/317
f 752/1935/318 751/1936/318 767/1937/318 768/1938/318
f 729/1924/319 732/1923/319 757/1939/319 758/1940/319
f 544/1941/320 541/1942/320 753/1943/320 754/1944/320
f 548/1945/321 735/1946/321 760/1947/321 756/1948/321
f 541/1949/322 729/1950/322 758/1951/322 753/1952/322
f 735/1928/323 734/1927/323 759/1953/323 760/1954/323
f 545/1955/324 548/1956/324 756/1957/324 755/1958/324
f 745/1959/315 746/1960/315 754/1961/315 753/1962/315
f 748/1932/316 747/1931/316 755/1963/316 756/1964/316
f 749/1965/315 750/1966/315 758/1940/315 757/1939/315
f 751/1967/316 752/1968/316 760/1954/316 759/1953/316
f 746/1960/315 749/1965/315 757/1939/315 754/1961/315
f 750/1966/315 745/1959/315 753/1962/315 758/1940/315
f 747/1931/316 751/1967/316 759/1953/316 755/1963/316
f 752/1968/316 748/1932/316 756/1964/316 760/1954/316
f 762/1969/315 761/1970/315 766/1971/315 765/1972/315
f 763/1934/316 764/1933/316 768/1973/316 767/1974/316
f 751/1975/325 747/1976/325 763/1977/325 767/1978/325
f 749/1979/326 746/1980/326 762/1981/326 765/1982/326
f 750/1983/327 749/1984/327 765/1985/327 766/1986/327
f 746/1960/328 745/1959/328 761/1970/328 762/1969/328
f 748/1987/329 752/1988/329 768/1989/329 764/1990/329
f 745/1991/330 750/1992/330 766/1993/330 761/1994/330
f 1010/1995/331 935/1996/331 934/1997/331 1018/1998/331
f 1017/1999/332 969/2000/332 1053/2001/332 1018/2002/332
f 912/2003/333 1052/2004/333 1051/2005/333 1033/2006/333
f 1466/2007/164 1472/2008/164 1469/2009/164 1464/2010/164
f 1258/2011/334 1257/2012/334 943/2013/334 951/2014/334
f 1056/2015/335 1326/2016/335 1324/2017/335 1054/2018/335
f 770/2019/336 778/2020/336 957/2021/336 769/2022/336
f 1018/2023/337 1053/2024/337 1316/2025/337 1010/2026/337
f 1055/2027/338 1494/2028/338 786/2029/338 1318/2030/338
f 970/2031/339 972/2032/339 782/2033/339 1012/2034/339
f 780/2035/340 974/2036/340 976/2037/340 784/2038/340
f 781/2039/12 967/2040/12 965/2041/12 777/2042/12
f 867/2043/13 789/2044/13 1495/2045/13 1497/2046/13
f 971/2047/341 1493/2048/341 1494/2049/341 1055/2050/341
f 1317/2051/342 785/2052/342 1493/2053/342 971/2054/342
f 1318/2055/343 786/2056/343 785/2057/343 1317/2058/343
f 789/2059/344 793/2060/344 795/2061/344 1495/2062/344
f 878/2063/18 790/2064/18 789/2065/18 867/2066/18
f 1504/2067/19 1496/2068/19 790/2069/19 878/2070/19
f 1513/2071/12 791/2072/12 792/2073/12 1520/2074/12
f 796/2075/19 800/2076/19 798/2077/19 794/2078/19
f 790/2064/18 794/2079/18 793/2080/18 789/2065/18
f 1496/2081/345 796/2082/345 794/2083/345 790/2084/345
f 1495/2085/12 795/2086/12 796/2087/12 1496/2088/12
f 799/2089/346 1338/2090/346 1339/2091/346 800/2092/346
f 795/2086/12 799/2093/12 800/2094/12 796/2087/12
f 793/2095/13 797/2096/13 799/2097/13 795/2098/13
f 794/2079/18 798/2099/18 797/2100/18 793/2080/18
f 1328/2101/22 1355/2102/22 1353/2103/22 824/2104/22
f 797/2105/347 1537/2106/347 1338/2107/347 799/2108/347
f 798/2109/348 1538/2110/348 1537/2111/348 797/2112/348
f 800/2113/349 1339/2114/349 1538/2115/349 798/2116/349
f 826/2117/350 1336/2118/350 1334/2119/350 805/2120/350
f 811/2121/18 1536/2122/18 1533/2123/18 810/2124/18
f 807/2125/37 830/2126/37 829/2127/37 806/2128/37
f 811/2129/28 834/2130/28 832/2131/28 809/2132/28
f 809/2133/18 1531/2134/18 1536/2122/18 811/2121/18
f 810/2124/18 1533/2123/18 1530/2135/18 808/2136/18
f 981/2137/29 849/2138/29 817/2139/29 836/2140/29
f 1176/2141/351 1199/2142/351 1202/2143/351 1177/2144/351
f 1089/2145/19 1093/2146/19 1023/2147/19 812/2148/19
f 1151/2149/352 1220/2150/352 1219/2151/352 1150/2152/352
f 1244/2153/51 1234/2154/51 819/161/51 840/160/51
f 836/2155/353 817/2156/353 816/2157/353 841/2158/353
f 1312/2159/217 1314/2160/217 1228/2161/217 851/2162/217
f 1302/2163/34 1235/2164/34 823/173/34 1152/172/34
f 1153/2165/35 1221/2166/35 1220/2167/35 1151/2168/35
f 803/2169/12 1339/2170/12 1338/2171/12 802/2172/12
f 806/2173/12 1342/2174/12 1343/2175/12 807/2176/12
f 802/2172/12 1338/2171/12 1342/2174/12 806/2173/12
f 807/2176/12 1343/2175/12 1339/2170/12 803/2169/12
f 806/2177/36 829/2178/36 827/2179/36 802/2180/36
f 802/2181/27 827/2182/27 828/2183/27 803/2184/27
f 803/2185/38 828/2186/38 830/2187/38 807/2188/38
f 1532/2189/321 1557/2190/321 1554/2191/321 1340/2192/321
f 1534/2193/322 1559/2194/322 1555/2195/322 1341/2196/322
f 1537/2197/41 1542/2198/41 1543/2199/41 1539/2200/41
f 1540/2201/42 1544/2202/42 1541/2203/42 1538/2204/42
f 810/2205/45 833/2206/45 834/2207/45 811/2208/45
f 808/2209/44 831/2210/44 833/2211/44 810/2212/44
f 809/2213/43 832/2214/43 831/2215/43 808/2216/43
f 1020/2217/353 835/2218/353 842/2219/353 1019/2220/353
f 1127/2221/354 1132/2222/354 1131/2223/354 1128/2224/354
f 1482/2225/47 1243/2226/47 839/237/47 815/236/47
f 1244/2227/48 1246/2228/48 860/2229/48 854/2230/48
f 996/2231/49 855/2232/49 835/2233/49 1020/2234/49
f 855/2232/49 981/2235/49 836/2236/49 835/2233/49
f 855/2237/355 1425/2238/355 1426/2239/355 981/2240/355
f 1240/2241/49 1236/2242/49 855/2232/49 996/2231/49
f 842/2243/47 841/2244/47 854/2245/47 853/2246/47
f 1019/2247/47 842/2243/47 853/2246/47 1478/2248/47
f 1301/2249/35 1242/2250/35 1221/2166/35 1153/2165/35
f 1150/2251/34 1219/2252/34 1222/2253/34 1154/2254/34
f 1224/2255/70 1225/2256/70 1226/2257/70 1223/2258/70
f 841/2244/32 816/2259/32 850/2260/32 854/2245/32
f 1076/2261/356 1080/2262/356 1004/2263/356 847/2264/356
f 1237/2265/29 1241/2266/29 849/2138/29 981/2137/29
f 1187/2267/357 1211/2268/357 1212/2269/357 1188/2270/357
f 1010/2271/358 910/2272/358 1044/2273/358 1041/2274/358
f 1285/2275/55 1286/2276/55 994/2277/55 845/2278/55
f 854/2279/359 860/2280/359 859/2281/359 853/2282/359
f 1243/2283/57 1245/2284/57 857/297/57 839/296/57
f 787/2285/12 1515/2286/12 1514/2287/12 788/2288/12
f 1515/2286/12 1516/2289/12 1524/2290/12 1514/2287/12
f 1516/2289/12 1517/2291/12 1523/2292/12 1524/2290/12
f 1517/2291/12 1518/2293/12 1522/2294/12 1523/2292/12
f 1518/2293/12 1519/2295/12 1521/2296/12 1522/2294/12
f 1519/2295/12 1513/2071/12 1520/2074/12 1521/2296/12
f 1494/2028/19 1498/2297/19 883/2298/19 786/2029/19
f 1508/2299/19 1507/2300/19 881/2301/19 882/2302/19
f 1506/2303/19 1505/2304/19 879/2305/19 880/2306/19
f 786/2307/18 883/2308/18 872/2309/18 785/2310/18
f 883/2308/18 882/2311/18 871/2312/18 872/2309/18
f 882/2311/18 881/2313/18 870/2314/18 871/2312/18
f 881/2313/18 880/2315/18 869/2316/18 870/2314/18
f 880/2315/18 879/2317/18 868/2318/18 869/2316/18
f 879/2317/18 878/2063/18 867/2066/18 868/2318/18
f 785/2319/13 872/2320/13 1499/2321/13 1493/2322/13
f 872/2320/13 871/2323/13 1500/2324/13 1499/2321/13
f 871/2323/13 870/2325/13 1501/2326/13 1500/2324/13
f 870/2325/13 869/2327/13 1502/2328/13 1501/2326/13
f 869/2327/13 868/2329/13 1503/2330/13 1502/2328/13
f 868/2329/13 867/2043/13 1497/2046/13 1503/2330/13
f 873/2331/19 878/2070/19 879/2305/19 874/2332/19
f 890/2333/19 880/2306/19 881/2301/19 875/2334/19
f 876/2335/19 882/2302/19 883/2298/19 891/2336/19
f 893/2337/19 1505/2304/19 1504/2067/19 892/2338/19
f 895/2339/19 1507/2300/19 1506/2303/19 894/2340/19
f 896/2341/19 1498/2297/19 1508/2299/19 877/2342/19
f 891/2336/19 883/2298/19 1498/2297/19 896/2341/19
f 877/2342/19 1508/2299/19 882/2302/19 876/2335/19
f 875/2334/19 881/2301/19 1507/2300/19 895/2339/19
f 894/2340/58 1506/2303/58 880/2306/58 890/2333/58
f 874/2332/58 879/2305/58 1505/2304/58 893/2337/58
f 892/2338/19 1504/2067/19 878/2070/19 873/2331/19
f 896/2343/60 908/2344/60 902/2345/60 891/2346/60
f 890/2347/59 899/2348/59 905/2349/59 894/2350/59
f 891/2351/61 902/2352/61 901/2353/61 876/2354/61
f 908/2355/58 907/2356/58 901/2357/58 902/2358/58
f 906/2359/58 905/2360/58 899/2361/58 900/2362/58
f 904/2363/19 903/2364/19 897/2365/19 898/2366/19
f 892/2367/360 903/2368/360 904/2369/360 893/2370/360
f 893/2371/60 904/2372/60 898/2373/60 874/2374/60
f 874/2375/61 898/2376/61 897/2377/61 873/2378/61
f 876/2379/59 901/2380/59 907/2381/59 877/2382/59
f 894/2383/360 905/2384/360 906/2385/360 895/2386/360
f 873/2387/59 897/2388/59 903/2389/59 892/2390/59
f 875/2391/61 900/2392/61 899/2393/61 890/2394/61
f 895/2395/60 906/2396/60 900/2397/60 875/2398/60
f 877/2399/62 907/2400/62 908/2401/62 896/2402/62
f 1365/2403/63 1383/2404/63 1384/2405/63 1366/2406/63
f 1027/2407/361 924/2408/361 915/2409/361 909/2410/361
f 1025/2411/362 1027/2412/362 909/2413/362 1009/2414/362
f 1009/2414/363 909/2413/363 910/2415/363 1010/2416/363
f 921/2417/18 916/2418/18 915/2419/18 924/2420/18
f 923/2421/70 926/2422/70 925/2423/70 922/2424/70
f 1360/2425/364 1379/2426/364 1377/2427/364 1357/2428/364
f 909/2413/365 915/2429/365 916/2430/365 910/2415/365
f 910/2431/366 916/2432/366 921/2433/366 1044/2434/366
f 1251/2435/18 1249/2436/18 921/2417/18 918/2437/18
f 922/2438/18 920/455/18 919/454/18 923/2439/18
f 1252/2440/18 1250/2441/18 920/455/18 922/2438/18
f 918/2437/18 921/2417/18 924/2420/18 917/2442/18
f 917/2443/4 928/2444/4 927/2445/4 918/2446/4
f 1252/2447/19 1254/2448/19 928/2449/19 917/2450/19
f 1251/2451/13 1253/2452/13 926/2453/13 923/2454/13
f 932/2455/367 940/2456/367 939/2457/367 931/2458/367
f 1018/2459/368 934/2460/368 933/2461/368 1036/2462/368
f 1041/2274/369 936/2463/369 935/2464/369 1010/2271/369
f 1036/2465/370 933/2466/370 936/2467/370 1041/2468/370
f 929/2469/371 933/2470/371 934/2471/371 930/2472/371
f 930/2473/372 934/1997/372 935/1996/372 931/2474/372
f 931/2475/373 935/2464/373 936/2463/373 932/2476/373
f 932/2477/374 936/2467/374 933/2466/374 929/2478/374
f 940/2479/375 937/2480/375 938/2481/375 939/2482/375
f 930/2472/376 938/2483/376 937/2484/376 929/2469/376
f 929/2478/377 937/2485/377 940/2486/377 932/2477/377
f 931/2487/378 939/2488/378 938/2489/378 930/2490/378
f 1255/2491/83 1481/2492/83 774/513/83 946/2493/83
f 946/2493/83 774/513/83 776/516/83 949/2494/83
f 1256/2495/83 1239/2496/83 1025/2497/83 950/2498/83
f 950/2498/83 1025/2497/83 1479/2499/83 947/2500/83
f 943/2501/379 946/2502/379 949/2503/379 951/2504/379
f 1298/2505/13 1300/2506/13 1147/2507/13 1144/2508/13
f 1259/2509/13 1261/2510/13 953/2511/13 945/2512/13
f 952/2513/380 950/2514/380 947/2515/380 846/2516/380
f 1259/2517/86 1256/2518/86 950/2519/86 948/2520/86
f 1260/2521/86 1258/2522/86 951/2523/86 942/2524/86
f 942/2524/86 951/2523/86 949/2525/86 945/2526/86
f 948/2520/86 950/2519/86 952/2527/86 844/2528/86
f 844/2529/381 956/2530/381 954/2531/381 948/2532/381
f 1260/2533/19 1262/2534/19 956/2535/19 844/2536/19
f 945/2537/382 953/2538/382 955/2539/382 942/2540/382
f 962/2541/383 969/2542/383 1315/2543/383 961/2544/383
f 963/2545/384 1317/2051/384 971/2054/384 964/2546/384
f 961/2547/385 1315/2548/385 1317/2549/385 963/2550/385
f 964/2551/386 971/2552/386 969/2542/386 962/2541/386
f 779/2553/387 962/2554/387 961/2555/387 777/2556/387
f 781/2557/387 963/2545/387 964/2546/387 783/2558/387
f 777/2556/387 961/2555/387 963/2545/387 781/2557/387
f 783/2558/387 964/2546/387 962/2554/387 779/2553/387
f 965/2559/387 967/2560/387 968/2561/387 966/2562/387
f 777/2563/388 965/2564/388 966/2565/388 779/2566/388
f 779/2567/18 966/2568/18 968/2569/18 783/2570/18
f 783/2571/389 968/2572/389 967/2573/389 781/2574/389
f 780/2575/12 1053/2576/12 969/2577/12 958/2578/12
f 960/2579/12 971/2580/12 1055/2581/12 784/2582/12
f 784/2582/12 1055/2581/12 1053/2576/12 780/2575/12
f 958/2578/12 969/2577/12 971/2580/12 960/2579/12
f 958/2578/98 973/2583/98 974/2584/98 780/2575/98
f 960/2585/390 975/2586/390 973/2587/390 958/2588/390
f 784/2582/96 976/2589/96 975/2590/96 960/2579/96
f 1263/2591/99 1429/2592/99 1431/2593/99 979/2594/99
f 980/2595/108 988/2596/108 987/2597/108 856/2598/108
f 1236/2599/101 1422/2600/101 1425/2601/101 855/2602/101
f 1265/2603/102 1237/2604/102 981/2605/102 856/2606/102
f 1266/2607/103 1424/2608/103 977/2609/103 984/2610/103
f 856/2598/105 981/2240/105 1426/2239/105 980/2595/105
f 984/2611/104 977/2612/104 837/2613/104 983/2614/104
f 985/2615/4 989/2616/4 990/2617/4 986/2618/4
f 1265/2603/218 1267/2619/218 985/2620/218 983/2621/218
f 1266/2607/107 1268/2622/107 988/2623/107 980/2624/107
f 983/2614/100 985/2615/100 986/2618/100 984/2611/100
f 1164/2625/70 1168/2626/70 1170/2627/70 1165/2628/70
f 988/2596/164 992/2629/164 991/2630/164 987/2597/164
f 1267/2619/13 1269/2631/13 989/2632/13 985/2620/13
f 1268/2622/19 1270/2633/19 992/2634/19 988/2623/19
f 1067/2635/109 1073/664/109 814/663/109 993/2636/109
f 1271/2637/109 1238/2638/109 775/667/109 995/2639/109
f 1272/2640/109 1240/2641/109 996/2642/109 847/2643/109
f 1075/2644/109 1069/2645/109 1036/2646/109 843/2647/109
f 1275/2648/110 1277/2649/110 1007/2650/110 999/2651/110
f 1271/2652/111 1273/2653/111 1003/2654/111 843/2655/111
f 1068/2656/4 1078/2657/4 1002/2658/4 995/2659/4
f 1272/2660/110 1274/2661/110 1001/2662/110 993/2663/110
f 1081/2664/109 1077/2665/109 1001/2666/109 997/2667/109
f 1275/2668/109 1273/2669/109 1002/2670/109 998/2671/109
f 1276/2672/109 1274/2673/109 1004/2674/109 1000/2675/109
f 1083/2676/109 1079/2677/109 1003/2678/109 999/2679/109
f 1294/2680/109 1278/2681/109 1008/2682/109 1088/2683/109
f 1276/2684/111 1278/2685/111 1005/2686/111 997/2687/111
f 1082/2688/70 1086/2689/70 1006/2690/70 998/2691/70
f 1084/2692/391 1088/2693/391 1008/2694/391 1000/2695/391
f 1013/2696/336 1009/2414/336 1010/2416/336 1014/2697/336
f 1016/2698/336 1316/2699/336 1315/2700/336 1015/2701/336
f 1015/2701/336 1315/2700/336 1009/2414/336 1013/2696/336
f 1014/2697/336 1010/2416/336 1316/2699/336 1016/2698/336
f 769/2702/392 1013/2703/392 1014/2704/392 770/2705/392
f 778/2706/393 1016/2707/393 1015/2708/393 957/2709/393
f 957/2710/394 1015/2711/394 1013/2712/394 769/2713/394
f 770/2714/395 1014/2715/395 1016/2716/395 778/2717/395
f 771/2718/396 1017/1999/396 1018/2002/396 772/2719/396
f 813/2720/397 1020/2217/397 1019/2220/397 812/2721/397
f 1090/2722/396 1064/2723/396 1017/1999/396 771/2718/396
f 1092/2724/396 1066/2725/396 1020/2217/396 813/2720/396
f 1100/2726/13 1111/2727/13 1110/2728/13 1097/2729/13
f 772/2730/398 1022/2731/398 1021/2732/398 771/2733/398
f 1091/2734/13 1095/2735/13 1022/2736/13 772/2737/13
f 812/2738/399 1023/2739/399 1024/2740/399 813/2741/399
f 1279/2742/121 1239/2743/121 776/773/121 1030/2744/121
f 1280/2745/121 1248/2746/121 1027/2747/121 1032/2748/121
f 1032/2748/121 1027/2747/121 1025/2749/121 1031/2750/121
f 1030/2744/121 776/773/121 914/782/121 1029/2751/121
f 1026/2752/400 1030/2744/400 1029/2751/400 1028/2753/400
f 1281/2754/124 1279/2742/124 1030/2744/124 1026/2752/124
f 1282/2755/125 1280/2756/125 1032/2757/125 911/2758/125
f 911/2759/401 1032/2760/401 1031/2761/401 944/2762/401
f 1283/2763/127 1231/2764/127 773/797/127 1037/2765/127
f 1037/2765/127 773/797/127 775/667/127 1038/2766/127
f 1284/2767/127 1238/2638/127 1036/2646/127 1040/2768/127
f 1040/2768/127 1036/2646/127 1041/2769/127 1039/2770/127
f 1035/2771/402 1037/2772/402 1038/2773/402 1034/2774/402
f 1411/2775/19 1420/2776/19 1419/2777/19 1412/2778/19
f 1390/2779/403 1398/2780/403 1400/2781/403 1391/2782/403
f 994/2783/404 1040/2784/404 1039/2785/404 845/2786/404
f 1287/2787/131 1231/2788/131 1041/2274/131 1047/2789/131
f 1046/2790/131 913/826/131 773/825/131 1045/2791/131
f 1047/2789/131 1041/2274/131 1044/2273/131 1048/2792/131
f 1288/2793/215 1247/2794/215 913/826/215 1046/2790/215
f 1042/2795/131 1046/2790/131 1045/2791/131 1043/2796/131
f 1289/2797/131 1287/2787/131 1047/2789/131 1033/2798/131
f 1033/2798/131 1047/2789/131 1048/2792/131 912/2799/131
f 1290/2800/131 1288/2793/131 1046/2790/131 1042/2795/131
f 1291/2801/131 1292/2802/131 1050/2803/131 1049/2804/131
f 1043/2805/70 1049/2806/70 1050/2807/70 1042/2808/70
f 1290/2809/19 1292/2810/19 1052/2811/19 912/2812/19
f 1289/2813/13 1291/2814/13 1049/2815/13 1043/2816/13
f 1058/2817/339 1316/2025/339 1053/2024/339 1057/2818/339
f 1059/2819/339 1055/2027/339 1318/2030/339 1060/2820/339
f 1060/2820/339 1318/2030/339 1316/2025/339 1058/2817/339
f 1057/2818/339 1053/2024/339 1055/2027/339 1059/2819/339
f 1012/2821/405 1058/2822/405 1057/2823/405 970/2824/405
f 972/2032/406 1059/2819/406 1060/2820/406 782/2033/406
f 782/2825/407 1060/2826/407 1058/2827/407 1012/2828/407
f 970/2031/408 1057/2818/408 1059/2819/408 972/2032/408
f 813/2829/13 1024/2830/13 1096/2831/13 1092/2832/13
f 1092/2832/13 1096/2831/13 1095/2735/13 1091/2734/13
f 1106/2833/19 1117/2834/19 1120/2835/19 1107/2836/19
f 1103/2837/409 1116/2838/409 1115/2839/409 1104/2840/409
f 772/2719/396 1018/2002/396 1065/2841/396 1091/2842/396
f 1091/2842/396 1065/2841/396 1066/2725/396 1092/2724/396
f 812/2721/397 1019/2220/397 1063/2843/397 1089/2844/397
f 1089/2844/397 1063/2843/397 1064/2723/397 1090/2722/397
f 999/2845/391 1007/2846/391 1087/2847/391 1083/2848/391
f 1083/2848/391 1087/2847/391 1088/2693/391 1084/2692/391
f 997/2849/164 1005/2850/164 1085/2851/164 1081/2852/164
f 1081/2852/70 1085/2851/70 1086/2689/70 1082/2688/70
f 1277/2853/109 1293/2854/109 1087/2855/109 1007/2856/109
f 1293/2854/109 1294/2680/109 1088/2683/109 1087/2855/109
f 1000/2675/109 1004/2674/109 1080/2857/109 1084/2858/109
f 1084/2858/109 1080/2857/109 1079/2677/109 1083/2676/109
f 998/2671/109 1002/2670/109 1078/2859/109 1082/2860/109
f 1082/2860/109 1078/2859/109 1077/2665/109 1081/2664/109
f 993/2861/4 1001/2862/4 1077/2863/4 1067/2864/4
f 1067/2864/4 1077/2863/4 1078/2657/4 1068/2656/4
f 847/2643/109 996/2642/109 1070/2865/109 1076/2866/109
f 1076/2866/109 1070/2865/109 1069/2645/109 1075/2644/109
f 995/2639/109 775/667/109 1074/905/109 1068/2867/109
f 1068/2867/109 1074/905/109 1073/664/109 1067/2635/109
f 1182/2868/410 1205/2869/410 1203/2870/410 1179/2871/410
f 1172/2872/411 1195/2873/411 1198/2874/411 1173/2875/411
f 843/2876/356 1003/2877/356 1079/2878/356 1075/2879/356
f 1075/2879/356 1079/2878/356 1080/2262/356 1076/2261/356
f 771/2880/19 1021/2881/19 1094/2882/19 1090/2883/19
f 1090/2883/19 1094/2882/19 1093/2146/19 1089/2145/19
f 1183/2884/412 1208/2885/412 1207/2886/412 1184/2887/412
f 1178/2888/413 1201/2889/413 1200/2890/413 1175/2891/413
f 1295/2892/414 1473/2893/414 1475/2894/414 1232/2895/414
f 1463/2896/70 1471/2897/70 1472/2008/70 1466/2007/70
f 1096/2898/397 1097/2899/397 1098/2900/397 1093/2901/397
f 1093/2901/397 1098/2900/397 1099/2902/397 1023/2903/397
f 1023/2903/397 1099/2902/397 1100/2904/397 1024/2905/397
f 1024/2905/397 1100/2904/397 1097/2899/397 1096/2898/397
f 1022/2906/396 1101/2907/396 1102/2908/396 1021/2909/396
f 1021/2909/396 1102/2908/396 1103/2910/396 1094/2911/396
f 1094/2911/396 1103/2910/396 1104/2912/396 1095/2913/396
f 1095/2913/397 1104/2912/397 1101/2907/397 1022/2906/397
f 1095/2913/396 1105/2914/396 1106/2915/396 1094/2911/396
f 1094/2911/397 1106/2915/397 1107/2916/397 1093/2901/397
f 1093/2901/397 1107/2916/397 1108/2917/397 1096/2898/397
f 1096/2898/397 1108/2917/397 1105/2914/397 1095/2913/397
f 1110/2918/397 1111/2919/397 1112/2920/397 1109/2921/397
f 1114/2922/397 1115/2923/397 1116/2924/397 1113/2925/397
f 1118/2926/396 1119/2927/396 1120/2928/396 1117/2929/396
f 1101/2930/415 1114/2931/415 1113/2932/415 1102/2933/415
f 1107/2934/416 1120/2935/416 1119/2936/416 1108/2937/416
f 1098/2938/19 1109/2939/19 1112/2940/19 1099/2941/19
f 1104/2942/13 1115/2943/13 1114/2944/13 1101/2945/13
f 1105/2946/415 1118/2947/415 1117/2948/415 1106/2949/415
f 1099/2950/417 1112/2951/417 1111/2952/417 1100/2953/417
f 1102/2954/19 1113/2955/19 1116/2956/19 1103/2957/19
f 1108/2958/13 1119/2959/13 1118/2960/13 1105/2961/13
f 1097/2962/415 1110/2963/415 1109/2964/415 1098/2965/415
f 835/2218/418 1121/2966/418 1122/2967/418 842/2219/418
f 842/2219/419 1122/2967/419 1123/2968/419 841/2158/419
f 841/2158/420 1123/2968/420 1124/2969/420 836/2155/420
f 836/2155/421 1124/2969/421 1121/2966/421 835/2218/421
f 1121/2966/353 1125/2970/353 1126/2971/353 1122/2967/353
f 1122/2967/353 1126/2971/353 1127/2972/353 1123/2968/353
f 1123/2968/353 1127/2972/353 1128/2973/353 1124/2969/353
f 1124/2969/353 1128/2973/353 1125/2970/353 1121/2966/353
f 1134/2974/422 1137/2975/422 1140/2976/422 1135/2977/422
f 1128/2978/423 1131/2979/423 1130/2980/423 1125/2981/423
f 1126/2982/424 1129/2983/424 1132/2984/424 1127/2985/424
f 1125/2986/425 1130/2987/425 1129/2988/425 1126/2989/425
f 1130/2990/353 1133/2991/353 1134/2992/353 1129/2993/353
f 1129/2993/353 1134/2992/353 1135/2994/353 1132/2995/353
f 1132/2995/353 1135/2994/353 1136/2996/353 1131/2997/353
f 1131/2997/353 1136/2996/353 1133/2991/353 1130/2990/353
f 1138/2998/353 1139/2999/353 1140/3000/353 1137/3001/353
f 1133/3002/426 1138/3003/426 1137/3004/426 1134/3005/426
f 1135/3006/427 1140/3007/427 1139/3008/427 1136/3009/427
f 1136/3010/428 1139/3011/428 1138/3012/428 1133/3013/428
f 1257/2012/155 1297/3014/155 1142/3015/155 943/2013/155
f 943/2013/155 1142/3015/155 1143/3016/155 946/2493/155
f 1255/2491/155 1298/2505/155 1144/2508/155 947/2500/155
f 947/2500/155 1144/2508/155 1141/3017/155 846/3018/155
f 1144/3019/429 1147/3020/429 1145/3021/429 1141/3022/429
f 1142/3023/430 1146/3024/430 1148/3025/430 1143/3026/430
f 1297/3027/19 1299/3028/19 1146/3029/19 1142/3030/19
f 816/2259/34 1150/2251/34 1154/2254/34 850/2260/34
f 1241/2266/35 1301/2249/35 1153/2165/35 849/2138/35
f 849/2138/35 1153/2165/35 1151/2168/35 817/2139/35
f 1156/3031/431 1159/3032/431 1160/3033/431 1157/3034/431
f 817/2156/352 1151/2149/352 1150/2152/352 816/2157/352
f 1234/2154/34 1303/3035/34 1156/3036/34 819/161/34
f 819/161/221 1156/3036/221 1157/3037/221 1152/172/221
f 1302/2163/34 1304/3038/34 1158/3039/34 1154/2254/34
f 1154/2254/34 1158/3039/34 1155/3040/34 850/2260/34
f 1305/3041/34 1306/3042/34 1160/3043/34 1159/3044/34
f 1158/3045/432 1162/3046/432 1161/3047/432 1155/3048/432
f 1304/3049/160 1306/3050/160 1162/3051/160 1158/3052/160
f 1303/3053/161 1305/3054/161 1159/3055/161 1156/3056/161
f 1269/3057/12 1307/3058/12 1164/3059/12 989/3060/12
f 989/3060/162 1164/3059/162 1165/3061/162 990/3062/162
f 1270/3063/12 1308/3064/12 1166/3065/12 992/3066/12
f 992/3066/12 1166/3065/12 1163/3067/12 991/3068/12
f 1309/3069/12 1310/3070/12 1170/3071/12 1168/3072/12
f 1307/3073/19 1309/3074/19 1168/3075/19 1164/3076/19
f 1308/3077/217 1310/3078/217 1169/3079/217 1166/3080/217
f 1166/3081/112 1169/3082/112 1167/3083/112 1163/3084/112
f 1070/2865/433 1171/3085/433 1172/3086/433 1066/3087/433
f 1066/3087/434 1172/3086/434 1173/3088/434 1020/3089/434
f 1020/3089/435 1173/3088/435 1174/3090/435 996/2642/435
f 996/2642/436 1174/3090/436 1171/3085/436 1070/2865/436
f 1063/3091/437 1175/3092/437 1176/3093/437 1477/3094/437
f 1477/3094/438 1176/3093/438 1177/3095/438 1478/2248/438
f 1478/2248/439 1177/3095/439 1178/3096/439 1019/2247/439
f 1019/2247/440 1178/3096/440 1175/3092/440 1063/3091/440
f 1017/3097/441 1179/3098/441 1180/3099/441 1479/3100/441
f 1479/3100/442 1180/3099/442 1181/3101/442 1480/3102/442
f 1480/3102/443 1181/3101/443 1182/3103/443 1064/3104/443
f 1064/3104/444 1182/3103/444 1179/3098/444 1017/3097/444
f 1064/3104/445 1183/3105/445 1184/3106/445 1480/3102/445
f 1480/3107/446 1184/3108/446 1185/3109/446 1477/3094/446
f 1477/3094/447 1185/3109/447 1186/3110/447 1063/3091/447
f 1063/3111/448 1186/3112/448 1183/3105/448 1064/3104/448
f 1036/2646/449 1187/3113/449 1188/3114/449 1018/3115/449
f 1018/3115/450 1188/3114/450 1189/3116/450 1065/3117/450
f 1065/3117/451 1189/3116/451 1190/3118/451 1069/2645/451
f 1069/2645/452 1190/3118/452 1187/3113/452 1036/2646/452
f 1069/2645/453 1191/3119/453 1192/3120/453 1065/3117/453
f 1065/3117/454 1192/3120/454 1193/3121/454 1066/3087/454
f 1066/3087/455 1193/3121/455 1194/3122/455 1070/2865/455
f 1070/2865/456 1194/3122/456 1191/3119/456 1069/2645/456
f 1196/3123/457 1197/3124/457 1198/3125/457 1195/3126/457
f 1200/3127/458 1201/3128/458 1202/3129/458 1199/3130/458
f 1203/3131/459 1205/3132/459 1206/3133/459 1204/3134/459
f 1208/3135/460 1209/3136/460 1210/3137/460 1207/3138/460
f 1211/3139/461 1213/3140/461 1214/3141/461 1212/3142/461
f 1216/3143/462 1217/3144/462 1218/3145/462 1215/3146/462
f 1186/3147/463 1209/3148/463 1208/3149/463 1183/3150/463
f 1191/3151/464 1216/3152/464 1215/3153/464 1192/3154/464
f 1173/3155/465 1198/3156/465 1197/3157/465 1174/3158/465
f 1180/3159/466 1204/3160/466 1206/3161/466 1181/3162/466
f 1190/3163/467 1213/3164/467 1211/3165/467 1187/3166/467
f 1177/3167/468 1202/3168/468 1201/3169/468 1178/3170/468
f 1184/3171/469 1207/3172/469 1210/3173/469 1185/3174/469
f 1194/3175/470 1217/3176/470 1216/3177/470 1191/3178/470
f 1181/3101/471 1206/3133/471 1205/3132/471 1182/3103/471
f 1188/3179/472 1212/3180/472 1214/3181/472 1189/3182/472
f 1185/3183/473 1210/3184/473 1209/3148/473 1186/3147/473
f 1192/3185/474 1215/3186/474 1218/3187/474 1193/3188/474
f 1189/3189/475 1214/3190/475 1213/3191/475 1190/3192/475
f 1193/3193/476 1218/3194/476 1217/3195/476 1194/3196/476
f 1171/3197/477 1196/3198/477 1195/3199/477 1172/3200/477
f 1175/3201/478 1200/3202/478 1199/3203/478 1176/3204/478
f 1174/3205/479 1197/3206/479 1196/3207/479 1171/3208/479
f 1179/3209/480 1203/3210/480 1204/3211/480 1180/3212/480
f 820/3213/12 1219/3214/12 1220/3215/12 821/3216/12
f 821/3216/12 1220/3215/12 1221/3217/12 851/3218/12
f 1311/3219/12 1235/3220/12 1222/3221/12 852/3222/12
f 1223/3223/12 822/1272/12 823/1271/12 1224/3224/12
f 1312/3225/12 1242/3226/12 822/1272/12 1223/3223/12
f 852/3222/12 1222/3221/12 1219/3214/12 820/3213/12
f 1311/3227/19 1313/3228/19 1225/3229/19 1224/3230/19
f 821/3231/4 1230/3232/4 1229/3233/4 820/3234/4
f 820/3235/19 1229/3236/19 1227/3237/19 852/3238/19
f 851/2162/13 1228/2161/13 1230/3239/13 821/3240/13
f 852/3238/58 1227/3237/58 1313/3228/58 1311/3227/58
f 851/3218/12 1221/3217/12 1242/3226/12 1312/3225/12
f 1224/3224/163 823/1271/163 1235/3220/163 1311/3219/163
f 1165/3241/13 1170/3242/13 1310/3078/13 1308/3077/13
f 1163/3243/19 1167/3244/19 1309/3074/19 1307/3073/19
f 1167/3245/12 1169/3246/12 1310/3070/12 1309/3069/12
f 990/3062/12 1165/3061/12 1308/3064/12 1270/3063/12
f 991/3068/12 1163/3067/12 1307/3058/12 1269/3057/12
f 1155/3247/161 1161/3248/161 1305/3054/161 1303/3053/161
f 1157/3249/160 1160/3250/160 1306/3050/160 1304/3049/160
f 1161/3251/34 1162/3252/34 1306/3042/34 1305/3041/34
f 1152/172/34 1157/3037/34 1304/3038/34 1302/2163/34
f 850/2260/34 1155/3040/34 1303/3035/34 1234/2154/34
f 818/1301/35 1149/1302/35 1301/2249/35 1241/2266/35
f 1141/3253/19 1145/3254/19 1299/3028/19 1297/3027/19
f 946/2493/155 1143/3016/155 1298/2505/155 1255/2491/155
f 846/3018/155 1141/3017/155 1297/3014/155 1257/2012/155
f 1484/3255/481 1487/3256/481 1492/3257/481 1462/3258/481
f 848/3259/482 1489/3260/482 1488/3261/482 1072/3262/482
f 1086/3263/109 1085/3264/109 1294/2680/109 1293/2854/109
f 1006/3265/109 1086/3263/109 1293/2854/109 1277/2853/109
f 1033/3266/13 1051/3267/13 1291/2814/13 1289/2813/13
f 1042/3268/19 1050/3269/19 1292/2810/19 1290/2809/19
f 1051/3270/131 1052/3271/131 1292/2802/131 1291/2801/131
f 912/2799/215 1048/2792/215 1288/2793/215 1290/2800/215
f 1043/2796/131 1045/2791/131 1287/2787/131 1289/2797/131
f 1048/2792/131 1044/2273/131 1247/2794/131 1288/2793/131
f 1045/2791/131 773/825/131 1231/2788/131 1287/2787/131
f 1393/3272/13 1401/3273/13 1402/3274/13 1394/3275/13
f 1406/3276/483 1414/3277/483 1416/3278/483 1407/3279/483
f 1038/2766/127 775/667/127 1238/2638/127 1284/2767/127
f 1039/2770/127 1041/2769/127 1231/2764/127 1283/2763/127
f 1028/3280/125 1029/3281/125 1280/2756/125 1282/2755/125
f 944/3282/124 1031/2750/124 1279/2742/124 1281/2754/124
f 1029/2751/121 914/782/121 1248/2746/121 1280/2745/121
f 1031/2750/121 1025/2749/121 1239/2743/121 1279/2742/121
f 1000/3283/111 1008/3284/111 1278/2685/111 1276/2684/111
f 1085/3264/109 1005/3285/109 1278/2681/109 1294/2680/109
f 997/2667/109 1001/2666/109 1274/2673/109 1276/2672/109
f 999/2679/109 1003/2678/109 1273/2669/109 1275/2668/109
f 847/3286/110 1004/3287/110 1274/2661/110 1272/2660/110
f 995/3288/111 1002/3289/111 1273/2653/111 1271/2652/111
f 998/3290/110 1006/3291/110 1277/2649/110 1275/2648/110
f 993/2636/109 814/663/109 1240/2641/109 1272/2640/109
f 843/2647/109 1036/2646/109 1238/2638/109 1271/2637/109
f 986/3292/19 990/3293/19 1270/2633/19 1268/2622/19
f 987/3294/13 991/3295/13 1269/2631/13 1267/2619/13
f 984/2610/107 986/3292/107 1268/2622/107 1266/2607/107
f 856/2606/218 987/3294/218 1267/2619/218 1265/2603/218
f 980/2624/103 1426/3296/103 1424/2608/103 1266/2607/103
f 983/2621/102 837/3297/102 1237/2604/102 1265/2603/102
f 838/1347/101 978/1348/101 1422/2600/101 1236/2599/101
f 1421/3298/164 1427/3299/164 1428/3300/164 1423/3301/164
f 942/3302/19 955/3303/19 1262/2534/19 1260/2533/19
f 844/2528/86 952/2527/86 1258/2522/86 1260/2521/86
f 945/2526/86 949/2525/86 1256/2518/86 1259/2517/86
f 948/3304/13 954/3305/13 1261/2510/13 1259/2509/13
f 1143/3016/13 1148/3306/13 1300/2506/13 1298/2505/13
f 949/2494/83 776/516/83 1239/2496/83 1256/2495/83
f 947/2500/83 1479/2499/83 1481/2492/83 1255/2491/83
f 918/3307/13 927/3308/13 1253/2452/13 1251/2451/13
f 922/3309/19 925/3310/19 1254/2448/19 1252/2447/19
f 917/2442/18 924/2420/18 1250/2441/18 1252/2440/18
f 923/2439/18 919/454/18 1249/2436/18 1251/2435/18
f 1361/3311/63 1381/3312/63 1375/3313/63 1362/3314/63
f 1357/3315/248 1377/3316/248 1378/3317/248 1358/3318/248
f 853/3319/57 859/3320/57 1245/2284/57 1243/2283/57
f 1035/3321/55 1034/3322/55 1286/2276/55 1285/2275/55
f 837/1370/29 818/1301/29 1241/2266/29 1237/2265/29
f 1149/1302/220 822/1371/220 1242/2250/220 1301/2249/220
f 814/1372/49 838/1373/49 1236/2242/49 1240/2241/49
f 840/1374/48 858/1375/48 1246/2228/48 1244/2227/48
f 1478/2248/47 853/2246/47 1243/2226/47 1482/2225/47
f 1154/2254/34 1222/2253/34 1235/2164/34 1302/2163/34
f 1223/3323/13 1226/3324/13 1314/2160/13 1312/2159/13
f 854/2245/32 850/2260/32 1234/2154/32 1244/2153/32
f 952/3325/5 846/3018/5 1257/2012/5 1258/2011/5
f 1072/3262/482 1488/3261/482 1486/3326/482 1071/3327/482
f 1319/3328/223 1315/3329/223 1316/3330/223 1320/3331/223
f 1322/3332/222 1318/2055/222 1317/2058/222 1321/3333/222
f 1321/3334/484 1317/2549/484 1315/2548/484 1319/3335/484
f 1320/3336/485 1316/3337/485 1318/3338/485 1322/3339/485
f 1011/3340/18 1319/3341/18 1320/3342/18 1054/3343/18
f 1056/3344/18 1322/3345/18 1321/3346/18 959/3347/18
f 959/3347/18 1321/3346/18 1319/3341/18 1011/3340/18
f 1054/3343/18 1320/3342/18 1322/3345/18 1056/3344/18
f 959/3348/4 1325/3349/4 1326/3350/4 1056/3351/4
f 1011/3352/486 1323/3353/486 1325/3354/486 959/3355/486
f 1054/3356/70 1324/3357/70 1323/3358/70 1011/3359/70
f 1329/3360/487 1539/3361/487 1540/3362/487 1330/3363/487
f 1332/3364/488 1343/3365/488 1342/3366/488 1331/3367/488
f 1331/3368/489 1342/3369/489 1539/3370/489 1329/3371/489
f 1330/3372/490 1540/3373/490 1343/3374/490 1332/3375/490
f 804/3376/70 1329/3377/70 1330/3378/70 805/3379/70
f 826/3380/70 1332/3364/70 1331/3367/70 825/3381/70
f 825/3381/70 1331/3367/70 1329/3377/70 804/3376/70
f 805/3379/70 1330/3378/70 1332/3364/70 826/3380/70
f 1334/3382/70 1336/3383/70 1335/3384/70 1333/3385/70
f 825/3381/491 1335/3384/491 1336/3383/491 826/3380/491
f 804/3386/492 1333/3387/492 1335/3388/492 825/3389/492
f 805/3390/493 1334/3391/493 1333/3392/493 804/3393/493
f 1346/3394/236 1338/2107/236 1537/2106/236 1345/3395/236
f 1348/3396/237 1538/2115/237 1339/2114/237 1347/3397/237
f 1349/3398/234 1539/3370/234 1342/3369/234 1350/3399/234
f 1351/3400/235 1343/3374/235 1540/3373/235 1352/3401/235
f 1350/3402/238 1342/3403/238 1338/3404/238 1346/3405/238
f 1345/3406/239 1537/3407/239 1539/3408/239 1349/3409/239
f 1352/3410/240 1540/3411/240 1538/3412/240 1348/3413/240
f 1347/3414/241 1339/3415/241 1343/3416/241 1351/3417/241
f 801/3418/19 1348/3419/19 1347/3414/19 824/2104/19
f 1328/2101/19 1351/3417/19 1352/3420/19 1327/3421/19
f 1346/3405/13 1345/3422/13 1349/3423/13 1350/3402/13
f 1327/3421/19 1352/3420/19 1348/3419/19 801/3418/19
f 824/2104/19 1347/3414/19 1351/3417/19 1328/2101/19
f 1353/2103/19 1355/2102/19 1356/3424/19 1354/3425/19
f 1327/3426/494 1356/3427/494 1355/3428/494 1328/3429/494
f 824/3430/495 1353/3431/495 1354/3432/495 801/3433/495
f 801/3434/244 1354/3435/244 1356/3436/244 1327/3437/244
f 1248/2746/245 1357/3438/245 1358/3439/245 1027/2747/245
f 1027/2747/245 1358/3439/245 1359/3440/245 924/3441/245
f 924/3441/245 1359/3440/245 1360/3442/245 1250/3443/245
f 1250/3443/245 1360/3442/245 1357/3438/245 1248/2746/245
f 1247/2794/246 1361/3444/246 1362/3445/246 913/826/246
f 913/826/246 1362/3445/246 1363/3446/246 919/1499/246
f 919/1499/246 1363/3446/246 1364/3447/246 1249/3448/246
f 1249/3448/246 1364/3447/246 1361/3444/246 1247/2794/246
f 1044/2273/246 1365/3449/246 1366/3450/246 1247/2794/246
f 1247/2794/246 1366/3450/246 1367/3451/246 1249/3448/246
f 1249/3448/246 1367/3451/246 1368/3452/246 921/3453/246
f 921/3453/246 1368/3452/246 1365/3449/246 1044/2273/246
f 914/782/245 1369/3454/245 1370/3455/245 1248/2746/245
f 1248/2746/245 1370/3455/245 1371/3456/245 1250/3443/245
f 1250/3443/245 1371/3456/245 1372/3457/245 920/1511/245
f 920/1511/245 1372/3457/245 1369/3454/245 914/782/245
f 1377/3458/245 1379/3459/245 1380/3460/245 1378/3461/245
f 1381/3462/246 1382/3463/246 1376/3464/246 1375/3465/246
f 1383/3466/246 1385/3467/246 1386/3468/246 1384/3469/246
f 1374/3470/245 1373/3471/245 1388/3472/245 1387/3473/245
f 1364/3474/496 1382/3475/496 1381/3476/496 1361/3477/496
f 1369/3478/248 1374/3479/248 1387/3480/248 1370/3481/248
f 1358/3482/497 1378/3483/497 1380/3484/497 1359/3485/497
f 1368/3486/498 1385/3487/498 1383/3488/498 1365/3489/498
f 1363/3490/251 1376/3491/251 1382/3492/251 1364/3493/251
f 1370/3494/499 1387/3495/499 1388/3496/499 1371/3497/499
f 1359/3498/253 1380/3499/253 1379/3500/253 1360/3501/253
f 1366/3502/500 1384/3503/500 1386/3504/500 1367/3505/500
f 1371/3506/501 1388/3507/501 1373/3508/501 1372/3509/501
f 1372/3510/70 1373/3511/70 1374/3512/70 1369/3513/70
f 1367/3514/251 1386/3515/251 1385/3516/251 1368/3517/251
f 1362/3518/70 1375/3519/70 1376/3520/70 1363/3521/70
f 1286/2276/256 1389/3522/256 1390/3523/256 994/2277/256
f 994/2277/256 1390/3523/256 1391/3524/256 1040/2768/256
f 1040/2768/256 1391/3524/256 1392/3525/256 1284/2767/256
f 1284/2767/255 1392/3525/255 1389/3522/255 1286/2276/255
f 1034/3322/256 1393/3526/256 1394/3527/256 1286/2276/256
f 1286/2276/255 1394/3527/255 1395/3528/255 1284/2767/255
f 1284/2767/255 1395/3528/255 1396/3529/255 1038/2766/255
f 1038/2766/256 1396/3529/256 1393/3526/256 1034/3322/256
f 1395/3528/19 1404/3530/19 1403/3531/19 1396/3529/19
f 1389/3532/13 1397/3533/13 1398/3534/13 1390/3535/13
f 1396/3536/502 1403/3537/502 1401/3538/502 1393/3539/502
f 1391/3524/19 1400/3540/19 1399/3541/19 1392/3525/19
f 1392/3542/503 1399/3543/503 1397/3544/503 1389/3545/503
f 1394/3546/504 1402/3547/504 1404/3548/504 1395/3549/504
f 1285/3550/260 1405/3551/260 1406/3552/260 1035/3553/260
f 1035/3553/260 1406/3552/260 1407/3554/260 1037/3555/260
f 1037/3555/260 1407/3554/260 1408/3556/260 1283/3557/260
f 1283/3557/260 1408/3556/260 1405/3551/260 1285/3550/260
f 845/3558/260 1409/3559/260 1410/3560/260 1285/3550/260
f 1285/3550/260 1410/3560/260 1411/3561/260 1283/3557/260
f 1283/3557/260 1411/3561/260 1412/3562/260 1039/3563/260
f 1039/3563/260 1412/3562/260 1409/3559/260 845/3558/260
f 1405/3564/13 1413/3565/13 1414/3566/13 1406/3567/13
f 1412/3568/505 1419/3569/505 1417/3570/505 1409/3571/505
f 1407/3572/19 1416/3573/19 1415/3574/19 1408/3575/19
f 1408/3576/506 1415/3577/506 1413/3578/506 1405/3579/506
f 1410/3580/507 1418/3581/507 1420/3582/507 1411/3583/507
f 1409/3584/13 1417/3585/13 1418/3586/13 1410/3587/13
f 1423/3588/508 978/3589/508 977/3590/508 1421/3591/508
f 1263/3592/265 1422/3593/265 978/1645/265 1423/1644/265
f 1421/1647/265 977/1650/265 1424/3594/265 1264/3595/265
f 982/3596/265 1426/3597/265 1425/3598/265 979/3599/265
f 979/3599/265 1425/3598/265 1422/3593/265 1263/3592/265
f 1264/3595/265 1424/3594/265 1426/3597/265 982/3596/265
f 1429/3600/265 1430/3601/265 1432/3602/265 1431/3603/265
f 1428/1659/265 1427/1660/265 1430/3601/265 1429/3600/265
f 1264/3604/509 1430/3605/509 1427/1663/509 1421/1662/509
f 982/3606/509 1432/3607/509 1430/3605/509 1264/3604/509
f 979/3608/510 1431/3609/510 1432/3610/510 982/3611/510
f 1423/1671/99 1428/1672/99 1429/2592/99 1263/2591/99
f 1436/3612/511 1456/3613/511 1453/3614/511 1435/3615/511
f 1017/3616/512 1479/3617/512 1446/3618/512 1447/3619/512
f 1479/3620/513 1025/3621/513 1445/3622/513 1446/3623/513
f 1025/3624/514 1009/3625/514 1448/3626/514 1445/3627/514
f 1009/3628/515 1017/3629/515 1447/3630/515 1448/3631/515
f 1315/3632/516 1440/3633/516 1438/3634/516 1009/3635/516
f 969/3636/517 1437/3637/517 1440/3633/517 1315/3632/517
f 1017/3638/518 1439/3639/518 1437/3637/518 969/3636/518
f 1009/3635/519 1438/3634/519 1439/3639/519 1017/3638/519
f 1441/3640/520 1443/3641/520 1444/3642/520 1442/3643/520
f 1438/3644/521 1440/3645/521 1444/3646/521 1443/3647/521
f 1439/3648/522 1438/3649/522 1443/3650/522 1441/3651/522
f 1437/3652/523 1439/3653/523 1441/3654/523 1442/3655/523
f 1440/3656/524 1437/3657/524 1442/3658/524 1444/3659/524
f 1433/3660/525 1446/3661/525 1445/3627/525 1435/3615/525
f 1434/3662/526 1447/3663/526 1446/3661/526 1433/3660/526
f 1436/3612/527 1448/3626/527 1447/3663/527 1434/3662/527
f 1435/3615/528 1445/3627/528 1448/3626/528 1436/3612/528
f 1452/3664/529 1460/3665/529 1457/3666/529 1449/3667/529
f 1433/3668/530 1454/3669/530 1455/3670/530 1434/3671/530
f 1434/3672/531 1455/3673/531 1456/3674/531 1436/3675/531
f 1435/3676/532 1453/3677/532 1454/3678/532 1433/3679/532
f 1450/3680/533 1454/3681/533 1453/3614/533 1449/3682/533
f 1451/3683/534 1455/3684/534 1454/3681/534 1450/3680/534
f 1452/3685/535 1456/3613/535 1455/3684/535 1451/3683/535
f 1449/3682/536 1453/3614/536 1456/3613/536 1452/3685/536
f 1459/3686/537 1527/3687/537 1528/3688/537 1460/3689/537
f 1450/3690/538 1458/3691/538 1459/3692/538 1451/3693/538
f 1451/3694/539 1459/3686/539 1460/3689/539 1452/3695/539
f 1449/3696/540 1457/3697/540 1458/3698/540 1450/3699/540
f 1463/3700/298 774/513/298 1481/2492/298 1232/3701/298
f 1233/3702/298 1482/2225/298 815/236/298 1465/3703/298
f 1465/3703/298 815/236/298 1062/1768/298 1464/3704/298
f 1466/3705/298 1061/1770/298 774/513/298 1463/3700/298
f 1464/3704/298 1062/1768/298 1061/1770/298 1466/3705/298
f 1295/3706/298 1467/3707/298 1468/3708/298 1296/3709/298
f 1232/3701/298 1481/2492/298 1467/3707/298 1295/3706/298
f 1296/3709/298 1468/3708/298 1482/2225/298 1233/3702/298
f 1474/3710/298 1476/3711/298 1470/3712/298 1469/3713/298
f 1475/3714/298 1473/3715/298 1472/3716/298 1471/3717/298
f 1473/3715/298 1474/3710/298 1469/3713/298 1472/3716/298
f 1232/3718/299 1475/3719/299 1471/3720/299 1463/3721/299
f 1233/3722/541 1476/3723/541 1474/3724/541 1296/3725/541
f 1464/2010/70 1469/2009/70 1470/3726/70 1465/3727/70
f 1296/3725/541 1474/3724/541 1473/2893/541 1295/2892/541
f 1465/3728/300 1470/3729/300 1476/3730/300 1233/3731/300
f 1072/3732/298 1477/3094/298 1478/2248/298 848/3733/298
f 941/3734/298 1479/2499/298 1480/3107/298 1071/3735/298
f 1071/3735/298 1480/3107/298 1477/3094/298 1072/3732/298
f 1461/3736/298 1481/2492/298 1479/2499/298 941/3734/298
f 848/3733/298 1478/2248/298 1482/2225/298 1462/3737/298
f 1484/3738/298 1468/3708/298 1467/3707/298 1483/3739/298
f 1483/3739/298 1467/3707/298 1481/2492/298 1461/3736/298
f 1462/3737/298 1482/2225/298 1468/3708/298 1484/3738/298
f 1486/3740/298 1488/3741/298 1487/3742/298 1485/3743/298
f 1490/3744/298 1486/3740/298 1485/3743/298 1491/3745/298
f 1488/3741/298 1489/3746/298 1492/3747/298 1487/3742/298
f 1483/3748/481 1485/3749/481 1487/3256/481 1484/3255/481
f 941/3734/301 1490/3744/301 1491/3745/301 1461/3736/301
f 1071/3327/482 1486/3326/482 1490/3750/482 941/3751/482
f 1461/3752/481 1491/3753/481 1485/3749/481 1483/3748/481
f 1462/3737/302 1492/3747/302 1489/3746/302 848/3733/302
f 1510/3754/12 1494/3755/12 1493/3756/12 1509/3757/12
f 1511/3758/12 1495/2085/12 1496/2088/12 1512/3759/12
f 866/3760/12 1497/3761/12 1495/2085/12 1511/3758/12
f 889/3762/12 1498/3763/12 1494/3755/12 1510/3754/12
f 1509/3757/12 1493/3756/12 1499/3764/12 861/3765/12
f 861/3765/12 1499/3764/12 1500/3766/12 862/3767/12
f 862/3767/12 1500/3766/12 1501/3768/12 863/3769/12
f 863/3769/12 1501/3768/12 1502/3770/12 864/3771/12
f 864/3771/12 1502/3770/12 1503/3772/12 865/3773/12
f 865/3773/12 1503/3772/12 1497/3761/12 866/3760/12
f 1512/3759/12 1496/2088/12 1504/3774/12 884/3775/12
f 884/3775/12 1504/3774/12 1505/3776/12 885/3777/12
f 885/3777/12 1505/3776/12 1506/3778/12 886/3779/12
f 886/3779/12 1506/3778/12 1507/3780/12 887/3781/12
f 887/3781/12 1507/3780/12 1508/3782/12 888/3783/12
f 888/3783/12 1508/3782/12 1498/3763/12 889/3762/12
f 788/3784/304 1510/3785/304 1509/3786/304 787/3787/304
f 791/3788/303 1511/3789/303 1512/3790/303 792/3791/303
f 1513/3792/305 866/3793/305 1511/3794/305 791/3795/305
f 1514/3796/306 889/3797/306 1510/3798/306 788/3799/306
f 787/3800/305 1509/3801/305 861/3802/305 1515/3803/305
f 1515/3803/305 861/3802/305 862/3804/305 1516/3805/305
f 1516/3805/305 862/3804/305 863/3806/305 1517/3807/305
f 1517/3807/305 863/3806/305 864/3808/305 1518/3809/305
f 1518/3809/305 864/3808/305 865/3810/305 1519/3811/305
f 1519/3811/305 865/3810/305 866/3793/305 1513/3792/305
f 792/3812/306 1512/3813/306 884/3814/306 1520/3815/306
f 1520/3815/306 884/3814/306 885/3816/306 1521/3817/306
f 1521/3817/306 885/3816/306 886/3818/306 1522/3819/306
f 1522/3819/306 886/3818/306 887/3820/306 1523/3821/306
f 1523/3821/306 887/3820/306 888/3822/306 1524/3823/306
f 1524/3823/306 888/3822/306 889/3797/306 1514/3796/306
f 1526/3824/542 1525/3825/542 1528/3826/542 1527/3827/542
f 1457/3697/543 1525/3828/543 1526/3829/543 1458/3698/543
f 1460/3830/544 1528/3831/544 1525/3832/544 1457/3833/544
f 1458/3691/545 1526/3834/545 1527/3835/545 1459/3692/545
f 1530/3836/312 1542/3837/312 1541/3838/312 1531/3839/312
f 1543/3840/311 1533/3841/311 1536/3842/311 1544/3843/311
f 1533/3844/313 1543/3845/313 1542/3846/313 1530/3847/313
f 1544/3848/314 1536/3849/314 1531/3850/314 1541/3851/314
f 808/2136/18 1530/2135/18 1531/2134/18 809/2133/18
f 1337/3852/316 1537/3853/316 1538/3854/316 1340/3855/316
f 1344/3856/315 1540/3857/315 1539/3858/315 1341/3859/315
f 1532/3860/316 1541/3861/316 1542/3862/316 1529/3863/316
f 1534/3864/315 1543/3865/315 1544/3866/315 1535/3867/315
f 1340/3855/316 1538/3854/316 1541/3861/316 1532/3860/316
f 1529/3863/316 1542/3862/316 1537/3853/316 1337/3852/316
f 1341/3859/315 1539/3858/315 1543/3865/315 1534/3864/315
f 1535/3867/315 1544/3866/315 1540/3857/315 1344/3856/315
f 1547/3868/328 1563/3869/328 1564/3870/328 1548/3871/328
f 1552/3872/327 1568/3873/327 1567/3874/327 1551/3875/327
f 1529/3863/323 1558/3876/323 1557/3877/323 1532/3860/323
f 1340/3878/324 1554/3879/324 1553/3880/324 1337/3881/324
f 1344/3882/39 1556/3883/39 1560/3884/39 1535/3885/39
f 1337/3886/40 1553/3887/40 1558/3888/40 1529/3889/40
f 1535/3867/319 1560/3890/319 1559/3891/319 1534/3864/319
f 1341/3892/320 1555/3893/320 1556/3894/320 1344/3895/320
f 1545/3896/316 1553/3897/316 1554/3898/316 1546/3899/316
f 1548/3871/315 1556/3900/315 1555/3901/315 1547/3868/315
f 1549/3902/316 1557/3877/316 1558/3876/316 1550/3903/316
f 1551/3904/315 1559/3891/315 1560/3890/315 1552/3905/315
f 1546/3899/316 1554/3898/316 1557/3877/316 1549/3902/316
f 1550/3903/316 1558/3876/316 1553/3897/316 1545/3896/316
f 1547/3868/315 1555/3901/315 1559/3891/315 1551/3904/315
f 1552/3905/315 1560/3890/315 1556/3900/315 1548/3871/315
f 1562/3906/316 1565/3907/316 1566/3908/316 1561/3909/316
f 1563/3869/315 1567/3910/315 1568/3911/315 1564/3870/315
f 1551/3912/330 1567/3913/330 1563/3914/330 1547/3915/330
f 1549/3916/329 1565/3917/329 1562/3918/329 1546/3919/329
f 1550/3920/318 1566/3921/318 1565/3922/318 1549/3923/318
f 1546/3899/546 1562/3906/546 1561/3909/546 1545/3896/546
f 1548/3924/326 1564/3925/326 1568/3926/326 1552/3927/326
f 1545/3928/325 1561/3929/325 1566/3930/325 1550/3931/325
usemtl Clean_Glass
f 449/3932/547 857/3933/547 858/3934/547 450/3935/547
f 75/3936/547 449/3932/547 450/3935/547 76/3937/547
f 1245/3938/547 1246/3939/547 858/3934/547 857/3933/547
f 859/3940/547 860/3941/547 1246/3939/547 1245/3938/547
usemtl Front
f 49/3942/12 50/3943/12 52/3944/12 51/3945/12
f 185/610/12 186/609/12 188/616/12 187/615/12
f 503/3946/155 352/3947/155 354/1353/155 504/530/155
f 518/3948/12 517/3949/12 429/3950/12 430/3951/12
f 434/3952/12 433/3953/12 431/3954/12 432/3955/12
f 432/3955/12 431/3954/12 517/3949/12 518/3948/12
f 351/3956/155 503/3946/155 504/530/155 353/529/155
f 601/3957/256 602/3958/256 604/1596/256 603/1595/256
f 605/3959/256 606/3960/256 608/1586/256 607/1585/256
f 827/3961/12 829/3962/12 830/3963/12 828/3964/12
f 973/2583/12 975/2590/12 976/2589/12 974/2584/12
f 1299/3965/155 1300/2506/155 1148/3306/155 1146/3966/155
f 1314/3967/12 1226/3968/12 1225/3969/12 1313/3970/12
f 1230/3971/12 1228/3972/12 1227/3973/12 1229/3974/12
f 1228/3972/12 1314/3967/12 1313/3970/12 1227/3973/12
f 1145/3975/155 1147/2507/155 1300/2506/155 1299/3965/155
f 1397/3976/255 1399/3541/255 1400/3540/255 1398/3977/255
f 1401/3978/256 1403/3531/256 1404/3530/256 1402/3979/256
usemtl Rear
f 617/4002/260 618/4003/260 620/4004/260 619/4005/260
f 621/4006/260 622/4007/260 624/4008/260 623/4009/260
f 1413/4032/260 1415/4033/260 1416/4034/260 1414/4035/260
f 1417/4036/260 1419/4037/260 1420/4038/260 1418/4039/260
usemtl Material.002
f 1762/4040/548 1569/4041/548 1570/4042/548 1763/4043/548
f 1763/4043/549 1570/4042/549 1571/4044/549 1764/4045/549
f 1764/4046/550 1571/4047/550 1572/4048/550 1765/4049/550
f 1765/4049/551 1572/4048/551 1573/4050/551 1766/4051/551
f 1766/4051/552 1573/4050/552 1574/4052/552 1767/4053/552
f 1767/4054/553 1574/4055/553 1575/4056/553 1768/4057/553
f 1768/4057/554 1575/4056/554 1576/4058/554 1769/4059/554
f 1769/4059/555 1576/4058/555 1577/4060/555 1770/4061/555
f 1770/4062/556 1577/4063/556 1578/4064/556 1771/4065/556
f 1771/4065/557 1578/4064/557 1579/4066/557 1772/4067/557
f 1772/4067/558 1579/4066/558 1580/4068/558 1773/4069/558
f 1773/4070/559 1580/4071/559 1581/4072/559 1774/4073/559
f 1774/4073/560 1581/4072/560 1582/4074/560 1775/4075/560
f 1775/4075/561 1582/4074/561 1583/4076/561 1776/4077/561
f 1776/4078/562 1583/4079/562 1584/4080/562 1777/4081/562
f 1777/4081/563 1584/4080/563 1585/4082/563 1778/4083/563
f 1778/4083/564 1585/4082/564 1586/4084/564 1779/4085/564
f 1779/4085/565 1586/4084/565 1587/4086/565 1780/4087/565
f 1780/4088/566 1587/4089/566 1588/4090/566 1781/4091/566
f 1781/4092/567 1588/4093/567 1589/4094/567 1782/4095/567
f 1782/4095/568 1589/4094/568 1590/4096/568 1783/4097/568
f 1783/4097/569 1590/4096/569 1591/4098/569 1784/4099/569
f 1586/4084/570 1585/4082/570 1609/4100/570 1610/4101/570
f 1784/4099/571 1591/4098/571 1592/4102/571 1785/4103/571
f 1785/4104/572 1592/4105/572 1569/4041/572 1762/4040/572
f 1846/4106/573 1844/4107/573 1685/4108/573 1686/4109/573
f 1609/4100/574 1608/4110/574 1632/4111/574 1633/4112/574
f 1591/4098/575 1590/4096/575 1614/4113/575 1615/4114/575
f 1574/4052/576 1573/4050/576 1597/4115/576 1598/4116/576
f 1579/4066/577 1578/4064/577 1602/4117/577 1603/4118/577
f 1584/4080/578 1583/4079/578 1607/4119/578 1608/4110/578
f 1589/4120/579 1588/4090/579 1612/4121/579 1613/4122/579
f 1572/4048/580 1571/4047/580 1595/4123/580 1596/4124/580
f 1577/4060/581 1576/4058/581 1600/4125/581 1601/4126/581
f 1570/4042/582 1569/4041/582 1594/4127/582 1593/4128/582
f 1582/4074/583 1581/4072/583 1605/4129/583 1606/4130/583
f 1587/4089/584 1586/4131/584 1610/4132/584 1611/4133/584
f 1592/4102/585 1591/4098/585 1615/4114/585 1616/4134/585
f 1575/4056/586 1574/4055/586 1598/4135/586 1599/4136/586
f 1580/4068/587 1579/4066/587 1603/4118/587 1604/4137/587
f 1585/4082/588 1584/4080/588 1608/4110/588 1609/4100/588
f 1590/4096/589 1589/4094/589 1613/4138/589 1614/4113/589
f 1573/4050/590 1572/4048/590 1596/4124/590 1597/4115/590
f 1578/4064/591 1577/4063/591 1601/4139/591 1602/4117/591
f 1583/4076/592 1582/4074/592 1606/4130/592 1607/4140/592
f 1588/4090/593 1587/4089/593 1611/4133/593 1612/4121/593
f 1569/4041/594 1592/4105/594 1616/4141/594 1594/4127/594
f 1571/4044/595 1570/4042/595 1593/4128/595 1595/4142/595
f 1576/4058/596 1575/4056/596 1599/4136/596 1600/4125/596
f 1581/4072/597 1580/4071/597 1604/4143/597 1605/4129/597
f 1622/4144/598 1621/4145/598 1645/4146/598 1646/4147/598
f 1602/4117/599 1601/4139/599 1625/4148/599 1626/4149/599
f 1594/4127/600 1616/4141/600 1640/4150/600 1618/4151/600
f 1595/4142/601 1593/4128/601 1617/4152/601 1619/4153/601
f 1610/4132/602 1609/4154/602 1633/4155/602 1634/4156/602
f 1603/4118/603 1602/4117/603 1626/4149/603 1627/4157/603
f 1596/4124/604 1595/4123/604 1619/4158/604 1620/4159/604
f 1611/4133/605 1610/4132/605 1634/4156/605 1635/4160/605
f 1604/4137/606 1603/4118/606 1627/4157/606 1628/4161/606
f 1597/4115/607 1596/4124/607 1620/4159/607 1621/4145/607
f 1612/4121/608 1611/4133/608 1635/4160/608 1636/4162/608
f 1605/4129/609 1604/4143/609 1628/4163/609 1629/4164/609
f 1598/4116/610 1597/4115/610 1621/4145/610 1622/4144/610
f 1613/4122/611 1612/4121/611 1636/4162/611 1637/4165/611
f 1606/4130/612 1605/4129/612 1629/4164/612 1630/4166/612
f 1599/4136/613 1598/4135/613 1622/4167/613 1623/4168/613
f 1614/4113/614 1613/4138/614 1637/4169/614 1638/4170/614
f 1607/4140/615 1606/4130/615 1630/4166/615 1631/4171/615
f 1600/4125/616 1599/4136/616 1623/4168/616 1624/4172/616
f 1615/4114/617 1614/4113/617 1638/4170/617 1639/4173/617
f 1608/4110/618 1607/4119/618 1631/4174/618 1632/4111/618
f 1601/4126/619 1600/4125/619 1624/4172/619 1625/4175/619
f 1616/4141/620 1615/4176/620 1639/4177/620 1640/4150/620
f 1593/4128/621 1594/4127/621 1618/4151/621 1617/4152/621
f 1650/4178/622 1649/4179/622 1665/4180/622
f 1637/4165/623 1636/4162/623 1660/4181/623 1661/4182/623
f 1630/4166/624 1629/4164/624 1653/4183/624 1654/4184/624
f 1623/4168/625 1622/4167/625 1646/4185/625 1647/4186/625
f 1638/4187/626 1637/4165/626 1661/4182/626 1662/4188/626
f 1631/4171/627 1630/4166/627 1654/4184/627 1655/4189/627
f 1624/4172/628 1623/4168/628 1647/4186/628 1648/4190/628
f 1639/4173/629 1638/4170/629 1662/4191/629 1663/4192/629
f 1632/4193/630 1631/4171/630 1655/4189/630 1656/4194/630
f 1625/4175/631 1624/4172/631 1648/4190/631 1649/4195/631
f 1640/4150/632 1639/4177/632 1663/4196/632 1664/4197/632
f 1617/4152/633 1618/4151/633 1642/4198/633 1641/4199/633
f 1633/4112/634 1632/4111/634 1656/4200/634 1657/4201/634
f 1626/4149/635 1625/4148/635 1649/4202/635 1650/4203/635
f 1618/4151/636 1640/4150/636 1664/4197/636 1642/4198/636
f 1619/4153/637 1617/4152/637 1641/4199/637 1643/4204/637
f 1634/4156/638 1633/4155/638 1657/4205/638 1658/4206/638
f 1627/4157/639 1626/4149/639 1650/4203/639 1651/4207/639
f 1620/4159/640 1619/4158/640 1643/4208/640 1644/4209/640
f 1635/4160/641 1634/4156/641 1658/4206/641 1659/4210/641
f 1628/4163/642 1627/4211/642 1651/4212/642 1652/4213/642
f 1621/4145/643 1620/4159/643 1644/4209/643 1645/4146/643
f 1636/4162/644 1635/4160/644 1659/4210/644 1660/4181/644
f 1629/4164/645 1628/4163/645 1652/4213/645 1653/4183/645
f 1832/4214/572 1830/4215/572 1678/4216/572 1679/4217/572
f 1642/4218/646 1664/4219/646 1665/4180/646
f 1643/4220/647 1641/4221/647 1665/4180/647
f 1658/4222/648 1657/4223/648 1665/4180/648
f 1651/4224/649 1650/4178/649 1665/4180/649
f 1644/4225/650 1643/4220/650 1665/4180/650
f 1659/4226/651 1658/4222/651 1665/4180/651
f 1652/4227/652 1651/4224/652 1665/4180/652
f 1645/4228/653 1644/4225/653 1665/4180/653
f 1660/4229/654 1659/4226/654 1665/4180/654
f 1653/4230/655 1652/4227/655 1665/4180/655
f 1646/4231/656 1645/4228/656 1665/4180/656
f 1661/4232/657 1660/4229/657 1665/4180/657
f 1654/4233/658 1653/4230/658 1665/4180/658
f 1647/4234/659 1646/4231/659 1665/4180/659
f 1662/4235/660 1661/4232/660 1665/4180/660
f 1655/4236/661 1654/4233/661 1665/4180/661
f 1648/4237/662 1647/4234/662 1665/4180/662
f 1663/4238/663 1662/4235/663 1665/4180/663
f 1656/4239/664 1655/4236/664 1665/4180/664
f 1649/4179/665 1648/4237/665 1665/4180/665
f 1664/4219/666 1663/4238/666 1665/4180/666
f 1641/4221/667 1642/4218/667 1665/4180/667
f 1657/4223/668 1656/4239/668 1665/4180/668
f 1842/4240/669 1840/4241/669 1683/4242/669 1684/4243/669
f 1852/4244/561 1850/4245/561 1688/4246/561 1689/4247/561
f 1856/4248/559 1855/4249/559 1667/4250/559 1666/4251/559
f 1818/4252/670 1816/4253/670 1671/4254/670 1672/4255/670
f 1828/4256/549 1826/4257/549 1676/4258/549 1677/4259/549
f 1838/4260/671 1836/4261/671 1681/4262/671 1682/4263/671
f 1848/4264/563 1846/4106/563 1686/4109/563 1687/4265/563
f 1814/4266/556 1812/4267/556 1669/4268/556 1670/4269/556
f 1824/4270/551 1822/4271/551 1674/4272/551 1675/4273/551
f 1834/4274/571 1832/4275/571 1679/4276/571 1680/4277/571
f 1844/4107/565 1842/4278/565 1684/4279/565 1685/4108/565
f 1810/4280/558 1856/4281/558 1666/4282/558 1668/4283/558
f 1820/4284/672 1818/4252/672 1672/4255/672 1673/4285/672
f 1830/4215/548 1828/4256/548 1677/4259/548 1678/4216/548
f 1855/4249/673 1852/4244/673 1689/4247/673 1667/4250/673
f 1840/4286/567 1838/4260/567 1682/4263/567 1683/4287/567
f 1850/4288/562 1848/4264/562 1687/4265/562 1688/4289/562
f 1816/4253/555 1814/4290/555 1670/4291/555 1671/4254/555
f 1826/4292/550 1824/4270/550 1675/4273/550 1676/4293/550
f 1836/4261/569 1834/4274/569 1680/4277/569 1681/4262/569
f 1882/4294/560 1725/4295/560 1726/4296/560 1884/4297/560
f 1822/4271/674 1820/4298/674 1673/4299/674 1674/4272/674
f 1812/4267/557 1810/4280/557 1668/4283/557 1669/4268/557
f 1667/4300/18 1689/4301/18 1688/4302/18 1687/4303/18 1686/4304/18 1685/4305/18 1684/4306/18 1683/4307/18 1682/4308/18 1681/4309/18 1680/4310/18 1679/4311/18 1678/4312/18 1677/4313/18 1676/4314/18 1675/4315/18 1674/4316/18 1673/4317/18 1672/4318/18 1671/4319/18 1670/4320/18 1669/4321/18 1668/4322/18 1666/4323/18
f 1896/4324/567 1732/4325/567 1733/4326/567 1898/4327/567
f 1866/4328/552 1717/4329/552 1718/4330/552 1868/4331/552
f 1880/4332/559 1724/4333/559 1725/4295/559 1882/4294/559
f 1894/4334/566 1731/4335/566 1732/4336/566 1896/4337/566
f 1864/4338/551 1716/4339/551 1717/4329/551 1866/4328/551
f 1878/4340/558 1723/4341/558 1724/4342/558 1880/4343/558
f 1892/4344/565 1730/4345/565 1731/4346/565 1894/4347/565
f 1862/4348/550 1715/4349/550 1716/4339/550 1864/4338/550
f 1876/4350/557 1722/4351/557 1723/4341/557 1878/4340/557
f 1890/4352/675 1729/4353/675 1730/4345/675 1892/4344/675
f 1904/4354/572 1736/4355/572 1737/4356/572 1859/4357/572
f 1874/4358/556 1721/4359/556 1722/4351/556 1876/4350/556
f 1888/4360/563 1728/4361/563 1729/4353/563 1890/4352/563
f 1858/4362/18 1861/4363/18 1853/4364/18 1854/4365/18
f 1900/4366/569 1734/4367/569 1735/4368/569 1902/4369/569
f 1872/4370/555 1720/4371/555 1721/4372/555 1874/4373/555
f 1886/4374/562 1727/4375/562 1728/4361/562 1888/4360/562
f 1870/4376/670 1719/4377/670 1720/4371/670 1872/4370/670
f 1884/4297/676 1726/4296/676 1727/4378/676 1886/4379/676
f 1898/4327/568 1733/4326/568 1734/4367/568 1900/4366/568
f 1868/4380/553 1718/4381/553 1719/4377/553 1870/4376/553
f 1702/4382/677 1703/4383/677 1745/4384/677 1744/4385/677
f 1735/4368/571 1712/4386/571 1713/4387/571 1736/4388/571
f 1734/4367/569 1711/4389/569 1712/4386/569 1735/4368/569
f 1733/4326/568 1710/4390/568 1711/4389/568 1734/4367/568
f 1732/4325/567 1709/4391/567 1710/4390/567 1733/4326/567
f 1714/4392/678 1737/4393/678 1738/4394/678 1751/4395/678
f 1695/4396/679 1696/4397/679 1747/4398/679 1749/4399/679
f 1729/4353/675 1706/4400/675 1707/4401/675 1730/4345/675
f 1728/4361/563 1705/4402/563 1706/4400/563 1729/4353/563
f 1727/4375/562 1704/4403/562 1705/4402/562 1728/4361/562
f 1726/4296/561 1703/4383/561 1704/4404/561 1727/4378/561
f 1730/4405/680 1707/4406/680 1743/4407/680 1758/4408/680
f 1696/4397/681 1697/4409/681 1748/4410/681 1747/4398/681
f 1723/4341/558 1700/4411/558 1701/4412/558 1724/4342/558
f 1722/4351/557 1699/4413/557 1700/4411/557 1723/4341/557
f 1721/4359/556 1698/4414/556 1699/4413/556 1722/4351/556
f 1720/4371/555 1697/4409/555 1698/4415/555 1721/4372/555
f 1720/4416/682 1719/4417/682 1753/4418/682 1754/4419/682
f 1691/4420/683 1714/4421/683 1751/4422/683 1750/4423/683
f 1717/4329/552 1694/4424/552 1695/4425/552 1718/4330/552
f 1716/4339/551 1693/4426/551 1694/4424/551 1717/4329/551
f 1715/4349/550 1692/4427/550 1693/4426/550 1716/4339/550
f 1714/4428/549 1691/4429/549 1692/4430/549 1715/4431/549
f 1736/4432/684 1713/4433/684 1740/4434/684 1761/4435/684
f 1905/4436/18 1858/4362/18 1854/4365/18 1857/4437/18
f 1861/4363/18 1863/4438/18 1851/4439/18 1853/4364/18
f 1863/4438/685 1865/4440/685 1849/4441/685 1851/4439/685
f 1865/4440/18 1867/4442/18 1847/4443/18 1849/4441/18
f 1867/4442/18 1869/4444/18 1845/4445/18 1847/4443/18
f 1869/4444/18 1871/4446/18 1843/4447/18 1845/4445/18
f 1871/4446/685 1873/4448/685 1841/4449/685 1843/4447/685
f 1873/4448/18 1875/4450/18 1839/4451/18 1841/4449/18
f 1875/4450/18 1877/4452/18 1837/4453/18 1839/4451/18
f 1877/4452/18 1879/4454/18 1835/4455/18 1837/4453/18
f 1879/4454/18 1881/4456/18 1833/4457/18 1835/4455/18
f 1881/4456/18 1883/4458/18 1831/4459/18 1833/4457/18
f 1883/4458/18 1885/4460/18 1829/4461/18 1831/4459/18
f 1885/4460/18 1887/4462/18 1827/4463/18 1829/4461/18
f 1887/4462/18 1889/4464/18 1825/4465/18 1827/4463/18
f 1889/4464/685 1891/4466/685 1823/4467/685 1825/4465/685
f 1891/4466/18 1893/4468/18 1821/4469/18 1823/4467/18
f 1893/4468/18 1895/4470/18 1819/4471/18 1821/4469/18
f 1895/4470/685 1897/4472/685 1817/4473/685 1819/4471/685
f 1897/4472/685 1899/4474/685 1815/4475/685 1817/4473/685
f 1899/4474/685 1901/4476/685 1813/4477/685 1815/4475/685
f 1901/4476/685 1903/4478/685 1811/4479/685 1813/4477/685
f 1903/4478/685 1905/4436/685 1857/4437/685 1811/4479/685
f 1860/4480/549 1714/4428/549 1715/4431/549 1862/4481/549
f 1761/4482/572 1740/4483/572 1739/4484/572 1738/4485/572
f 1759/4486/669 1741/4487/669 1742/4488/669 1760/4489/669
f 1758/4490/565 1743/4491/565 1741/4492/565 1759/4493/565
f 1756/4494/560 1744/4385/560 1745/4384/560 1757/4495/560
f 1755/4496/559 1746/4497/559 1744/4385/559 1756/4494/559
f 1753/4498/670 1747/4398/670 1748/4410/670 1754/4499/670
f 1752/4500/553 1749/4399/553 1747/4398/553 1753/4498/553
f 1738/4485/548 1739/4484/548 1750/4501/548 1751/4502/548
f 1737/4393/686 1736/4503/686 1761/4504/686 1738/4394/686
f 1724/4505/687 1701/4506/687 1746/4507/687 1755/4508/687
f 1701/4509/688 1702/4382/688 1744/4385/688 1746/4497/688
f 1709/4510/689 1732/4511/689 1760/4512/689 1742/4513/689
f 1708/4514/690 1709/4515/690 1742/4488/690 1741/4487/690
f 1731/4516/691 1730/4517/691 1758/4518/691 1759/4519/691
f 1718/4520/692 1695/4521/692 1749/4522/692 1752/4523/692
f 1707/4524/693 1708/4514/693 1741/4487/693 1743/4525/693
f 1703/4526/694 1726/4527/694 1757/4528/694 1745/4529/694
f 1732/4530/695 1731/4516/695 1759/4519/695 1760/4531/695
f 1725/4532/696 1724/4533/696 1755/4534/696 1756/4535/696
f 1713/4536/697 1690/4537/697 1739/4484/697 1740/4483/697
f 1697/4538/698 1720/4539/698 1754/4540/698 1748/4541/698
f 1726/4542/699 1725/4532/699 1756/4535/699 1757/4543/699
f 1690/4537/700 1691/4429/700 1750/4501/700 1739/4484/700
f 1719/4417/701 1718/4544/701 1752/4545/701 1753/4418/701
f 1808/4546/702 1785/4104/702 1762/4040/702 1809/4547/702
f 1807/4548/571 1784/4099/571 1785/4103/571 1808/4549/571
f 1806/4550/569 1783/4097/569 1784/4099/569 1807/4548/569
f 1805/4551/568 1782/4095/568 1783/4097/568 1806/4550/568
f 1804/4552/567 1781/4092/567 1782/4095/567 1805/4551/567
f 1803/4553/669 1780/4088/669 1781/4091/669 1804/4554/669
f 1802/4555/565 1779/4085/565 1780/4087/565 1803/4556/565
f 1801/4557/675 1778/4083/675 1779/4085/675 1802/4555/675
f 1800/4558/563 1777/4081/563 1778/4083/563 1801/4557/563
f 1799/4559/703 1776/4078/703 1777/4081/703 1800/4558/703
f 1798/4560/561 1775/4075/561 1776/4077/561 1799/4561/561
f 1797/4562/673 1774/4073/673 1775/4075/673 1798/4560/673
f 1796/4563/559 1773/4070/559 1774/4073/559 1797/4562/559
f 1795/4564/558 1772/4067/558 1773/4069/558 1796/4565/558
f 1794/4566/557 1771/4065/557 1772/4067/557 1795/4564/557
f 1793/4567/556 1770/4062/556 1771/4065/556 1794/4566/556
f 1792/4568/555 1769/4059/555 1770/4061/555 1793/4569/555
f 1791/4570/670 1768/4057/670 1769/4059/670 1792/4568/670
f 1790/4571/553 1767/4054/553 1768/4057/553 1791/4570/553
f 1789/4572/552 1766/4051/552 1767/4053/552 1790/4573/552
f 1788/4574/551 1765/4049/551 1766/4051/551 1789/4572/551
f 1787/4575/550 1764/4046/550 1765/4049/550 1788/4574/550
f 1786/4576/549 1763/4043/549 1764/4045/549 1787/4577/549
f 1809/4547/548 1762/4040/548 1763/4043/548 1786/4576/548
f 1690/4537/548 1809/4547/548 1786/4576/548 1691/4429/548
f 1691/4429/549 1786/4576/549 1787/4577/549 1692/4430/549
f 1692/4427/550 1787/4575/550 1788/4574/550 1693/4426/550
f 1693/4426/551 1788/4574/551 1789/4572/551 1694/4424/551
f 1694/4424/674 1789/4572/674 1790/4573/674 1695/4425/674
f 1695/4396/672 1790/4571/672 1791/4570/672 1696/4397/672
f 1696/4397/670 1791/4570/670 1792/4568/670 1697/4409/670
f 1697/4409/555 1792/4568/555 1793/4569/555 1698/4415/555
f 1698/4414/556 1793/4567/556 1794/4566/556 1699/4413/556
f 1699/4413/557 1794/4566/557 1795/4564/557 1700/4411/557
f 1700/4411/558 1795/4564/558 1796/4565/558 1701/4412/558
f 1701/4509/559 1796/4563/559 1797/4562/559 1702/4382/559
f 1702/4382/560 1797/4562/560 1798/4560/560 1703/4383/560
f 1703/4383/561 1798/4560/561 1799/4561/561 1704/4404/561
f 1704/4403/562 1799/4559/562 1800/4558/562 1705/4402/562
f 1705/4402/563 1800/4558/563 1801/4557/563 1706/4400/563
f 1706/4400/675 1801/4557/675 1802/4555/675 1707/4401/675
f 1707/4401/704 1802/4555/704 1803/4556/704 1708/4578/704
f 1708/4514/669 1803/4553/669 1804/4554/669 1709/4515/669
f 1709/4391/567 1804/4552/567 1805/4551/567 1710/4390/567
f 1710/4390/568 1805/4551/568 1806/4550/568 1711/4389/568
f 1711/4389/569 1806/4550/569 1807/4548/569 1712/4386/569
f 1712/4386/571 1807/4548/571 1808/4549/571 1713/4387/571
f 1713/4536/702 1808/4546/702 1809/4547/702 1690/4537/702
f 1857/4579/705 1854/4580/705 1855/4581/705 1856/4582/705
f 1811/4583/706 1857/4579/706 1856/4582/706 1810/4584/706
f 1813/4585/707 1811/4583/707 1810/4584/707 1812/4586/707
f 1815/4587/708 1813/4588/708 1812/4589/708 1814/4590/708
f 1817/4591/709 1815/4587/709 1814/4590/709 1816/4592/709
f 1819/4593/710 1817/4591/710 1816/4592/710 1818/4594/710
f 1821/4595/711 1819/4593/711 1818/4594/711 1820/4596/711
f 1823/4597/712 1821/4595/712 1820/4596/712 1822/4598/712
f 1825/4599/713 1823/4597/713 1822/4598/713 1824/4600/713
f 1827/4601/714 1825/4602/714 1824/4603/714 1826/4604/714
f 1829/4605/715 1827/4601/715 1826/4604/715 1828/4606/715
f 1831/4607/716 1829/4605/716 1828/4606/716 1830/4608/716
f 1833/4609/717 1831/4607/717 1830/4608/717 1832/4610/717
f 1835/4611/718 1833/4609/718 1832/4610/718 1834/4612/718
f 1837/4613/719 1835/4611/719 1834/4612/719 1836/4614/719
f 1839/4615/720 1837/4616/720 1836/4617/720 1838/4618/720
f 1841/4619/721 1839/4615/721 1838/4618/721 1840/4620/721
f 1843/4621/722 1841/4619/722 1840/4620/722 1842/4622/722
f 1845/4623/723 1843/4621/723 1842/4622/723 1844/4624/723
f 1847/4625/724 1845/4623/724 1844/4624/724 1846/4626/724
f 1849/4627/725 1847/4625/725 1846/4626/725 1848/4628/725
f 1851/4629/726 1849/4630/726 1848/4631/726 1850/4632/726
f 1853/4633/727 1851/4629/727 1850/4632/727 1852/4634/727
f 1854/4580/728 1853/4633/728 1852/4634/728 1855/4581/728
f 1902/4369/571 1735/4368/571 1736/4388/571 1904/4635/571
f 1859/4636/716 1860/4637/716 1861/4638/716 1858/4639/716
f 1860/4637/715 1862/4640/715 1863/4641/715 1861/4638/715
f 1862/4640/714 1864/4642/714 1865/4643/714 1863/4641/714
f 1864/4644/713 1866/4645/713 1867/4646/713 1865/4647/713
f 1866/4645/729 1868/4648/729 1869/4649/729 1867/4646/729
f 1868/4648/730 1870/4650/730 1871/4651/730 1869/4649/730
f 1870/4650/710 1872/4652/710 1873/4653/710 1871/4651/710
f 1872/4652/709 1874/4654/709 1875/4655/709 1873/4653/709
f 1874/4654/708 1876/4656/708 1877/4657/708 1875/4655/708
f 1876/4658/707 1878/4659/707 1879/4660/707 1877/4661/707
f 1878/4659/706 1880/4662/706 1881/4663/706 1879/4660/706
f 1880/4662/731 1882/4664/731 1883/4665/731 1881/4663/731
f 1882/4664/732 1884/4666/732 1885/4667/732 1883/4665/732
f 1884/4666/733 1886/4668/733 1887/4669/733 1885/4667/733
f 1886/4668/726 1888/4670/726 1889/4671/726 1887/4669/726
f 1888/4672/734 1890/4673/734 1891/4674/734 1889/4675/734
f 1890/4673/735 1892/4676/735 1893/4677/735 1891/4674/735
f 1892/4676/723 1894/4678/723 1895/4679/723 1893/4677/723
f 1894/4678/722 1896/4680/722 1897/4681/722 1895/4679/722
f 1896/4680/736 1898/4682/736 1899/4683/736 1897/4681/736
f 1898/4682/720 1900/4684/720 1901/4685/720 1899/4683/720
f 1900/4686/737 1902/4687/737 1903/4688/737 1901/4689/737
f 1902/4687/738 1904/4690/738 1905/4691/738 1903/4688/738
f 1904/4690/739 1859/4636/739 1858/4639/739 1905/4691/739
f 1859/4357/548 1737/4356/548 1714/4428/548 1860/4480/548
f 2099/4040/670 1906/4041/670 1907/4042/670 2100/4043/670
f 2100/4043/555 1907/4042/555 1908/4044/555 2101/4045/555
f 2101/4046/556 1908/4047/556 1909/4048/556 2102/4049/556
f 2102/4049/557 1909/4048/557 1910/4050/557 2103/4051/557
f 2103/4051/558 1910/4050/558 1911/4052/558 2104/4053/558
f 2104/4054/559 1911/4055/559 1912/4056/559 2105/4057/559
f 2105/4057/673 1912/4056/673 1913/4058/673 2106/4059/673
f 2106/4059/561 1913/4058/561 1914/4060/561 2107/4061/561
f 2107/4062/562 1914/4063/562 1915/4064/562 2108/4065/562
f 2108/4065/563 1915/4064/563 1916/4066/563 2109/4067/563
f 2109/4067/573 1916/4066/573 1917/4068/573 2110/4069/573
f 2110/4070/565 1917/4071/565 1918/4072/565 2111/4073/565
f 2111/4073/566 1918/4072/566 1919/4074/566 2112/4075/566
f 2112/4075/567 1919/4074/567 1920/4076/567 2113/4077/567
f 2113/4078/568 1920/4079/568 1921/4080/568 2114/4081/568
f 2114/4081/569 1921/4080/569 1922/4082/569 2115/4083/569
f 2115/4083/571 1922/4082/571 1923/4084/571 2116/4085/571
f 2116/4085/572 1923/4084/572 1924/4086/572 2117/4087/572
f 2117/4088/740 1924/4089/740 1925/4090/740 2118/4091/740
f 2118/4092/741 1925/4093/741 1926/4094/741 2119/4095/741
f 2119/4095/742 1926/4094/742 1927/4096/742 2120/4097/742
f 2120/4097/743 1927/4096/743 1928/4098/743 2121/4099/743
f 1923/4084/585 1922/4082/585 1946/4100/585 1947/4101/585
f 2121/4099/744 1928/4098/744 1929/4102/744 2122/4103/744
f 2122/4104/553 1929/4105/553 1906/4041/553 2099/4040/553
f 2183/4106/571 2181/4107/571 2022/4108/571 2023/4109/571
f 1946/4100/617 1945/4110/617 1969/4111/617 1970/4112/617
f 1928/4098/590 1927/4096/590 1951/4113/590 1952/4114/590
f 1911/4052/587 1910/4050/587 1934/4115/587 1935/4116/587
f 1916/4066/588 1915/4064/588 1939/4117/588 1940/4118/588
f 1921/4080/589 1920/4079/589 1944/4119/589 1945/4110/589
f 1926/4120/595 1925/4090/595 1949/4121/595 1950/4122/595
f 1909/4048/591 1908/4047/591 1932/4123/591 1933/4124/591
f 1914/4060/592 1913/4058/592 1937/4125/592 1938/4126/592
f 1907/4042/596 1906/4041/596 1931/4127/596 1930/4128/596
f 1919/4074/593 1918/4072/593 1942/4129/593 1943/4130/593
f 1924/4089/594 1923/4131/594 1947/4132/594 1948/4133/594
f 1929/4102/745 1928/4098/745 1952/4114/745 1953/4134/745
f 1912/4056/597 1911/4055/597 1935/4135/597 1936/4136/597
f 1917/4068/746 1916/4066/746 1940/4118/746 1941/4137/746
f 1922/4082/747 1921/4080/747 1945/4110/747 1946/4100/747
f 1927/4096/580 1926/4094/580 1950/4138/580 1951/4113/580
f 1910/4050/577 1909/4048/577 1933/4124/577 1934/4115/577
f 1915/4064/578 1914/4063/578 1938/4139/578 1939/4117/578
f 1920/4076/579 1919/4074/579 1943/4130/579 1944/4140/579
f 1925/4090/582 1924/4089/582 1948/4133/582 1949/4121/582
f 1906/4041/748 1929/4105/748 1953/4141/748 1931/4127/748
f 1908/4044/749 1907/4042/749 1930/4128/749 1932/4142/749
f 1913/4058/583 1912/4056/583 1936/4136/583 1937/4125/583
f 1918/4072/584 1917/4071/584 1941/4143/584 1942/4129/584
f 1959/4144/750 1958/4145/750 1982/4146/750 1983/4147/750
f 1939/4117/618 1938/4139/618 1962/4148/618 1963/4149/618
f 1931/4127/751 1953/4141/751 1977/4150/751 1955/4151/751
f 1932/4142/752 1930/4128/752 1954/4152/752 1956/4153/752
f 1947/4132/753 1946/4154/753 1970/4155/753 1971/4156/753
f 1940/4118/574 1939/4117/574 1963/4149/574 1964/4157/574
f 1933/4124/599 1932/4123/599 1956/4158/599 1957/4159/599
f 1948/4133/754 1947/4132/754 1971/4156/754 1972/4160/754
f 1941/4137/602 1940/4118/602 1964/4157/602 1965/4161/602
f 1934/4115/603 1933/4124/603 1957/4159/603 1958/4145/603
f 1949/4121/621 1948/4133/621 1972/4160/621 1973/4162/621
f 1942/4129/755 1941/4143/755 1965/4163/755 1966/4164/755
f 1935/4116/756 1934/4115/756 1958/4145/756 1959/4144/756
f 1950/4122/601 1949/4121/601 1973/4162/601 1974/4165/601
f 1943/4130/608 1942/4129/608 1966/4164/608 1967/4166/608
f 1936/4136/609 1935/4135/609 1959/4167/609 1960/4168/609
f 1951/4113/604 1950/4138/604 1974/4169/604 1975/4170/604
f 1944/4140/611 1943/4130/611 1967/4166/611 1968/4171/611
f 1937/4125/757 1936/4136/757 1960/4168/757 1961/4172/757
f 1952/4114/758 1951/4113/758 1975/4170/758 1976/4173/758
f 1945/4110/759 1944/4119/759 1968/4174/759 1969/4111/759
f 1938/4126/615 1937/4125/615 1961/4172/615 1962/4175/615
f 1953/4141/610 1952/4176/610 1976/4177/610 1977/4150/610
f 1930/4128/616 1931/4127/616 1955/4151/616 1954/4152/616
f 1987/4178/664 1986/4179/664 2002/4180/664
f 1974/4165/760 1973/4162/760 1997/4181/760 1998/4182/760
f 1967/4166/644 1966/4164/644 1990/4183/644 1991/4184/644
f 1960/4168/761 1959/4167/761 1983/4185/761 1984/4186/761
f 1975/4187/762 1974/4165/762 1998/4182/762 1999/4188/762
f 1968/4171/763 1967/4166/763 1991/4184/763 1992/4189/763
f 1961/4172/764 1960/4168/764 1984/4186/764 1985/4190/764
f 1976/4173/643 1975/4170/643 1999/4191/643 2000/4192/643
f 1969/4193/626 1968/4171/626 1992/4189/626 1993/4194/626
f 1962/4175/765 1961/4172/765 1985/4190/765 1986/4195/765
f 1977/4150/598 1976/4177/598 2000/4196/598 2001/4197/598
f 1954/4152/628 1955/4151/628 1979/4198/628 1978/4199/628
f 1970/4112/629 1969/4111/629 1993/4200/629 1994/4201/629
f 1963/4149/766 1962/4148/766 1986/4202/766 1987/4203/766
f 1955/4151/767 1977/4150/767 2001/4197/767 1979/4198/767
f 1956/4153/768 1954/4152/768 1978/4199/768 1980/4204/768
f 1971/4156/632 1970/4155/632 1994/4205/632 1995/4206/632
f 1964/4157/634 1963/4149/634 1987/4203/634 1988/4207/634
f 1957/4159/635 1956/4158/635 1980/4208/635 1981/4209/635
f 1972/4160/636 1971/4156/636 1995/4206/636 1996/4210/636
f 1965/4163/638 1964/4211/638 1988/4212/638 1989/4213/638
f 1958/4145/639 1957/4159/639 1981/4209/639 1982/4146/639
f 1973/4162/633 1972/4160/633 1996/4210/633 1997/4181/633
f 1966/4164/641 1965/4163/641 1989/4213/641 1990/4183/641
f 2169/4214/553 2167/4215/553 2015/4216/553 2016/4217/553
f 1979/4218/769 2001/4219/769 2002/4180/769
f 1980/4220/770 1978/4221/770 2002/4180/770
f 1995/4222/666 1994/4223/666 2002/4180/666
f 1988/4224/668 1987/4178/668 2002/4180/668
f 1981/4225/771 1980/4220/771 2002/4180/771
f 1996/4226/646 1995/4222/646 2002/4180/646
f 1989/4227/772 1988/4224/772 2002/4180/772
f 1982/4228/649 1981/4225/649 2002/4180/649
f 1997/4229/773 1996/4226/773 2002/4180/773
f 1990/4230/774 1989/4227/774 2002/4180/774
f 1983/4231/652 1982/4228/652 2002/4180/652
f 1998/4232/647 1997/4229/647 2002/4180/647
f 1991/4233/654 1990/4230/654 2002/4180/654
f 1984/4234/775 1983/4231/775 2002/4180/775
f 1999/4235/776 1998/4232/776 2002/4180/776
f 1992/4236/777 1991/4233/777 2002/4180/777
f 1985/4237/778 1984/4234/778 2002/4180/778
f 2000/4238/779 1999/4235/779 2002/4180/779
f 1993/4239/780 1992/4236/780 2002/4180/780
f 1986/4179/781 1985/4237/781 2002/4180/781
f 2001/4219/782 2000/4238/782 2002/4180/782
f 1978/4221/783 1979/4218/783 2002/4180/783
f 1994/4223/663 1993/4239/663 2002/4180/663
f 2179/4240/740 2177/4241/740 2020/4242/740 2021/4243/740
f 2189/4244/567 2187/4245/567 2025/4246/567 2026/4247/567
f 2193/4248/565 2192/4249/565 2004/4250/565 2003/4251/565
f 2155/4252/673 2153/4253/673 2008/4254/673 2009/4255/673
f 2165/4256/555 2163/4257/555 2013/4258/555 2014/4259/555
f 2175/4260/550 2173/4261/550 2018/4262/550 2019/4263/550
f 2185/4264/569 2183/4106/569 2023/4109/569 2024/4265/569
f 2151/4266/562 2149/4267/562 2006/4268/562 2007/4269/562
f 2161/4270/557 2159/4271/557 2011/4272/557 2012/4273/557
f 2171/4274/552 2169/4275/552 2016/4276/552 2017/4277/552
f 2181/4107/572 2179/4278/572 2021/4279/572 2022/4108/572
f 2147/4280/564 2193/4281/564 2003/4282/564 2005/4283/564
f 2157/4284/784 2155/4252/784 2009/4255/784 2010/4285/784
f 2167/4215/554 2165/4256/554 2014/4259/554 2015/4216/554
f 2192/4249/566 2189/4244/566 2026/4247/566 2004/4250/566
f 2177/4286/549 2175/4260/549 2019/4263/549 2020/4287/549
f 2187/4288/568 2185/4264/568 2024/4265/568 2025/4289/568
f 2153/4253/561 2151/4290/561 2007/4291/561 2008/4254/561
f 2163/4292/556 2161/4270/556 2012/4273/556 2013/4293/556
f 2173/4261/551 2171/4274/551 2017/4277/551 2018/4262/551
f 2219/4294/669 2062/4295/669 2063/4296/669 2221/4297/669
f 2159/4271/558 2157/4298/558 2010/4299/558 2011/4272/558
f 2149/4267/563 2147/4280/563 2005/4283/563 2006/4268/563
f 2004/4300/18 2026/4301/18 2025/4302/18 2024/4303/18 2023/4304/18 2022/4305/18 2021/4306/18 2020/4307/18 2019/4308/18 2018/4309/18 2017/4310/18 2016/4311/18 2015/4312/18 2014/4313/18 2013/4314/18 2012/4315/18 2011/4316/18 2010/4317/18 2009/4318/18 2008/4319/18 2007/4320/18 2006/4321/18 2005/4322/18 2003/4323/18
f 2233/4324/549 2069/4325/549 2070/4326/549 2235/4327/549
f 2203/4328/558 2054/4329/558 2055/4330/558 2205/4331/558
f 2217/4332/565 2061/4333/565 2062/4295/565 2219/4294/565
f 2231/4334/548 2068/4335/548 2069/4336/548 2233/4337/548
f 2201/4338/557 2053/4339/557 2054/4329/557 2203/4328/557
f 2215/4340/675 2060/4341/675 2061/4342/675 2217/4343/675
f 2229/4344/572 2067/4345/572 2068/4346/572 2231/4347/572
f 2199/4348/556 2052/4349/556 2053/4339/556 2201/4338/556
f 2213/4350/563 2059/4351/563 2060/4341/563 2215/4340/563
f 2227/4352/571 2066/4353/571 2067/4345/571 2229/4344/571
f 2241/4354/553 2073/4355/553 2074/4356/553 2196/4357/553
f 2211/4358/562 2058/4359/562 2059/4351/562 2213/4350/562
f 2225/4360/569 2065/4361/569 2066/4353/569 2227/4352/569
f 2195/4362/18 2198/4363/18 2190/4364/18 2191/4365/18
f 2237/4366/551 2071/4367/551 2072/4368/551 2239/4369/551
f 2209/4370/561 2057/4371/561 2058/4372/561 2211/4373/561
f 2223/4374/568 2064/4375/568 2065/4361/568 2225/4360/568
f 2207/4376/673 2056/4377/673 2057/4371/673 2209/4370/673
f 2221/4297/567 2063/4296/567 2064/4378/567 2223/4379/567
f 2235/4327/742 2070/4326/742 2071/4367/742 2237/4366/742
f 2205/4380/559 2055/4381/559 2056/4377/559 2207/4376/559
f 2039/4382/690 2040/4383/690 2082/4384/690 2081/4385/690
f 2072/4368/744 2049/4386/744 2050/4387/744 2073/4388/744
f 2071/4367/743 2048/4389/743 2049/4386/743 2072/4368/743
f 2070/4326/742 2047/4390/742 2048/4389/742 2071/4367/742
f 2069/4325/741 2046/4391/741 2047/4390/741 2070/4326/741
f 2051/4392/682 2074/4393/682 2075/4394/682 2088/4395/682
f 2032/4396/785 2033/4397/785 2084/4398/785 2086/4399/785
f 2066/4353/571 2043/4400/571 2044/4401/571 2067/4345/571
f 2065/4361/569 2042/4402/569 2043/4400/569 2066/4353/569
f 2064/4375/568 2041/4403/568 2042/4402/568 2065/4361/568
f 2063/4296/567 2040/4383/567 2041/4404/567 2064/4378/567
f 2067/4405/684 2044/4406/684 2080/4407/684 2095/4408/684
f 2033/4397/677 2034/4409/677 2085/4410/677 2084/4398/677
f 2060/4341/675 2037/4411/675 2038/4412/675 2061/4342/675
f 2059/4351/786 2036/4413/786 2037/4411/786 2060/4341/786
f 2058/4359/703 2035/4414/703 2036/4413/703 2059/4351/703
f 2057/4371/561 2034/4409/561 2035/4415/561 2058/4372/561
f 2057/4416/787 2056/4417/787 2090/4418/787 2091/4419/787
f 2028/4420/698 2051/4421/698 2088/4422/698 2087/4423/698
f 2054/4329/558 2031/4424/558 2032/4425/558 2055/4330/558
f 2053/4339/557 2030/4426/557 2031/4424/557 2054/4329/557
f 2052/4349/556 2029/4427/556 2030/4426/556 2053/4339/556
f 2051/4428/555 2028/4429/555 2029/4430/555 2052/4431/555
f 2073/4432/692 2050/4433/692 2077/4434/692 2098/4435/692
f 2242/4436/18 2195/4362/18 2191/4365/18 2194/4437/18
f 2198/4363/685 2200/4438/685 2188/4439/685 2190/4364/685
f 2200/4438/685 2202/4440/685 2186/4441/685 2188/4439/685
f 2202/4440/685 2204/4442/685 2184/4443/685 2186/4441/685
f 2204/4442/685 2206/4444/685 2182/4445/685 2184/4443/685
f 2206/4444/18 2208/4446/18 2180/4447/18 2182/4445/18
f 2208/4446/18 2210/4448/18 2178/4449/18 2180/4447/18
f 2210/4448/18 2212/4450/18 2176/4451/18 2178/4449/18
f 2212/4450/685 2214/4452/685 2174/4453/685 2176/4451/685
f 2214/4452/18 2216/4454/18 2172/4455/18 2174/4453/18
f 2216/4454/18 2218/4456/18 2170/4457/18 2172/4455/18
f 2218/4456/18 2220/4458/18 2168/4459/18 2170/4457/18
f 2220/4458/685 2222/4460/685 2166/4461/685 2168/4459/685
f 2222/4460/18 2224/4462/18 2164/4463/18 2166/4461/18
f 2224/4462/18 2226/4464/18 2162/4465/18 2164/4463/18
f 2226/4464/18 2228/4466/18 2160/4467/18 2162/4465/18
f 2228/4466/18 2230/4468/18 2158/4469/18 2160/4467/18
f 2230/4468/685 2232/4470/685 2156/4471/685 2158/4469/685
f 2232/4470/18 2234/4472/18 2154/4473/18 2156/4471/18
f 2234/4472/18 2236/4474/18 2152/4475/18 2154/4473/18
f 2236/4474/18 2238/4476/18 2150/4477/18 2152/4475/18
f 2238/4476/685 2240/4478/685 2148/4479/685 2150/4477/685
f 2240/4478/18 2242/4436/18 2194/4437/18 2148/4479/18
f 2197/4480/555 2051/4428/555 2052/4431/555 2199/4481/555
f 2098/4482/672 2077/4483/672 2076/4484/672 2075/4485/672
f 2096/4486/548 2078/4487/548 2079/4488/548 2097/4489/548
f 2095/4490/572 2080/4491/572 2078/4492/572 2096/4493/572
f 2093/4494/669 2081/4385/669 2082/4384/669 2094/4495/669
f 2092/4496/565 2083/4497/565 2081/4385/565 2093/4494/565
f 2090/4498/560 2084/4398/560 2085/4410/560 2091/4499/560
f 2089/4500/784 2086/4399/784 2084/4398/784 2090/4498/784
f 2075/4485/788 2076/4484/788 2087/4501/788 2088/4502/788
f 2074/4393/789 2073/4503/789 2098/4504/789 2075/4394/789
f 2061/4505/680 2038/4506/680 2083/4507/680 2092/4508/680
f 2038/4509/790 2039/4382/790 2081/4385/790 2083/4497/790
f 2046/4510/683 2069/4511/683 2097/4512/683 2079/4513/683
f 2045/4514/791 2046/4515/791 2079/4488/791 2078/4487/791
f 2068/4516/792 2067/4517/792 2095/4518/792 2096/4519/792
f 2055/4520/687 2032/4521/687 2086/4522/687 2089/4523/687
f 2044/4524/793 2045/4514/793 2078/4487/793 2080/4525/793
f 2040/4526/689 2063/4527/689 2094/4528/689 2082/4529/689
f 2069/4530/678 2068/4516/678 2096/4519/678 2097/4531/678
f 2062/4532/691 2061/4533/691 2092/4534/691 2093/4535/691
f 2050/4536/679 2027/4537/679 2076/4484/679 2077/4483/679
f 2034/4538/694 2057/4539/694 2091/4540/694 2085/4541/694
f 2063/4542/695 2062/4532/695 2093/4535/695 2094/4543/695
f 2027/4537/681 2028/4429/681 2087/4501/681 2076/4484/681
f 2056/4417/696 2055/4544/696 2089/4545/696 2090/4418/696
f 2145/4546/672 2122/4104/672 2099/4040/672 2146/4547/672
f 2144/4548/552 2121/4099/552 2122/4103/552 2145/4549/552
f 2143/4550/551 2120/4097/551 2121/4099/551 2144/4548/551
f 2142/4551/742 2119/4095/742 2120/4097/742 2143/4550/742
f 2141/4552/549 2118/4092/549 2119/4095/549 2142/4551/549
f 2140/4553/548 2117/4088/548 2118/4091/548 2141/4554/548
f 2139/4555/572 2116/4085/572 2117/4087/572 2140/4556/572
f 2138/4557/571 2115/4083/571 2116/4085/571 2139/4555/571
f 2137/4558/569 2114/4081/569 2115/4083/569 2138/4557/569
f 2136/4559/568 2113/4078/568 2114/4081/568 2137/4558/568
f 2135/4560/567 2112/4075/567 2113/4077/567 2136/4561/567
f 2134/4562/669 2111/4073/669 2112/4075/669 2135/4560/669
f 2133/4563/704 2110/4070/704 2111/4073/704 2134/4562/704
f 2132/4564/573 2109/4067/573 2110/4069/573 2133/4565/573
f 2131/4566/563 2108/4065/563 2109/4067/563 2132/4564/563
f 2130/4567/562 2107/4062/562 2108/4065/562 2131/4566/562
f 2129/4568/561 2106/4059/561 2107/4061/561 2130/4569/561
f 2128/4570/673 2105/4057/673 2106/4059/673 2129/4568/673
f 2127/4571/559 2104/4054/559 2105/4057/559 2128/4570/559
f 2126/4572/558 2103/4051/558 2104/4053/558 2127/4573/558
f 2125/4574/557 2102/4049/557 2103/4051/557 2126/4572/557
f 2124/4575/556 2101/4046/556 2102/4049/556 2125/4574/556
f 2123/4576/555 2100/4043/555 2101/4045/555 2124/4577/555
f 2146/4547/670 2099/4040/670 2100/4043/670 2123/4576/670
f 2027/4537/670 2146/4547/670 2123/4576/670 2028/4429/670
f 2028/4429/555 2123/4576/555 2124/4577/555 2029/4430/555
f 2029/4427/556 2124/4575/556 2125/4574/556 2030/4426/556
f 2030/4426/557 2125/4574/557 2126/4572/557 2031/4424/557
f 2031/4424/558 2126/4572/558 2127/4573/558 2032/4425/558
f 2032/4396/784 2127/4571/784 2128/4570/784 2033/4397/784
f 2033/4397/673 2128/4570/673 2129/4568/673 2034/4409/673
f 2034/4409/561 2129/4568/561 2130/4569/561 2035/4415/561
f 2035/4414/703 2130/4567/703 2131/4566/703 2036/4413/703
f 2036/4413/563 2131/4566/563 2132/4564/563 2037/4411/563
f 2037/4411/675 2132/4564/675 2133/4565/675 2038/4412/675
f 2038/4509/565 2133/4563/565 2134/4562/565 2039/4382/565
f 2039/4382/669 2134/4562/669 2135/4560/669 2040/4383/669
f 2040/4383/567 2135/4560/567 2136/4561/567 2041/4404/567
f 2041/4403/568 2136/4559/568 2137/4558/568 2042/4402/568
f 2042/4402/569 2137/4558/569 2138/4557/569 2043/4400/569
f 2043/4400/571 2138/4557/571 2139/4555/571 2044/4401/571
f 2044/4401/572 2139/4555/572 2140/4556/572 2045/4578/572
f 2045/4514/548 2140/4553/548 2141/4554/548 2046/4515/548
f 2046/4391/549 2141/4552/549 2142/4551/549 2047/4390/549
f 2047/4390/550 2142/4551/550 2143/4550/550 2048/4389/550
f 2048/4389/743 2143/4550/743 2144/4548/743 2049/4386/743
f 2049/4386/744 2144/4548/744 2145/4549/744 2050/4387/744
f 2050/4536/553 2145/4546/553 2146/4547/553 2027/4537/553
f 2194/4579/723 2191/4580/723 2192/4581/723 2193/4582/723
f 2148/4583/724 2194/4579/724 2193/4582/724 2147/4584/724
f 2150/4585/734 2148/4583/734 2147/4584/734 2149/4586/734
f 2152/4587/726 2150/4588/726 2149/4589/726 2151/4590/726
f 2154/4591/727 2152/4587/727 2151/4590/727 2153/4592/727
f 2156/4593/794 2154/4591/794 2153/4592/794 2155/4594/794
f 2158/4595/795 2156/4593/795 2155/4594/795 2157/4596/795
f 2160/4597/706 2158/4595/706 2157/4596/706 2159/4598/706
f 2162/4599/707 2160/4597/707 2159/4598/707 2161/4600/707
f 2164/4601/708 2162/4602/708 2161/4603/708 2163/4604/708
f 2166/4605/709 2164/4601/709 2163/4604/709 2165/4606/709
f 2168/4607/710 2166/4605/710 2165/4606/710 2167/4608/710
f 2170/4609/730 2168/4607/730 2167/4608/730 2169/4610/730
f 2172/4611/796 2170/4609/796 2169/4610/796 2171/4612/796
f 2174/4613/713 2172/4611/713 2171/4612/713 2173/4614/713
f 2176/4615/797 2174/4616/797 2173/4617/797 2175/4618/797
f 2178/4619/715 2176/4615/715 2175/4618/715 2177/4620/715
f 2180/4621/798 2178/4619/798 2177/4620/798 2179/4622/798
f 2182/4623/799 2180/4621/799 2179/4622/799 2181/4624/799
f 2184/4625/718 2182/4623/718 2181/4624/718 2183/4626/718
f 2186/4627/800 2184/4625/800 2183/4626/800 2185/4628/800
f 2188/4629/720 2186/4630/720 2185/4631/720 2187/4632/720
f 2190/4633/801 2188/4629/801 2187/4632/801 2189/4634/801
f 2191/4580/722 2190/4633/722 2189/4634/722 2192/4581/722
f 2239/4369/744 2072/4368/744 2073/4388/744 2241/4635/744
f 2196/4636/710 2197/4637/710 2198/4638/710 2195/4639/710
f 2197/4637/709 2199/4640/709 2200/4641/709 2198/4638/709
f 2199/4640/708 2201/4642/708 2202/4643/708 2200/4641/708
f 2201/4644/707 2203/4645/707 2204/4646/707 2202/4647/707
f 2203/4645/706 2205/4648/706 2206/4649/706 2204/4646/706
f 2205/4648/802 2207/4650/802 2208/4651/802 2206/4649/802
f 2207/4650/803 2209/4652/803 2210/4653/803 2208/4651/803
f 2209/4652/727 2211/4654/727 2212/4655/727 2210/4653/727
f 2211/4654/726 2213/4656/726 2214/4657/726 2212/4655/726
f 2213/4658/734 2215/4659/734 2216/4660/734 2214/4661/734
f 2215/4659/724 2217/4662/724 2218/4663/724 2216/4660/724
f 2217/4662/723 2219/4664/723 2220/4665/723 2218/4663/723
f 2219/4664/722 2221/4666/722 2222/4667/722 2220/4665/722
f 2221/4666/804 2223/4668/804 2224/4669/804 2222/4667/804
f 2223/4668/805 2225/4670/805 2226/4671/805 2224/4669/805
f 2225/4672/719 2227/4673/719 2228/4674/719 2226/4675/719
f 2227/4673/718 2229/4676/718 2230/4677/718 2228/4674/718
f 2229/4676/806 2231/4678/806 2232/4679/806 2230/4677/806
f 2231/4678/807 2233/4680/807 2234/4681/807 2232/4679/807
f 2233/4680/808 2235/4682/808 2236/4683/808 2234/4681/808
f 2235/4682/714 2237/4684/714 2238/4685/714 2236/4683/714
f 2237/4686/713 2239/4687/713 2240/4688/713 2238/4689/713
f 2239/4687/809 2241/4690/809 2242/4691/809 2240/4688/809
f 2241/4690/711 2196/4636/711 2195/4639/711 2242/4691/711
f 2196/4357/670 2074/4356/670 2051/4428/670 2197/4480/670
f 2436/4040/673 2243/4041/673 2244/4042/673 2437/4043/673
f 2437/4043/561 2244/4042/561 2245/4044/561 2438/4045/561
f 2438/4046/562 2245/4047/562 2246/4048/562 2439/4049/562
f 2439/4049/563 2246/4048/563 2247/4050/563 2440/4051/563
f 2440/4051/573 2247/4050/573 2248/4052/573 2441/4053/573
f 2441/4054/704 2248/4055/704 2249/4056/704 2442/4057/704
f 2442/4057/669 2249/4056/669 2250/4058/669 2443/4059/669
f 2443/4059/567 2250/4058/567 2251/4060/567 2444/4061/567
f 2444/4062/568 2251/4063/568 2252/4064/568 2445/4065/568
f 2445/4065/569 2252/4064/569 2253/4066/569 2446/4067/569
f 2446/4067/571 2253/4066/571 2254/4068/571 2447/4069/571
f 2447/4070/702 2254/4071/702 2255/4072/702 2448/4073/702
f 2448/4073/548 2255/4072/548 2256/4074/548 2449/4075/548
f 2449/4075/549 2256/4074/549 2257/4076/549 2450/4077/549
f 2450/4078/550 2257/4079/550 2258/4080/550 2451/4081/550
f 2451/4081/551 2258/4080/551 2259/4082/551 2452/4083/551
f 2452/4083/674 2259/4082/674 2260/4084/674 2453/4085/674
f 2453/4085/672 2260/4084/672 2261/4086/672 2454/4087/672
f 2454/4088/554 2261/4089/554 2262/4090/554 2455/4091/554
f 2455/4092/555 2262/4093/555 2263/4094/555 2456/4095/555
f 2456/4095/556 2263/4094/556 2264/4096/556 2457/4097/556
f 2457/4097/557 2264/4096/557 2265/4098/557 2458/4099/557
f 2260/4084/745 2259/4082/745 2283/4100/745 2284/4101/745
f 2458/4099/558 2265/4098/558 2266/4102/558 2459/4103/558
f 2459/4104/559 2266/4105/559 2243/4041/559 2436/4040/559
f 2520/4106/674 2518/4107/674 2359/4108/674 2360/4109/674
f 2283/4100/758 2282/4110/758 2306/4111/758 2307/4112/758
f 2265/4098/810 2264/4096/810 2288/4113/810 2289/4114/810
f 2248/4052/570 2247/4050/570 2271/4115/570 2272/4116/570
f 2253/4066/747 2252/4064/747 2276/4117/747 2277/4118/747
f 2258/4080/811 2257/4079/811 2281/4119/811 2282/4110/811
f 2263/4120/749 2262/4090/749 2286/4121/749 2287/4122/749
f 2246/4048/812 2245/4047/812 2269/4123/812 2270/4124/812
f 2251/4060/813 2250/4058/813 2274/4125/813 2275/4126/813
f 2244/4042/583 2243/4041/583 2268/4127/583 2267/4128/583
f 2256/4074/582 2255/4072/582 2279/4129/582 2280/4130/582
f 2261/4089/814 2260/4131/814 2284/4132/814 2285/4133/814
f 2266/4102/815 2265/4098/815 2289/4114/815 2290/4134/815
f 2249/4056/584 2248/4055/584 2272/4135/584 2273/4136/584
f 2254/4068/816 2253/4066/816 2277/4118/816 2278/4137/816
f 2259/4082/590 2258/4080/590 2282/4110/590 2283/4100/590
f 2264/4096/591 2263/4094/591 2287/4138/591 2288/4113/591
f 2247/4050/588 2246/4048/588 2270/4124/588 2271/4115/588
f 2252/4064/817 2251/4063/817 2275/4139/817 2276/4117/817
f 2257/4076/595 2256/4074/595 2280/4130/595 2281/4140/595
f 2262/4090/818 2261/4089/818 2285/4133/818 2286/4121/818
f 2243/4041/597 2266/4105/597 2290/4141/597 2268/4127/597
f 2245/4044/592 2244/4042/592 2267/4128/592 2269/4142/592
f 2250/4058/593 2249/4056/593 2273/4136/593 2274/4125/593
f 2255/4072/819 2254/4071/819 2278/4143/819 2279/4129/819
f 2296/4144/638 2295/4145/638 2319/4146/638 2320/4147/638
f 2276/4117/614 2275/4139/614 2299/4148/614 2300/4149/614
f 2268/4127/609 2290/4141/609 2314/4150/609 2292/4151/609
f 2269/4142/615 2267/4128/615 2291/4152/615 2293/4153/615
f 2284/4132/610 2283/4154/610 2307/4155/610 2308/4156/610
f 2277/4118/617 2276/4117/617 2300/4149/617 2301/4157/617
f 2270/4124/618 2269/4123/618 2293/4158/618 2294/4159/618
f 2285/4133/613 2284/4132/613 2308/4156/613 2309/4160/613
f 2278/4137/620 2277/4118/620 2301/4157/620 2302/4161/620
f 2271/4115/820 2270/4124/820 2294/4159/820 2295/4145/820
f 2286/4121/616 2285/4133/616 2309/4160/616 2310/4162/616
f 2279/4129/754 2278/4143/754 2302/4163/754 2303/4164/754
f 2272/4116/821 2271/4115/821 2295/4145/821 2296/4144/821
f 2287/4122/752 2286/4121/752 2310/4162/752 2311/4165/752
f 2280/4130/621 2279/4129/621 2303/4164/621 2304/4166/621
f 2273/4136/755 2272/4135/755 2296/4167/755 2297/4168/755
f 2288/4113/599 2287/4138/599 2311/4169/599 2312/4170/599
f 2281/4140/601 2280/4130/601 2304/4166/601 2305/4171/601
f 2274/4125/822 2273/4136/822 2297/4168/822 2298/4172/822
f 2289/4114/823 2288/4113/823 2312/4170/823 2313/4173/823
f 2282/4110/604 2281/4119/604 2305/4174/604 2306/4111/604
f 2275/4126/824 2274/4125/824 2298/4172/824 2299/4175/824
f 2290/4141/606 2289/4176/606 2313/4177/606 2314/4150/606
f 2267/4128/825 2268/4127/825 2292/4151/825 2291/4152/825
f 2324/4178/660 2323/4179/660 2339/4180/660
f 2311/4165/631 2310/4162/631 2334/4181/631 2335/4182/631
f 2304/4166/633 2303/4164/633 2327/4183/633 2328/4184/633
f 2297/4168/641 2296/4167/641 2320/4185/641 2321/4186/641
f 2312/4187/826 2311/4165/826 2335/4182/826 2336/4188/826
f 2305/4171/827 2304/4166/827 2328/4184/827 2329/4189/827
f 2298/4172/828 2297/4168/828 2321/4186/828 2322/4190/828
f 2313/4173/639 2312/4170/639 2336/4191/639 2337/4192/639
f 2306/4193/829 2305/4171/829 2329/4189/829 2330/4194/829
f 2299/4175/763 2298/4172/763 2322/4190/763 2323/4195/763
f 2314/4150/750 2313/4177/750 2337/4196/750 2338/4197/750
f 2291/4152/764 2292/4151/764 2316/4198/764 2315/4199/764
f 2307/4112/643 2306/4111/643 2330/4200/643 2331/4201/643
f 2300/4149/626 2299/4148/626 2323/4202/626 2324/4203/626
f 2292/4151/761 2314/4150/761 2338/4197/761 2316/4198/761
f 2293/4153/765 2291/4152/765 2315/4199/765 2317/4204/765
f 2308/4156/830 2307/4155/830 2331/4205/830 2332/4206/830
f 2301/4157/629 2300/4149/629 2324/4203/629 2325/4207/629
f 2294/4159/766 2293/4158/766 2317/4208/766 2318/4209/766
f 2309/4160/625 2308/4156/625 2332/4206/625 2333/4210/625
f 2302/4163/831 2301/4211/831 2325/4212/831 2326/4213/831
f 2295/4145/634 2294/4159/634 2318/4209/634 2319/4146/634
f 2310/4162/832 2309/4160/832 2333/4210/832 2334/4181/832
f 2303/4164/636 2302/4163/636 2326/4213/636 2327/4183/636
f 2506/4214/784 2504/4215/784 2352/4216/784 2353/4217/784
f 2316/4218/775 2338/4219/775 2339/4180/775
f 2317/4220/661 2315/4221/661 2339/4180/661
f 2332/4222/656 2331/4223/656 2339/4180/656
f 2325/4224/663 2324/4178/663 2339/4180/663
f 2318/4225/664 2317/4220/664 2339/4180/664
f 2333/4226/659 2332/4222/659 2339/4180/659
f 2326/4227/666 2325/4224/666 2339/4180/666
f 2319/4228/833 2318/4225/833 2339/4180/833
f 2334/4229/834 2333/4226/834 2339/4180/834
f 2327/4230/835 2326/4227/835 2339/4180/835
f 2320/4231/648 2319/4228/648 2339/4180/648
f 2335/4232/836 2334/4229/836 2339/4180/836
f 2328/4233/667 2327/4230/667 2339/4180/667
f 2321/4234/774 2320/4231/774 2339/4180/774
f 2336/4235/771 2335/4232/771 2339/4180/771
f 2329/4236/647 2328/4233/647 2339/4180/647
f 2322/4237/654 2321/4234/654 2339/4180/654
f 2337/4238/649 2336/4235/649 2339/4180/649
f 2330/4239/650 2329/4236/650 2339/4180/650
f 2323/4179/837 2322/4237/837 2339/4180/837
f 2338/4219/652 2337/4238/652 2339/4180/652
f 2315/4221/838 2316/4218/838 2339/4180/838
f 2331/4223/653 2330/4239/653 2339/4180/653
f 2516/4240/670 2514/4241/670 2357/4242/670 2358/4243/670
f 2526/4244/549 2524/4245/549 2362/4246/549 2363/4247/549
f 2530/4248/572 2529/4249/572 2341/4250/572 2340/4251/572
f 2492/4252/669 2490/4253/669 2345/4254/669 2346/4255/669
f 2502/4256/561 2500/4257/561 2350/4258/561 2351/4259/561
f 2512/4260/839 2510/4261/839 2355/4262/839 2356/4263/839
f 2522/4264/551 2520/4106/551 2360/4109/551 2361/4265/551
f 2488/4266/568 2486/4267/568 2343/4268/568 2344/4269/568
f 2498/4270/563 2496/4271/563 2348/4272/563 2349/4273/563
f 2508/4274/558 2506/4275/558 2353/4276/558 2354/4277/558
f 2518/4107/553 2516/4278/553 2358/4279/553 2359/4108/553
f 2484/4280/840 2530/4281/840 2340/4282/840 2342/4283/840
f 2494/4284/565 2492/4252/565 2346/4255/565 2347/4285/565
f 2504/4215/673 2502/4256/673 2351/4259/673 2352/4216/673
f 2529/4249/548 2526/4244/548 2363/4247/548 2341/4250/548
f 2514/4286/555 2512/4260/555 2356/4263/555 2357/4287/555
f 2524/4288/550 2522/4264/550 2361/4265/550 2362/4289/550
f 2490/4253/567 2488/4290/567 2344/4291/567 2345/4254/567
f 2500/4292/703 2498/4270/703 2349/4273/703 2350/4293/703
f 2510/4261/557 2508/4274/557 2354/4277/557 2355/4262/557
f 2556/4294/548 2399/4295/548 2400/4296/548 2558/4297/548
f 2496/4271/564 2494/4298/564 2347/4299/564 2348/4272/564
f 2486/4267/841 2484/4280/841 2342/4283/841 2343/4268/841
f 2341/4300/18 2363/4301/18 2362/4302/18 2361/4303/18 2360/4304/18 2359/4305/18 2358/4306/18 2357/4307/18 2356/4308/18 2355/4309/18 2354/4310/18 2353/4311/18 2352/4312/18 2351/4313/18 2350/4314/18 2349/4315/18 2348/4316/18 2347/4317/18 2346/4318/18 2345/4319/18 2344/4320/18 2343/4321/18 2342/4322/18 2340/4323/18
f 2570/4324/555 2406/4325/555 2407/4326/555 2572/4327/555
f 2540/4328/573 2391/4329/573 2392/4330/573 2542/4331/573
f 2554/4332/702 2398/4333/702 2399/4295/702 2556/4294/702
f 2568/4334/670 2405/4335/670 2406/4336/670 2570/4337/670
f 2538/4338/563 2390/4339/563 2391/4329/563 2540/4328/563
f 2552/4340/571 2397/4341/571 2398/4342/571 2554/4343/571
f 2566/4344/553 2404/4345/553 2405/4346/553 2568/4347/553
f 2536/4348/703 2389/4349/703 2390/4339/703 2538/4338/703
f 2550/4350/569 2396/4351/569 2397/4341/569 2552/4340/569
f 2564/4352/552 2403/4353/552 2404/4345/552 2566/4344/552
f 2578/4354/559 2410/4355/559 2411/4356/559 2533/4357/559
f 2548/4358/568 2395/4359/568 2396/4351/568 2550/4350/568
f 2562/4360/551 2402/4361/551 2403/4353/551 2564/4352/551
f 2532/4362/18 2535/4363/18 2527/4364/18 2528/4365/18
f 2574/4366/557 2408/4367/557 2409/4368/557 2576/4369/557
f 2546/4370/567 2394/4371/567 2395/4372/567 2548/4373/567
f 2560/4374/742 2401/4375/742 2402/4361/742 2562/4360/742
f 2544/4376/566 2393/4377/566 2394/4371/566 2546/4370/566
f 2558/4297/549 2400/4296/549 2401/4378/549 2560/4379/549
f 2572/4327/556 2407/4326/556 2408/4367/556 2574/4366/556
f 2542/4380/704 2392/4381/704 2393/4377/704 2544/4376/704
f 2376/4382/791 2377/4383/791 2419/4384/791 2418/4385/791
f 2409/4368/558 2386/4386/558 2387/4387/558 2410/4388/558
f 2408/4367/557 2385/4389/557 2386/4386/557 2409/4368/557
f 2407/4326/556 2384/4390/556 2385/4389/556 2408/4367/556
f 2406/4325/555 2383/4391/555 2384/4390/555 2407/4326/555
f 2388/4392/787 2411/4393/787 2412/4394/787 2425/4395/787
f 2369/4396/693 2370/4397/693 2421/4398/693 2423/4399/693
f 2403/4353/552 2380/4400/552 2381/4401/552 2404/4345/552
f 2402/4361/551 2379/4402/551 2380/4400/551 2403/4353/551
f 2401/4375/550 2378/4403/550 2379/4402/550 2402/4361/550
f 2400/4296/741 2377/4383/741 2378/4404/741 2401/4378/741
f 2404/4405/692 2381/4406/692 2417/4407/692 2432/4408/692
f 2370/4397/842 2371/4409/842 2422/4410/842 2421/4398/842
f 2397/4341/571 2374/4411/571 2375/4412/571 2398/4342/571
f 2396/4351/569 2373/4413/569 2374/4411/569 2397/4341/569
f 2395/4359/568 2372/4414/568 2373/4413/568 2396/4351/568
f 2394/4371/567 2371/4409/567 2372/4415/567 2395/4372/567
f 2394/4416/695 2393/4417/695 2427/4418/695 2428/4419/695
f 2365/4420/694 2388/4421/694 2425/4422/694 2424/4423/694
f 2391/4329/573 2368/4424/573 2369/4425/573 2392/4330/573
f 2390/4339/563 2367/4426/563 2368/4424/563 2391/4329/563
f 2389/4349/562 2366/4427/562 2367/4426/562 2390/4339/562
f 2388/4428/561 2365/4429/561 2366/4430/561 2389/4431/561
f 2410/4432/687 2387/4433/687 2414/4434/687 2435/4435/687
f 2579/4436/18 2532/4362/18 2528/4365/18 2531/4437/18
f 2535/4363/18 2537/4438/18 2525/4439/18 2527/4364/18
f 2537/4438/18 2539/4440/18 2523/4441/18 2525/4439/18
f 2539/4440/18 2541/4442/18 2521/4443/18 2523/4441/18
f 2541/4442/18 2543/4444/18 2519/4445/18 2521/4443/18
f 2543/4444/18 2545/4446/18 2517/4447/18 2519/4445/18
f 2545/4446/18 2547/4448/18 2515/4449/18 2517/4447/18
f 2547/4448/685 2549/4450/685 2513/4451/685 2515/4449/685
f 2549/4450/18 2551/4452/18 2511/4453/18 2513/4451/18
f 2551/4452/18 2553/4454/18 2509/4455/18 2511/4453/18
f 2553/4454/685 2555/4456/685 2507/4457/685 2509/4455/685
f 2555/4456/18 2557/4458/18 2505/4459/18 2507/4457/18
f 2557/4458/18 2559/4460/18 2503/4461/18 2505/4459/18
f 2559/4460/18 2561/4462/18 2501/4463/18 2503/4461/18
f 2561/4462/18 2563/4464/18 2499/4465/18 2501/4463/18
f 2563/4464/18 2565/4466/18 2497/4467/18 2499/4465/18
f 2565/4466/18 2567/4468/18 2495/4469/18 2497/4467/18
f 2567/4468/18 2569/4470/18 2493/4471/18 2495/4469/18
f 2569/4470/685 2571/4472/685 2491/4473/685 2493/4471/685
f 2571/4472/18 2573/4474/18 2489/4475/18 2491/4473/18
f 2573/4474/18 2575/4476/18 2487/4477/18 2489/4475/18
f 2575/4476/18 2577/4478/18 2485/4479/18 2487/4477/18
f 2577/4478/18 2579/4436/18 2531/4437/18 2485/4479/18
f 2534/4480/561 2388/4428/561 2389/4431/561 2536/4481/561
f 2435/4482/784 2414/4483/784 2413/4484/784 2412/4485/784
f 2433/4486/554 2415/4487/554 2416/4488/554 2434/4489/554
f 2432/4490/843 2417/4491/843 2415/4492/843 2433/4493/843
f 2430/4494/844 2418/4385/844 2419/4384/844 2431/4495/844
f 2429/4496/702 2420/4497/702 2418/4385/702 2430/4494/702
f 2427/4498/845 2421/4398/845 2422/4410/845 2428/4499/845
f 2426/4500/565 2423/4399/565 2421/4398/565 2427/4498/565
f 2412/4485/673 2413/4484/673 2424/4501/673 2425/4502/673
f 2411/4393/696 2410/4503/696 2435/4504/696 2412/4394/696
f 2398/4505/684 2375/4506/684 2420/4507/684 2429/4508/684
f 2375/4509/793 2376/4382/793 2418/4385/793 2420/4497/793
f 2383/4510/698 2406/4511/698 2434/4512/698 2416/4513/698
f 2382/4514/681 2383/4515/681 2416/4488/681 2415/4487/681
f 2405/4516/789 2404/4517/789 2432/4518/789 2433/4519/789
f 2392/4520/680 2369/4521/680 2423/4522/680 2426/4523/680
f 2381/4524/679 2382/4514/679 2415/4487/679 2417/4525/679
f 2377/4526/683 2400/4527/683 2431/4528/683 2419/4529/683
f 2406/4530/846 2405/4516/846 2433/4519/846 2434/4531/846
f 2399/4532/686 2398/4533/686 2429/4534/686 2430/4535/686
f 2387/4536/785 2364/4537/785 2413/4484/785 2414/4483/785
f 2371/4538/689 2394/4539/689 2428/4540/689 2422/4541/689
f 2400/4542/847 2399/4532/847 2430/4535/847 2431/4543/847
f 2364/4537/677 2365/4429/677 2424/4501/677 2413/4484/677
f 2393/4417/691 2392/4544/691 2426/4545/691 2427/4418/691
f 2482/4546/559 2459/4104/559 2436/4040/559 2483/4547/559
f 2481/4548/558 2458/4099/558 2459/4103/558 2482/4549/558
f 2480/4550/557 2457/4097/557 2458/4099/557 2481/4548/557
f 2479/4551/556 2456/4095/556 2457/4097/556 2480/4550/556
f 2478/4552/555 2455/4092/555 2456/4095/555 2479/4551/555
f 2477/4553/670 2454/4088/670 2455/4091/670 2478/4554/670
f 2476/4555/672 2453/4085/672 2454/4087/672 2477/4556/672
f 2475/4557/674 2452/4083/674 2453/4085/674 2476/4555/674
f 2474/4558/551 2451/4081/551 2452/4083/551 2475/4557/551
f 2473/4559/550 2450/4078/550 2451/4081/550 2474/4558/550
f 2472/4560/549 2449/4075/549 2450/4077/549 2473/4561/549
f 2471/4562/740 2448/4073/740 2449/4075/740 2472/4560/740
f 2470/4563/702 2447/4070/702 2448/4073/702 2471/4562/702
f 2469/4564/571 2446/4067/571 2447/4069/571 2470/4565/571
f 2468/4566/569 2445/4065/569 2446/4067/569 2469/4564/569
f 2467/4567/671 2444/4062/671 2445/4065/671 2468/4566/671
f 2466/4568/567 2443/4059/567 2444/4061/567 2467/4569/567
f 2465/4570/669 2442/4057/669 2443/4059/669 2466/4568/669
f 2464/4571/704 2441/4054/704 2442/4057/704 2465/4570/704
f 2463/4572/573 2440/4051/573 2441/4053/573 2464/4573/573
f 2462/4574/563 2439/4049/563 2440/4051/563 2463/4572/563
f 2461/4575/562 2438/4046/562 2439/4049/562 2462/4574/562
f 2460/4576/561 2437/4043/561 2438/4045/561 2461/4577/561
f 2483/4547/673 2436/4040/673 2437/4043/673 2460/4576/673
f 2364/4537/673 2483/4547/673 2460/4576/673 2365/4429/673
f 2365/4429/561 2460/4576/561 2461/4577/561 2366/4430/561
f 2366/4427/562 2461/4575/562 2462/4574/562 2367/4426/562
f 2367/4426/563 2462/4574/563 2463/4572/563 2368/4424/563
f 2368/4424/573 2463/4572/573 2464/4573/573 2369/4425/573
f 2369/4396/704 2464/4571/704 2465/4570/704 2370/4397/704
f 2370/4397/566 2465/4570/566 2466/4568/566 2371/4409/566
f 2371/4409/567 2466/4568/567 2467/4569/567 2372/4415/567
f 2372/4414/568 2467/4567/568 2468/4566/568 2373/4413/568
f 2373/4413/569 2468/4566/569 2469/4564/569 2374/4411/569
f 2374/4411/571 2469/4564/571 2470/4565/571 2375/4412/571
f 2375/4509/572 2470/4563/572 2471/4562/572 2376/4382/572
f 2376/4382/740 2471/4562/740 2472/4560/740 2377/4383/740
f 2377/4383/549 2472/4560/549 2473/4561/549 2378/4404/549
f 2378/4403/550 2473/4559/550 2474/4558/550 2379/4402/550
f 2379/4402/551 2474/4558/551 2475/4557/551 2380/4400/551
f 2380/4400/674 2475/4557/674 2476/4555/674 2381/4401/674
f 2381/4401/553 2476/4555/553 2477/4556/553 2382/4578/553
f 2382/4514/670 2477/4553/670 2478/4554/670 2383/4515/670
f 2383/4391/555 2478/4552/555 2479/4551/555 2384/4390/555
f 2384/4390/556 2479/4551/556 2480/4550/556 2385/4389/556
f 2385/4389/557 2480/4550/557 2481/4548/557 2386/4386/557
f 2386/4386/558 2481/4548/558 2482/4549/558 2387/4387/558
f 2387/4536/559 2482/4546/559 2483/4547/559 2364/4537/559
f 2531/4579/739 2528/4580/739 2529/4581/739 2530/4582/739
f 2485/4583/718 2531/4579/718 2530/4582/718 2484/4584/718
f 2487/4585/737 2485/4583/737 2484/4584/737 2486/4586/737
f 2489/4587/720 2487/4588/720 2486/4589/720 2488/4590/720
f 2491/4591/804 2489/4587/804 2488/4590/804 2490/4592/804
f 2493/4593/722 2491/4591/722 2490/4592/722 2492/4594/722
f 2495/4595/723 2493/4593/723 2492/4594/723 2494/4596/723
f 2497/4597/724 2495/4595/724 2494/4596/724 2496/4598/724
f 2499/4599/848 2497/4597/848 2496/4598/848 2498/4600/848
f 2501/4601/849 2499/4602/849 2498/4603/849 2500/4604/849
f 2503/4605/727 2501/4601/727 2500/4604/727 2502/4606/727
f 2505/4607/803 2503/4605/803 2502/4606/803 2504/4608/803
f 2507/4609/705 2505/4607/705 2504/4608/705 2506/4610/705
f 2509/4611/706 2507/4609/706 2506/4610/706 2508/4612/706
f 2511/4613/707 2509/4611/707 2508/4612/707 2510/4614/707
f 2513/4615/708 2511/4616/708 2510/4617/708 2512/4618/708
f 2515/4619/709 2513/4615/709 2512/4618/709 2514/4620/709
f 2517/4621/710 2515/4619/710 2514/4620/710 2516/4622/710
f 2519/4623/730 2517/4621/730 2516/4622/730 2518/4624/730
f 2521/4625/796 2519/4623/796 2518/4624/796 2520/4626/796
f 2523/4627/713 2521/4625/713 2520/4626/713 2522/4628/713
f 2525/4629/797 2523/4630/797 2522/4631/797 2524/4632/797
f 2527/4633/715 2525/4629/715 2524/4632/715 2526/4634/715
f 2528/4580/716 2527/4633/716 2526/4634/716 2529/4581/716
f 2576/4369/558 2409/4368/558 2410/4388/558 2578/4635/558
f 2533/4636/803 2534/4637/803 2535/4638/803 2532/4639/803
f 2534/4637/727 2536/4640/727 2537/4641/727 2535/4638/727
f 2536/4640/850 2538/4642/850 2539/4643/850 2537/4641/850
f 2538/4644/734 2540/4645/734 2541/4646/734 2539/4647/734
f 2540/4645/851 2542/4648/851 2543/4649/851 2541/4646/851
f 2542/4648/723 2544/4650/723 2545/4651/723 2543/4649/723
f 2544/4650/722 2546/4652/722 2547/4653/722 2545/4651/722
f 2546/4652/736 2548/4654/736 2549/4655/736 2547/4653/736
f 2548/4654/720 2550/4656/720 2551/4657/720 2549/4655/720
f 2550/4658/737 2552/4659/737 2553/4660/737 2551/4661/737
f 2552/4659/718 2554/4662/718 2555/4663/718 2553/4660/718
f 2554/4662/739 2556/4664/739 2557/4665/739 2555/4663/739
f 2556/4664/716 2558/4666/716 2559/4667/716 2557/4665/716
f 2558/4666/715 2560/4668/715 2561/4669/715 2559/4667/715
f 2560/4668/852 2562/4670/852 2563/4671/852 2561/4669/852
f 2562/4672/713 2564/4673/713 2565/4674/713 2563/4675/713
f 2564/4673/809 2566/4676/809 2567/4677/809 2565/4674/809
f 2566/4676/711 2568/4678/711 2569/4679/711 2567/4677/711
f 2568/4678/853 2570/4680/853 2571/4681/853 2569/4679/853
f 2570/4680/854 2572/4682/854 2573/4683/854 2571/4681/854
f 2572/4682/708 2574/4684/708 2575/4685/708 2573/4683/708
f 2574/4686/707 2576/4687/707 2577/4688/707 2575/4689/707
f 2576/4687/706 2578/4690/706 2579/4691/706 2577/4688/706
f 2578/4690/855 2533/4636/855 2532/4639/855 2579/4691/855
f 2533/4357/673 2411/4356/673 2388/4428/673 2534/4480/673
f 2773/4040/673 2580/4041/673 2581/4042/673 2774/4043/673
f 2774/4043/561 2581/4042/561 2582/4044/561 2775/4045/561
f 2775/4046/562 2582/4047/562 2583/4048/562 2776/4049/562
f 2776/4049/563 2583/4048/563 2584/4050/563 2777/4051/563
f 2777/4051/573 2584/4050/573 2585/4052/573 2778/4053/573
f 2778/4054/704 2585/4055/704 2586/4056/704 2779/4057/704
f 2779/4057/566 2586/4056/566 2587/4058/566 2780/4059/566
f 2780/4059/567 2587/4058/567 2588/4060/567 2781/4061/567
f 2781/4062/671 2588/4063/671 2589/4064/671 2782/4065/671
f 2782/4065/569 2589/4064/569 2590/4066/569 2783/4067/569
f 2783/4067/571 2590/4066/571 2591/4068/571 2784/4069/571
f 2784/4070/572 2591/4071/572 2592/4072/572 2785/4073/572
f 2785/4073/740 2592/4072/740 2593/4074/740 2786/4075/740
f 2786/4075/549 2593/4074/549 2594/4076/549 2787/4077/549
f 2787/4078/550 2594/4079/550 2595/4080/550 2788/4081/550
f 2788/4081/551 2595/4080/551 2596/4082/551 2789/4083/551
f 2789/4083/552 2596/4082/552 2597/4084/552 2790/4085/552
f 2790/4085/553 2597/4084/553 2598/4086/553 2791/4087/553
f 2791/4088/670 2598/4089/670 2599/4090/670 2792/4091/670
f 2792/4092/555 2599/4093/555 2600/4094/555 2793/4095/555
f 2793/4095/556 2600/4094/556 2601/4096/556 2794/4097/556
f 2794/4097/557 2601/4096/557 2602/4098/557 2795/4099/557
f 2597/4084/745 2596/4082/745 2620/4100/745 2621/4101/745
f 2795/4099/558 2602/4098/558 2603/4102/558 2796/4103/558
f 2796/4104/559 2603/4105/559 2580/4041/559 2773/4040/559
f 2857/4106/552 2855/4107/552 2696/4108/552 2697/4109/552
f 2620/4100/758 2619/4110/758 2643/4111/758 2644/4112/758
f 2602/4098/856 2601/4096/856 2625/4113/856 2626/4114/856
f 2585/4052/570 2584/4050/570 2608/4115/570 2609/4116/570
f 2590/4066/575 2589/4064/575 2613/4117/575 2614/4118/575
f 2595/4080/580 2594/4079/580 2618/4119/580 2619/4110/580
f 2600/4120/581 2599/4090/581 2623/4121/581 2624/4122/581
f 2583/4048/578 2582/4047/578 2606/4123/578 2607/4124/578
f 2588/4060/579 2587/4058/579 2611/4125/579 2612/4126/579
f 2581/4042/583 2580/4041/583 2605/4127/583 2604/4128/583
f 2593/4074/582 2592/4072/582 2616/4129/582 2617/4130/582
f 2598/4089/857 2597/4131/857 2621/4132/857 2622/4133/857
f 2603/4102/587 2602/4098/587 2626/4114/587 2627/4134/587
f 2586/4056/584 2585/4055/584 2609/4135/584 2610/4136/584
f 2591/4068/585 2590/4066/585 2614/4118/585 2615/4137/585
f 2596/4082/590 2595/4080/590 2619/4110/590 2620/4100/590
f 2601/4096/591 2600/4094/591 2624/4138/591 2625/4113/591
f 2584/4050/588 2583/4048/588 2607/4124/588 2608/4115/588
f 2589/4064/589 2588/4063/589 2612/4139/589 2613/4117/589
f 2594/4076/858 2593/4074/858 2617/4130/858 2618/4140/858
f 2599/4090/596 2598/4089/596 2622/4133/596 2623/4121/596
f 2580/4041/597 2603/4105/597 2627/4141/597 2605/4127/597
f 2582/4044/592 2581/4042/592 2604/4128/592 2606/4142/592
f 2587/4058/593 2586/4056/593 2610/4136/593 2611/4125/593
f 2592/4072/594 2591/4071/594 2615/4143/594 2616/4129/594
f 2633/4144/638 2632/4145/638 2656/4146/638 2657/4147/638
f 2613/4117/614 2612/4139/614 2636/4148/614 2637/4149/614
f 2605/4127/859 2627/4141/859 2651/4150/859 2629/4151/859
f 2606/4142/615 2604/4128/615 2628/4152/615 2630/4153/615
f 2621/4132/610 2620/4154/610 2644/4155/610 2645/4156/610
f 2614/4118/617 2613/4117/617 2637/4149/617 2638/4157/617
f 2607/4124/618 2606/4123/618 2630/4158/618 2631/4159/618
f 2622/4133/860 2621/4132/860 2645/4156/860 2646/4160/860
f 2615/4137/753 2614/4118/753 2638/4157/753 2639/4161/753
f 2608/4115/820 2607/4124/820 2631/4159/820 2632/4145/820
f 2623/4121/616 2622/4133/616 2646/4160/616 2647/4162/616
f 2616/4129/754 2615/4143/754 2639/4163/754 2640/4164/754
f 2609/4116/602 2608/4115/602 2632/4145/602 2633/4144/602
f 2624/4122/861 2623/4121/861 2647/4162/861 2648/4165/861
f 2617/4130/621 2616/4129/621 2640/4164/621 2641/4166/621
f 2610/4136/605 2609/4135/605 2633/4167/605 2634/4168/605
f 2625/4113/599 2624/4138/599 2648/4169/599 2649/4170/599
f 2618/4140/601 2617/4130/601 2641/4166/601 2642/4171/601
f 2611/4125/862 2610/4136/862 2634/4168/862 2635/4172/862
f 2626/4114/823 2625/4113/823 2649/4170/823 2650/4173/823
f 2619/4110/604 2618/4119/604 2642/4174/604 2643/4111/604
f 2612/4126/824 2611/4125/824 2635/4172/824 2636/4175/824
f 2627/4141/756 2626/4176/756 2650/4177/756 2651/4150/756
f 2604/4128/612 2605/4127/612 2629/4151/612 2628/4152/612
f 2661/4178/863 2660/4179/863 2676/4180/863
f 2648/4165/864 2647/4162/864 2671/4181/864 2672/4182/864
f 2641/4166/633 2640/4164/633 2664/4183/633 2665/4184/633
f 2634/4168/641 2633/4167/641 2657/4185/641 2658/4186/641
f 2649/4187/635 2648/4165/635 2672/4182/635 2673/4188/635
f 2642/4171/827 2641/4166/827 2665/4184/827 2666/4189/827
f 2635/4172/644 2634/4168/644 2658/4186/644 2659/4190/644
f 2650/4173/639 2649/4170/639 2673/4191/639 2674/4192/639
f 2643/4193/829 2642/4171/829 2666/4189/829 2667/4194/829
f 2636/4175/763 2635/4172/763 2659/4190/763 2660/4195/763
f 2651/4150/642 2650/4177/642 2674/4196/642 2675/4197/642
f 2628/4152/865 2629/4151/865 2653/4198/865 2652/4199/865
f 2644/4112/643 2643/4111/643 2667/4200/643 2668/4201/643
f 2637/4149/626 2636/4148/626 2660/4202/626 2661/4203/626
f 2629/4151/866 2651/4150/866 2675/4197/866 2653/4198/866
f 2630/4153/867 2628/4152/867 2652/4199/867 2654/4204/867
f 2645/4156/868 2644/4155/868 2668/4205/868 2669/4206/868
f 2638/4157/629 2637/4149/629 2661/4203/629 2662/4207/629
f 2631/4159/630 2630/4158/630 2654/4208/630 2655/4209/630
f 2646/4160/869 2645/4156/869 2669/4206/869 2670/4210/869
f 2639/4163/870 2638/4211/870 2662/4212/870 2663/4213/870
f 2632/4145/634 2631/4159/634 2655/4209/634 2656/4146/634
f 2647/4162/628 2646/4160/628 2670/4210/628 2671/4181/628
f 2640/4164/636 2639/4163/636 2663/4213/636 2664/4183/636
f 2843/4214/784 2841/4215/784 2689/4216/784 2690/4217/784
f 2653/4218/655 2675/4219/655 2676/4180/655
f 2654/4220/661 2652/4221/661 2676/4180/661
f 2669/4222/656 2668/4223/656 2676/4180/656
f 2662/4224/663 2661/4178/663 2676/4180/663
f 2655/4225/871 2654/4220/871 2676/4180/871
f 2670/4226/659 2669/4222/659 2676/4180/659
f 2663/4227/666 2662/4224/666 2676/4180/666
f 2656/4228/833 2655/4225/833 2676/4180/833
f 2671/4229/662 2670/4226/662 2676/4180/662
f 2664/4230/646 2663/4227/646 2676/4180/646
f 2657/4231/648 2656/4228/648 2676/4180/648
f 2672/4232/665 2671/4229/665 2676/4180/665
f 2665/4233/872 2664/4230/872 2676/4180/872
f 2658/4234/774 2657/4231/774 2676/4180/774
f 2673/4235/622 2672/4232/622 2676/4180/622
f 2666/4236/647 2665/4233/647 2676/4180/647
f 2659/4237/654 2658/4234/654 2676/4180/654
f 2674/4238/649 2673/4235/649 2676/4180/649
f 2667/4239/650 2666/4236/650 2676/4180/650
f 2660/4179/657 2659/4237/657 2676/4180/657
f 2675/4219/652 2674/4238/652 2676/4180/652
f 2652/4221/658 2653/4218/658 2676/4180/658
f 2668/4223/653 2667/4239/653 2676/4180/653
f 2853/4240/670 2851/4241/670 2694/4242/670 2695/4243/670
f 2863/4244/549 2861/4245/549 2699/4246/549 2700/4247/549
f 2867/4248/572 2866/4249/572 2678/4250/572 2677/4251/572
f 2829/4252/669 2827/4253/669 2682/4254/669 2683/4255/669
f 2839/4256/561 2837/4257/561 2687/4258/561 2688/4259/561
f 2849/4260/556 2847/4261/556 2692/4262/556 2693/4263/556
f 2859/4264/551 2857/4106/551 2697/4109/551 2698/4265/551
f 2825/4266/568 2823/4267/568 2680/4268/568 2681/4269/568
f 2835/4270/563 2833/4271/563 2685/4272/563 2686/4273/563
f 2845/4274/558 2843/4275/558 2690/4276/558 2691/4277/558
f 2855/4107/553 2853/4278/553 2695/4279/553 2696/4108/553
f 2821/4280/571 2867/4281/571 2677/4282/571 2679/4283/571
f 2831/4284/873 2829/4252/873 2683/4255/873 2684/4285/873
f 2841/4215/673 2839/4256/673 2688/4259/673 2689/4216/673
f 2866/4249/548 2863/4244/548 2700/4247/548 2678/4250/548
f 2851/4286/555 2849/4260/555 2693/4263/555 2694/4287/555
f 2861/4288/550 2859/4264/550 2698/4265/550 2699/4289/550
f 2827/4253/567 2825/4290/567 2681/4291/567 2682/4254/567
f 2837/4292/703 2835/4270/703 2686/4273/703 2687/4293/703
f 2847/4261/557 2845/4274/557 2691/4277/557 2692/4262/557
f 2893/4294/548 2736/4295/548 2737/4296/548 2895/4297/548
f 2833/4271/675 2831/4298/675 2684/4299/675 2685/4272/675
f 2823/4267/569 2821/4280/569 2679/4283/569 2680/4268/569
f 2678/4300/18 2700/4301/18 2699/4302/18 2698/4303/18 2697/4304/18 2696/4305/18 2695/4306/18 2694/4307/18 2693/4308/18 2692/4309/18 2691/4310/18 2690/4311/18 2689/4312/18 2688/4313/18 2687/4314/18 2686/4315/18 2685/4316/18 2684/4317/18 2683/4318/18 2682/4319/18 2681/4320/18 2680/4321/18 2679/4322/18 2677/4323/18
f 2907/4324/555 2743/4325/555 2744/4326/555 2909/4327/555
f 2877/4328/675 2728/4329/675 2729/4330/675 2879/4331/675
f 2891/4332/572 2735/4333/572 2736/4295/572 2893/4294/572
f 2905/4334/670 2742/4335/670 2743/4336/670 2907/4337/670
f 2875/4338/563 2727/4339/563 2728/4329/563 2877/4328/563
f 2889/4340/571 2734/4341/571 2735/4342/571 2891/4343/571
f 2903/4344/672 2741/4345/672 2742/4346/672 2905/4347/672
f 2873/4348/562 2726/4349/562 2727/4339/562 2875/4338/562
f 2887/4350/569 2733/4351/569 2734/4341/569 2889/4340/569
f 2901/4352/552 2740/4353/552 2741/4345/552 2903/4344/552
f 2915/4354/559 2747/4355/559 2748/4356/559 2870/4357/559
f 2885/4358/568 2732/4359/568 2733/4351/568 2887/4350/568
f 2899/4360/551 2739/4361/551 2740/4353/551 2901/4352/551
f 2869/4362/18 2872/4363/18 2864/4364/18 2865/4365/18
f 2911/4366/557 2745/4367/557 2746/4368/557 2913/4369/557
f 2883/4370/874 2731/4371/874 2732/4372/874 2885/4373/874
f 2897/4374/550 2738/4375/550 2739/4361/550 2899/4360/550
f 2881/4376/669 2730/4377/669 2731/4371/669 2883/4370/669
f 2895/4297/549 2737/4296/549 2738/4378/549 2897/4379/549
f 2909/4327/839 2744/4326/839 2745/4367/839 2911/4366/839
f 2879/4380/565 2729/4381/565 2730/4377/565 2881/4376/565
f 2713/4382/791 2714/4383/791 2756/4384/791 2755/4385/791
f 2746/4368/558 2723/4386/558 2724/4387/558 2747/4388/558
f 2745/4367/557 2722/4389/557 2723/4386/557 2746/4368/557
f 2744/4326/556 2721/4390/556 2722/4389/556 2745/4367/556
f 2743/4325/555 2720/4391/555 2721/4390/555 2744/4326/555
f 2725/4392/787 2748/4393/787 2749/4394/787 2762/4395/787
f 2706/4396/790 2707/4397/790 2758/4398/790 2760/4399/790
f 2740/4353/552 2717/4400/552 2718/4401/552 2741/4345/552
f 2739/4361/551 2716/4402/551 2717/4400/551 2740/4353/551
f 2738/4375/550 2715/4403/550 2716/4402/550 2739/4361/550
f 2737/4296/549 2714/4383/549 2715/4404/549 2738/4378/549
f 2741/4405/692 2718/4406/692 2754/4407/692 2769/4408/692
f 2707/4397/690 2708/4409/690 2759/4410/690 2758/4398/690
f 2734/4341/571 2711/4411/571 2712/4412/571 2735/4342/571
f 2733/4351/569 2710/4413/569 2711/4411/569 2734/4341/569
f 2732/4359/568 2709/4414/568 2710/4413/568 2733/4351/568
f 2731/4371/567 2708/4409/567 2709/4415/567 2732/4372/567
f 2731/4416/695 2730/4417/695 2764/4418/695 2765/4419/695
f 2702/4420/694 2725/4421/694 2762/4422/694 2761/4423/694
f 2728/4329/573 2705/4424/573 2706/4425/573 2729/4330/573
f 2727/4339/563 2704/4426/563 2705/4424/563 2728/4329/563
f 2726/4349/703 2703/4427/703 2704/4426/703 2727/4339/703
f 2725/4428/561 2702/4429/561 2703/4430/561 2726/4431/561
f 2747/4432/687 2724/4433/687 2751/4434/687 2772/4435/687
f 2916/4436/18 2869/4362/18 2865/4365/18 2868/4437/18
f 2872/4363/875 2874/4438/875 2862/4439/875 2864/4364/875
f 2874/4438/18 2876/4440/18 2860/4441/18 2862/4439/18
f 2876/4440/18 2878/4442/18 2858/4443/18 2860/4441/18
f 2878/4442/875 2880/4444/875 2856/4445/875 2858/4443/875
f 2880/4444/18 2882/4446/18 2854/4447/18 2856/4445/18
f 2882/4446/685 2884/4448/685 2852/4449/685 2854/4447/685
f 2884/4448/685 2886/4450/685 2850/4451/685 2852/4449/685
f 2886/4450/685 2888/4452/685 2848/4453/685 2850/4451/685
f 2888/4452/18 2890/4454/18 2846/4455/18 2848/4453/18
f 2890/4454/18 2892/4456/18 2844/4457/18 2846/4455/18
f 2892/4456/18 2894/4458/18 2842/4459/18 2844/4457/18
f 2894/4458/18 2896/4460/18 2840/4461/18 2842/4459/18
f 2896/4460/18 2898/4462/18 2838/4463/18 2840/4461/18
f 2898/4462/18 2900/4464/18 2836/4465/18 2838/4463/18
f 2900/4464/18 2902/4466/18 2834/4467/18 2836/4465/18
f 2902/4466/18 2904/4468/18 2832/4469/18 2834/4467/18
f 2904/4468/18 2906/4470/18 2830/4471/18 2832/4469/18
f 2906/4470/685 2908/4472/685 2828/4473/685 2830/4471/685
f 2908/4472/18 2910/4474/18 2826/4475/18 2828/4473/18
f 2910/4474/18 2912/4476/18 2824/4477/18 2826/4475/18
f 2912/4476/18 2914/4478/18 2822/4479/18 2824/4477/18
f 2914/4478/18 2916/4436/18 2868/4437/18 2822/4479/18
f 2871/4480/561 2725/4428/561 2726/4431/561 2873/4481/561
f 2772/4482/559 2751/4483/559 2750/4484/559 2749/4485/559
f 2770/4486/670 2752/4487/670 2753/4488/670 2771/4489/670
f 2769/4490/553 2754/4491/553 2752/4492/553 2770/4493/553
f 2767/4494/548 2755/4385/548 2756/4384/548 2768/4495/548
f 2766/4496/702 2757/4497/702 2755/4385/702 2767/4494/702
f 2764/4498/566 2758/4398/566 2759/4410/566 2765/4499/566
f 2763/4500/565 2760/4399/565 2758/4398/565 2764/4498/565
f 2749/4485/673 2750/4484/673 2761/4501/673 2762/4502/673
f 2748/4393/876 2747/4503/876 2772/4504/876 2749/4394/876
f 2735/4505/684 2712/4506/684 2757/4507/684 2766/4508/684
f 2712/4509/793 2713/4382/793 2755/4385/793 2757/4497/793
f 2720/4510/698 2743/4511/698 2771/4512/698 2753/4513/698
f 2719/4514/681 2720/4515/681 2753/4488/681 2752/4487/681
f 2742/4516/701 2741/4517/701 2769/4518/701 2770/4519/701
f 2729/4520/680 2706/4521/680 2760/4522/680 2763/4523/680
f 2718/4524/679 2719/4514/679 2752/4487/679 2754/4525/679
f 2714/4526/683 2737/4527/683 2768/4528/683 2756/4529/683
f 2743/4530/682 2742/4516/682 2770/4519/682 2771/4531/682
f 2736/4532/686 2735/4533/686 2766/4534/686 2767/4535/686
f 2724/4536/785 2701/4537/785 2750/4484/785 2751/4483/785
f 2708/4538/689 2731/4539/689 2765/4540/689 2759/4541/689
f 2737/4542/678 2736/4532/678 2767/4535/678 2768/4543/678
f 2701/4537/677 2702/4429/677 2761/4501/677 2750/4484/677
f 2730/4417/691 2729/4544/691 2763/4545/691 2764/4418/691
f 2819/4546/784 2796/4104/784 2773/4040/784 2820/4547/784
f 2818/4548/558 2795/4099/558 2796/4103/558 2819/4549/558
f 2817/4550/557 2794/4097/557 2795/4099/557 2818/4548/557
f 2816/4551/556 2793/4095/556 2794/4097/556 2817/4550/556
f 2815/4552/555 2792/4092/555 2793/4095/555 2816/4551/555
f 2814/4553/670 2791/4088/670 2792/4091/670 2815/4554/670
f 2813/4555/672 2790/4085/672 2791/4087/672 2814/4556/672
f 2812/4557/674 2789/4083/674 2790/4085/674 2813/4555/674
f 2811/4558/551 2788/4081/551 2789/4083/551 2812/4557/551
f 2810/4559/550 2787/4078/550 2788/4081/550 2811/4558/550
f 2809/4560/741 2786/4075/741 2787/4077/741 2810/4561/741
f 2808/4562/740 2785/4073/740 2786/4075/740 2809/4560/740
f 2807/4563/572 2784/4070/572 2785/4073/572 2808/4562/572
f 2806/4564/571 2783/4067/571 2784/4069/571 2807/4565/571
f 2805/4566/569 2782/4065/569 2783/4067/569 2806/4564/569
f 2804/4567/568 2781/4062/568 2782/4065/568 2805/4566/568
f 2803/4568/874 2780/4059/874 2781/4061/874 2804/4569/874
f 2802/4570/669 2779/4057/669 2780/4059/669 2803/4568/669
f 2801/4571/704 2778/4054/704 2779/4057/704 2802/4570/704
f 2800/4572/573 2777/4051/573 2778/4053/573 2801/4573/573
f 2799/4574/563 2776/4049/563 2777/4051/563 2800/4572/563
f 2798/4575/562 2775/4046/562 2776/4049/562 2799/4574/562
f 2797/4576/561 2774/4043/561 2775/4045/561 2798/4577/561
f 2820/4547/673 2773/4040/673 2774/4043/673 2797/4576/673
f 2701/4537/673 2820/4547/673 2797/4576/673 2702/4429/673
f 2702/4429/561 2797/4576/561 2798/4577/561 2703/4430/561
f 2703/4427/562 2798/4575/562 2799/4574/562 2704/4426/562
f 2704/4426/563 2799/4574/563 2800/4572/563 2705/4424/563
f 2705/4424/675 2800/4572/675 2801/4573/675 2706/4425/675
f 2706/4396/704 2801/4571/704 2802/4570/704 2707/4397/704
f 2707/4397/669 2802/4570/669 2803/4568/669 2708/4409/669
f 2708/4409/567 2803/4568/567 2804/4569/567 2709/4415/567
f 2709/4414/568 2804/4567/568 2805/4566/568 2710/4413/568
f 2710/4413/569 2805/4566/569 2806/4564/569 2711/4411/569
f 2711/4411/571 2806/4564/571 2807/4565/571 2712/4412/571
f 2712/4509/702 2807/4563/702 2808/4562/702 2713/4382/702
f 2713/4382/548 2808/4562/548 2809/4560/548 2714/4383/548
f 2714/4383/741 2809/4560/741 2810/4561/741 2715/4404/741
f 2715/4403/550 2810/4559/550 2811/4558/550 2716/4402/550
f 2716/4402/551 2811/4558/551 2812/4557/551 2717/4400/551
f 2717/4400/674 2812/4557/674 2813/4555/674 2718/4401/674
f 2718/4401/672 2813/4555/672 2814/4556/672 2719/4578/672
f 2719/4514/670 2814/4553/670 2815/4554/670 2720/4515/670
f 2720/4391/555 2815/4552/555 2816/4551/555 2721/4390/555
f 2721/4390/556 2816/4551/556 2817/4550/556 2722/4389/556
f 2722/4389/557 2817/4550/557 2818/4548/557 2723/4386/557
f 2723/4386/558 2818/4548/558 2819/4549/558 2724/4387/558
f 2724/4536/559 2819/4546/559 2820/4547/559 2701/4537/559
f 2868/4579/739 2865/4580/739 2866/4581/739 2867/4582/739
f 2822/4583/718 2868/4579/718 2867/4582/718 2821/4584/718
f 2824/4585/877 2822/4583/877 2821/4584/877 2823/4586/877
f 2826/4587/720 2824/4588/720 2823/4589/720 2825/4590/720
f 2828/4591/721 2826/4587/721 2825/4590/721 2827/4592/721
f 2830/4593/722 2828/4591/722 2827/4592/722 2829/4594/722
f 2832/4595/723 2830/4593/723 2829/4594/723 2831/4596/723
f 2834/4597/851 2832/4595/851 2831/4596/851 2833/4598/851
f 2836/4599/725 2834/4597/725 2833/4598/725 2835/4600/725
f 2838/4601/878 2836/4602/878 2835/4603/878 2837/4604/878
f 2840/4605/727 2838/4601/727 2837/4604/727 2839/4606/727
f 2842/4607/728 2840/4605/728 2839/4606/728 2841/4608/728
f 2844/4609/705 2842/4607/705 2841/4608/705 2843/4610/705
f 2846/4611/706 2844/4609/706 2843/4610/706 2845/4612/706
f 2848/4613/707 2846/4611/707 2845/4612/707 2847/4614/707
f 2850/4615/708 2848/4616/708 2847/4617/708 2849/4618/708
f 2852/4619/709 2850/4615/709 2849/4618/709 2851/4620/709
f 2854/4621/710 2852/4619/710 2851/4620/710 2853/4622/710
f 2856/4623/711 2854/4621/711 2853/4622/711 2855/4624/711
f 2858/4625/879 2856/4623/879 2855/4624/879 2857/4626/879
f 2860/4627/880 2858/4625/880 2857/4626/880 2859/4628/880
f 2862/4629/714 2860/4630/714 2859/4631/714 2861/4632/714
f 2864/4633/715 2862/4629/715 2861/4632/715 2863/4634/715
f 2865/4580/716 2864/4633/716 2863/4634/716 2866/4581/716
f 2913/4369/558 2746/4368/558 2747/4388/558 2915/4635/558
f 2870/4636/732 2871/4637/732 2872/4638/732 2869/4639/732
f 2871/4637/733 2873/4640/733 2874/4641/733 2872/4638/733
f 2873/4640/726 2875/4642/726 2876/4643/726 2874/4641/726
f 2875/4644/725 2877/4645/725 2878/4646/725 2876/4647/725
f 2877/4645/851 2879/4648/851 2880/4649/851 2878/4646/851
f 2879/4648/723 2881/4650/723 2882/4651/723 2880/4649/723
f 2881/4650/722 2883/4652/722 2884/4653/722 2882/4651/722
f 2883/4652/736 2885/4654/736 2886/4655/736 2884/4653/736
f 2885/4654/720 2887/4656/720 2888/4657/720 2886/4655/720
f 2887/4658/737 2889/4659/737 2890/4660/737 2888/4661/737
f 2889/4659/718 2891/4662/718 2892/4663/718 2890/4660/718
f 2891/4662/806 2893/4664/806 2894/4665/806 2892/4663/806
f 2893/4664/881 2895/4666/881 2896/4667/881 2894/4665/881
f 2895/4666/715 2897/4668/715 2898/4669/715 2896/4667/715
f 2897/4668/714 2899/4670/714 2900/4671/714 2898/4669/714
f 2899/4672/713 2901/4673/713 2902/4674/713 2900/4675/713
f 2901/4673/729 2903/4676/729 2904/4677/729 2902/4674/729
f 2903/4676/730 2905/4678/730 2906/4679/730 2904/4677/730
f 2905/4678/710 2907/4680/710 2908/4681/710 2906/4679/710
f 2907/4680/709 2909/4682/709 2910/4683/709 2908/4681/709
f 2909/4682/708 2911/4684/708 2912/4685/708 2910/4683/708
f 2911/4686/707 2913/4687/707 2914/4688/707 2912/4689/707
f 2913/4687/706 2915/4690/706 2916/4691/706 2914/4688/706
f 2915/4690/731 2870/4636/731 2869/4639/731 2916/4691/731
f 2870/4357/673 2748/4356/673 2725/4428/673 2871/4480/673
f 3110/4040/548 2917/4041/548 2918/4042/548 3111/4043/548
f 3111/4043/549 2918/4042/549 2919/4044/549 3112/4045/549
f 3112/4046/550 2919/4047/550 2920/4048/550 3113/4049/550
f 3113/4049/743 2920/4048/743 2921/4050/743 3114/4051/743
f 3114/4051/744 2921/4050/744 2922/4052/744 3115/4053/744
f 3115/4054/553 2922/4055/553 2923/4056/553 3116/4057/553
f 3116/4057/554 2923/4056/554 2924/4058/554 3117/4059/554
f 3117/4059/555 2924/4058/555 2925/4060/555 3118/4061/555
f 3118/4062/556 2925/4063/556 2926/4064/556 3119/4065/556
f 3119/4065/557 2926/4064/557 2927/4066/557 3120/4067/557
f 3120/4067/558 2927/4066/558 2928/4068/558 3121/4069/558
f 3121/4070/784 2928/4071/784 2929/4072/784 3122/4073/784
f 3122/4073/673 2929/4072/673 2930/4074/673 3123/4075/673
f 3123/4075/561 2930/4074/561 2931/4076/561 3124/4077/561
f 3124/4078/562 2931/4079/562 2932/4080/562 3125/4081/562
f 3125/4081/563 2932/4080/563 2933/4082/563 3126/4083/563
f 3126/4083/573 2933/4082/573 2934/4084/573 3127/4085/573
f 3127/4085/704 2934/4084/704 2935/4086/704 3128/4087/704
f 3128/4088/669 2935/4089/669 2936/4090/669 3129/4091/669
f 3129/4092/567 2936/4093/567 2937/4094/567 3130/4095/567
f 3130/4095/568 2937/4094/568 2938/4096/568 3131/4097/568
f 3131/4097/569 2938/4096/569 2939/4098/569 3132/4099/569
f 2934/4084/570 2933/4082/570 2957/4100/570 2958/4101/570
f 3132/4099/571 2939/4098/571 2940/4102/571 3133/4103/571
f 3133/4104/572 2940/4105/572 2917/4041/572 3110/4040/572
f 3194/4106/564 3192/4107/564 3033/4108/564 3034/4109/564
f 2957/4100/574 2956/4110/574 2980/4111/574 2981/4112/574
f 2939/4098/747 2938/4096/747 2962/4113/747 2963/4114/747
f 2922/4052/745 2921/4050/745 2945/4115/745 2946/4116/745
f 2927/4066/810 2926/4064/810 2950/4117/810 2951/4118/810
f 2932/4080/578 2931/4079/578 2955/4119/578 2956/4110/578
f 2937/4120/579 2936/4090/579 2960/4121/579 2961/4122/579
f 2920/4048/580 2919/4047/580 2943/4123/580 2944/4124/580
f 2925/4060/749 2924/4058/749 2948/4125/749 2949/4126/749
f 2918/4042/582 2917/4041/582 2942/4127/582 2941/4128/582
f 2930/4074/583 2929/4072/583 2953/4129/583 2954/4130/583
f 2935/4089/584 2934/4131/584 2958/4132/584 2959/4133/584
f 2940/4102/882 2939/4098/882 2963/4114/882 2964/4134/882
f 2923/4056/748 2922/4055/748 2946/4135/748 2947/4136/748
f 2928/4068/587 2927/4066/587 2951/4118/587 2952/4137/587
f 2933/4082/588 2932/4080/588 2956/4110/588 2957/4100/588
f 2938/4096/883 2937/4094/883 2961/4138/883 2962/4113/883
f 2921/4050/590 2920/4048/590 2944/4124/590 2945/4115/590
f 2926/4064/884 2925/4063/884 2949/4139/884 2950/4117/884
f 2931/4076/592 2930/4074/592 2954/4130/592 2955/4140/592
f 2936/4090/593 2935/4089/593 2959/4133/593 2960/4121/593
f 2917/4041/594 2940/4105/594 2964/4141/594 2942/4127/594
f 2919/4044/595 2918/4042/595 2941/4128/595 2943/4142/595
f 2924/4058/596 2923/4056/596 2947/4136/596 2948/4125/596
f 2929/4072/597 2928/4071/597 2952/4143/597 2953/4129/597
f 2970/4144/598 2969/4145/598 2993/4146/598 2994/4147/598
f 2950/4117/885 2949/4139/885 2973/4148/885 2974/4149/885
f 2942/4127/754 2964/4141/754 2988/4150/754 2966/4151/754
f 2943/4142/601 2941/4128/601 2965/4152/601 2967/4153/601
f 2958/4132/602 2957/4154/602 2981/4155/602 2982/4156/602
f 2951/4118/823 2950/4117/823 2974/4149/823 2975/4157/823
f 2944/4124/886 2943/4123/886 2967/4158/886 2968/4159/886
f 2959/4133/605 2958/4132/605 2982/4156/605 2983/4160/605
f 2952/4137/887 2951/4118/887 2975/4157/887 2976/4161/887
f 2945/4115/758 2944/4124/758 2968/4159/758 2969/4145/758
f 2960/4121/822 2959/4133/822 2983/4160/822 2984/4162/822
f 2953/4129/888 2952/4143/888 2976/4163/888 2977/4164/888
f 2946/4116/610 2945/4115/610 2969/4145/610 2970/4144/610
f 2961/4122/611 2960/4121/611 2984/4162/611 2985/4165/611
f 2954/4130/612 2953/4129/612 2977/4164/612 2978/4166/612
f 2947/4136/613 2946/4135/613 2970/4167/613 2971/4168/613
f 2962/4113/889 2961/4138/889 2985/4169/889 2986/4170/889
f 2955/4140/615 2954/4130/615 2978/4166/615 2979/4171/615
f 2948/4125/890 2947/4136/890 2971/4168/890 2972/4172/890
f 2963/4114/617 2962/4113/617 2986/4170/617 2987/4173/617
f 2956/4110/618 2955/4119/618 2979/4174/618 2980/4111/618
f 2949/4126/752 2948/4125/752 2972/4172/752 2973/4175/752
f 2964/4141/753 2963/4176/753 2987/4177/753 2988/4150/753
f 2941/4128/621 2942/4127/621 2966/4151/621 2965/4152/621
f 2998/4178/771 2997/4179/771 3013/4180/771
f 2985/4165/763 2984/4162/763 3008/4181/763 3009/4182/763
f 2978/4166/764 2977/4164/764 3001/4183/764 3002/4184/764
f 2971/4168/891 2970/4167/891 2994/4185/891 2995/4186/891
f 2986/4187/626 2985/4165/626 3009/4182/626 3010/4188/626
f 2979/4171/867 2978/4166/867 3002/4184/867 3003/4189/867
f 2972/4172/628 2971/4168/628 2995/4186/628 2996/4190/628
f 2987/4173/629 2986/4170/629 3010/4191/629 3011/4192/629
f 2980/4193/766 2979/4171/766 3003/4189/766 3004/4194/766
f 2973/4175/631 2972/4172/631 2996/4190/631 2997/4195/631
f 2988/4150/892 2987/4177/892 3011/4196/892 3012/4197/892
f 2965/4152/633 2966/4151/633 2990/4198/633 2989/4199/633
f 2981/4112/634 2980/4111/634 3004/4200/634 3005/4201/634
f 2974/4149/635 2973/4148/635 2997/4202/635 2998/4203/635
f 2966/4151/636 2988/4150/636 3012/4197/636 2990/4198/636
f 2967/4153/893 2965/4152/893 2989/4199/893 2991/4204/893
f 2982/4156/894 2981/4155/894 3005/4205/894 3006/4206/894
f 2975/4157/639 2974/4149/639 2998/4203/639 2999/4207/639
f 2968/4159/895 2967/4158/895 2991/4208/895 2992/4209/895
f 2983/4160/896 2982/4156/896 3006/4206/896 3007/4210/896
f 2976/4163/750 2975/4211/750 2999/4212/750 3000/4213/750
f 2969/4145/643 2968/4159/643 2992/4209/643 2993/4146/643
f 2984/4162/644 2983/4160/644 3007/4210/644 3008/4181/644
f 2977/4164/761 2976/4163/761 3000/4213/761 3001/4183/761
f 3180/4214/702 3178/4215/702 3026/4216/702 3027/4217/702
f 2990/4218/646 3012/4219/646 3013/4180/646
f 2991/4220/647 2989/4221/647 3013/4180/647
f 3006/4222/897 3005/4223/897 3013/4180/897
f 2999/4224/649 2998/4178/649 3013/4180/649
f 2992/4225/898 2991/4220/898 3013/4180/898
f 3007/4226/774 3006/4222/774 3013/4180/774
f 3000/4227/652 2999/4224/652 3013/4180/652
f 2993/4228/779 2992/4225/779 3013/4180/779
f 3008/4229/654 3007/4226/654 3013/4180/654
f 3001/4230/775 3000/4227/775 3013/4180/775
f 2994/4231/656 2993/4228/656 3013/4180/656
f 3009/4232/837 3008/4229/837 3013/4180/837
f 3002/4233/838 3001/4230/838 3013/4180/838
f 2995/4234/659 2994/4231/659 3013/4180/659
f 3010/4235/780 3009/4232/780 3013/4180/780
f 3003/4236/661 3002/4233/661 3013/4180/661
f 2996/4237/662 2995/4234/662 3013/4180/662
f 3011/4238/663 3010/4235/663 3013/4180/663
f 3004/4239/899 3003/4236/899 3013/4180/899
f 2997/4179/770 2996/4237/770 3013/4180/770
f 3012/4219/666 3011/4238/666 3013/4180/666
f 2989/4221/773 2990/4218/773 3013/4180/773
f 3005/4223/900 3004/4239/900 3013/4180/900
f 3190/4240/566 3188/4241/566 3031/4242/566 3032/4243/566
f 3200/4244/676 3198/4245/676 3036/4246/676 3037/4247/676
f 3204/4248/559 3203/4249/559 3015/4250/559 3014/4251/559
f 3166/4252/554 3164/4253/554 3019/4254/554 3020/4255/554
f 3176/4256/549 3174/4257/549 3024/4258/549 3025/4259/549
f 3186/4260/671 3184/4261/671 3029/4262/671 3030/4263/671
f 3196/4264/563 3194/4106/563 3034/4109/563 3035/4265/563
f 3162/4266/556 3160/4267/556 3017/4268/556 3018/4269/556
f 3172/4270/551 3170/4271/551 3022/4272/551 3023/4273/551
f 3182/4274/571 3180/4275/571 3027/4276/571 3028/4277/571
f 3192/4107/565 3190/4278/565 3032/4279/565 3033/4108/565
f 3158/4280/558 3204/4281/558 3014/4282/558 3016/4283/558
f 3168/4284/553 3166/4252/553 3020/4255/553 3021/4285/553
f 3178/4215/548 3176/4256/548 3025/4259/548 3026/4216/548
f 3203/4249/560 3200/4244/560 3037/4247/560 3015/4250/560
f 3188/4286/567 3186/4260/567 3030/4263/567 3031/4287/567
f 3198/4288/703 3196/4264/703 3035/4265/703 3036/4289/703
f 3164/4253/555 3162/4290/555 3018/4291/555 3019/4254/555
f 3174/4292/550 3172/4270/550 3023/4273/550 3024/4293/550
f 3184/4261/841 3182/4274/841 3028/4277/841 3029/4262/841
f 3230/4294/673 3073/4295/673 3074/4296/673 3232/4297/673
f 3170/4271/552 3168/4298/552 3021/4299/552 3022/4272/552
f 3160/4267/557 3158/4280/557 3016/4283/557 3017/4268/557
f 3015/4300/18 3037/4301/18 3036/4302/18 3035/4303/18 3034/4304/18 3033/4305/18 3032/4306/18 3031/4307/18 3030/4308/18 3029/4309/18 3028/4310/18 3027/4311/18 3026/4312/18 3025/4313/18 3024/4314/18 3023/4315/18 3022/4316/18 3021/4317/18 3020/4318/18 3019/4319/18 3018/4320/18 3017/4321/18 3016/4322/18 3014/4323/18
f 3244/4324/567 3080/4325/567 3081/4326/567 3246/4327/567
f 3214/4328/674 3065/4329/674 3066/4330/674 3216/4331/674
f 3228/4332/559 3072/4333/559 3073/4295/559 3230/4294/559
f 3242/4334/669 3079/4335/669 3080/4336/669 3244/4337/669
f 3212/4338/551 3064/4339/551 3065/4329/551 3214/4328/551
f 3226/4340/558 3071/4341/558 3072/4342/558 3228/4343/558
f 3240/4344/565 3078/4345/565 3079/4346/565 3242/4347/565
f 3210/4348/742 3063/4349/742 3064/4339/742 3212/4338/742
f 3224/4350/557 3070/4351/557 3071/4341/557 3226/4340/557
f 3238/4352/573 3077/4353/573 3078/4345/573 3240/4344/573
f 3252/4354/702 3084/4355/702 3085/4356/702 3207/4357/702
f 3222/4358/556 3069/4359/556 3070/4351/556 3224/4350/556
f 3236/4360/563 3076/4361/563 3077/4353/563 3238/4352/563
f 3206/4362/18 3209/4363/18 3201/4364/18 3202/4365/18
f 3248/4366/569 3082/4367/569 3083/4368/569 3250/4369/569
f 3220/4370/555 3068/4371/555 3069/4372/555 3222/4373/555
f 3234/4374/562 3075/4375/562 3076/4361/562 3236/4360/562
f 3218/4376/670 3067/4377/670 3068/4371/670 3220/4370/670
f 3232/4297/561 3074/4296/561 3075/4378/561 3234/4379/561
f 3246/4327/568 3081/4326/568 3082/4367/568 3248/4366/568
f 3216/4380/672 3066/4381/672 3067/4377/672 3218/4376/672
f 3050/4382/677 3051/4383/677 3093/4384/677 3092/4385/677
f 3083/4368/571 3060/4386/571 3061/4387/571 3084/4388/571
f 3082/4367/569 3059/4389/569 3060/4386/569 3083/4368/569
f 3081/4326/568 3058/4390/568 3059/4389/568 3082/4367/568
f 3080/4325/567 3057/4391/567 3058/4390/567 3081/4326/567
f 3062/4392/901 3085/4393/901 3086/4394/901 3099/4395/901
f 3043/4396/679 3044/4397/679 3095/4398/679 3097/4399/679
f 3077/4353/675 3054/4400/675 3055/4401/675 3078/4345/675
f 3076/4361/786 3053/4402/786 3054/4400/786 3077/4353/786
f 3075/4375/562 3052/4403/562 3053/4402/562 3076/4361/562
f 3074/4296/561 3051/4383/561 3052/4404/561 3075/4378/561
f 3078/4405/680 3055/4406/680 3091/4407/680 3106/4408/680
f 3044/4397/681 3045/4409/681 3096/4410/681 3095/4398/681
f 3071/4341/558 3048/4411/558 3049/4412/558 3072/4342/558
f 3070/4351/557 3047/4413/557 3048/4411/557 3071/4341/557
f 3069/4359/556 3046/4414/556 3047/4413/556 3070/4351/556
f 3068/4371/555 3045/4409/555 3046/4415/555 3069/4372/555
f 3068/4416/846 3067/4417/846 3101/4418/846 3102/4419/846
f 3039/4420/683 3062/4421/683 3099/4422/683 3098/4423/683
f 3065/4329/674 3042/4424/674 3043/4425/674 3066/4330/674
f 3064/4339/743 3041/4426/743 3042/4424/743 3065/4329/743
f 3063/4349/742 3040/4427/742 3041/4426/742 3064/4339/742
f 3062/4428/549 3039/4429/549 3040/4430/549 3063/4431/549
f 3084/4432/684 3061/4433/684 3088/4434/684 3109/4435/684
f 3253/4436/685 3206/4362/685 3202/4365/685 3205/4437/685
f 3209/4363/875 3211/4438/875 3199/4439/875 3201/4364/875
f 3211/4438/18 3213/4440/18 3197/4441/18 3199/4439/18
f 3213/4440/685 3215/4442/685 3195/4443/685 3197/4441/685
f 3215/4442/18 3217/4444/18 3193/4445/18 3195/4443/18
f 3217/4444/18 3219/4446/18 3191/4447/18 3193/4445/18
f 3219/4446/18 3221/4448/18 3189/4449/18 3191/4447/18
f 3221/4448/685 3223/4450/685 3187/4451/685 3189/4449/685
f 3223/4450/685 3225/4452/685 3185/4453/685 3187/4451/685
f 3225/4452/685 3227/4454/685 3183/4455/685 3185/4453/685
f 3227/4454/685 3229/4456/685 3181/4457/685 3183/4455/685
f 3229/4456/18 3231/4458/18 3179/4459/18 3181/4457/18
f 3231/4458/18 3233/4460/18 3177/4461/18 3179/4459/18
f 3233/4460/18 3235/4462/18 3175/4463/18 3177/4461/18
f 3235/4462/685 3237/4464/685 3173/4465/685 3175/4463/685
f 3237/4464/18 3239/4466/18 3171/4467/18 3173/4465/18
f 3239/4466/18 3241/4468/18 3169/4469/18 3171/4467/18
f 3241/4468/18 3243/4470/18 3167/4471/18 3169/4469/18
f 3243/4470/685 3245/4472/685 3165/4473/685 3167/4471/685
f 3245/4472/18 3247/4474/18 3163/4475/18 3165/4473/18
f 3247/4474/18 3249/4476/18 3161/4477/18 3163/4475/18
f 3249/4476/18 3251/4478/18 3159/4479/18 3161/4477/18
f 3251/4478/18 3253/4436/18 3205/4437/18 3159/4479/18
f 3208/4480/549 3062/4428/549 3063/4431/549 3210/4481/549
f 3109/4482/902 3088/4483/902 3087/4484/902 3086/4485/902
f 3107/4486/566 3089/4487/566 3090/4488/566 3108/4489/566
f 3106/4490/565 3091/4491/565 3089/4492/565 3107/4493/565
f 3104/4494/673 3092/4385/673 3093/4384/673 3105/4495/673
f 3103/4496/784 3094/4497/784 3092/4385/784 3104/4494/784
f 3101/4498/554 3095/4398/554 3096/4410/554 3102/4499/554
f 3100/4500/553 3097/4399/553 3095/4398/553 3101/4498/553
f 3086/4485/740 3087/4484/740 3098/4501/740 3099/4502/740
f 3085/4393/686 3084/4503/686 3109/4504/686 3086/4394/686
f 3072/4505/687 3049/4506/687 3094/4507/687 3103/4508/687
f 3049/4509/785 3050/4382/785 3092/4385/785 3094/4497/785
f 3057/4510/689 3080/4511/689 3108/4512/689 3090/4513/689
f 3056/4514/690 3057/4515/690 3090/4488/690 3089/4487/690
f 3079/4516/691 3078/4517/691 3106/4518/691 3107/4519/691
f 3066/4520/692 3043/4521/692 3097/4522/692 3100/4523/692
f 3055/4524/693 3056/4514/693 3089/4487/693 3091/4525/693
f 3051/4526/694 3074/4527/694 3105/4528/694 3093/4529/694
f 3080/4530/695 3079/4516/695 3107/4519/695 3108/4531/695
f 3073/4532/696 3072/4533/696 3103/4534/696 3104/4535/696
f 3061/4536/793 3038/4537/793 3087/4484/793 3088/4483/793
f 3045/4538/698 3068/4539/698 3102/4540/698 3096/4541/698
f 3074/4542/787 3073/4532/787 3104/4535/787 3105/4543/787
f 3038/4537/700 3039/4429/700 3098/4501/700 3087/4484/700
f 3067/4417/701 3066/4544/701 3100/4545/701 3101/4418/701
f 3156/4546/572 3133/4104/572 3110/4040/572 3157/4547/572
f 3155/4548/571 3132/4099/571 3133/4103/571 3156/4549/571
f 3154/4550/569 3131/4097/569 3132/4099/569 3155/4548/569
f 3153/4551/568 3130/4095/568 3131/4097/568 3154/4550/568
f 3152/4552/567 3129/4092/567 3130/4095/567 3153/4551/567
f 3151/4553/566 3128/4088/566 3129/4091/566 3152/4554/566
f 3150/4555/704 3127/4085/704 3128/4087/704 3151/4556/704
f 3149/4557/573 3126/4083/573 3127/4085/573 3150/4555/573
f 3148/4558/563 3125/4081/563 3126/4083/563 3149/4557/563
f 3147/4559/562 3124/4078/562 3125/4081/562 3148/4558/562
f 3146/4560/561 3123/4075/561 3124/4077/561 3147/4561/561
f 3145/4562/673 3122/4073/673 3123/4075/673 3146/4560/673
f 3144/4563/559 3121/4070/559 3122/4073/559 3145/4562/559
f 3143/4564/558 3120/4067/558 3121/4069/558 3144/4565/558
f 3142/4566/557 3119/4065/557 3120/4067/557 3143/4564/557
f 3141/4567/556 3118/4062/556 3119/4065/556 3142/4566/556
f 3140/4568/555 3117/4059/555 3118/4061/555 3141/4569/555
f 3139/4570/670 3116/4057/670 3117/4059/670 3140/4568/670
f 3138/4571/553 3115/4054/553 3116/4057/553 3139/4570/553
f 3137/4572/552 3114/4051/552 3115/4053/552 3138/4573/552
f 3136/4574/551 3113/4049/551 3114/4051/551 3137/4572/551
f 3135/4575/550 3112/4046/550 3113/4049/550 3136/4574/550
f 3134/4576/549 3111/4043/549 3112/4045/549 3135/4577/549
f 3157/4547/548 3110/4040/548 3111/4043/548 3134/4576/548
f 3038/4537/548 3157/4547/548 3134/4576/548 3039/4429/548
f 3039/4429/549 3134/4576/549 3135/4577/549 3040/4430/549
f 3040/4427/550 3135/4575/550 3136/4574/550 3041/4426/550
f 3041/4426/551 3136/4574/551 3137/4572/551 3042/4424/551
f 3042/4424/552 3137/4572/552 3138/4573/552 3043/4425/552
f 3043/4396/672 3138/4571/672 3139/4570/672 3044/4397/672
f 3044/4397/670 3139/4570/670 3140/4568/670 3045/4409/670
f 3045/4409/555 3140/4568/555 3141/4569/555 3046/4415/555
f 3046/4414/556 3141/4567/556 3142/4566/556 3047/4413/556
f 3047/4413/557 3142/4566/557 3143/4564/557 3048/4411/557
f 3048/4411/558 3143/4564/558 3144/4565/558 3049/4412/558
f 3049/4509/559 3144/4563/559 3145/4562/559 3050/4382/559
f 3050/4382/673 3145/4562/673 3146/4560/673 3051/4383/673
f 3051/4383/561 3146/4560/561 3147/4561/561 3052/4404/561
f 3052/4403/562 3147/4559/562 3148/4558/562 3053/4402/562
f 3053/4402/563 3148/4558/563 3149/4557/563 3054/4400/563
f 3054/4400/573 3149/4557/573 3150/4555/573 3055/4401/573
f 3055/4401/704 3150/4555/704 3151/4556/704 3056/4578/704
f 3056/4514/566 3151/4553/566 3152/4554/566 3057/4515/566
f 3057/4391/567 3152/4552/567 3153/4551/567 3058/4390/567
f 3058/4390/568 3153/4551/568 3154/4550/568 3059/4389/568
f 3059/4389/569 3154/4550/569 3155/4548/569 3060/4386/569
f 3060/4386/571 3155/4548/571 3156/4549/571 3061/4387/571
f 3061/4536/572 3156/4546/572 3157/4547/572 3038/4537/572
f 3205/4579/802 3202/4580/802 3203/4581/802 3204/4582/802
f 3159/4583/706 3205/4579/706 3204/4582/706 3158/4584/706
f 3161/4585/707 3159/4583/707 3158/4584/707 3160/4586/707
f 3163/4587/903 3161/4588/903 3160/4589/903 3162/4590/903
f 3165/4591/854 3163/4587/854 3162/4590/854 3164/4592/854
f 3167/4593/853 3165/4591/853 3164/4592/853 3166/4594/853
f 3169/4595/711 3167/4593/711 3166/4594/711 3168/4596/711
f 3171/4597/796 3169/4595/796 3168/4596/796 3170/4598/796
f 3173/4599/713 3171/4597/713 3170/4598/713 3172/4600/713
f 3175/4601/714 3173/4602/714 3172/4603/714 3174/4604/714
f 3177/4605/715 3175/4601/715 3174/4604/715 3176/4606/715
f 3179/4607/881 3177/4605/881 3176/4606/881 3178/4608/881
f 3181/4609/799 3179/4607/799 3178/4608/799 3180/4610/799
f 3183/4611/738 3181/4609/738 3180/4610/738 3182/4612/738
f 3185/4613/737 3183/4611/737 3182/4612/737 3184/4614/737
f 3187/4615/720 3185/4616/720 3184/4617/720 3186/4618/720
f 3189/4619/721 3187/4615/721 3186/4618/721 3188/4620/721
f 3191/4621/722 3189/4619/722 3188/4620/722 3190/4622/722
f 3193/4623/723 3191/4621/723 3190/4622/723 3192/4624/723
f 3195/4625/724 3193/4623/724 3192/4624/724 3194/4626/724
f 3197/4627/848 3195/4625/848 3194/4626/848 3196/4628/848
f 3199/4629/849 3197/4630/849 3196/4631/849 3198/4632/849
f 3201/4633/727 3199/4629/727 3198/4632/727 3200/4634/727
f 3202/4580/904 3201/4633/904 3200/4634/904 3203/4581/904
f 3250/4369/571 3083/4368/571 3084/4388/571 3252/4635/571
f 3207/4636/881 3208/4637/881 3209/4638/881 3206/4639/881
f 3208/4637/715 3210/4640/715 3211/4641/715 3209/4638/715
f 3210/4640/714 3212/4642/714 3213/4643/714 3211/4641/714
f 3212/4644/713 3214/4645/713 3215/4646/713 3213/4647/713
f 3214/4645/796 3216/4648/796 3217/4649/796 3215/4646/796
f 3216/4648/730 3218/4650/730 3219/4651/730 3217/4649/730
f 3218/4650/853 3220/4652/853 3221/4653/853 3219/4651/853
f 3220/4652/709 3222/4654/709 3223/4655/709 3221/4653/709
f 3222/4654/708 3224/4656/708 3225/4657/708 3223/4655/708
f 3224/4658/905 3226/4659/905 3227/4660/905 3225/4661/905
f 3226/4659/906 3228/4662/906 3229/4663/906 3227/4660/906
f 3228/4662/802 3230/4664/802 3231/4665/802 3229/4663/802
f 3230/4664/803 3232/4666/803 3233/4667/803 3231/4665/803
f 3232/4666/727 3234/4668/727 3235/4669/727 3233/4667/727
f 3234/4668/849 3236/4670/849 3237/4671/849 3235/4669/849
f 3236/4672/848 3238/4673/848 3239/4674/848 3237/4675/848
f 3238/4673/851 3240/4676/851 3241/4677/851 3239/4674/851
f 3240/4676/723 3242/4678/723 3243/4679/723 3241/4677/723
f 3242/4678/722 3244/4680/722 3245/4681/722 3243/4679/722
f 3244/4680/736 3246/4682/736 3247/4683/736 3245/4681/736
f 3246/4682/720 3248/4684/720 3249/4685/720 3247/4683/720
f 3248/4686/877 3250/4687/877 3251/4688/877 3249/4689/877
f 3250/4687/718 3252/4690/718 3253/4691/718 3251/4688/718
f 3252/4690/799 3207/4636/799 3206/4639/799 3253/4691/799
f 3207/4357/548 3085/4356/548 3062/4428/548 3208/4480/548
f 3447/4040/670 3254/4041/670 3255/4042/670 3448/4043/670
f 3448/4043/555 3255/4042/555 3256/4044/555 3449/4045/555
f 3449/4046/556 3256/4047/556 3257/4048/556 3450/4049/556
f 3450/4049/557 3257/4048/557 3258/4050/557 3451/4051/557
f 3451/4051/558 3258/4050/558 3259/4052/558 3452/4053/558
f 3452/4054/559 3259/4055/559 3260/4056/559 3453/4057/559
f 3453/4057/673 3260/4056/673 3261/4058/673 3454/4059/673
f 3454/4059/561 3261/4058/561 3262/4060/561 3455/4061/561
f 3455/4062/703 3262/4063/703 3263/4064/703 3456/4065/703
f 3456/4065/563 3263/4064/563 3264/4066/563 3457/4067/563
f 3457/4067/675 3264/4066/675 3265/4068/675 3458/4069/675
f 3458/4070/704 3265/4071/704 3266/4072/704 3459/4073/704
f 3459/4073/566 3266/4072/566 3267/4074/566 3460/4075/566
f 3460/4075/567 3267/4074/567 3268/4076/567 3461/4077/567
f 3461/4078/568 3268/4079/568 3269/4080/568 3462/4081/568
f 3462/4081/569 3269/4080/569 3270/4082/569 3463/4083/569
f 3463/4083/571 3270/4082/571 3271/4084/571 3464/4085/571
f 3464/4085/572 3271/4084/572 3272/4086/572 3465/4087/572
f 3465/4088/548 3272/4089/548 3273/4090/548 3466/4091/548
f 3466/4092/549 3273/4093/549 3274/4094/549 3467/4095/549
f 3467/4095/550 3274/4094/550 3275/4096/550 3468/4097/550
f 3468/4097/551 3275/4096/551 3276/4098/551 3469/4099/551
f 3271/4084/816 3270/4082/816 3294/4100/816 3295/4101/816
f 3469/4099/674 3276/4098/674 3277/4102/674 3470/4103/674
f 3470/4104/672 3277/4105/672 3254/4041/672 3447/4040/672
f 3531/4106/571 3529/4107/571 3370/4108/571 3371/4109/571
f 3294/4100/617 3293/4110/617 3317/4111/617 3318/4112/617
f 3276/4098/907 3275/4096/907 3299/4113/907 3300/4114/907
f 3259/4052/815 3258/4050/815 3282/4115/815 3283/4116/815
f 3264/4066/588 3263/4064/588 3287/4117/588 3288/4118/588
f 3269/4080/589 3268/4079/589 3292/4119/589 3293/4110/589
f 3274/4120/595 3273/4090/595 3297/4121/595 3298/4122/595
f 3257/4048/591 3256/4047/591 3280/4123/591 3281/4124/591
f 3262/4060/592 3261/4058/592 3285/4125/592 3286/4126/592
f 3255/4042/596 3254/4041/596 3279/4127/596 3278/4128/596
f 3267/4074/593 3266/4072/593 3290/4129/593 3291/4130/593
f 3272/4089/594 3271/4131/594 3295/4132/594 3296/4133/594
f 3277/4102/576 3276/4098/576 3300/4114/576 3301/4134/576
f 3260/4056/597 3259/4055/597 3283/4135/597 3284/4136/597
f 3265/4068/570 3264/4066/570 3288/4118/570 3289/4137/570
f 3270/4082/747 3269/4080/747 3293/4110/747 3294/4100/747
f 3275/4096/580 3274/4094/580 3298/4138/580 3299/4113/580
f 3258/4050/810 3257/4048/810 3281/4124/810 3282/4115/810
f 3263/4064/812 3262/4063/812 3286/4139/812 3287/4117/812
f 3268/4076/813 3267/4074/813 3291/4130/813 3292/4140/813
f 3273/4090/582 3272/4089/582 3296/4133/582 3297/4121/582
f 3254/4041/908 3277/4105/908 3301/4141/908 3279/4127/908
f 3256/4044/749 3255/4042/749 3278/4128/749 3280/4142/749
f 3261/4058/583 3260/4056/583 3284/4136/583 3285/4125/583
f 3266/4072/909 3265/4071/909 3289/4143/909 3290/4129/909
f 3307/4144/910 3306/4145/910 3330/4146/910 3331/4147/910
f 3287/4117/618 3286/4139/618 3310/4148/618 3311/4149/618
f 3279/4127/613 3301/4141/613 3325/4150/613 3303/4151/613
f 3280/4142/619 3278/4128/619 3302/4152/619 3304/4153/619
f 3295/4132/620 3294/4154/620 3318/4155/620 3319/4156/620
f 3288/4118/820 3287/4117/820 3311/4149/820 3312/4157/820
f 3281/4124/885 3280/4123/885 3304/4158/885 3305/4159/885
f 3296/4133/754 3295/4132/754 3319/4156/754 3320/4160/754
f 3289/4137/821 3288/4118/821 3312/4157/821 3313/4161/821
f 3282/4115/603 3281/4124/603 3305/4159/603 3306/4145/603
f 3297/4121/621 3296/4133/621 3320/4160/621 3321/4162/621
f 3290/4129/755 3289/4143/755 3313/4163/755 3314/4164/755
f 3283/4116/756 3282/4115/756 3306/4145/756 3307/4144/756
f 3298/4122/601 3297/4121/601 3321/4162/601 3322/4165/601
f 3291/4130/862 3290/4129/862 3314/4164/862 3315/4166/862
f 3284/4136/609 3283/4135/609 3307/4167/609 3308/4168/609
f 3299/4113/911 3298/4138/911 3322/4169/911 3323/4170/911
f 3292/4140/611 3291/4130/611 3315/4166/611 3316/4171/611
f 3285/4125/612 3284/4136/612 3308/4168/612 3309/4172/612
f 3300/4114/758 3299/4113/758 3323/4170/758 3324/4173/758
f 3293/4110/614 3292/4119/614 3316/4174/614 3317/4111/614
f 3286/4126/615 3285/4125/615 3309/4172/615 3310/4175/615
f 3301/4141/912 3300/4176/912 3324/4177/912 3325/4150/912
f 3278/4128/616 3279/4127/616 3303/4151/616 3302/4152/616
f 3335/4178/664 3334/4179/664 3350/4180/664
f 3322/4165/637 3321/4162/637 3345/4181/637 3346/4182/637
f 3315/4166/644 3314/4164/644 3338/4183/644 3339/4184/644
f 3308/4168/761 3307/4167/761 3331/4185/761 3332/4186/761
f 3323/4187/829 3322/4165/829 3346/4182/829 3347/4188/829
f 3316/4171/763 3315/4166/763 3339/4184/763 3340/4189/763
f 3309/4172/624 3308/4168/624 3332/4186/624 3333/4190/624
f 3324/4173/643 3323/4170/643 3347/4191/643 3348/4192/643
f 3317/4193/626 3316/4171/626 3340/4189/626 3341/4194/626
f 3310/4175/765 3309/4172/765 3333/4190/765 3334/4195/765
f 3325/4150/830 3324/4177/830 3348/4196/830 3349/4197/830
f 3302/4152/628 3303/4151/628 3327/4198/628 3326/4199/628
f 3318/4112/629 3317/4111/629 3341/4200/629 3342/4201/629
f 3311/4149/630 3310/4148/630 3334/4202/630 3335/4203/630
f 3303/4151/625 3325/4150/625 3349/4197/625 3327/4198/625
f 3304/4153/631 3302/4152/631 3326/4199/631 3328/4204/631
f 3319/4156/831 3318/4155/831 3342/4205/831 3343/4206/831
f 3312/4157/634 3311/4149/634 3335/4203/634 3336/4207/634
f 3305/4159/826 3304/4158/826 3328/4208/826 3329/4209/826
f 3320/4160/636 3319/4156/636 3343/4206/636 3344/4210/636
f 3313/4163/638 3312/4211/638 3336/4212/638 3337/4213/638
f 3306/4145/639 3305/4159/639 3329/4209/639 3330/4146/639
f 3321/4162/633 3320/4160/633 3344/4210/633 3345/4181/633
f 3314/4164/641 3313/4163/641 3337/4213/641 3338/4183/641
f 3517/4214/672 3515/4215/672 3363/4216/672 3364/4217/672
f 3327/4218/769 3349/4219/769 3350/4180/769
f 3328/4220/665 3326/4221/665 3350/4180/665
f 3343/4222/666 3342/4223/666 3350/4180/666
f 3336/4224/913 3335/4178/913 3350/4180/913
f 3329/4225/914 3328/4220/914 3350/4180/914
f 3344/4226/646 3343/4222/646 3350/4180/646
f 3337/4227/648 3336/4224/648 3350/4180/648
f 3330/4228/915 3329/4225/915 3350/4180/915
f 3345/4229/667 3344/4226/667 3350/4180/667
f 3338/4230/651 3337/4227/651 3350/4180/651
f 3331/4231/652 3330/4228/652 3350/4180/652
f 3346/4232/647 3345/4229/647 3350/4180/647
f 3339/4233/654 3338/4230/654 3350/4180/654
f 3332/4234/775 3331/4231/775 3350/4180/775
f 3347/4235/650 3346/4232/650 3350/4180/650
f 3340/4236/837 3339/4233/837 3350/4180/837
f 3333/4237/838 3332/4234/838 3350/4180/838
f 3348/4238/779 3347/4235/779 3350/4180/779
f 3341/4239/660 3340/4236/660 3350/4180/660
f 3334/4179/661 3333/4237/661 3350/4180/661
f 3349/4219/656 3348/4238/656 3350/4180/656
f 3326/4221/662 3327/4218/662 3350/4180/662
f 3342/4223/916 3341/4239/916 3350/4180/916
f 3527/4240/548 3525/4241/548 3368/4242/548 3369/4243/548
f 3537/4244/567 3535/4245/567 3373/4246/567 3374/4247/567
f 3541/4248/565 3540/4249/565 3352/4250/565 3351/4251/565
f 3503/4252/673 3501/4253/673 3356/4254/673 3357/4255/673
f 3513/4256/555 3511/4257/555 3361/4258/555 3362/4259/555
f 3523/4260/550 3521/4261/550 3366/4262/550 3367/4263/550
f 3533/4264/569 3531/4106/569 3371/4109/569 3372/4265/569
f 3499/4266/703 3497/4267/703 3354/4268/703 3355/4269/703
f 3509/4270/557 3507/4271/557 3359/4272/557 3360/4273/557
f 3519/4274/674 3517/4275/674 3364/4276/674 3365/4277/674
f 3529/4107/572 3527/4278/572 3369/4279/572 3370/4108/572
f 3495/4280/573 3541/4281/573 3351/4282/573 3353/4283/573
f 3505/4284/559 3503/4252/559 3357/4255/559 3358/4285/559
f 3515/4215/554 3513/4256/554 3362/4259/554 3363/4216/554
f 3540/4249/566 3537/4244/566 3374/4247/566 3352/4250/566
f 3525/4286/549 3523/4260/549 3367/4263/549 3368/4287/549
f 3535/4288/671 3533/4264/671 3372/4265/671 3373/4289/671
f 3501/4253/561 3499/4290/561 3355/4291/561 3356/4254/561
f 3511/4292/839 3509/4270/839 3360/4273/839 3361/4293/839
f 3521/4261/551 3519/4274/551 3365/4277/551 3366/4262/551
f 3567/4294/669 3410/4295/669 3411/4296/669 3569/4297/669
f 3507/4271/558 3505/4298/558 3358/4299/558 3359/4272/558
f 3497/4267/563 3495/4280/563 3353/4283/563 3354/4268/563
f 3352/4300/18 3374/4301/18 3373/4302/18 3372/4303/18 3371/4304/18 3370/4305/18 3369/4306/18 3368/4307/18 3367/4308/18 3366/4309/18 3365/4310/18 3364/4311/18 3363/4312/18 3362/4313/18 3361/4314/18 3360/4315/18 3359/4316/18 3358/4317/18 3357/4318/18 3356/4319/18 3355/4320/18 3354/4321/18 3353/4322/18 3351/4323/18
f 3581/4324/549 3417/4325/549 3418/4326/549 3583/4327/549
f 3551/4328/558 3402/4329/558 3403/4330/558 3553/4331/558
f 3565/4332/704 3409/4333/704 3410/4295/704 3567/4294/704
f 3579/4334/740 3416/4335/740 3417/4336/740 3581/4337/740
f 3549/4338/557 3401/4339/557 3402/4329/557 3551/4328/557
f 3563/4340/573 3408/4341/573 3409/4342/573 3565/4343/573
f 3577/4344/572 3415/4345/572 3416/4346/572 3579/4347/572
f 3547/4348/556 3400/4349/556 3401/4339/556 3549/4338/556
f 3561/4350/563 3407/4351/563 3408/4341/563 3563/4340/563
f 3575/4352/571 3414/4353/571 3415/4345/571 3577/4344/571
f 3589/4354/672 3421/4355/672 3422/4356/672 3544/4357/672
f 3559/4358/562 3406/4359/562 3407/4351/562 3561/4350/562
f 3573/4360/569 3413/4361/569 3414/4353/569 3575/4352/569
f 3543/4362/685 3546/4363/685 3538/4364/685 3539/4365/685
f 3585/4366/551 3419/4367/551 3420/4368/551 3587/4369/551
f 3557/4370/561 3405/4371/561 3406/4372/561 3559/4373/561
f 3571/4374/568 3412/4375/568 3413/4361/568 3573/4360/568
f 3555/4376/673 3404/4377/673 3405/4371/673 3557/4370/673
f 3569/4297/567 3411/4296/567 3412/4378/567 3571/4379/567
f 3583/4327/550 3418/4326/550 3419/4367/550 3585/4366/550
f 3553/4380/559 3403/4381/559 3404/4377/559 3555/4376/559
f 3387/4382/842 3388/4383/842 3430/4384/842 3429/4385/842
f 3420/4368/674 3397/4386/674 3398/4387/674 3421/4388/674
f 3419/4367/551 3396/4389/551 3397/4386/551 3420/4368/551
f 3418/4326/550 3395/4390/550 3396/4389/550 3419/4367/550
f 3417/4325/549 3394/4391/549 3395/4390/549 3418/4326/549
f 3399/4392/846 3422/4393/846 3423/4394/846 3436/4395/846
f 3380/4396/785 3381/4397/785 3432/4398/785 3434/4399/785
f 3414/4353/571 3391/4400/571 3392/4401/571 3415/4345/571
f 3413/4361/569 3390/4402/569 3391/4400/569 3414/4353/569
f 3412/4375/568 3389/4403/568 3390/4402/568 3413/4361/568
f 3411/4296/567 3388/4383/567 3389/4404/567 3412/4378/567
f 3415/4405/684 3392/4406/684 3428/4407/684 3443/4408/684
f 3381/4397/677 3382/4409/677 3433/4410/677 3432/4398/677
f 3408/4341/675 3385/4411/675 3386/4412/675 3409/4342/675
f 3407/4351/563 3384/4413/563 3385/4411/563 3408/4341/563
f 3406/4359/562 3383/4414/562 3384/4413/562 3407/4351/562
f 3405/4371/561 3382/4409/561 3383/4415/561 3406/4372/561
f 3405/4416/917 3404/4417/917 3438/4418/917 3439/4419/917
f 3376/4420/698 3399/4421/698 3436/4422/698 3435/4423/698
f 3402/4329/558 3379/4424/558 3380/4425/558 3403/4330/558
f 3401/4339/557 3378/4426/557 3379/4424/557 3402/4329/557
f 3400/4349/556 3377/4427/556 3378/4426/556 3401/4339/556
f 3399/4428/555 3376/4429/555 3377/4430/555 3400/4431/555
f 3421/4432/692 3398/4433/692 3425/4434/692 3446/4435/692
f 3590/4436/18 3543/4362/18 3539/4365/18 3542/4437/18
f 3546/4363/18 3548/4438/18 3536/4439/18 3538/4364/18
f 3548/4438/18 3550/4440/18 3534/4441/18 3536/4439/18
f 3550/4440/18 3552/4442/18 3532/4443/18 3534/4441/18
f 3552/4442/18 3554/4444/18 3530/4445/18 3532/4443/18
f 3554/4444/18 3556/4446/18 3528/4447/18 3530/4445/18
f 3556/4446/18 3558/4448/18 3526/4449/18 3528/4447/18
f 3558/4448/18 3560/4450/18 3524/4451/18 3526/4449/18
f 3560/4450/18 3562/4452/18 3522/4453/18 3524/4451/18
f 3562/4452/18 3564/4454/18 3520/4455/18 3522/4453/18
f 3564/4454/18 3566/4456/18 3518/4457/18 3520/4455/18
f 3566/4456/18 3568/4458/18 3516/4459/18 3518/4457/18
f 3568/4458/18 3570/4460/18 3514/4461/18 3516/4459/18
f 3570/4460/685 3572/4462/685 3512/4463/685 3514/4461/685
f 3572/4462/18 3574/4464/18 3510/4465/18 3512/4463/18
f 3574/4464/18 3576/4466/18 3508/4467/18 3510/4465/18
f 3576/4466/685 3578/4468/685 3506/4469/685 3508/4467/685
f 3578/4468/18 3580/4470/18 3504/4471/18 3506/4469/18
f 3580/4470/18 3582/4472/18 3502/4473/18 3504/4471/18
f 3582/4472/18 3584/4474/18 3500/4475/18 3502/4473/18
f 3584/4474/685 3586/4476/685 3498/4477/685 3500/4475/685
f 3586/4476/18 3588/4478/18 3496/4479/18 3498/4477/18
f 3588/4478/18 3590/4436/18 3542/4437/18 3496/4479/18
f 3545/4480/555 3399/4428/555 3400/4431/555 3547/4481/555
f 3446/4482/553 3425/4483/553 3424/4484/553 3423/4485/553
f 3444/4486/548 3426/4487/548 3427/4488/548 3445/4489/548
f 3443/4490/702 3428/4491/702 3426/4492/702 3444/4493/702
f 3441/4494/566 3429/4385/566 3430/4384/566 3442/4495/566
f 3440/4496/704 3431/4497/704 3429/4385/704 3441/4494/704
f 3438/4498/673 3432/4398/673 3433/4410/673 3439/4499/673
f 3437/4500/784 3434/4399/784 3432/4398/784 3438/4498/784
f 3423/4485/554 3424/4484/554 3435/4501/554 3436/4502/554
f 3422/4393/701 3421/4503/701 3446/4504/701 3423/4394/701
f 3409/4505/680 3386/4506/680 3431/4507/680 3440/4508/680
f 3386/4509/693 3387/4382/693 3429/4385/693 3431/4497/693
f 3394/4510/683 3417/4511/683 3445/4512/683 3427/4513/683
f 3393/4514/791 3394/4515/791 3427/4488/791 3426/4487/791
f 3416/4516/686 3415/4517/686 3443/4518/686 3444/4519/686
f 3403/4520/687 3380/4521/687 3434/4522/687 3437/4523/687
f 3392/4524/793 3393/4514/793 3426/4487/793 3428/4525/793
f 3388/4526/689 3411/4527/689 3442/4528/689 3430/4529/689
f 3417/4530/678 3416/4516/678 3444/4519/678 3445/4531/678
f 3410/4532/691 3409/4533/691 3440/4534/691 3441/4535/691
f 3398/4536/679 3375/4537/679 3424/4484/679 3425/4483/679
f 3382/4538/694 3405/4539/694 3439/4540/694 3433/4541/694
f 3411/4542/695 3410/4532/695 3441/4535/695 3442/4543/695
f 3375/4537/681 3376/4429/681 3435/4501/681 3424/4484/681
f 3404/4417/696 3403/4544/696 3437/4545/696 3438/4418/696
f 3493/4546/672 3470/4104/672 3447/4040/672 3494/4547/672
f 3492/4548/674 3469/4099/674 3470/4103/674 3493/4549/674
f 3491/4550/551 3468/4097/551 3469/4099/551 3492/4548/551
f 3490/4551/550 3467/4095/550 3468/4097/550 3491/4550/550
f 3489/4552/549 3466/4092/549 3467/4095/549 3490/4551/549
f 3488/4553/548 3465/4088/548 3466/4091/548 3489/4554/548
f 3487/4555/572 3464/4085/572 3465/4087/572 3488/4556/572
f 3486/4557/571 3463/4083/571 3464/4085/571 3487/4555/571
f 3485/4558/569 3462/4081/569 3463/4083/569 3486/4557/569
f 3484/4559/568 3461/4078/568 3462/4081/568 3485/4558/568
f 3483/4560/567 3460/4075/567 3461/4077/567 3484/4561/567
f 3482/4562/566 3459/4073/566 3460/4075/566 3483/4560/566
f 3481/4563/704 3458/4070/704 3459/4073/704 3482/4562/704
f 3480/4564/675 3457/4067/675 3458/4069/675 3481/4565/675
f 3479/4566/563 3456/4065/563 3457/4067/563 3480/4564/563
f 3478/4567/562 3455/4062/562 3456/4065/562 3479/4566/562
f 3477/4568/561 3454/4059/561 3455/4061/561 3478/4569/561
f 3476/4570/673 3453/4057/673 3454/4059/673 3477/4568/673
f 3475/4571/559 3452/4054/559 3453/4057/559 3476/4570/559
f 3474/4572/558 3451/4051/558 3452/4053/558 3475/4573/558
f 3473/4574/557 3450/4049/557 3451/4051/557 3474/4572/557
f 3472/4575/556 3449/4046/556 3450/4049/556 3473/4574/556
f 3471/4576/555 3448/4043/555 3449/4045/555 3472/4577/555
f 3494/4547/670 3447/4040/670 3448/4043/670 3471/4576/670
f 3375/4537/670 3494/4547/670 3471/4576/670 3376/4429/670
f 3376/4429/555 3471/4576/555 3472/4577/555 3377/4430/555
f 3377/4427/556 3472/4575/556 3473/4574/556 3378/4426/556
f 3378/4426/557 3473/4574/557 3474/4572/557 3379/4424/557
f 3379/4424/558 3474/4572/558 3475/4573/558 3380/4425/558
f 3380/4396/559 3475/4571/559 3476/4570/559 3381/4397/559
f 3381/4397/560 3476/4570/560 3477/4568/560 3382/4409/560
f 3382/4409/561 3477/4568/561 3478/4569/561 3383/4415/561
f 3383/4414/562 3478/4567/562 3479/4566/562 3384/4413/562
f 3384/4413/563 3479/4566/563 3480/4564/563 3385/4411/563
f 3385/4411/564 3480/4564/564 3481/4565/564 3386/4412/564
f 3386/4509/565 3481/4563/565 3482/4562/565 3387/4382/565
f 3387/4382/566 3482/4562/566 3483/4560/566 3388/4383/566
f 3388/4383/567 3483/4560/567 3484/4561/567 3389/4404/567
f 3389/4403/568 3484/4559/568 3485/4558/568 3390/4402/568
f 3390/4402/569 3485/4558/569 3486/4557/569 3391/4400/569
f 3391/4400/571 3486/4557/571 3487/4555/571 3392/4401/571
f 3392/4401/572 3487/4555/572 3488/4556/572 3393/4578/572
f 3393/4514/548 3488/4553/548 3489/4554/548 3394/4515/548
f 3394/4391/549 3489/4552/549 3490/4551/549 3395/4390/549
f 3395/4390/550 3490/4551/550 3491/4550/550 3396/4389/550
f 3396/4389/551 3491/4550/551 3492/4548/551 3397/4386/551
f 3397/4386/674 3492/4548/674 3493/4549/674 3398/4387/674
f 3398/4536/672 3493/4546/672 3494/4547/672 3375/4537/672
f 3542/4579/723 3539/4580/723 3540/4581/723 3541/4582/723
f 3496/4583/724 3542/4579/724 3541/4582/724 3495/4584/724
f 3498/4585/734 3496/4583/734 3495/4584/734 3497/4586/734
f 3500/4587/726 3498/4588/726 3497/4589/726 3499/4590/726
f 3502/4591/727 3500/4587/727 3499/4590/727 3501/4592/727
f 3504/4593/803 3502/4591/803 3501/4592/803 3503/4594/803
f 3506/4595/705 3504/4593/705 3503/4594/705 3505/4596/705
f 3508/4597/906 3506/4595/906 3505/4596/906 3507/4598/906
f 3510/4599/707 3508/4597/707 3507/4598/707 3509/4600/707
f 3512/4601/708 3510/4602/708 3509/4603/708 3511/4604/708
f 3514/4605/918 3512/4601/918 3511/4604/918 3513/4606/918
f 3516/4607/710 3514/4605/710 3513/4606/710 3515/4608/710
f 3518/4609/919 3516/4607/919 3515/4608/919 3517/4610/919
f 3520/4611/712 3518/4609/712 3517/4610/712 3519/4612/712
f 3522/4613/713 3520/4611/713 3519/4612/713 3521/4614/713
f 3524/4615/714 3522/4616/714 3521/4617/714 3523/4618/714
f 3526/4619/920 3524/4615/920 3523/4618/920 3525/4620/920
f 3528/4621/716 3526/4619/716 3525/4620/716 3527/4622/716
f 3530/4623/739 3528/4621/739 3527/4622/739 3529/4624/739
f 3532/4625/921 3530/4623/921 3529/4624/921 3531/4626/921
f 3534/4627/719 3532/4625/719 3531/4626/719 3533/4628/719
f 3536/4629/720 3534/4630/720 3533/4631/720 3535/4632/720
f 3538/4633/804 3536/4629/804 3535/4632/804 3537/4634/804
f 3539/4580/722 3538/4633/722 3537/4634/722 3540/4581/722
f 3587/4369/674 3420/4368/674 3421/4388/674 3589/4635/674
f 3544/4636/710 3545/4637/710 3546/4638/710 3543/4639/710
f 3545/4637/854 3547/4640/854 3548/4641/854 3546/4638/854
f 3547/4640/903 3549/4642/903 3550/4643/903 3548/4641/903
f 3549/4644/707 3551/4645/707 3552/4646/707 3550/4647/707
f 3551/4645/706 3553/4648/706 3554/4649/706 3552/4646/706
f 3553/4648/855 3555/4650/855 3556/4651/855 3554/4649/855
f 3555/4650/728 3557/4652/728 3558/4653/728 3556/4651/728
f 3557/4652/727 3559/4654/727 3560/4655/727 3558/4653/727
f 3559/4654/726 3561/4656/726 3562/4657/726 3560/4655/726
f 3561/4658/734 3563/4659/734 3564/4660/734 3562/4661/734
f 3563/4659/851 3565/4662/851 3566/4663/851 3564/4660/851
f 3565/4662/723 3567/4664/723 3568/4665/723 3566/4663/723
f 3567/4664/722 3569/4666/722 3570/4667/722 3568/4665/722
f 3569/4666/736 3571/4668/736 3572/4669/736 3570/4667/736
f 3571/4668/720 3573/4670/720 3574/4671/720 3572/4669/720
f 3573/4672/737 3575/4673/737 3576/4674/737 3574/4675/737
f 3575/4673/718 3577/4676/718 3578/4677/718 3576/4674/718
f 3577/4676/717 3579/4678/717 3580/4679/717 3578/4677/717
f 3579/4678/922 3581/4680/922 3582/4681/922 3580/4679/922
f 3581/4680/715 3583/4682/715 3584/4683/715 3582/4681/715
f 3583/4682/714 3585/4684/714 3586/4685/714 3584/4683/714
f 3585/4686/713 3587/4687/713 3588/4688/713 3586/4689/713
f 3587/4687/796 3589/4690/796 3590/4691/796 3588/4688/796
f 3589/4690/711 3544/4636/711 3543/4639/711 3590/4691/711
f 3544/4357/670 3422/4356/670 3399/4428/670 3545/4480/670
usemtl Material
f 54/3980/18 53/3981/18 55/3982/18 56/3983/18
f 485/787/121 156/794/121 127/793/121 486/3984/121
f 457/3985/18 458/3986/18 140/3987/18 139/3988/18
f 466/3989/86 168/3990/86 166/3991/86 465/3992/86
f 167/3993/86 466/3989/86 465/3992/86 165/3994/86
f 138/3995/18 137/3996/18 458/3986/18 457/3985/18
f 236/788/121 485/787/121 486/3984/121 238/3997/121
f 528/3998/18 527/3999/18 529/4000/18 530/4001/18
f 832/4010/18 834/4011/18 833/4012/18 831/4013/18
f 1281/2754/121 1282/4014/121 911/4015/121 944/3282/121
f 1253/4016/18 927/4017/18 928/4018/18 1254/4019/18
f 1262/4020/86 1261/4021/86 954/4022/86 956/4023/86
f 955/4024/86 953/4025/86 1261/4021/86 1262/4020/86
f 926/4026/18 1253/4016/18 1254/4019/18 925/4027/18
f 1026/2752/121 1028/2753/121 1282/4014/121 1281/2754/121
f 1324/4028/18 1326/4029/18 1325/4030/18 1323/4031/18
