# Blender 4.0.2
# www.blender.org
mtllib Meteor.mtl
o Rock
v -0.331184 0.148816 0.231184
v -0.335063 0.615063 0.235063
v -0.323175 0.156825 -0.223175
v -0.321128 0.601128 -0.221128
v 0.088585 0.191415 0.188585
v 0.190845 0.670845 0.290845
v 0.229156 0.050844 -0.329156
v 0.220780 0.700780 -0.320780
v -0.324986 0.155014 -0.205661
v -0.322270 0.157730 -0.177622
v -0.311400 0.168600 -0.142512
v -0.297097 0.182903 -0.107172
v -0.288152 0.191848 -0.077226
v -0.280609 0.199391 -0.049656
v -0.276994 0.203006 -0.024404
v -0.283100 0.196900 0.000000
v -0.290358 0.189642 0.026247
v -0.297642 0.182358 0.054339
v -0.301356 0.178644 0.082645
v -0.302251 0.177749 0.109974
v -0.313307 0.166693 0.143798
v -0.328602 0.151398 0.182682
v -0.328430 0.151570 0.208809
v -0.341018 0.159684 0.241018
v -0.343139 0.185701 0.243139
v -0.343289 0.215990 0.243289
v -0.336469 0.251420 0.236469
v -0.336228 0.283041 0.236228
v -0.327914 0.317338 0.227914
v -0.328697 0.348467 0.228697
v -0.325660 0.380000 0.225661
v -0.320808 0.410446 0.220808
v -0.321608 0.440928 0.221608
v -0.329580 0.474230 0.229580
v -0.340347 0.510689 0.240347
v -0.339625 0.541539 0.239625
v -0.339882 0.571696 0.239882
v -0.337404 0.597013 0.237404
v -0.341433 0.621433 0.220695
v -0.343416 0.623416 0.194520
v -0.347128 0.627128 0.166597
v -0.346536 0.626536 0.134054
v -0.346810 0.626810 0.101302
v -0.343324 0.623324 0.066899
v -0.336288 0.616288 0.032580
v -0.329395 0.609395 0.000000
v -0.320946 0.600946 -0.030464
v -0.320831 0.600831 -0.060715
v -0.320779 0.600779 -0.090618
v -0.319963 0.599963 -0.119605
v -0.319045 0.599045 -0.147665
v -0.325744 0.605744 -0.180398
v -0.323786 0.603786 -0.204564
v -0.335936 0.595671 -0.235936
v -0.357070 0.585432 -0.257070
v -0.378309 0.567617 -0.278309
v -0.405066 0.545880 -0.305066
v -0.434090 0.517125 -0.334090
v -0.449975 0.476221 -0.349975
v -0.432109 0.425792 -0.332109
v -0.419078 0.380000 -0.319078
v -0.411038 0.337113 -0.311038
v -0.398823 0.297842 -0.298823
v -0.383623 0.263589 -0.283623
v -0.372545 0.231803 -0.272545
v -0.358165 0.205962 -0.258165
v -0.346200 0.183255 -0.246200
v -0.333030 0.166985 -0.233030
v 0.205416 0.045886 -0.334114
v 0.169292 0.043017 -0.336983
v 0.138329 0.026467 -0.353533
v 0.097712 0.016392 -0.363607
v 0.051448 0.011015 -0.368985
v -0.002058 0.023768 -0.356232
v -0.053215 0.040690 -0.339310
v -0.100000 0.055921 -0.324079
v -0.142747 0.069972 -0.310028
v -0.181061 0.085165 -0.294835
v -0.215389 0.098869 -0.281131
v -0.243281 0.116494 -0.263506
v -0.268534 0.129999 -0.250001
v -0.291248 0.140679 -0.239321
v -0.310835 0.149354 -0.230646
v -0.310302 0.610062 -0.230062
v -0.289074 0.616601 -0.236601
v -0.262438 0.620957 -0.240957
v -0.235234 0.628705 -0.248705
v -0.208012 0.643160 -0.263160
v -0.176894 0.659678 -0.279678
v -0.141148 0.678427 -0.298427
v -0.100000 0.694225 -0.314225
v -0.053523 0.717081 -0.337081
v -0.002989 0.732846 -0.352846
v 0.054420 0.756226 -0.376226
v 0.104034 0.755234 -0.375234
v 0.140477 0.736719 -0.356719
v 0.178150 0.728067 -0.348067
v 0.204752 0.713388 -0.333388
v 0.234954 0.686184 -0.334954
v 0.260400 0.668006 -0.360400
v 0.290893 0.643515 -0.390893
v 0.300255 0.597639 -0.400255
v 0.311893 0.549059 -0.411893
v 0.319431 0.495317 -0.419431
v 0.305684 0.435937 -0.405684
v 0.303786 0.380000 -0.403787
v 0.294987 0.325538 -0.394987
v 0.294892 0.271429 -0.394892
v 0.297352 0.216909 -0.397352
v 0.289515 0.168200 -0.389515
v 0.282094 0.122417 -0.382094
v 0.268776 0.085301 -0.368776
v 0.248208 0.061700 -0.348208
v 0.094805 0.185195 0.178072
v 0.104859 0.175141 0.163708
v 0.116342 0.163658 0.145844
v 0.128956 0.151044 0.124495
v 0.148759 0.131241 0.102102
v 0.172676 0.107324 0.074969
v 0.201671 0.078329 0.041595
v 0.209795 0.070205 0.000000
v 0.214716 0.065284 -0.043394
v 0.231315 0.048685 -0.091091
v 0.242705 0.037295 -0.140661
v 0.239815 0.040185 -0.184775
v 0.232520 0.047480 -0.224163
v 0.227884 0.052116 -0.262021
v 0.228078 0.051922 -0.299898
v 0.221042 0.701042 -0.293467
v 0.214735 0.694735 -0.251513
v 0.212951 0.692951 -0.210971
v 0.203318 0.683318 -0.164929
v 0.189960 0.669960 -0.119012
v 0.175377 0.655377 -0.075712
v 0.178714 0.658714 -0.038430
v 0.179169 0.659169 -0.000000
v 0.181915 0.661915 0.038871
v 0.193084 0.673084 0.080580
v 0.210494 0.690494 0.127440
v 0.225822 0.705822 0.177166
v 0.226359 0.706359 0.220010
v 0.218605 0.698605 0.254606
v 0.209030 0.689030 0.282486
v 0.195693 0.650295 0.295693
v 0.209332 0.627196 0.309332
v 0.210675 0.589437 0.310675
v 0.209915 0.548517 0.309915
v 0.211235 0.507745 0.311235
v 0.215653 0.466785 0.315653
v 0.219583 0.424065 0.319583
v 0.214844 0.380000 0.314844
v 0.192357 0.339689 0.292357
v 0.166318 0.306779 0.266318
v 0.147277 0.278507 0.247277
v 0.135085 0.252172 0.235085
v 0.117165 0.233601 0.217165
v 0.102520 0.218161 0.202520
v 0.093098 0.203488 0.193098
v -0.327706 0.130897 0.249103
v -0.309635 0.117670 0.262330
v -0.288496 0.100388 0.279612
v -0.262551 0.081056 0.298944
v -0.225029 0.075380 0.304620
v -0.181528 0.083467 0.296533
v -0.141348 0.080120 0.299880
v -0.100000 0.078982 0.301018
v -0.059332 0.085053 0.294947
v -0.025943 0.110640 0.269360
v 0.001352 0.133068 0.246932
v 0.030316 0.140340 0.239660
v 0.050045 0.157425 0.222575
v 0.065276 0.173179 0.206821
v 0.077505 0.185816 0.194184
v 0.172060 0.677624 0.297624
v 0.144297 0.685705 0.305705
v 0.106641 0.686528 0.306528
v 0.068251 0.689426 0.309426
v 0.027139 0.689760 0.309760
v -0.016201 0.684792 0.304792
v -0.058694 0.679575 0.299575
v -0.100000 0.678361 0.298361
v -0.140440 0.673294 0.293294
v -0.180831 0.673996 0.293996
v -0.222023 0.677296 0.297296
v -0.258144 0.670840 0.290840
v -0.294645 0.668734 0.288734
v -0.318004 0.652803 0.272803
v -0.327650 0.629041 0.249041
v -0.338304 0.171489 0.208511
v -0.343402 0.196436 0.209047
v -0.344020 0.225840 0.207571
v -0.338247 0.259010 0.201693
v -0.345119 0.286234 0.206944
v -0.333407 0.320264 0.196782
v -0.329573 0.350551 0.193450
v -0.329017 0.380000 0.192970
v -0.323078 0.408616 0.187977
v -0.324599 0.437482 0.189356
v -0.334156 0.469572 0.197688
v -0.340232 0.501998 0.203373
v -0.340670 0.532043 0.204721
v -0.343673 0.563768 0.209279
v -0.343549 0.593100 0.213100
v -0.337202 0.176278 0.178888
v -0.343106 0.202573 0.177427
v -0.343578 0.232308 0.174580
v -0.347108 0.260099 0.175446
v -0.345576 0.290508 0.173414
v -0.333691 0.323129 0.164566
v -0.336182 0.351219 0.166150
v -0.334346 0.380000 0.164840
v -0.331097 0.408161 0.162573
v -0.328115 0.435514 0.160639
v -0.335138 0.465688 0.166043
v -0.340570 0.496729 0.170804
v -0.343248 0.527491 0.174343
v -0.343709 0.557868 0.177868
v -0.343423 0.589064 0.183579
v -0.325974 0.187780 0.142759
v -0.341274 0.207072 0.146295
v -0.343824 0.235725 0.144275
v -0.341520 0.266155 0.140959
v -0.347620 0.292614 0.143366
v -0.340131 0.323523 0.138465
v -0.332732 0.352622 0.133997
v -0.330331 0.380000 0.132592
v -0.330538 0.407120 0.132733
v -0.326064 0.433169 0.130353
v -0.323390 0.458835 0.129338
v -0.326407 0.486721 0.132139
v -0.337896 0.520766 0.140767
v -0.343341 0.554410 0.147548
v -0.341315 0.585269 0.152450
v -0.320947 0.192953 0.112204
v -0.342114 0.208099 0.117478
v -0.349129 0.234600 0.117431
v -0.344545 0.266728 0.113272
v -0.346169 0.294861 0.112858
v -0.340750 0.324605 0.109796
v -0.330526 0.353495 0.104930
v -0.327472 0.380000 0.103518
v -0.320447 0.405346 0.100342
v -0.316415 0.429796 0.098698
v -0.321376 0.456564 0.101491
v -0.329966 0.486519 0.106519
v -0.345670 0.523381 0.115801
v -0.348376 0.556347 0.120516
v -0.347186 0.589260 0.125529
v -0.309313 0.203285 0.080069
v -0.332287 0.215970 0.084649
v -0.356134 0.231704 0.090391
v -0.346633 0.266930 0.085300
v -0.337818 0.298726 0.081274
v -0.337998 0.325947 0.080842
v -0.329209 0.354003 0.077682
v -0.313669 0.380000 0.072397
v -0.309596 0.403772 0.071035
v -0.311104 0.427945 0.071707
v -0.318560 0.454693 0.074693
v -0.329394 0.485167 0.079337
v -0.341253 0.519680 0.085139
v -0.352654 0.558412 0.092071
v -0.353713 0.594199 0.097054
v -0.306212 0.206146 0.052776
v -0.324241 0.222089 0.054571
v -0.341700 0.240630 0.056846
v -0.344163 0.268647 0.056180
v -0.335736 0.299926 0.053540
v -0.334686 0.327052 0.052948
v -0.321615 0.355039 0.049875
v -0.309269 0.380000 0.047084
v -0.304551 0.403039 0.046035
v -0.309934 0.427363 0.047363
v -0.318765 0.454309 0.049685
v -0.333839 0.486644 0.053805
v -0.351659 0.525112 0.059189
v -0.362135 0.564596 0.063793
v -0.348257 0.589301 0.063537
v -0.301853 0.209908 0.025893
v -0.314503 0.229101 0.026139
v -0.333926 0.245315 0.027519
v -0.351278 0.265624 0.028891
v -0.338118 0.299299 0.027007
v -0.341309 0.325692 0.027179
v -0.323956 0.354840 0.025160
v -0.313291 0.380000 0.023954
v -0.308256 0.403396 0.023396
v -0.320097 0.429534 0.024790
v -0.328216 0.457345 0.025884
v -0.341253 0.489813 0.027738
v -0.358933 0.529082 0.030461
v -0.368834 0.569120 0.032759
v -0.358270 0.597632 0.033130
v -0.291413 0.218715 -0.000000
v -0.305507 0.235446 -0.000000
v -0.332391 0.246222 0.000000
v -0.355072 0.263922 0.000000
v -0.356485 0.293096 0.000000
v -0.351138 0.323496 -0.000000
v -0.344603 0.352529 0.000000
v -0.330051 0.380000 0.000000
v -0.327014 0.405496 -0.000000
v -0.337969 0.433541 0.000000
v -0.343512 0.462508 -0.000000
v -0.353361 0.495299 -0.000000
v -0.365706 0.532956 -0.000000
v -0.368289 0.568715 -0.000000
v -0.352435 0.592702 0.000000
v -0.289676 0.220169 -0.024331
v -0.305437 0.235479 -0.025034
v -0.328048 0.248700 -0.026827
v -0.345322 0.268335 -0.028206
v -0.367842 0.289225 -0.030379
v -0.362779 0.320860 -0.029597
v -0.362786 0.350478 -0.029522
v -0.354048 0.380000 -0.028532
v -0.352924 0.408414 -0.028414
v -0.352656 0.436862 -0.028457
v -0.352151 0.465457 -0.028599
v -0.361060 0.498828 -0.030016
v -0.374028 0.537773 -0.032236
v -0.370977 0.570628 -0.033021
v -0.343290 0.585008 -0.031209
v -0.292050 0.218085 -0.049152
v -0.309134 0.232727 -0.050895
v -0.326470 0.249412 -0.053264
v -0.354642 0.263868 -0.058592
v -0.389978 0.281501 -0.065859
v -0.386897 0.315273 -0.064727
v -0.372269 0.349334 -0.061275
v -0.367198 0.380000 -0.060117
v -0.364945 0.409841 -0.059627
v -0.368957 0.440680 -0.060680
v -0.369306 0.471477 -0.061164
v -0.373114 0.504556 -0.062842
v -0.385749 0.544770 -0.067206
v -0.368639 0.569176 -0.065376
v -0.344795 0.586383 -0.062651
v -0.303041 0.208581 -0.077670
v -0.315062 0.228133 -0.078372
v -0.339128 0.241550 -0.084389
v -0.371819 0.255383 -0.094010
v -0.403839 0.276163 -0.103837
v -0.403537 0.311062 -0.103104
v -0.396146 0.346411 -0.100368
v -0.384132 0.380000 -0.096271
v -0.382906 0.412087 -0.095880
v -0.384478 0.444610 -0.096631
v -0.384698 0.477296 -0.097296
v -0.388763 0.512385 -0.099870
v -0.383747 0.544284 -0.100135
v -0.368674 0.569725 -0.097909
v -0.346386 0.588014 -0.094251
v -0.313687 0.199099 -0.108517
v -0.333058 0.214529 -0.113084
v -0.355990 0.230596 -0.120666
v -0.383690 0.248596 -0.131404
v -0.416995 0.270365 -0.145328
v -0.424396 0.305358 -0.147944
v -0.414886 0.343795 -0.143329
v -0.407233 0.380000 -0.139815
v -0.405953 0.415178 -0.139263
v -0.405763 0.450354 -0.139446
v -0.408018 0.486530 -0.141212
v -0.407686 0.522519 -0.142519
v -0.394885 0.552105 -0.139000
v -0.371519 0.572778 -0.131745
v -0.344182 0.586717 -0.124004
v -0.329873 0.184463 -0.145222
v -0.350215 0.200663 -0.151716
v -0.372420 0.218805 -0.161195
v -0.399881 0.238646 -0.175020
v -0.423967 0.265671 -0.187570
v -0.433821 0.301487 -0.192489
v -0.435526 0.340529 -0.193181
v -0.428718 0.380000 -0.189229
v -0.438831 0.419860 -0.195084
v -0.431311 0.457922 -0.191042
v -0.431742 0.497073 -0.192072
v -0.417847 0.529823 -0.185506
v -0.398932 0.556883 -0.176882
v -0.375366 0.577363 -0.166966
v -0.344184 0.587710 -0.154263
v -0.338036 0.175562 -0.179517
v -0.356900 0.192505 -0.187495
v -0.382855 0.208493 -0.202730
v -0.403565 0.232705 -0.215530
v -0.416405 0.264697 -0.223430
v -0.434868 0.298507 -0.235815
v -0.437497 0.338873 -0.237424
v -0.453152 0.380000 -0.248408
v -0.450651 0.422729 -0.246677
v -0.451451 0.465529 -0.247493
v -0.441316 0.504381 -0.241021
v -0.426280 0.538317 -0.231658
v -0.400385 0.562136 -0.215295
v -0.372580 0.578939 -0.198939
v -0.350392 0.595050 -0.188835
v -0.339685 0.170281 -0.209719
v -0.355172 0.187560 -0.219155
v -0.373022 0.207518 -0.232241
v -0.387136 0.234183 -0.243081
v -0.404159 0.263649 -0.256788
v -0.425390 0.296722 -0.274332
v -0.429707 0.337706 -0.277828
v -0.441715 0.380000 -0.287930
v -0.453236 0.425312 -0.297654
v -0.459150 0.471918 -0.302794
v -0.453935 0.515392 -0.298812
v -0.415951 0.540451 -0.267475
v -0.390606 0.563590 -0.247199
v -0.369543 0.583278 -0.231498
v -0.345072 0.594433 -0.214433
v -0.319638 0.160362 -0.251021
v -0.331497 0.176722 -0.269543
v -0.340044 0.201723 -0.282195
v -0.351697 0.229014 -0.297313
v -0.358916 0.262685 -0.306678
v -0.372270 0.297348 -0.322945
v -0.384319 0.336718 -0.337410
v -0.388576 0.380000 -0.342483
v -0.397323 0.425262 -0.352842
v -0.419385 0.476954 -0.378829
v -0.407683 0.519411 -0.364441
v -0.379527 0.547681 -0.330188
v -0.362314 0.574816 -0.308376
v -0.338226 0.589186 -0.277377
v -0.320010 0.600010 -0.251446
v -0.299817 0.152444 -0.264953
v -0.312525 0.167475 -0.291195
v -0.322555 0.191722 -0.310515
v -0.328367 0.223933 -0.321644
v -0.335025 0.258713 -0.332824
v -0.342776 0.296101 -0.344753
v -0.351471 0.336440 -0.357465
v -0.361638 0.380000 -0.371961
v -0.374227 0.427502 -0.389812
v -0.392308 0.481016 -0.415090
v -0.376849 0.522871 -0.392053
v -0.353423 0.553191 -0.356934
v -0.335736 0.579429 -0.328905
v -0.318435 0.598435 -0.299294
v -0.302377 0.610471 -0.268348
v -0.276499 0.142350 -0.279382
v -0.284327 0.162115 -0.303999
v -0.294653 0.185347 -0.328964
v -0.302759 0.216242 -0.347409
v -0.308478 0.252927 -0.360079
v -0.314386 0.292556 -0.371796
v -0.321630 0.334716 -0.384937
v -0.334527 0.380000 -0.407406
v -0.343348 0.429721 -0.422659
v -0.358799 0.485559 -0.448819
v -0.346567 0.530290 -0.425866
v -0.327363 0.563629 -0.389565
v -0.310701 0.590701 -0.356084
v -0.291357 0.606195 -0.315593
v -0.274309 0.614701 -0.275914
v -0.251346 0.127702 -0.298023
v -0.254338 0.154163 -0.318081
v -0.261997 0.179420 -0.343674
v -0.268169 0.211831 -0.363062
v -0.274453 0.248394 -0.380523
v -0.281855 0.288249 -0.398754
v -0.285865 0.333051 -0.408335
v -0.294917 0.380000 -0.428314
v -0.307932 0.432523 -0.456816
v -0.319000 0.490491 -0.480201
v -0.309257 0.537862 -0.456439
v -0.289180 0.569180 -0.408424
v -0.274214 0.595706 -0.369592
v -0.260540 0.614912 -0.330863
v -0.247845 0.626462 -0.291130
v -0.219570 0.116107 -0.312573
v -0.223207 0.141256 -0.338092
v -0.229949 0.166803 -0.368229
v -0.232604 0.204224 -0.383409
v -0.235950 0.244050 -0.397804
v -0.240151 0.286291 -0.412602
v -0.245098 0.331442 -0.428127
v -0.252905 0.380000 -0.451278
v -0.258196 0.432942 -0.466776
v -0.268329 0.492549 -0.495555
v -0.260572 0.540572 -0.469850
v -0.246938 0.574776 -0.424853
v -0.237144 0.605000 -0.388616
v -0.226163 0.624474 -0.346206
v -0.215330 0.634536 -0.301491
v -0.182921 0.106843 -0.323998
v -0.186955 0.128381 -0.357310
v -0.188740 0.162436 -0.377307
v -0.192616 0.196430 -0.402513
v -0.195964 0.236476 -0.422531
v -0.198749 0.281251 -0.437696
v -0.201844 0.329030 -0.452532
v -0.203508 0.380000 -0.460054
v -0.206880 0.433490 -0.474907
v -0.210765 0.490765 -0.490957
v -0.209333 0.543519 -0.481397
v -0.201198 0.580580 -0.439812
v -0.196575 0.616773 -0.410619
v -0.190844 0.642873 -0.373291
v -0.182178 0.650710 -0.321095
v -0.143304 0.095535 -0.337584
v -0.144312 0.124188 -0.363636
v -0.146553 0.152159 -0.395725
v -0.148343 0.188618 -0.420456
v -0.150526 0.229023 -0.445474
v -0.151258 0.277580 -0.455088
v -0.152322 0.327678 -0.465740
v -0.151914 0.380000 -0.462249
v -0.153903 0.433903 -0.479817
v -0.155681 0.491259 -0.494362
v -0.154584 0.543103 -0.481253
v -0.152191 0.586619 -0.453931
v -0.149423 0.621889 -0.420124
v -0.148113 0.657758 -0.394832
v -0.144480 0.672186 -0.346747
v -0.100000 0.078734 -0.357543
v -0.100000 0.115118 -0.376573
v -0.100000 0.149140 -0.401036
v -0.100000 0.183660 -0.431442
v -0.100000 0.224348 -0.459387
v -0.100000 0.274080 -0.470772
v -0.100000 0.326043 -0.480442
v -0.100000 0.380000 -0.486081
v -0.100000 0.435061 -0.490266
v -0.100000 0.486306 -0.472487
v -0.100000 0.538797 -0.468669
v -0.100000 0.586544 -0.453864
v -0.100000 0.630301 -0.434809
v -0.100000 0.668447 -0.410073
v -0.100000 0.691238 -0.369377
v -0.052316 0.066762 -0.371729
v -0.051841 0.101979 -0.395206
v -0.051104 0.140690 -0.415646
v -0.049370 0.179565 -0.440345
v -0.046062 0.218828 -0.475557
v -0.043260 0.266627 -0.503759
v -0.042964 0.322964 -0.507705
v -0.041894 0.380000 -0.517380
v -0.046343 0.433657 -0.477622
v -0.048085 0.483732 -0.460920
v -0.048558 0.533714 -0.453550
v -0.048342 0.584507 -0.449291
v -0.047099 0.638911 -0.449690
v -0.049662 0.670602 -0.413090
v -0.052095 0.694687 -0.373449
v 0.001020 0.047222 -0.394715
v 0.003710 0.079898 -0.426158
v 0.005872 0.120434 -0.450149
v 0.007713 0.166506 -0.468127
v 0.014283 0.209078 -0.503189
v 0.017865 0.262135 -0.522426
v 0.018842 0.320523 -0.528057
v 0.016764 0.380000 -0.518972
v 0.007273 0.433687 -0.476654
v 0.003719 0.483719 -0.459725
v 0.002685 0.533577 -0.452127
v 0.002194 0.582554 -0.444139
v 0.006462 0.641012 -0.452657
v 0.006918 0.689385 -0.439340
v 0.000667 0.711615 -0.393336
v 0.058844 0.029428 -0.415242
v 0.066068 0.058200 -0.455709
v 0.067684 0.104894 -0.475157
v 0.070643 0.153802 -0.493393
v 0.075702 0.204298 -0.514121
v 0.079337 0.260091 -0.527963
v 0.081199 0.319360 -0.534649
v 0.071737 0.380000 -0.506860
v 0.060974 0.433871 -0.474972
v 0.056799 0.484840 -0.461612
v 0.054069 0.534069 -0.450822
v 0.051037 0.580209 -0.436705
v 0.057456 0.638326 -0.446175
v 0.059278 0.688641 -0.437075
v 0.062163 0.737896 -0.423918
v 0.110548 0.029012 -0.414600
v 0.122485 0.054447 -0.458527
v 0.117693 0.110460 -0.461831
v 0.118770 0.161230 -0.472306
v 0.128234 0.207822 -0.497833
v 0.141170 0.258323 -0.528813
v 0.141596 0.318973 -0.530774
v 0.124846 0.380000 -0.494082
v 0.110220 0.433101 -0.461841
v 0.103422 0.482632 -0.446043
v 0.102082 0.532450 -0.440790
v 0.099813 0.579813 -0.431379
v 0.104388 0.633067 -0.433605
v 0.111257 0.689125 -0.435388
v 0.112189 0.733724 -0.417832
v 0.156120 0.035143 -0.405413
v 0.164686 0.067126 -0.436529
v 0.166538 0.113462 -0.450449
v 0.169310 0.162493 -0.461436
v 0.178540 0.210222 -0.481089
v 0.190565 0.261484 -0.503909
v 0.194179 0.319893 -0.510945
v 0.189574 0.380000 -0.503031
v 0.168212 0.434801 -0.465844
v 0.157415 0.484995 -0.446418
v 0.153520 0.534527 -0.437875
v 0.150395 0.582230 -0.429028
v 0.152090 0.632090 -0.426032
v 0.160510 0.687938 -0.429643
v 0.151154 0.718170 -0.397552
v 0.192685 0.046684 -0.388095
v 0.209871 0.070129 -0.424576
v 0.214546 0.113899 -0.438863
v 0.221010 0.160620 -0.452127
v 0.228001 0.210732 -0.464490
v 0.229086 0.266274 -0.467317
v 0.235502 0.321884 -0.476915
v 0.242204 0.380000 -0.486498
v 0.229638 0.437100 -0.468579
v 0.216082 0.489232 -0.448851
v 0.209885 0.539919 -0.438835
v 0.201425 0.585996 -0.424543
v 0.200718 0.634402 -0.419569
v 0.202640 0.682640 -0.414668
v 0.189749 0.709972 -0.384202
v 0.224114 0.055886 -0.370424
v 0.242153 0.079555 -0.398384
v 0.249151 0.120691 -0.410461
v 0.254328 0.167449 -0.418545
v 0.263009 0.215521 -0.429974
v 0.268148 0.268243 -0.436668
v 0.263930 0.324599 -0.431887
v 0.270148 0.380000 -0.439292
v 0.282844 0.438281 -0.454333
v 0.280756 0.495585 -0.451623
v 0.264546 0.545176 -0.431794
v 0.254541 0.592679 -0.418798
v 0.247588 0.638148 -0.408624
v 0.230707 0.670393 -0.385056
v 0.215302 0.695302 -0.360353
v 0.258779 0.066076 -0.313924
v 0.292419 0.084054 -0.337030
v 0.312846 0.119185 -0.351179
v 0.321463 0.165967 -0.356798
v 0.331561 0.214914 -0.364349
v 0.329407 0.270101 -0.362026
v 0.329291 0.324932 -0.361742
v 0.333536 0.380000 -0.365298
v 0.336839 0.436036 -0.368103
v 0.347562 0.494545 -0.377332
v 0.350046 0.552157 -0.379955
v 0.333624 0.600209 -0.367093
v 0.312834 0.640808 -0.351169
v 0.272619 0.661014 -0.320025
v 0.248587 0.685007 -0.305007
v 0.268917 0.063155 -0.278222
v 0.305843 0.083801 -0.296199
v 0.341046 0.112575 -0.316111
v 0.355628 0.158922 -0.323495
v 0.365138 0.210496 -0.328458
v 0.369184 0.265819 -0.330401
v 0.367959 0.322976 -0.329202
v 0.358763 0.380000 -0.322695
v 0.373175 0.437660 -0.332871
v 0.387457 0.498628 -0.343269
v 0.380639 0.555153 -0.339405
v 0.357421 0.601948 -0.324768
v 0.317068 0.632885 -0.298925
v 0.285373 0.661259 -0.281259
v 0.244660 0.676012 -0.259928
v 0.271569 0.063932 -0.234739
v 0.307720 0.087775 -0.247218
v 0.336566 0.121677 -0.258323
v 0.360496 0.162937 -0.268761
v 0.382959 0.209562 -0.279623
v 0.402351 0.261850 -0.289668
v 0.407780 0.320265 -0.292358
v 0.402746 0.380000 -0.289410
v 0.409938 0.439988 -0.293600
v 0.409187 0.499758 -0.293609
v 0.406966 0.558910 -0.293522
v 0.373274 0.603087 -0.276219
v 0.324937 0.631442 -0.251442
v 0.279565 0.652045 -0.230146
v 0.245726 0.674085 -0.218412
v 0.270759 0.066127 -0.188284
v 0.297650 0.097669 -0.192947
v 0.328959 0.129645 -0.202198
v 0.362698 0.165680 -0.214320
v 0.388725 0.210972 -0.224058
v 0.422286 0.259825 -0.238193
v 0.426124 0.319508 -0.239480
v 0.406804 0.380000 -0.230636
v 0.392207 0.436592 -0.224042
v 0.387042 0.492066 -0.222120
v 0.381725 0.546607 -0.220849
v 0.367830 0.596697 -0.216697
v 0.323928 0.627418 -0.199826
v 0.280174 0.649923 -0.184467
v 0.234657 0.663310 -0.169950
v 0.273879 0.064350 -0.143021
v 0.306903 0.092665 -0.148282
v 0.338019 0.126397 -0.154578
v 0.365996 0.166362 -0.161167
v 0.388724 0.212978 -0.167022
v 0.410723 0.264006 -0.173481
v 0.397840 0.323535 -0.168724
v 0.375859 0.380000 -0.161234
v 0.358188 0.431968 -0.155285
v 0.350354 0.482283 -0.152975
v 0.358171 0.536581 -0.156580
v 0.354216 0.588237 -0.157093
v 0.311177 0.618062 -0.145106
v 0.268092 0.639929 -0.134139
v 0.228618 0.657438 -0.125707
v 0.269698 0.068313 -0.094617
v 0.308032 0.092663 -0.099299
v 0.333904 0.129801 -0.102052
v 0.375589 0.163103 -0.109430
v 0.400156 0.210109 -0.113594
v 0.408133 0.265360 -0.114640
v 0.382819 0.325619 -0.108661
v 0.356319 0.380000 -0.102668
v 0.348621 0.430529 -0.100964
v 0.332191 0.477507 -0.097507
v 0.334474 0.527581 -0.098676
v 0.331830 0.576940 -0.099362
v 0.310955 0.616966 -0.096654
v 0.265651 0.637493 -0.088985
v 0.216517 0.646850 -0.081007
v 0.260454 0.076263 -0.046238
v 0.310089 0.091509 -0.049972
v 0.337268 0.128240 -0.051440
v 0.371673 0.165305 -0.054232
v 0.390128 0.213889 -0.055591
v 0.374499 0.273212 -0.053444
v 0.361899 0.328110 -0.051890
v 0.347028 0.380000 -0.050205
v 0.330803 0.428397 -0.048397
v 0.326096 0.475895 -0.047992
v 0.314639 0.520526 -0.047028
v 0.311687 0.567391 -0.047334
v 0.310892 0.616573 -0.048337
v 0.254827 0.629615 -0.043238
v 0.209073 0.640441 -0.039647
v 0.249347 0.085640 0.000000
v 0.273555 0.117241 0.000000
v 0.306321 0.146098 -0.000000
v 0.342813 0.178485 -0.000000
v 0.361782 0.223536 -0.000000
v 0.355950 0.277415 0.000000
v 0.331908 0.331493 0.000000
v 0.315688 0.380000 -0.000000
v 0.302033 0.425151 0.000000
v 0.297010 0.469324 -0.000000
v 0.303482 0.516710 0.000000
v 0.304043 0.563871 0.000000
v 0.303969 0.612548 0.000000
v 0.263328 0.635566 0.000000
v 0.218234 0.648145 0.000000
v 0.223349 0.107530 0.041478
v 0.238616 0.141789 0.041263
v 0.263250 0.170857 0.042732
v 0.293758 0.200770 0.045273
v 0.335413 0.232433 0.049385
v 0.344071 0.280060 0.050017
v 0.322851 0.332496 0.047504
v 0.305298 0.380000 0.045518
v 0.284448 0.423189 0.043189
v 0.277365 0.464928 0.042504
v 0.281772 0.509387 0.043301
v 0.288131 0.556668 0.044626
v 0.296940 0.608540 0.046696
v 0.265040 0.636800 0.044483
v 0.217812 0.647804 0.040768
v 0.194694 0.131548 0.075421
v 0.210484 0.161356 0.075560
v 0.230402 0.189482 0.077709
v 0.256190 0.217556 0.081957
v 0.294412 0.246027 0.089577
v 0.320786 0.285066 0.094934
v 0.312334 0.333558 0.092798
v 0.291041 0.380000 0.087981
v 0.272161 0.421917 0.083757
v 0.266449 0.462675 0.082675
v 0.264538 0.503825 0.082792
v 0.278768 0.552741 0.087152
v 0.287989 0.603724 0.091253
v 0.271022 0.641275 0.090292
v 0.233457 0.661132 0.085342
v 0.169772 0.152243 0.103197
v 0.183390 0.179883 0.103272
v 0.211637 0.199569 0.109978
v 0.241061 0.223639 0.117958
v 0.268926 0.253919 0.126081
v 0.299363 0.289298 0.135654
v 0.304460 0.334126 0.137077
v 0.281872 0.380000 0.129388
v 0.269542 0.421914 0.125242
v 0.252754 0.460116 0.119822
v 0.257379 0.502135 0.122135
v 0.265115 0.547389 0.126277
v 0.267563 0.592811 0.129714
v 0.277001 0.646220 0.137386
v 0.254617 0.679388 0.135653
v 0.147316 0.170630 0.125595
v 0.168621 0.189279 0.130340
v 0.193323 0.208807 0.138263
v 0.217123 0.233110 0.146890
v 0.243530 0.261188 0.157493
v 0.277503 0.293139 0.172164
v 0.291298 0.335010 0.178110
v 0.281860 0.380000 0.173776
v 0.264673 0.421929 0.165991
v 0.257651 0.462293 0.163110
v 0.249114 0.500743 0.160053
v 0.252726 0.543381 0.163381
v 0.260093 0.590162 0.169737
v 0.272714 0.644627 0.180847
v 0.257301 0.682481 0.181450
v 0.131314 0.183237 0.146132
v 0.151505 0.199739 0.152498
v 0.170109 0.220173 0.159827
v 0.190868 0.242894 0.169760
v 0.215233 0.268753 0.182513
v 0.252181 0.297169 0.203076
v 0.276534 0.335705 0.216792
v 0.266039 0.380000 0.210713
v 0.252273 0.421441 0.202823
v 0.242535 0.460562 0.197513
v 0.248900 0.503128 0.202005
v 0.259023 0.549232 0.209538
v 0.262742 0.594640 0.214640
v 0.269930 0.645140 0.224304
v 0.257659 0.684236 0.225951
v 0.115583 0.194846 0.162584
v 0.131577 0.210987 0.169013
v 0.149566 0.228678 0.178871
v 0.174131 0.246987 0.194632
v 0.196267 0.272035 0.209209
v 0.223336 0.301313 0.227694
v 0.249038 0.337467 0.245543
v 0.264930 0.380000 0.256693
v 0.251764 0.422865 0.247460
v 0.241144 0.463021 0.240234
v 0.250009 0.507549 0.247160
v 0.261951 0.555625 0.256985
v 0.258183 0.597181 0.256721
v 0.265220 0.646551 0.266551
v 0.248943 0.679690 0.263158
v 0.103388 0.202039 0.177961
v 0.116388 0.216810 0.185845
v 0.131336 0.233854 0.196781
v 0.154516 0.250748 0.215466
v 0.175729 0.274524 0.232787
v 0.196811 0.304037 0.250237
v 0.217848 0.339227 0.267835
v 0.243812 0.380000 0.289697
v 0.252753 0.425250 0.297248
v 0.250159 0.469617 0.295214
v 0.246033 0.512369 0.292141
v 0.250891 0.558194 0.297054
v 0.247822 0.599736 0.295868
v 0.245017 0.640197 0.296319
v 0.227185 0.666281 0.286281
v 0.080795 0.199205 0.206627
v 0.089831 0.213309 0.221029
v 0.101418 0.230410 0.236786
v 0.109540 0.254303 0.247517
v 0.127113 0.277095 0.269009
v 0.142996 0.306235 0.288223
v 0.156712 0.340921 0.304648
v 0.178082 0.380000 0.330028
v 0.186056 0.423547 0.339472
v 0.181189 0.465359 0.333524
v 0.180036 0.506884 0.331695
v 0.177621 0.546537 0.327937
v 0.174587 0.583931 0.322804
v 0.177720 0.623866 0.323362
v 0.174420 0.654420 0.313629
v 0.064497 0.192667 0.218120
v 0.072362 0.207638 0.236165
v 0.083154 0.225055 0.255541
v 0.091384 0.249207 0.269556
v 0.104390 0.274523 0.289441
v 0.114031 0.306035 0.303933
v 0.129491 0.340247 0.326221
v 0.135130 0.380000 0.334275
v 0.140112 0.421592 0.341318
v 0.143531 0.464160 0.345824
v 0.145077 0.506475 0.347060
v 0.149182 0.550292 0.350961
v 0.145538 0.587721 0.342581
v 0.155024 0.635024 0.349426
v 0.150780 0.665594 0.332529
v 0.050655 0.177148 0.238473
v 0.054780 0.197041 0.255269
v 0.064115 0.215885 0.277355
v 0.075668 0.238123 0.300990
v 0.082199 0.268945 0.314690
v 0.091243 0.301995 0.331661
v 0.099141 0.339311 0.345878
v 0.099153 0.380000 0.345957
v 0.096534 0.420156 0.341350
v 0.097702 0.460639 0.342862
v 0.099588 0.501654 0.344724
v 0.100678 0.542077 0.343843
v 0.102651 0.582651 0.342480
v 0.108316 0.626241 0.343562
v 0.112228 0.665758 0.335937
v 0.027109 0.168107 0.250296
v 0.032759 0.185738 0.273608
v 0.042209 0.203922 0.301693
v 0.051256 0.228744 0.326548
v 0.056516 0.261925 0.341400
v 0.060331 0.299109 0.351557
v 0.058725 0.339906 0.348711
v 0.054883 0.380000 0.340343
v 0.047613 0.417287 0.324297
v 0.046774 0.454052 0.321832
v 0.051874 0.494573 0.331275
v 0.051388 0.531388 0.326834
v 0.055192 0.572153 0.329236
v 0.059381 0.613216 0.328474
v 0.069930 0.663277 0.334618
v 0.002285 0.154255 0.267389
v 0.005066 0.176408 0.288312
v 0.011835 0.196522 0.316900
v 0.016389 0.225719 0.336525
v 0.021832 0.258168 0.356494
v 0.018983 0.300445 0.350282
v 0.017906 0.340542 0.347895
v 0.012601 0.380000 0.332326
v 0.006527 0.415650 0.314320
v 0.003991 0.449531 0.306146
v 0.004291 0.484291 0.305166
v 0.005728 0.520149 0.305699
v 0.009531 0.559698 0.310370
v 0.017484 0.607655 0.322387
v 0.025503 0.656988 0.328085
v -0.024868 0.132503 0.293561
v -0.024150 0.160514 0.311680
v -0.018841 0.181022 0.345074
v -0.018247 0.217962 0.355301
v -0.019800 0.260052 0.353124
v -0.023945 0.303945 0.337107
v -0.025921 0.342926 0.329160
v -0.028746 0.380000 0.316697
v -0.031701 0.414182 0.303479
v -0.033366 0.446634 0.295348
v -0.033306 0.479748 0.293656
v -0.032856 0.513084 0.291813
v -0.028088 0.556306 0.305755
v -0.023866 0.600307 0.312845
v -0.018806 0.647468 0.317250
v -0.059207 0.112031 0.318007
v -0.059243 0.144712 0.334462
v -0.057866 0.173787 0.358161
v -0.058945 0.217469 0.357072
v -0.061323 0.264430 0.341003
v -0.063009 0.306086 0.328425
v -0.064909 0.344909 0.312360
v -0.065992 0.380000 0.302814
v -0.066927 0.413073 0.294397
v -0.067728 0.444483 0.286522
v -0.068012 0.475584 0.282033
v -0.067856 0.507253 0.279567
v -0.065851 0.547134 0.290287
v -0.063537 0.590499 0.299223
v -0.060351 0.640451 0.309085
v -0.100000 0.094803 0.338472
v -0.100000 0.131046 0.353929
v -0.100000 0.171059 0.362960
v -0.100000 0.214947 0.362690
v -0.100000 0.261842 0.348727
v -0.100000 0.305611 0.330632
v -0.100000 0.345756 0.304914
v -0.100000 0.380000 0.293530
v -0.100000 0.411857 0.283655
v -0.100000 0.442102 0.276021
v -0.100000 0.471437 0.269863
v -0.100000 0.504182 0.272881
v -0.100000 0.544398 0.285582
v -0.100000 0.585972 0.292822
v -0.100000 0.641698 0.310584
v -0.143333 0.095347 0.337807
v -0.144527 0.122947 0.365400
v -0.142496 0.172013 0.361242
v -0.143151 0.209169 0.375306
v -0.140562 0.258795 0.357629
v -0.137760 0.304550 0.335250
v -0.134296 0.345704 0.305287
v -0.132845 0.380000 0.292453
v -0.132177 0.412177 0.286419
v -0.130193 0.440329 0.268062
v -0.130365 0.470733 0.267718
v -0.131271 0.503799 0.271979
v -0.133359 0.543266 0.283568
v -0.135889 0.587189 0.294519
v -0.139275 0.637996 0.306172
v -0.185757 0.097503 0.335076
v -0.188908 0.122730 0.365335
v -0.188677 0.162592 0.377036
v -0.184774 0.211973 0.368432
v -0.178581 0.262474 0.345994
v -0.176474 0.303526 0.338964
v -0.169098 0.345419 0.307026
v -0.166147 0.380000 0.293998
v -0.165180 0.412620 0.289617
v -0.162515 0.442515 0.277092
v -0.160608 0.470645 0.266857
v -0.163573 0.506005 0.276291
v -0.167493 0.545473 0.286970
v -0.171883 0.588006 0.295377
v -0.177790 0.636255 0.303949
v -0.228456 0.096495 0.335803
v -0.232507 0.123233 0.363614
v -0.229283 0.167895 0.366343
v -0.225263 0.213955 0.362184
v -0.217517 0.262483 0.343868
v -0.212783 0.304591 0.332030
v -0.207378 0.344065 0.316831
v -0.200919 0.380000 0.297848
v -0.198369 0.412920 0.290248
v -0.195167 0.443631 0.280171
v -0.194667 0.474667 0.277004
v -0.198617 0.510724 0.285140
v -0.204602 0.551611 0.296403
v -0.213758 0.600435 0.312164
v -0.218106 0.640662 0.308746
v -0.270303 0.096100 0.335353
v -0.272184 0.128050 0.354860
v -0.265272 0.175365 0.350622
v -0.264416 0.215584 0.354960
v -0.255202 0.262917 0.338533
v -0.250960 0.303837 0.331010
v -0.249530 0.342229 0.328509
v -0.240934 0.380000 0.309692
v -0.231775 0.413286 0.289503
v -0.230976 0.446081 0.287191
v -0.232251 0.479769 0.288471
v -0.236002 0.516002 0.293616
v -0.242761 0.556762 0.302865
v -0.253022 0.603911 0.315368
v -0.254809 0.638070 0.304842
v -0.294919 0.117548 0.308538
v -0.297836 0.146147 0.326278
v -0.296364 0.183636 0.331856
v -0.291269 0.225522 0.327721
v -0.286306 0.266441 0.321784
v -0.288569 0.303086 0.327023
v -0.284186 0.342367 0.319903
v -0.274379 0.380000 0.302922
v -0.268862 0.414502 0.293288
v -0.266733 0.448007 0.289154
v -0.267226 0.481928 0.288829
v -0.275338 0.521611 0.300425
v -0.275857 0.555857 0.297198
v -0.286173 0.600067 0.307043
v -0.292917 0.639757 0.305370
v -0.318570 0.131087 0.289820
v -0.320730 0.159270 0.302438
v -0.317391 0.196091 0.303310
v -0.308918 0.237225 0.294251
v -0.305700 0.273846 0.291297
v -0.308664 0.307889 0.296313
v -0.302719 0.344885 0.288164
v -0.298581 0.380000 0.282314
v -0.301259 0.414862 0.286090
v -0.302514 0.449985 0.287579
v -0.304771 0.485674 0.289981
v -0.307662 0.521917 0.292482
v -0.303837 0.552443 0.284398
v -0.315363 0.595363 0.295084
v -0.317016 0.627142 0.287759
v -0.334933 0.145066 0.268501
v -0.340268 0.169021 0.279754
v -0.335939 0.204772 0.277369
v -0.332226 0.240694 0.274313
v -0.324784 0.278150 0.266250
v -0.317690 0.313917 0.258206
v -0.311161 0.347855 0.250592
v -0.308568 0.380000 0.247529
v -0.309416 0.411880 0.248521
v -0.310695 0.443960 0.249910
v -0.324819 0.481865 0.266292
v -0.329725 0.517806 0.271360
v -0.330115 0.550903 0.270523
v -0.332585 0.584233 0.270809
v -0.328485 0.608485 0.261132
v -0.307973 0.142311 -0.207973
v -0.287848 0.130917 -0.213926
v -0.260190 0.126434 -0.215691
v -0.237263 0.109708 -0.228821
v -0.209686 0.093263 -0.242080
v -0.179297 0.070161 -0.261220
v -0.141086 0.059711 -0.269892
v -0.100000 0.040869 -0.285752
v -0.053859 0.020304 -0.303098
v -0.002703 -0.000169 -0.320514
v 0.041204 0.010871 -0.311640
v 0.083759 0.018151 -0.306330
v 0.122230 0.028230 -0.299226
v 0.165210 0.028336 -0.302027
v 0.195153 0.042675 -0.295153
v -0.306273 0.139827 -0.181129
v -0.290731 0.118666 -0.190731
v -0.261139 0.114244 -0.190475
v -0.236233 0.099232 -0.199345
v -0.207203 0.085823 -0.207734
v -0.174779 0.072723 -0.216385
v -0.140210 0.050024 -0.232133
v -0.100000 0.026094 -0.248939
v -0.054281 0.004819 -0.263934
v -0.007857 0.001371 -0.266632
v 0.034330 0.011384 -0.260299
v 0.077882 0.013397 -0.260287
v 0.122816 0.012524 -0.263381
v 0.163253 0.019298 -0.263253
v 0.195680 0.035727 -0.259636
v -0.299686 0.145250 -0.148303
v -0.279633 0.129371 -0.151967
v -0.265564 0.100196 -0.165564
v -0.238222 0.086765 -0.171142
v -0.208729 0.071903 -0.178382
v -0.176722 0.053791 -0.188100
v -0.140081 0.039289 -0.196166
v -0.100000 0.013684 -0.210873
v -0.055026 -0.002304 -0.220114
v -0.012996 0.010075 -0.213307
v 0.027105 0.019829 -0.208531
v 0.068263 0.023033 -0.208338
v 0.114030 0.018289 -0.214030
v 0.160866 0.016033 -0.220688
v 0.198070 0.029589 -0.221372
v -0.284518 0.162040 -0.110687
v -0.275785 0.132415 -0.120132
v -0.256326 0.112150 -0.126256
v -0.240677 0.076290 -0.140677
v -0.209936 0.062133 -0.145727
v -0.176979 0.045446 -0.152576
v -0.141702 0.017297 -0.165094
v -0.100000 0.008027 -0.169277
v -0.055958 -0.003051 -0.174356
v -0.015531 0.012896 -0.167421
v 0.023741 0.022217 -0.164027
v 0.067128 0.019184 -0.167128
v 0.107814 0.023931 -0.167840
v 0.155284 0.020444 -0.174463
v 0.198522 0.027375 -0.179075
v -0.277412 0.169861 -0.080385
v -0.269084 0.140556 -0.087257
v -0.254178 0.113707 -0.093976
v -0.237842 0.079333 -0.103987
v -0.209787 0.058753 -0.109787
v -0.178353 0.035008 -0.117186
v -0.142334 0.006749 -0.126499
v -0.100000 0.009571 -0.125511
v -0.058308 0.012412 -0.124580
v -0.020439 0.029692 -0.118991
v 0.020129 0.028491 -0.120129
v 0.060087 0.030812 -0.120769
v 0.102192 0.030778 -0.123242
v 0.150880 0.024722 -0.129469
v 0.195953 0.029452 -0.134096
v -0.270456 0.177819 -0.051745
v -0.266482 0.143588 -0.057533
v -0.254797 0.111545 -0.063139
v -0.232801 0.088807 -0.067002
v -0.209026 0.059030 -0.072898
v -0.181585 0.018381 -0.081585
v -0.140651 0.019084 -0.081226
v -0.100000 0.019041 -0.081213
v -0.061541 0.038541 -0.076847
v -0.022343 0.035793 -0.077657
v 0.016469 0.037119 -0.077874
v 0.054430 0.041382 -0.077914
v 0.100994 0.031430 -0.081982
v 0.140959 0.037828 -0.083271
v 0.182996 0.044332 -0.085908
v -0.269574 0.178761 -0.025814
v -0.259364 0.153465 -0.027605
v -0.250711 0.118239 -0.030793
v -0.229186 0.096186 -0.032632
v -0.203790 0.073755 -0.034734
v -0.179182 0.028167 -0.039628
v -0.139289 0.030273 -0.039289
v -0.100000 0.048001 -0.037286
v -0.062332 0.044703 -0.037668
v -0.023734 0.041121 -0.038169
v 0.013055 0.046419 -0.037835
v 0.050060 0.050326 -0.037905
v 0.092687 0.045332 -0.039370
v 0.128104 0.055751 -0.039512
v 0.171331 0.058003 -0.041305
v -0.276391 0.170659 0.000000
v -0.263450 0.147630 0.000000
v -0.248817 0.121483 -0.000000
v -0.231448 0.091154 -0.000000
v -0.206270 0.066357 -0.000000
v -0.177015 0.037697 0.000000
v -0.139062 0.032192 0.000000
v -0.100000 0.046069 -0.000000
v -0.062931 0.049930 0.000000
v -0.026213 0.052045 -0.000000
v 0.009401 0.057119 0.000000
v 0.046104 0.058948 0.000000
v 0.082177 0.063532 0.000000
v 0.119412 0.068071 0.000000
v 0.164913 0.065601 0.000000
v -0.281280 0.164870 0.027596
v -0.266940 0.142696 0.028917
v -0.248278 0.122464 0.030296
v -0.229346 0.095834 0.032673
v -0.207496 0.062822 0.035974
v -0.177772 0.034429 0.038923
v -0.138769 0.034901 0.038769
v -0.100000 0.045911 0.037521
v -0.063093 0.051476 0.036907
v -0.028202 0.060976 0.035933
v 0.006076 0.067012 0.035499
v 0.042554 0.066817 0.036009
v 0.078270 0.070373 0.036424
v 0.115934 0.073050 0.037404
v 0.152714 0.080097 0.038471
v -0.285465 0.160016 0.056301
v -0.271629 0.136280 0.059312
v -0.251741 0.116846 0.061892
v -0.227862 0.099638 0.064510
v -0.207036 0.064889 0.071567
v -0.178776 0.030832 0.078776
v -0.139352 0.030617 0.078630
v -0.100000 0.040390 0.076409
v -0.062678 0.048639 0.074574
v -0.027518 0.058730 0.072482
v 0.006507 0.066445 0.071213
v 0.040127 0.072743 0.070698
v 0.074905 0.076674 0.071340
v 0.110711 0.080781 0.072818
v 0.150269 0.083151 0.075973
v -0.281772 0.164697 0.082361
v -0.268135 0.141899 0.086768
v -0.253924 0.114145 0.093821
v -0.231022 0.094210 0.098842
v -0.206962 0.067018 0.106962
v -0.178627 0.033804 0.117595
v -0.139808 0.029023 0.118951
v -0.100000 0.035403 0.116758
v -0.062505 0.049418 0.112038
v -0.026472 0.056254 0.109969
v 0.005969 0.069923 0.105969
v 0.038116 0.078736 0.104194
v 0.076261 0.075565 0.107436
v 0.110611 0.081749 0.108688
v 0.126749 0.111422 0.102740
v -0.287309 0.158744 0.112361
v -0.278611 0.128434 0.122064
v -0.261720 0.102909 0.130612
v -0.243137 0.070979 0.143137
v -0.216267 0.043828 0.154120
v -0.179872 0.032871 0.158311
v -0.139067 0.040222 0.154659
v -0.100000 0.050946 0.149746
v -0.063307 0.060863 0.145264
v -0.027222 0.063702 0.144251
v 0.007418 0.069413 0.142390
v 0.042220 0.072960 0.142220
v 0.068401 0.091461 0.136008
v 0.096492 0.103251 0.134283
v 0.112772 0.128666 0.127636
v -0.299844 0.145064 0.148421
v -0.287160 0.118870 0.158334
v -0.273142 0.087389 0.173142
v -0.248845 0.064228 0.184295
v -0.219856 0.040371 0.196638
v -0.180969 0.035737 0.198510
v -0.138662 0.051354 0.189220
v -0.100000 0.052117 0.188749
v -0.061709 0.054504 0.187406
v -0.025755 0.064323 0.182027
v 0.010198 0.067739 0.180793
v 0.036748 0.089892 0.169317
v 0.061628 0.106848 0.161628
v 0.085740 0.120850 0.157133
v 0.101981 0.142551 0.150008
v -0.312826 0.132197 0.186883
v -0.300014 0.105946 0.200014
v -0.279051 0.084703 0.211648
v -0.256494 0.057477 0.228991
v -0.221072 0.047767 0.234607
v -0.180698 0.048399 0.233514
v -0.139201 0.058302 0.226309
v -0.100000 0.057222 0.227043
v -0.060955 0.059589 0.225404
v -0.025070 0.072103 0.216822
v 0.009804 0.078685 0.212774
v 0.033742 0.104367 0.195699
v 0.053847 0.126270 0.181856
v 0.076365 0.138350 0.176365
v 0.091815 0.156661 0.168433
v -0.323120 0.125001 0.223120
v -0.307287 0.105141 0.236063
v -0.287259 0.083586 0.252139
v -0.260860 0.063242 0.268158
v -0.220967 0.063774 0.266977
v -0.178769 0.072225 0.259480
v -0.141160 0.059130 0.270381
v -0.100000 0.070055 0.261160
v -0.060630 0.073090 0.258618
v -0.026595 0.093184 0.241810
v 0.006771 0.100885 0.235645
v 0.033439 0.117240 0.222445
v 0.052611 0.138431 0.205486
v 0.070063 0.154500 0.193671
v 0.083484 0.170300 0.183484
v 0.190566 0.712083 -0.290566
v 0.159193 0.723685 -0.295175
v 0.127145 0.739549 -0.305843
v 0.090863 0.755839 -0.318174
v 0.048072 0.767082 -0.326797
v -0.005041 0.751033 -0.312813
v -0.056006 0.722958 -0.288994
v -0.100000 0.693555 -0.264202
v -0.138134 0.677275 -0.250499
v -0.171380 0.658901 -0.235137
v -0.200568 0.642900 -0.221956
v -0.227592 0.631248 -0.212699
v -0.255525 0.626181 -0.209409
v -0.280772 0.619700 -0.205867
v -0.304865 0.614136 -0.204865
v 0.184642 0.711421 -0.249944
v 0.147854 0.719602 -0.247854
v 0.111283 0.728456 -0.249748
v 0.077953 0.746749 -0.260391
v 0.042187 0.770176 -0.275524
v -0.008747 0.754971 -0.264056
v -0.058387 0.721485 -0.240229
v -0.100000 0.697084 -0.223038
v -0.134965 0.666931 -0.201851
v -0.166465 0.653112 -0.192326
v -0.195205 0.641253 -0.184485
v -0.219549 0.626383 -0.174932
v -0.247054 0.622527 -0.173827
v -0.269177 0.611801 -0.169177
v -0.297115 0.609509 -0.173086
v 0.175475 0.703848 -0.204591
v 0.136287 0.709673 -0.199895
v 0.097717 0.714142 -0.197717
v 0.065836 0.731818 -0.205333
v 0.030684 0.750312 -0.214403
v -0.013704 0.746916 -0.211572
v -0.060116 0.719038 -0.195203
v -0.100000 0.696612 -0.182261
v -0.133976 0.668815 -0.166287
v -0.164075 0.652434 -0.157091
v -0.190626 0.636802 -0.148683
v -0.216765 0.627714 -0.144574
v -0.242920 0.621535 -0.142920
v -0.267111 0.613157 -0.141373
v -0.293021 0.606915 -0.143354
v 0.165627 0.693769 -0.159342
v 0.122143 0.692879 -0.151814
v 0.089764 0.705142 -0.153262
v 0.058158 0.721449 -0.158158
v 0.024291 0.739371 -0.164756
v -0.013703 0.755053 -0.171046
v -0.060286 0.725408 -0.157222
v -0.100000 0.691398 -0.141711
v -0.132579 0.663352 -0.128975
v -0.161242 0.646161 -0.121385
v -0.187241 0.632247 -0.115644
v -0.211678 0.621103 -0.111678
v -0.236705 0.614231 -0.110409
v -0.262974 0.609542 -0.111377
v -0.290503 0.605029 -0.114277
v 0.147836 0.673554 -0.112294
v 0.112721 0.681239 -0.109777
v 0.081772 0.693954 -0.110795
v 0.050718 0.708752 -0.113701
v 0.020626 0.732965 -0.120626
v -0.016289 0.748583 -0.125199
v -0.061023 0.723653 -0.116468
v -0.100000 0.686903 -0.103987
v -0.132091 0.662935 -0.095890
v -0.159435 0.641693 -0.088891
v -0.183930 0.625587 -0.083930
v -0.206942 0.613266 -0.080676
v -0.232989 0.609697 -0.081061
v -0.260005 0.606587 -0.082572
v -0.292511 0.608024 -0.087227
v 0.138565 0.662967 -0.072420
v 0.105573 0.671923 -0.071043
v 0.074258 0.682205 -0.071077
v 0.044691 0.697265 -0.073001
v 0.016334 0.722485 -0.077784
v -0.017479 0.745769 -0.082521
v -0.060164 0.733682 -0.079598
v -0.100000 0.694934 -0.070857
v -0.132579 0.669247 -0.065096
v -0.158910 0.641115 -0.058910
v -0.183829 0.626791 -0.056050
v -0.208599 0.618125 -0.054791
v -0.237271 0.618060 -0.055990
v -0.264997 0.614303 -0.057020
v -0.290221 0.605625 -0.057745
v 0.137969 0.662405 -0.036226
v 0.102838 0.668334 -0.035136
v 0.073359 0.681099 -0.035421
v 0.045516 0.699691 -0.036757
v 0.015588 0.721055 -0.038683
v -0.019656 0.736998 -0.040210
v -0.061867 0.719437 -0.038133
v -0.100000 0.711659 -0.037248
v -0.133563 0.678756 -0.033563
v -0.161745 0.654355 -0.030901
v -0.189712 0.644704 -0.030023
v -0.213501 0.629357 -0.028670
v -0.240967 0.624838 -0.028802
v -0.272631 0.625395 -0.029903
v -0.295316 0.611788 -0.029733
v 0.139691 0.664466 0.000000
v 0.106317 0.673313 0.000000
v 0.075107 0.684186 -0.000000
v 0.048435 0.706174 -0.000000
v 0.017807 0.727691 -0.000000
v -0.021498 0.728910 -0.000000
v -0.063383 0.706038 -0.000000
v -0.100000 0.706775 -0.000000
v -0.135916 0.699795 0.000000
v -0.166548 0.675782 -0.000000
v -0.194804 0.659802 0.000000
v -0.221310 0.646569 0.000000
v -0.249976 0.640530 0.000000
v -0.281844 0.638520 0.000000
v -0.306432 0.624993 0.000000
v 0.151215 0.678125 0.038243
v 0.115355 0.686126 0.037304
v 0.084093 0.699741 0.037614
v 0.056179 0.723117 0.039451
v 0.018681 0.730181 0.039718
v -0.023613 0.719417 0.038230
v -0.063388 0.705895 0.036612
v -0.100000 0.695452 0.035428
v -0.135034 0.691850 0.035034
v -0.169473 0.688695 0.034769
v -0.201007 0.678033 0.033803
v -0.228534 0.662383 0.032468
v -0.255967 0.650891 0.031867
v -0.284690 0.642536 0.031992
v -0.312210 0.631836 0.032305
v 0.158985 0.687187 0.078619
v 0.122436 0.695870 0.076870
v 0.096353 0.720523 0.080089
v 0.060881 0.732763 0.081169
v 0.015342 0.719564 0.077121
v -0.025956 0.708194 0.074044
v -0.063747 0.701868 0.072438
v -0.100000 0.690158 0.069783
v -0.134417 0.685566 0.068769
v -0.172055 0.699378 0.072055
v -0.207663 0.696956 0.071986
v -0.238272 0.683189 0.069762
v -0.267798 0.671002 0.068442
v -0.294925 0.656803 0.067363
v -0.317845 0.638390 0.066130
v 0.176569 0.707588 0.125313
v 0.141698 0.722275 0.124731
v 0.105342 0.734662 0.125161
v 0.059640 0.728213 0.120431
v 0.014676 0.715554 0.114676
v -0.026647 0.702975 0.109707
v -0.064177 0.695840 0.107042
v -0.100000 0.691491 0.105541
v -0.135339 0.691578 0.105598
v -0.171490 0.694774 0.106921
v -0.209985 0.701827 0.109985
v -0.245661 0.697723 0.109886
v -0.283853 0.697547 0.112063
v -0.309402 0.676539 0.108064
v -0.331151 0.653792 0.104734
v 0.184372 0.715911 0.170587
v 0.150175 0.732359 0.170971
v 0.108378 0.737036 0.168296
v 0.058577 0.722355 0.158577
v 0.015028 0.712590 0.152477
v -0.026789 0.698178 0.145108
v -0.064429 0.689375 0.140820
v -0.100000 0.693490 0.142662
v -0.135751 0.690938 0.141532
v -0.172759 0.696215 0.144213
v -0.211532 0.702480 0.147843
v -0.248226 0.700007 0.148226
v -0.285902 0.698525 0.150143
v -0.322202 0.692961 0.151854
v -0.342836 0.666848 0.145671
v 0.192754 0.724161 0.217423
v 0.153788 0.734092 0.214701
v 0.111111 0.736777 0.211111
v 0.061193 0.721968 0.199584
v 0.016481 0.710064 0.191100
v -0.024584 0.700656 0.184898
v -0.063637 0.689110 0.177972
v -0.100000 0.689337 0.178072
v -0.137111 0.695468 0.181632
v -0.177076 0.707713 0.188967
v -0.213293 0.701030 0.185870
v -0.248390 0.694807 0.183732
v -0.286406 0.695026 0.186406
v -0.318248 0.684506 0.184635
v -0.348933 0.672646 0.184879
v 0.186714 0.713833 0.251763
v 0.152273 0.725657 0.252273
v 0.111575 0.728937 0.250094
v 0.064015 0.718025 0.239997
v 0.018970 0.706468 0.230536
v -0.022398 0.698875 0.224553
v -0.060578 0.703508 0.227583
v -0.100000 0.693990 0.220861
v -0.138014 0.691956 0.219456
v -0.178135 0.701067 0.226096
v -0.217083 0.701289 0.226879
v -0.251746 0.692738 0.222044
v -0.285425 0.685809 0.219182
v -0.313976 0.673184 0.213976
v -0.338908 0.658172 0.209785
v 0.177901 0.697608 0.277901
v 0.147049 0.707582 0.281345
v 0.113380 0.717760 0.287309
v 0.067457 0.709747 0.279154
v 0.022005 0.698939 0.269267
v -0.019213 0.695658 0.266127
v -0.059483 0.695857 0.266157
v -0.100000 0.693017 0.263748
v -0.139934 0.691314 0.262329
v -0.178463 0.686579 0.258472
v -0.219021 0.691140 0.262683
v -0.256607 0.688383 0.261068
v -0.288404 0.678225 0.253679
v -0.320230 0.672020 0.250802
v -0.334663 0.648192 0.234663
v -0.323481 0.156519 -0.214737
v -0.325149 0.154851 -0.193050
v -0.318237 0.161763 -0.160793
v -0.301176 0.178824 -0.122498
v -0.288915 0.191085 -0.090120
v -0.286120 0.193880 -0.063776
v -0.275941 0.204059 -0.036314
v -0.277928 0.202072 -0.012267
v -0.288345 0.191655 0.012985
v -0.295050 0.184950 0.040258
v -0.299146 0.180854 0.068239
v -0.299721 0.180279 0.095275
v -0.308340 0.171660 0.126860
v -0.320330 0.159670 0.162335
v -0.331223 0.148777 0.198257
v -0.330423 0.149577 0.221408
v -0.334335 0.154834 0.234335
v -0.341497 0.172933 0.241497
v -0.340962 0.202463 0.240962
v -0.342602 0.232278 0.242602
v -0.336492 0.267184 0.236492
v -0.332328 0.300390 0.232328
v -0.328154 0.332909 0.228154
v -0.327848 0.364292 0.227848
v -0.323740 0.395425 0.223740
v -0.315719 0.424524 0.215719
v -0.322366 0.456196 0.222366
v -0.337720 0.493402 0.237720
v -0.342009 0.527361 0.242009
v -0.341062 0.557610 0.241062
v -0.338515 0.584510 0.238515
v -0.333754 0.604608 0.233754
v -0.338075 0.618075 0.228760
v -0.341417 0.621417 0.206998
v -0.345673 0.625673 0.181007
v -0.343557 0.623557 0.148304
v -0.348249 0.628249 0.118425
v -0.341905 0.621905 0.082891
v -0.340159 0.620159 0.049569
v -0.334232 0.614232 0.016148
v -0.323935 0.603935 -0.015438
v -0.319864 0.599864 -0.045380
v -0.319569 0.599569 -0.075238
v -0.319815 0.599815 -0.104861
v -0.319204 0.599204 -0.133475
v -0.322811 0.602811 -0.164163
v -0.325284 0.605284 -0.193165
v -0.323086 0.603086 -0.214358
v -0.327772 0.598860 -0.227772
v -0.344791 0.589891 -0.244791
v -0.368174 0.577586 -0.268174
v -0.391388 0.557428 -0.291388
v -0.418598 0.531984 -0.318598
v -0.442550 0.497379 -0.342550
v -0.440117 0.450200 -0.340117
v -0.424966 0.402404 -0.324966
v -0.416852 0.358156 -0.316852
v -0.408587 0.316307 -0.308587
v -0.391380 0.280155 -0.291380
v -0.375777 0.248443 -0.275777
v -0.364331 0.219047 -0.264331
v -0.350747 0.195254 -0.250747
v -0.340895 0.173449 -0.240895
v -0.326879 0.161998 -0.226879
v 0.219398 0.047597 -0.332403
v 0.185882 0.046582 -0.333418
v 0.154683 0.034330 -0.345670
v 0.118553 0.021074 -0.358926
v 0.073451 0.016402 -0.363598
v 0.024782 0.015843 -0.364157
v -0.026726 0.024991 -0.355009
v -0.077399 0.052174 -0.327826
v -0.121751 0.064504 -0.315496
v -0.162128 0.078992 -0.301008
v -0.199255 0.090340 -0.289660
v -0.231638 0.104053 -0.275947
v -0.255851 0.124049 -0.255951
v -0.280851 0.134539 -0.245461
v -0.301979 0.144436 -0.235564
v -0.316565 0.154617 -0.225383
v -0.316523 0.605340 -0.225340
v -0.299656 0.612854 -0.232854
v -0.276673 0.619790 -0.239790
v -0.249424 0.625397 -0.245397
v -0.221059 0.633771 -0.253771
v -0.192101 0.648781 -0.268781
v -0.159674 0.669117 -0.289117
v -0.120992 0.684497 -0.304497
v -0.077682 0.703720 -0.323720
v -0.029461 0.721760 -0.341760
v 0.024386 0.742999 -0.362999
v 0.082846 0.763293 -0.383293
v 0.122739 0.745800 -0.365800
v 0.155445 0.726704 -0.346703
v 0.193536 0.722345 -0.342345
v 0.212455 0.705178 -0.325178
v 0.229403 0.696515 -0.329403
v 0.245932 0.676612 -0.345932
v 0.272827 0.654692 -0.372827
v 0.303233 0.625532 -0.403233
v 0.307464 0.574377 -0.407464
v 0.324857 0.525582 -0.424857
v 0.313730 0.465394 -0.413730
v 0.299911 0.407570 -0.399911
v 0.301290 0.352335 -0.401290
v 0.294030 0.298672 -0.394030
v 0.298391 0.243487 -0.398391
v 0.294961 0.191588 -0.394961
v 0.288526 0.143423 -0.388526
v 0.283560 0.097400 -0.383560
v 0.255549 0.075142 -0.355549
v 0.238314 0.054922 -0.338315
v 0.091100 0.188900 0.183623
v 0.099430 0.180570 0.170997
v 0.110341 0.169659 0.154975
v 0.124294 0.155706 0.136575
v 0.139922 0.140078 0.114452
v 0.161789 0.118211 0.089705
v 0.186980 0.093020 0.059233
v 0.206430 0.073570 0.021126
v 0.214147 0.065853 -0.021658
v 0.218070 0.061930 -0.065650
v 0.239026 0.040974 -0.116171
v 0.241139 0.038861 -0.162737
v 0.233485 0.046515 -0.203062
v 0.233576 0.046424 -0.245773
v 0.226178 0.053822 -0.279674
v 0.228403 0.051598 -0.315553
v 0.218189 0.698189 -0.305739
v 0.219523 0.699523 -0.273968
v 0.214916 0.694916 -0.232025
v 0.208908 0.688908 -0.188097
v 0.196037 0.676037 -0.141222
v 0.182377 0.662377 -0.096760
v 0.178405 0.658405 -0.057463
v 0.179733 0.659733 -0.019285
v 0.178532 0.658532 0.019202
v 0.188086 0.668086 0.059461
v 0.202911 0.682911 0.103796
v 0.218906 0.698905 0.152131
v 0.227687 0.707687 0.199531
v 0.222597 0.702597 0.237684
v 0.214095 0.694095 0.269314
v 0.200414 0.680414 0.288660
v 0.193534 0.662049 0.293534
v 0.204613 0.641184 0.304613
v 0.212868 0.610515 0.312868
v 0.209796 0.568637 0.309796
v 0.205999 0.525974 0.305999
v 0.212035 0.486922 0.312035
v 0.218839 0.445808 0.318839
v 0.219449 0.402023 0.319449
v 0.205269 0.358954 0.305269
v 0.182931 0.321603 0.282931
v 0.156449 0.292125 0.256449
v 0.140277 0.265378 0.240277
v 0.126507 0.242078 0.226507
v 0.111015 0.224528 0.211015
v 0.096735 0.211314 0.196735
v 0.091088 0.196388 0.191088
v -0.328577 0.142115 0.237885
v -0.324316 0.118386 0.261614
v -0.302242 0.105507 0.274493
v -0.278823 0.086323 0.293677
v -0.245630 0.074723 0.305277
v -0.204701 0.074446 0.305554
v -0.161350 0.082762 0.297238
v -0.120921 0.076543 0.303457
v -0.079606 0.084186 0.295814
v -0.042059 0.099281 0.280719
v -0.011294 0.121127 0.258873
v 0.017248 0.134218 0.245782
v 0.040984 0.148465 0.231535
v 0.059556 0.163443 0.216557
v 0.072888 0.178365 0.201635
v 0.083721 0.188798 0.191202
v 0.185584 0.677213 0.297213
v 0.159055 0.682130 0.302130
v 0.125122 0.685547 0.305547
v 0.085898 0.685298 0.305298
v 0.048138 0.690536 0.310536
v 0.005373 0.687513 0.307513
v -0.037306 0.683750 0.303750
v -0.079388 0.678972 0.298972
v -0.120740 0.680837 0.300837
v -0.160464 0.672947 0.292947
v -0.202337 0.678653 0.298653
v -0.241680 0.676997 0.296997
v -0.278016 0.672353 0.292353
v -0.304744 0.657889 0.277889
v -0.321058 0.637815 0.257815
v -0.331609 0.621040 0.241040
v -0.342775 0.182364 0.210204
v -0.341950 0.212411 0.206698
v -0.335547 0.245841 0.199834
v -0.343934 0.271440 0.206199
v -0.338205 0.303976 0.200949
v -0.335184 0.334827 0.198219
v -0.331085 0.365179 0.194715
v -0.326432 0.394522 0.190793
v -0.323510 0.422931 0.188380
v -0.327178 0.452505 0.191648
v -0.341326 0.487400 0.203995
v -0.340073 0.516737 0.203673
v -0.339665 0.546006 0.204746
v -0.345271 0.579668 0.212365
v -0.336979 0.174814 0.192917
v -0.344665 0.198767 0.194044
v -0.343838 0.229331 0.190705
v -0.343243 0.259449 0.188892
v -0.346335 0.288172 0.190515
v -0.331791 0.322242 0.178895
v -0.334479 0.350729 0.180831
v -0.330047 0.380000 0.177398
v -0.327607 0.408413 0.175531
v -0.329034 0.437071 0.176768
v -0.335310 0.467718 0.181988
v -0.342477 0.500171 0.188297
v -0.343392 0.530393 0.190356
v -0.343665 0.560492 0.193251
v -0.345417 0.592491 0.199786
v -0.337894 0.191326 0.176218
v -0.347791 0.214636 0.179056
v -0.343174 0.247385 0.173387
v -0.346608 0.275297 0.174573
v -0.339914 0.307125 0.169154
v -0.331791 0.337687 0.163128
v -0.333279 0.365789 0.164093
v -0.329944 0.394007 0.161747
v -0.327305 0.421494 0.159971
v -0.330135 0.449904 0.162259
v -0.338544 0.481279 0.168865
v -0.341468 0.511684 0.172171
v -0.340794 0.540694 0.174000
v -0.345326 0.574568 0.181722
v -0.332683 0.181218 0.161170
v -0.339638 0.206836 0.159923
v -0.345436 0.233145 0.160328
v -0.346484 0.262253 0.159157
v -0.349123 0.290763 0.159784
v -0.338583 0.322986 0.152502
v -0.330764 0.352402 0.147318
v -0.331754 0.380000 0.147929
v -0.330021 0.407509 0.146844
v -0.326900 0.434222 0.145034
v -0.328845 0.461974 0.146778
v -0.335206 0.492360 0.151874
v -0.342467 0.525078 0.158388
v -0.341044 0.554180 0.160861
v -0.341271 0.586118 0.167118
v -0.334305 0.196751 0.144778
v -0.340190 0.223099 0.143716
v -0.341911 0.251556 0.142073
v -0.347774 0.277968 0.143979
v -0.347153 0.307373 0.142770
v -0.336145 0.338361 0.136044
v -0.333354 0.366279 0.134336
v -0.331628 0.393619 0.133343
v -0.325799 0.419814 0.130084
v -0.327868 0.446960 0.131630
v -0.323343 0.471971 0.129783
v -0.336678 0.505665 0.138999
v -0.338482 0.535785 0.142694
v -0.340171 0.567837 0.148403
v -0.324373 0.189646 0.127795
v -0.340014 0.208866 0.130891
v -0.345366 0.235898 0.130278
v -0.343596 0.266258 0.127333
v -0.346222 0.294047 0.127533
v -0.338519 0.324559 0.122969
v -0.333396 0.352879 0.120121
v -0.327927 0.380000 0.117283
v -0.329092 0.406621 0.117906
v -0.323035 0.431842 0.114986
v -0.318590 0.456307 0.113221
v -0.328387 0.486640 0.119382
v -0.341494 0.521828 0.128223
v -0.344832 0.554569 0.133519
v -0.341837 0.585170 0.137742
v -0.332964 0.199090 0.115457
v -0.346284 0.220973 0.117652
v -0.348111 0.250307 0.115850
v -0.344600 0.281156 0.112664
v -0.344469 0.309659 0.111749
v -0.335323 0.339426 0.107197
v -0.325967 0.367016 0.102837
v -0.323656 0.392851 0.101785
v -0.318515 0.417676 0.099541
v -0.318238 0.442794 0.099759
v -0.324848 0.470862 0.103566
v -0.337737 0.504270 0.111006
v -0.348518 0.540470 0.118719
v -0.348005 0.572590 0.122911
v -0.315643 0.197715 0.095970
v -0.336813 0.212361 0.100544
v -0.350885 0.234213 0.103313
v -0.347073 0.266197 0.099843
v -0.344640 0.295939 0.097766
v -0.338986 0.325400 0.094966
v -0.330765 0.353664 0.091507
v -0.320179 0.380000 0.087289
v -0.314163 0.404442 0.084924
v -0.313625 0.428806 0.084888
v -0.320657 0.455821 0.088182
v -0.327731 0.484894 0.092027
v -0.343270 0.521362 0.100177
v -0.347663 0.555320 0.105151
v -0.350170 0.591471 0.111336
v -0.316695 0.212408 0.080779
v -0.344700 0.223052 0.087653
v -0.347390 0.251862 0.086360
v -0.347049 0.281271 0.084889
v -0.341316 0.311428 0.082189
v -0.336464 0.339769 0.080213
v -0.321763 0.367431 0.075142
v -0.309075 0.391850 0.070843
v -0.309995 0.415728 0.071235
v -0.315390 0.441205 0.073359
v -0.318891 0.467476 0.075214
v -0.335565 0.502013 0.082233
v -0.351415 0.541254 0.090058
v -0.356018 0.578004 0.095438
v -0.310002 0.202843 0.067023
v -0.329502 0.218188 0.069712
v -0.350664 0.235202 0.073659
v -0.342793 0.269017 0.069859
v -0.337002 0.299280 0.067347
v -0.336950 0.326385 0.066904
v -0.323286 0.354773 0.062897
v -0.308534 0.380000 0.058726
v -0.303105 0.402947 0.057212
v -0.308297 0.427132 0.058814
v -0.317657 0.454131 0.061849
v -0.332804 0.486417 0.066985
v -0.342705 0.520200 0.071320
v -0.354251 0.559262 0.077230
v -0.349238 0.590257 0.079546
v -0.314030 0.214812 0.053332
v -0.336676 0.228717 0.056558
v -0.346870 0.252726 0.057382
v -0.337377 0.285673 0.054233
v -0.341807 0.311724 0.054714
v -0.327630 0.341535 0.051280
v -0.316021 0.367842 0.048605
v -0.304391 0.391503 0.045988
v -0.305817 0.414780 0.046366
v -0.314061 0.440441 0.048436
v -0.326509 0.470008 0.051750
v -0.344337 0.505968 0.056793
v -0.356349 0.543858 0.061259
v -0.357900 0.579046 0.064263
v -0.303044 0.208869 0.039000
v -0.317962 0.226604 0.039789
v -0.335504 0.244325 0.041526
v -0.346916 0.267522 0.042573
v -0.338080 0.299238 0.040506
v -0.334803 0.327104 0.039678
v -0.320467 0.355206 0.037161
v -0.309226 0.380000 0.035256
v -0.301797 0.402694 0.034014
v -0.311173 0.427573 0.035685
v -0.320135 0.454674 0.037453
v -0.335796 0.487413 0.040656
v -0.355159 0.526999 0.044991
v -0.365784 0.567052 0.048519
v -0.354910 0.594844 0.048962
v -0.306928 0.220416 0.025832
v -0.324049 0.236968 0.026795
v -0.346855 0.252952 0.028685
v -0.346785 0.282140 0.028165
v -0.340148 0.312353 0.027132
v -0.337038 0.340046 0.026657
v -0.319012 0.367706 0.024598
v -0.307690 0.391658 0.023326
v -0.312274 0.415780 0.023872
v -0.324329 0.443191 0.025344
v -0.330987 0.471595 0.026362
v -0.351652 0.509516 0.029242
v -0.369866 0.552281 0.032274
v -0.357914 0.578905 0.032197
v -0.297508 0.213578 0.012667
v -0.311968 0.230898 0.012912
v -0.335615 0.244362 0.013854
v -0.353164 0.264786 0.014547
v -0.347249 0.296222 0.014013
v -0.346576 0.324520 0.013877
v -0.336900 0.353393 0.013298
v -0.318355 0.380000 0.012253
v -0.317362 0.404413 0.012201
v -0.329940 0.431737 0.012941
v -0.335477 0.459789 0.013346
v -0.347315 0.492552 0.014211
v -0.360934 0.530213 0.015343
v -0.365279 0.566602 0.016160
v -0.361490 0.600334 0.016771
v -0.298483 0.226942 -0.000000
v -0.319413 0.239948 -0.000000
v -0.342243 0.255350 0.000000
v -0.355950 0.278530 0.000000
v -0.351285 0.309235 -0.000000
v -0.351295 0.337655 0.000000
v -0.335075 0.366808 0.000000
v -0.327083 0.392743 -0.000000
v -0.334736 0.419554 -0.000000
v -0.338107 0.447054 0.000000
v -0.339109 0.474794 -0.000000
v -0.356648 0.512062 -0.000000
v -0.371573 0.553346 -0.000000
v -0.363253 0.583005 -0.000000
v -0.287472 0.222035 -0.012023
v -0.305481 0.235461 -0.012517
v -0.326208 0.249778 -0.013301
v -0.348912 0.266721 -0.014302
v -0.359729 0.291993 -0.014721
v -0.356573 0.322271 -0.014440
v -0.353506 0.351528 -0.014230
v -0.345414 0.380000 -0.013772
v -0.343089 0.407302 -0.013646
v -0.344341 0.434977 -0.013752
v -0.347428 0.463839 -0.014024
v -0.358131 0.497474 -0.014832
v -0.371124 0.536079 -0.015942
v -0.365944 0.567070 -0.016200
v -0.345608 0.586952 -0.015752
v -0.297058 0.228028 -0.024600
v -0.316777 0.241611 -0.025925
v -0.336505 0.258279 -0.027482
v -0.364945 0.274939 -0.030237
v -0.362970 0.305924 -0.029710
v -0.361596 0.335906 -0.029419
v -0.360665 0.365368 -0.029276
v -0.351210 0.394101 -0.028214
v -0.353635 0.422752 -0.028524
v -0.353180 0.451318 -0.028604
v -0.358017 0.482314 -0.029447
v -0.368827 0.518356 -0.031238
v -0.374392 0.555170 -0.032815
v -0.361121 0.581378 -0.032597
v -0.291028 0.218997 -0.036692
v -0.306302 0.234810 -0.037660
v -0.325934 0.249838 -0.039838
v -0.350785 0.265759 -0.043240
v -0.374171 0.286996 -0.046647
v -0.367619 0.319711 -0.045223
v -0.368895 0.349760 -0.045324
v -0.364369 0.380000 -0.044548
v -0.361752 0.409436 -0.044120
v -0.360089 0.438593 -0.043951
v -0.364017 0.469560 -0.044919
v -0.369866 0.502933 -0.046530
v -0.378919 0.540687 -0.049181
v -0.370459 0.570342 -0.049372
v -0.346298 0.587586 -0.047308
v -0.298052 0.227144 -0.049351
v -0.315585 0.242198 -0.051518
v -0.340887 0.255810 -0.055991
v -0.375544 0.270507 -0.062953
v -0.383105 0.300064 -0.064059
v -0.381413 0.332446 -0.063396
v -0.364542 0.365111 -0.059523
v -0.363814 0.394848 -0.059359
v -0.367306 0.425170 -0.060218
v -0.367442 0.455514 -0.060515
v -0.374185 0.488953 -0.062642
v -0.379873 0.524289 -0.065053
v -0.376007 0.556424 -0.065957
v -0.356246 0.577770 -0.063851
v -0.293779 0.216528 -0.061846
v -0.309457 0.232320 -0.063623
v -0.333214 0.245282 -0.068531
v -0.360636 0.260860 -0.074993
v -0.394958 0.279541 -0.083816
v -0.392328 0.313854 -0.082540
v -0.383702 0.347948 -0.079916
v -0.370949 0.380000 -0.076303
v -0.371968 0.410727 -0.076610
v -0.372439 0.441645 -0.076925
v -0.371909 0.472609 -0.077266
v -0.376992 0.506616 -0.079699
v -0.385108 0.544695 -0.083780
v -0.366633 0.567992 -0.080991
v -0.345276 0.586915 -0.078281
v -0.309000 0.218359 -0.077910
v -0.325494 0.235371 -0.080773
v -0.353840 0.248521 -0.088612
v -0.383864 0.266559 -0.097539
v -0.413999 0.290774 -0.106944
v -0.400136 0.328936 -0.101812
v -0.384692 0.363864 -0.096465
v -0.386768 0.396253 -0.097169
v -0.383685 0.428265 -0.096232
v -0.383626 0.460595 -0.096600
v -0.381127 0.492347 -0.096599
v -0.389773 0.530091 -0.101156
v -0.374477 0.556046 -0.098319
v -0.356859 0.578654 -0.095751
v -0.306056 0.205819 -0.091703
v -0.319371 0.224708 -0.093139
v -0.350147 0.234642 -0.103009
v -0.381765 0.250217 -0.113862
v -0.412344 0.272675 -0.124823
v -0.413536 0.308367 -0.124590
v -0.404392 0.345261 -0.120703
v -0.400739 0.380000 -0.119226
v -0.394546 0.413615 -0.116799
v -0.395212 0.447446 -0.117309
v -0.397045 0.482068 -0.118708
v -0.404062 0.520053 -0.122872
v -0.391364 0.549309 -0.119982
v -0.372466 0.572878 -0.115682
v -0.344874 0.586994 -0.108979
v -0.323453 0.206476 -0.110743
v -0.344274 0.222271 -0.116691
v -0.368911 0.239435 -0.125562
v -0.399923 0.258800 -0.138146
v -0.429037 0.285326 -0.150406
v -0.422430 0.324407 -0.146877
v -0.410348 0.362167 -0.141238
v -0.407885 0.397691 -0.140117
v -0.403562 0.432340 -0.138283
v -0.407339 0.468431 -0.140488
v -0.412866 0.506430 -0.144108
v -0.401275 0.537483 -0.140673
v -0.381296 0.561635 -0.134377
v -0.356802 0.579421 -0.127270
v -0.318780 0.194392 -0.124609
v -0.343299 0.206524 -0.132682
v -0.361844 0.226221 -0.139027
v -0.393448 0.242981 -0.153391
v -0.417841 0.269046 -0.164629
v -0.429698 0.303366 -0.169976
v -0.425361 0.342193 -0.167452
v -0.417022 0.380000 -0.163129
v -0.424692 0.417730 -0.167107
v -0.418919 0.454129 -0.164419
v -0.415815 0.490247 -0.163579
v -0.411959 0.525662 -0.163068
v -0.396198 0.553955 -0.157268
v -0.372421 0.574241 -0.148564
v -0.345433 0.588220 -0.139790
v -0.338201 0.193703 -0.147186
v -0.359272 0.210634 -0.155133
v -0.384523 0.228931 -0.167098
v -0.412286 0.251403 -0.181466
v -0.429275 0.283241 -0.190208
v -0.437326 0.320521 -0.194335
v -0.431289 0.360521 -0.190715
v -0.434994 0.399697 -0.192847
v -0.432794 0.438680 -0.191725
v -0.431750 0.477486 -0.191638
v -0.428084 0.515103 -0.190647
v -0.408087 0.543581 -0.180938
v -0.389308 0.568987 -0.173105
v -0.363075 0.585750 -0.162556
v -0.332773 0.181142 -0.161232
v -0.358047 0.193533 -0.172208
v -0.381756 0.211413 -0.184053
v -0.403374 0.235076 -0.195891
v -0.420763 0.265101 -0.205734
v -0.434492 0.300067 -0.213808
v -0.444515 0.338799 -0.219936
v -0.445043 0.380000 -0.220242
v -0.445758 0.421350 -0.220730
v -0.441518 0.461612 -0.218298
v -0.436499 0.500536 -0.215826
v -0.424564 0.535047 -0.209573
v -0.397404 0.557949 -0.194275
v -0.372565 0.576958 -0.181897
v -0.345680 0.589885 -0.170172
v -0.348167 0.183179 -0.183827
v -0.371906 0.198543 -0.196481
v -0.391995 0.220761 -0.208198
v -0.403109 0.251308 -0.214570
v -0.422943 0.281905 -0.227694
v -0.437142 0.318455 -0.237272
v -0.447210 0.358849 -0.244233
v -0.451236 0.401396 -0.247065
v -0.453516 0.444534 -0.248795
v -0.451099 0.486647 -0.247546
v -0.432215 0.521050 -0.235174
v -0.410509 0.549335 -0.221398
v -0.383082 0.568916 -0.204558
v -0.362391 0.588102 -0.194363
v -0.341286 0.171085 -0.196424
v -0.359909 0.187475 -0.206134
v -0.375705 0.209640 -0.215628
v -0.394879 0.233858 -0.228990
v -0.410445 0.264273 -0.240098
v -0.430414 0.297667 -0.255012
v -0.433369 0.338384 -0.257096
v -0.450335 0.380000 -0.270157
v -0.456683 0.424526 -0.275076
v -0.459233 0.469514 -0.277255
v -0.447030 0.509365 -0.268392
v -0.422597 0.539879 -0.250515
v -0.395455 0.562563 -0.231074
v -0.371889 0.581399 -0.215635
v -0.346606 0.593521 -0.200754
v -0.350059 0.176435 -0.216510
v -0.362964 0.197856 -0.224650
v -0.379972 0.220538 -0.237523
v -0.389994 0.250941 -0.245134
v -0.413835 0.279838 -0.264751
v -0.431812 0.316267 -0.279659
v -0.437132 0.358378 -0.284070
v -0.448154 0.402329 -0.293358
v -0.459640 0.449078 -0.303114
v -0.464749 0.496412 -0.307703
v -0.432439 0.527949 -0.281013
v -0.402252 0.552152 -0.256425
v -0.381196 0.574773 -0.240226
v -0.354760 0.587393 -0.220581
v -0.337527 0.168186 0.222357
v -0.340033 0.194133 0.222573
v -0.341855 0.222536 0.223180
v -0.338937 0.254723 0.219961
v -0.340322 0.284979 0.220934
v -0.332373 0.318489 0.213479
v -0.332551 0.349136 0.213587
v -0.326322 0.380000 0.207860
v -0.322086 0.409475 0.203975
v -0.319971 0.438228 0.202085
v -0.330384 0.471091 0.211798
v -0.340476 0.506084 0.221377
v -0.338910 0.535546 0.220462
v -0.343932 0.568886 0.226189
v -0.341754 0.595584 0.226315
v -0.341428 0.606009 0.215292
v -0.344526 0.606740 0.189347
v -0.342115 0.603420 0.157633
v -0.343958 0.604583 0.127910
v -0.347348 0.607394 0.097799
v -0.347287 0.607180 0.065459
v -0.350489 0.610062 0.033245
v -0.339520 0.599981 0.000000
v -0.328648 0.590003 -0.030346
v -0.337056 0.597780 -0.062751
v -0.336510 0.597430 -0.093514
v -0.331509 0.593122 -0.121383
v -0.331305 0.593444 -0.150595
v -0.334757 0.597681 -0.181782
v -0.332056 0.597236 -0.206935
v -0.341495 0.595352 -0.226072
v -0.363863 0.584320 -0.244670
v -0.382895 0.564183 -0.261051
v -0.411881 0.543523 -0.287112
v -0.445076 0.516440 -0.317237
v -0.455516 0.474108 -0.326608
v -0.442590 0.425469 -0.314653
v -0.434920 0.380000 -0.307599
v -0.424488 0.336934 -0.298027
v -0.412587 0.297255 -0.287170
v -0.392799 0.264230 -0.269178
v -0.378120 0.234178 -0.256032
v -0.365711 0.207004 -0.245194
v -0.351488 0.185263 -0.233196
v -0.337993 0.167770 -0.222794
v -0.333570 0.161347 -0.208285
v -0.331232 0.165587 -0.179052
v -0.320028 0.176962 -0.143253
v -0.302848 0.193262 -0.106356
v -0.294182 0.201484 -0.076777
v -0.285493 0.209590 -0.049102
v -0.282329 0.212539 -0.024199
v -0.288327 0.207036 -0.000000
v -0.299376 0.196883 0.026461
v -0.301379 0.194996 0.053307
v -0.303108 0.193278 0.080307
v -0.312959 0.183955 0.111657
v -0.316849 0.179895 0.141183
v -0.330960 0.165839 0.178842
v -0.333994 0.160950 0.208663
v -0.326102 0.167417 -0.261136
v -0.335631 0.188953 -0.275817
v -0.348325 0.213285 -0.292705
v -0.351641 0.247515 -0.297692
v -0.368294 0.278497 -0.318035
v -0.375046 0.317319 -0.326338
v -0.385936 0.358236 -0.339345
v -0.390382 0.402102 -0.344622
v -0.403323 0.449125 -0.359888
v -0.417442 0.500097 -0.376294
v -0.395158 0.535396 -0.349172
v -0.368105 0.559994 -0.316020
v -0.349491 0.582285 -0.292041
v -0.329675 0.595943 -0.265263
v -0.309573 0.157100 -0.257439
v -0.323705 0.171064 -0.282064
v -0.330703 0.197730 -0.294980
v -0.338903 0.227532 -0.307645
v -0.347944 0.260491 -0.320590
v -0.356716 0.297117 -0.332622
v -0.367695 0.336668 -0.347113
v -0.378605 0.380000 -0.361290
v -0.386629 0.426397 -0.371664
v -0.406035 0.478805 -0.396522
v -0.392135 0.520808 -0.377729
v -0.366673 0.550191 -0.343405
v -0.350797 0.578145 -0.320673
v -0.327521 0.592500 -0.286876
v -0.310243 0.603613 -0.258262
v -0.307682 0.157638 -0.280371
v -0.318127 0.178552 -0.301861
v -0.325355 0.207639 -0.316058
v -0.332287 0.240682 -0.328136
v -0.338706 0.277161 -0.338561
v -0.345959 0.316202 -0.349486
v -0.355478 0.357875 -0.363196
v -0.365082 0.402956 -0.376850
v -0.380225 0.452687 -0.398175
v -0.388597 0.504333 -0.409322
v -0.363533 0.538058 -0.372275
v -0.344679 0.567142 -0.343161
v -0.329682 0.592119 -0.317851
v -0.309371 0.604171 -0.282651
v -0.289593 0.146162 -0.273718
v -0.298080 0.165520 -0.296814
v -0.312374 0.185473 -0.325110
v -0.316065 0.220150 -0.334618
v -0.319951 0.257160 -0.342930
v -0.326852 0.295190 -0.354900
v -0.334754 0.336023 -0.367725
v -0.348072 0.380000 -0.388644
v -0.359688 0.428648 -0.406784
v -0.377333 0.483682 -0.433875
v -0.361943 0.526292 -0.408401
v -0.341897 0.558961 -0.374624
v -0.322419 0.583728 -0.340488
v -0.305731 0.602765 -0.308279
v -0.290024 0.614369 -0.274340
v -0.280193 0.151925 -0.291619
v -0.288271 0.174456 -0.314655
v -0.299583 0.199562 -0.339836
v -0.308194 0.232462 -0.358281
v -0.311414 0.272454 -0.365985
v -0.314074 0.314479 -0.371588
v -0.329107 0.356599 -0.397981
v -0.335149 0.404018 -0.408476
v -0.352212 0.457194 -0.437788
v -0.357933 0.511210 -0.446514
v -0.336393 0.547521 -0.406809
v -0.317966 0.577057 -0.371136
v -0.301374 0.599848 -0.336553
v -0.282866 0.611458 -0.295945
v -0.264953 0.134299 -0.289612
v -0.269391 0.158528 -0.310612
v -0.279675 0.181260 -0.338400
v -0.286225 0.213652 -0.356262
v -0.292442 0.250301 -0.371538
v -0.299744 0.289945 -0.387438
v -0.306755 0.333319 -0.401727
v -0.317102 0.380000 -0.421914
v -0.328668 0.431629 -0.444305
v -0.343378 0.489727 -0.472073
v -0.327684 0.533451 -0.439578
v -0.310427 0.567966 -0.402561
v -0.292014 0.592387 -0.361638
v -0.277819 0.612491 -0.326066
v -0.260009 0.618338 -0.280933
v -0.253910 0.138836 -0.310555
v -0.258618 0.165600 -0.332040
v -0.265976 0.194191 -0.355464
v -0.271983 0.229114 -0.373385
v -0.277717 0.268135 -0.388782
v -0.285936 0.309623 -0.408174
v -0.289548 0.356068 -0.416502
v -0.304217 0.405784 -0.448735
v -0.310192 0.459558 -0.461420
v -0.318265 0.517388 -0.477488
v -0.300879 0.556237 -0.436119
v -0.281496 0.583183 -0.388704
v -0.266470 0.605014 -0.348477
v -0.255831 0.624172 -0.314429
v -0.235200 0.123201 -0.303794
v -0.240028 0.146528 -0.329810
v -0.246717 0.172965 -0.356287
v -0.249655 0.209420 -0.370339
v -0.257663 0.244438 -0.394521
v -0.261018 0.287424 -0.405207
v -0.265982 0.332229 -0.418578
v -0.273895 0.380000 -0.438636
v -0.282807 0.432613 -0.461007
v -0.292355 0.490594 -0.484069
v -0.284903 0.538984 -0.462683
v -0.268907 0.572524 -0.417980
v -0.253793 0.597020 -0.373470
v -0.244933 0.621648 -0.341360
v -0.230122 0.627154 -0.292383
v -0.220810 0.129356 -0.324081
v -0.226092 0.154225 -0.352010
v -0.231170 0.185376 -0.375752
v -0.234152 0.223977 -0.390416
v -0.238690 0.264287 -0.407209
v -0.243495 0.308029 -0.423015
v -0.249250 0.355035 -0.440473
v -0.256772 0.406223 -0.462670
v -0.264633 0.462572 -0.485326
v -0.268042 0.520201 -0.493387
v -0.255084 0.560368 -0.451335
v -0.239677 0.587246 -0.400120
v -0.232044 0.616431 -0.368625
v -0.221354 0.631773 -0.325540
v -0.201880 0.110708 -0.319217
v -0.206615 0.132530 -0.350992
v -0.210534 0.162712 -0.376154
v -0.212107 0.201898 -0.389626
v -0.214978 0.242190 -0.404623
v -0.221563 0.282582 -0.430533
v -0.225608 0.329622 -0.445909
v -0.227850 0.380000 -0.453990
v -0.231313 0.432667 -0.466165
v -0.241060 0.493042 -0.499583
v -0.234006 0.540617 -0.471586
v -0.224083 0.577128 -0.431247
v -0.217574 0.611126 -0.400109
v -0.208826 0.632602 -0.358271
v -0.198940 0.641520 -0.310005
v -0.186140 0.113194 -0.345695
v -0.187412 0.146188 -0.365788
v -0.190852 0.178489 -0.390865
v -0.194004 0.216498 -0.411458
v -0.197916 0.257815 -0.432735
v -0.199757 0.305172 -0.442815
v -0.202405 0.354385 -0.455126
v -0.204489 0.406136 -0.464392
v -0.209419 0.462075 -0.485704
v -0.211989 0.519746 -0.494930
v -0.205560 0.563600 -0.462036
v -0.198113 0.597618 -0.422106
v -0.194667 0.633219 -0.396150
v -0.185524 0.644897 -0.343222
v -0.164091 0.098766 -0.333679
v -0.165718 0.126642 -0.359999
v -0.167507 0.159436 -0.382854
v -0.171156 0.192007 -0.412689
v -0.173895 0.232667 -0.434327
v -0.175239 0.279695 -0.445248
v -0.177594 0.328230 -0.460348
v -0.177368 0.380000 -0.459141
v -0.180364 0.433618 -0.476778
v -0.182519 0.490010 -0.488326
v -0.181066 0.541629 -0.476471
v -0.177349 0.584354 -0.448605
v -0.173766 0.621014 -0.418351
v -0.169646 0.648502 -0.381517
v -0.164551 0.663249 -0.336071
v -0.143826 0.109249 -0.351076
v -0.145044 0.139550 -0.376648
v -0.147367 0.170209 -0.407627
v -0.149957 0.206422 -0.437733
v -0.151179 0.252397 -0.452994
v -0.151902 0.302209 -0.461517
v -0.151763 0.354129 -0.460876
v -0.152810 0.406395 -0.470204
v -0.153723 0.460521 -0.477711
v -0.155647 0.518744 -0.492542
v -0.153323 0.565274 -0.467227
v -0.150865 0.605284 -0.437729
v -0.148665 0.639778 -0.406924
v -0.146285 0.665939 -0.370769
v -0.122248 0.087698 -0.346901
v -0.122394 0.121411 -0.367618
v -0.123533 0.149593 -0.400237
v -0.124705 0.184332 -0.429949
v -0.125667 0.226549 -0.452871
v -0.126229 0.275140 -0.466038
v -0.126463 0.327052 -0.471429
v -0.126720 0.380000 -0.476138
v -0.127272 0.434567 -0.485844
v -0.127326 0.489244 -0.485523
v -0.127359 0.543565 -0.482720
v -0.126250 0.587907 -0.456842
v -0.125465 0.629317 -0.433087
v -0.124387 0.661601 -0.400333
v -0.122634 0.677365 -0.352910
v -0.100000 0.103656 -0.358358
v -0.100000 0.134973 -0.383873
v -0.100000 0.166744 -0.414440
v -0.100000 0.202120 -0.448689
v -0.100000 0.247311 -0.471176
v -0.100000 0.300126 -0.474009
v -0.100000 0.352877 -0.483324
v -0.100000 0.407759 -0.494653
v -0.100000 0.461237 -0.482101
v -0.100000 0.511443 -0.466752
v -0.100000 0.563754 -0.463504
v -0.100000 0.610649 -0.448242
v -0.100000 0.650554 -0.423864
v -0.100000 0.677629 -0.385961
v -0.076959 0.077284 -0.359260
v -0.076866 0.112863 -0.379771
v -0.076081 0.145816 -0.406799
v -0.075395 0.185122 -0.428214
v -0.073557 0.221913 -0.466552
v -0.072866 0.271523 -0.482117
v -0.072343 0.324663 -0.492698
v -0.072107 0.380000 -0.497055
v -0.072833 0.434357 -0.483970
v -0.073961 0.484100 -0.462660
v -0.074296 0.533671 -0.453519
v -0.073655 0.588659 -0.458495
v -0.074269 0.631925 -0.437616
v -0.074957 0.669171 -0.411094
v -0.075966 0.695765 -0.374746
v -0.051813 0.082311 -0.386005
v -0.052347 0.125624 -0.398462
v -0.050391 0.160278 -0.426922
v -0.047336 0.197017 -0.461452
v -0.045258 0.243512 -0.484536
v -0.043095 0.294710 -0.506007
v -0.043167 0.351595 -0.506017
v -0.044019 0.407979 -0.498435
v -0.046996 0.459443 -0.471318
v -0.048021 0.509600 -0.460080
v -0.048655 0.558402 -0.449899
v -0.047439 0.612795 -0.452323
v -0.048290 0.656034 -0.432389
v -0.050847 0.683659 -0.393746
v -0.025700 0.053972 -0.386827
v -0.025489 0.092741 -0.408169
v -0.024155 0.132196 -0.430137
v -0.022133 0.174277 -0.451609
v -0.016542 0.213601 -0.490533
v -0.013118 0.264173 -0.514150
v -0.012520 0.321634 -0.519000
v -0.012766 0.380000 -0.517687
v -0.019744 0.433546 -0.476139
v -0.022562 0.483236 -0.458260
v -0.022181 0.535156 -0.457389
v -0.022142 0.585699 -0.451557
v -0.019891 0.641737 -0.454321
v -0.021792 0.681512 -0.428422
v -0.026555 0.702279 -0.382379
v 0.002936 0.061170 -0.413101
v 0.004564 0.100308 -0.437565
v 0.005047 0.147004 -0.451936
v 0.011078 0.186802 -0.486191
v 0.016067 0.235165 -0.512955
v 0.018547 0.291077 -0.526223
v 0.019769 0.350042 -0.532299
v 0.010822 0.407720 -0.492535
v 0.005665 0.459259 -0.469039
v 0.002134 0.507449 -0.451377
v 0.001665 0.556826 -0.444990
v 0.004135 0.610974 -0.448013
v 0.008073 0.669077 -0.452248
v 0.003963 0.702009 -0.417220
v 0.029508 0.037682 -0.405782
v 0.034901 0.066874 -0.444113
v 0.037383 0.109932 -0.467522
v 0.036575 0.163027 -0.474660
v 0.042869 0.208760 -0.502777
v 0.048414 0.261065 -0.525629
v 0.048794 0.320322 -0.528220
v 0.045232 0.380000 -0.515714
v 0.035451 0.434326 -0.480853
v 0.030020 0.484195 -0.460483
v 0.028078 0.533511 -0.450725
v 0.027169 0.582030 -0.441971
v 0.031401 0.638308 -0.447165
v 0.035264 0.693968 -0.445307
v 0.030606 0.725222 -0.409224
v 0.062078 0.043737 -0.434786
v 0.068318 0.078617 -0.469892
v 0.069055 0.129164 -0.484277
v 0.072813 0.179013 -0.502931
v 0.075814 0.233315 -0.516206
v 0.079716 0.289863 -0.529791
v 0.076107 0.350543 -0.519733
v 0.066418 0.407836 -0.491138
v 0.059789 0.460143 -0.471049
v 0.054242 0.508688 -0.452871
v 0.054262 0.559411 -0.448942
v 0.055286 0.610406 -0.444834
v 0.058215 0.663293 -0.441687
v 0.063746 0.719724 -0.439261
v 0.083837 0.030821 -0.413078
v 0.096282 0.052735 -0.462305
v 0.093090 0.107526 -0.468901
v 0.096200 0.156367 -0.485520
v 0.102592 0.205807 -0.506947
v 0.109452 0.259576 -0.527094
v 0.112416 0.318865 -0.535675
v 0.099760 0.380000 -0.503879
v 0.085596 0.433416 -0.468041
v 0.082630 0.485002 -0.459596
v 0.080233 0.534968 -0.450997
v 0.076453 0.581125 -0.436655
v 0.080289 0.634409 -0.437813
v 0.084110 0.686970 -0.433636
v 0.088626 0.738276 -0.423841
v 0.114978 0.043148 -0.433776
v 0.119411 0.083427 -0.459299
v 0.120298 0.133378 -0.471804
v 0.125390 0.182258 -0.489335
v 0.131382 0.234355 -0.506184
v 0.141783 0.288484 -0.530770
v 0.133116 0.350567 -0.512236
v 0.115686 0.407232 -0.473937
v 0.107204 0.458427 -0.454861
v 0.103524 0.508109 -0.445240
v 0.099639 0.555150 -0.433428
v 0.102280 0.606450 -0.433215
v 0.109706 0.663455 -0.438985
v 0.109911 0.708911 -0.423551
v 0.133890 0.031615 -0.410647
v 0.143338 0.061847 -0.446207
v 0.144706 0.109329 -0.460879
v 0.142516 0.163369 -0.463950
v 0.151718 0.210351 -0.485980
v 0.164621 0.260695 -0.513277
v 0.172372 0.318503 -0.529223
v 0.155486 0.380000 -0.496508
v 0.135511 0.433174 -0.457601
v 0.128078 0.482829 -0.442396
v 0.125984 0.532306 -0.436297
v 0.126167 0.582026 -0.432673
v 0.130956 0.635462 -0.434981
v 0.133775 0.685650 -0.428672
v 0.132386 0.726145 -0.408007
v 0.161105 0.049514 -0.422564
v 0.165176 0.090495 -0.443185
v 0.164984 0.140435 -0.451196
v 0.173893 0.185904 -0.471343
v 0.183898 0.235582 -0.491464
v 0.191472 0.290790 -0.505935
v 0.201183 0.349238 -0.523182
v 0.175736 0.408163 -0.478978
v 0.161781 0.460122 -0.454398
v 0.154702 0.509567 -0.440923
v 0.151588 0.558289 -0.432958
v 0.148151 0.604347 -0.422534
v 0.155792 0.659260 -0.427501
v 0.158375 0.707031 -0.418147
v 0.175128 0.040666 -0.397207
v 0.189158 0.066901 -0.433291
v 0.189450 0.114874 -0.443101
v 0.193018 0.163219 -0.453794
v 0.205258 0.209518 -0.475933
v 0.209037 0.264465 -0.483474
v 0.217047 0.320606 -0.496632
v 0.222083 0.380000 -0.504592
v 0.199474 0.436101 -0.469105
v 0.186472 0.487099 -0.448172
v 0.178203 0.535373 -0.433752
v 0.175731 0.583992 -0.427023
v 0.177677 0.634342 -0.425078
v 0.182199 0.685565 -0.422864
v 0.172278 0.715819 -0.393092
v 0.201647 0.057030 -0.407225
v 0.213284 0.090672 -0.433547
v 0.219170 0.135885 -0.447633
v 0.223768 0.185815 -0.457365
v 0.231453 0.237204 -0.470106
v 0.232514 0.293750 -0.472473
v 0.240619 0.350502 -0.484235
v 0.241231 0.409551 -0.485104
v 0.219906 0.462979 -0.454558
v 0.215903 0.516097 -0.448052
v 0.209126 0.565404 -0.436682
v 0.198020 0.607939 -0.417970
v 0.203429 0.660226 -0.419907
v 0.198762 0.699880 -0.403329
v 0.206375 0.054141 -0.376350
v 0.226280 0.075261 -0.411398
v 0.234215 0.115950 -0.427332
v 0.235542 0.165858 -0.432089
v 0.243804 0.214287 -0.444536
v 0.252853 0.266079 -0.457184
v 0.252228 0.322985 -0.456724
v 0.254541 0.380000 -0.459763
v 0.260930 0.438424 -0.468007
v 0.243990 0.491060 -0.445700
v 0.234252 0.541109 -0.432186
v 0.227441 0.588973 -0.421658
v 0.224946 0.636727 -0.415480
v 0.218004 0.677009 -0.400963
v 0.203498 0.702799 -0.372816
v 0.235959 0.064128 -0.388016
v 0.248779 0.097213 -0.408263
v 0.255543 0.141304 -0.419084
v 0.259940 0.190497 -0.425810
v 0.267506 0.240963 -0.435639
v 0.266572 0.296461 -0.434932
v 0.265287 0.352197 -0.433519
v 0.275856 0.408608 -0.446061
v 0.285290 0.467805 -0.457141
v 0.273954 0.521476 -0.443283
v 0.259709 0.569381 -0.425536
v 0.247685 0.613420 -0.409822
v 0.246505 0.660943 -0.405601
v 0.223613 0.684264 -0.373757
v -0.324914 0.165751 -0.240258
v -0.339542 0.179963 -0.258333
v -0.349086 0.204258 -0.269929
v -0.360565 0.231597 -0.283044
v -0.371344 0.263298 -0.295156
v -0.385664 0.297689 -0.310947
v -0.399398 0.336736 -0.325981
v -0.405933 0.380000 -0.333106
v -0.415907 0.425650 -0.343956
v -0.436914 0.477078 -0.366734
v -0.424056 0.519372 -0.352493
v -0.393776 0.547318 -0.319120
v -0.370833 0.571085 -0.293496
v -0.344846 0.584466 -0.264052
v -0.327697 0.596900 -0.243231
v -0.312446 0.603021 -0.238236
v -0.295707 0.614357 -0.252741
v -0.267749 0.617757 -0.257652
v -0.240280 0.626302 -0.267551
v -0.211180 0.638507 -0.281192
v -0.179523 0.655990 -0.300418
v -0.142684 0.675384 -0.321610
v -0.100000 0.691528 -0.339198
v -0.052897 0.705963 -0.354904
v -0.001128 0.723140 -0.373511
v 0.059128 0.749991 -0.402459
v 0.106658 0.742848 -0.394152
v 0.145908 0.728535 -0.377700
v 0.180350 0.715716 -0.362050
v 0.212721 0.708288 -0.350684
v 0.226274 0.690803 -0.348533
v 0.246757 0.669571 -0.373958
v 0.273860 0.643775 -0.405144
v 0.277406 0.594949 -0.409965
v 0.293782 0.549360 -0.428338
v 0.309535 0.498003 -0.445783
v 0.297658 0.437463 -0.432965
v 0.283917 0.380000 -0.418016
v 0.283245 0.324620 -0.417273
v 0.283987 0.269359 -0.417973
v 0.281773 0.215804 -0.415275
v 0.269554 0.169522 -0.401436
v 0.265985 0.121781 -0.396610
v 0.253941 0.084430 -0.381705
v 0.235254 0.060643 -0.358126
v 0.212333 0.052120 -0.350248
v 0.180012 0.044689 -0.361614
v 0.146504 0.030619 -0.378616
v 0.104580 0.020800 -0.390189
v 0.054878 0.019892 -0.391709
v -0.000882 0.036006 -0.374441
v -0.052675 0.052499 -0.356579
v -0.100000 0.067242 -0.340537
v -0.142940 0.082847 -0.323537
v -0.182013 0.095370 -0.309822
v -0.217439 0.106942 -0.297020
v -0.248513 0.119242 -0.283253
v -0.272544 0.135446 -0.265018
v -0.295071 0.146404 -0.251919
v -0.314708 0.154605 -0.240772
v 0.278650 0.071752 -0.327850
v 0.303279 0.100666 -0.344522
v 0.316440 0.142810 -0.353299
v 0.328227 0.189422 -0.361984
v 0.330966 0.242455 -0.363563
v 0.328497 0.297697 -0.361148
v 0.333951 0.352169 -0.365651
v 0.339360 0.408178 -0.370210
v 0.338287 0.464184 -0.369399
v 0.346876 0.522623 -0.376985
v 0.337351 0.574639 -0.369696
v 0.324463 0.621759 -0.360106
v 0.293953 0.652875 -0.336554
v 0.262960 0.675474 -0.314264
v 0.263767 0.065036 -0.296132
v 0.296326 0.086426 -0.314326
v 0.330224 0.114162 -0.336477
v 0.344467 0.159723 -0.345154
v 0.348122 0.212951 -0.346577
v 0.344362 0.269274 -0.342958
v 0.348682 0.323989 -0.346026
v 0.344203 0.380000 -0.342542
v 0.357371 0.437096 -0.352727
v 0.370201 0.497165 -0.362900
v 0.366949 0.554068 -0.361138
v 0.350597 0.603315 -0.349914
v 0.319377 0.639135 -0.327994
v 0.281411 0.662526 -0.302497
v 0.246615 0.680113 -0.282169
v 0.284898 0.074737 -0.285109
v 0.321785 0.098521 -0.304785
v 0.350922 0.134091 -0.321515
v 0.364565 0.182758 -0.328865
v 0.369271 0.237457 -0.330864
v 0.367524 0.294654 -0.329031
v 0.360030 0.351977 -0.323593
v 0.369291 0.408588 -0.330107
v 0.378950 0.467432 -0.337072
v 0.385772 0.527555 -0.342498
v 0.375620 0.581936 -0.336691
v 0.337415 0.618543 -0.311885
v 0.302252 0.648444 -0.290671
v 0.262369 0.667395 -0.268421
v 0.270394 0.063572 -0.256557
v 0.310984 0.083020 -0.274271
v 0.337165 0.118426 -0.285572
v 0.366206 0.157290 -0.301033
v 0.374628 0.209985 -0.304420
v 0.381748 0.264877 -0.307934
v 0.388595 0.321568 -0.311916
v 0.378935 0.380000 -0.305706
v 0.390230 0.438628 -0.312960
v 0.396909 0.498746 -0.317625
v 0.392418 0.556387 -0.315831
v 0.369847 0.604450 -0.303384
v 0.322671 0.632902 -0.276104
v 0.281283 0.655518 -0.254450
v 0.242555 0.672645 -0.237273
v 0.289150 0.075647 -0.240458
v 0.323363 0.103444 -0.253316
v 0.348915 0.141647 -0.263644
v 0.378037 0.183147 -0.277783
v 0.393350 0.235027 -0.284988
v 0.403505 0.291219 -0.290072
v 0.401385 0.350519 -0.288635
v 0.405635 0.409731 -0.291081
v 0.408421 0.469648 -0.292904
v 0.412251 0.530527 -0.295906
v 0.400678 0.586176 -0.290939
v 0.348219 0.617984 -0.263236
v 0.298843 0.640539 -0.238644
v 0.260409 0.661875 -0.222699
v 0.268947 0.066993 -0.210139
v 0.301960 0.093396 -0.219208
v 0.331598 0.126526 -0.229159
v 0.361826 0.164361 -0.241406
v 0.394651 0.207324 -0.256209
v 0.414345 0.260447 -0.265171
v 0.419830 0.319595 -0.267538
v 0.406787 0.380000 -0.260775
v 0.405595 0.438751 -0.260212
v 0.397770 0.495700 -0.256626
v 0.394206 0.552521 -0.255978
v 0.374081 0.601361 -0.247812
v 0.329291 0.632120 -0.227934
v 0.279518 0.650603 -0.206969
v 0.240162 0.668587 -0.193744
v 0.285650 0.080521 -0.191127
v 0.315799 0.111516 -0.198630
v 0.339431 0.150300 -0.205182
v 0.382017 0.185216 -0.222019
v 0.408077 0.233810 -0.232248
v 0.430985 0.288447 -0.241881
v 0.410764 0.350651 -0.232446
v 0.400041 0.408732 -0.227566
v 0.390443 0.464562 -0.223413
v 0.387944 0.520397 -0.223045
v 0.380166 0.574037 -0.221167
v 0.346303 0.613292 -0.208391
v 0.303440 0.640504 -0.192726
v 0.257499 0.657618 -0.177176
v 0.273867 0.063967 -0.166386
v 0.298466 0.097926 -0.169178
v 0.335379 0.127005 -0.179286
v 0.366912 0.164938 -0.188681
v 0.392825 0.210659 -0.196948
v 0.415973 0.262117 -0.205033
v 0.408412 0.321977 -0.201605
v 0.392102 0.380000 -0.195091
v 0.376828 0.434419 -0.189081
v 0.368589 0.487057 -0.186204
v 0.366061 0.540145 -0.186253
v 0.358385 0.591135 -0.185235
v 0.318835 0.623381 -0.172474
v 0.272616 0.643774 -0.158203
v 0.233917 0.662263 -0.148607
v 0.292870 0.076155 -0.146453
v 0.321086 0.109921 -0.150836
v 0.359064 0.142224 -0.160253
v 0.375581 0.189943 -0.163416
v 0.402495 0.237211 -0.171144
v 0.410002 0.293230 -0.173003
v 0.389169 0.352275 -0.165750
v 0.367414 0.406492 -0.158379
v 0.358125 0.457944 -0.155405
v 0.352735 0.508649 -0.154196
v 0.359134 0.563484 -0.157764
v 0.331990 0.603753 -0.150802
v 0.292449 0.631712 -0.140578
v 0.247885 0.649054 -0.129684
v 0.275654 0.063098 -0.119892
v 0.303363 0.095605 -0.122523
v 0.341144 0.125169 -0.129632
v 0.370068 0.165126 -0.135253
v 0.394680 0.211518 -0.140568
v 0.412449 0.264047 -0.144693
v 0.391799 0.324437 -0.138534
v 0.357811 0.380000 -0.128925
v 0.350476 0.430894 -0.126894
v 0.340539 0.479682 -0.124388
v 0.343948 0.531203 -0.126152
v 0.345479 0.583633 -0.128178
v 0.312585 0.618333 -0.121240
v 0.266720 0.638559 -0.111392
v 0.221910 0.651564 -0.102740
v 0.284977 0.082876 -0.095929
v 0.321013 0.110888 -0.100609
v 0.353891 0.145996 -0.105501
v 0.385266 0.187169 -0.110867
v 0.409975 0.236006 -0.115393
v 0.397839 0.295874 -0.112153
v 0.365074 0.353825 -0.104643
v 0.347528 0.405187 -0.100695
v 0.341058 0.454531 -0.099361
v 0.330812 0.501642 -0.097481
v 0.333286 0.552176 -0.098992
v 0.331883 0.602658 -0.100386
v 0.291429 0.630202 -0.093539
v 0.236665 0.639837 -0.083890
v 0.264773 0.072560 -0.070064
v 0.312256 0.089865 -0.075257
v 0.340602 0.126167 -0.077690
v 0.378036 0.162239 -0.082423
v 0.405696 0.208458 -0.086038
v 0.394477 0.268605 -0.083558
v 0.370589 0.327078 -0.079320
v 0.357401 0.380000 -0.077075
v 0.341919 0.429698 -0.074488
v 0.326752 0.476138 -0.072114
v 0.320066 0.522495 -0.071469
v 0.318219 0.570512 -0.072109
v 0.311905 0.617301 -0.072630
v 0.258515 0.632314 -0.065447
v 0.212345 0.643253 -0.059993
v 0.281956 0.085433 -0.047681
v 0.318468 0.112853 -0.050046
v 0.352738 0.146992 -0.052609
v 0.383674 0.188204 -0.055200
v 0.385793 0.243157 -0.054884
v 0.366371 0.301391 -0.052448
v 0.354732 0.354474 -0.051073
v 0.342736 0.404853 -0.049725
v 0.326388 0.451870 -0.047951
v 0.319430 0.498149 -0.047387
v 0.308506 0.541989 -0.046621
v 0.315741 0.593967 -0.048310
v 0.287140 0.627148 -0.046299
v 0.232592 0.636497 -0.041519
v 0.253846 0.081846 -0.022694
v 0.296182 0.101319 -0.024134
v 0.328907 0.133089 -0.025219
v 0.362146 0.169679 -0.026555
v 0.375605 0.218846 -0.026956
v 0.365850 0.275183 -0.026218
v 0.347379 0.329753 -0.025113
v 0.331445 0.380000 -0.024211
v 0.313282 0.426417 -0.023199
v 0.312769 0.472874 -0.023231
v 0.315595 0.520820 -0.023555
v 0.308746 0.566018 -0.023487
v 0.308123 0.614946 -0.023997
v 0.259548 0.632912 -0.021902
v 0.215944 0.646217 -0.020263
v 0.265733 0.097969 0.000000
v 0.285622 0.133856 -0.000000
v 0.324239 0.161701 -0.000000
v 0.348201 0.202313 -0.000000
v 0.361274 0.250099 0.000000
v 0.343546 0.305260 0.000000
v 0.323587 0.356229 -0.000000
v 0.309047 0.402955 0.000000
v 0.293899 0.446375 0.000000
v 0.299981 0.492640 -0.000000
v 0.305893 0.540914 0.000000
v 0.303306 0.587527 0.000000
v 0.287068 0.627066 0.000000
v 0.237887 0.640557 0.000000
v 0.241587 0.092176 0.021907
v 0.255352 0.130039 0.021647
v 0.281849 0.160179 0.022452
v 0.319247 0.189203 0.024090
v 0.343236 0.229813 0.025121
v 0.346420 0.279554 0.025125
v 0.329125 0.331803 0.024089
v 0.302702 0.380000 0.022598
v 0.290507 0.423859 0.021921
v 0.287615 0.467214 0.021815
v 0.289589 0.512009 0.022081
v 0.298090 0.561169 0.022874
v 0.305078 0.613193 0.023818
v 0.265698 0.637238 0.022277
v 0.217571 0.647588 0.020367
v 0.230763 0.124914 0.041291
v 0.248743 0.157365 0.041707
v 0.273552 0.187746 0.043407
v 0.308789 0.217899 0.046654
v 0.347086 0.254061 0.050511
v 0.330975 0.307357 0.048467
v 0.310591 0.356952 0.046115
v 0.293967 0.402115 0.044248
v 0.275067 0.443220 0.042180
v 0.277675 0.486387 0.042669
v 0.286471 0.533251 0.044107
v 0.290460 0.580956 0.045372
v 0.292310 0.630448 0.046917
v 0.241882 0.643661 0.042679
v 0.205804 0.122260 0.058737
v 0.221771 0.153546 0.058739
v 0.243532 0.182089 0.060574
v 0.275461 0.208965 0.064737
v 0.314778 0.239299 0.070569
v 0.331646 0.282759 0.072941
v 0.318371 0.332950 0.070519
v 0.295919 0.380000 0.066715
v 0.275540 0.422233 0.063299
v 0.272642 0.463948 0.062970
v 0.271050 0.505868 0.063129
v 0.282648 0.554309 0.065976
v 0.288965 0.604085 0.068585
v 0.268216 0.639141 0.067218
v 0.225713 0.654519 0.062561
v 0.203287 0.145924 0.075573
v 0.218822 0.176209 0.076188
v 0.243760 0.202774 0.079903
v 0.272862 0.231835 0.085187
v 0.306565 0.265204 0.091994
v 0.322688 0.308573 0.095223
v 0.305732 0.357165 0.091291
v 0.279115 0.401337 0.085302
v 0.266817 0.441986 0.082636
v 0.263046 0.482508 0.082147
v 0.273474 0.528408 0.085326
v 0.282738 0.577321 0.088963
v 0.281543 0.623883 0.091177
v 0.248664 0.649098 0.086880
v 0.183322 0.140990 0.090424
v 0.194300 0.172501 0.089394
v 0.218887 0.195792 0.093706
v 0.252887 0.218691 0.101537
v 0.275710 0.252038 0.106762
v 0.313434 0.286451 0.116735
v 0.303318 0.334434 0.113610
v 0.286677 0.380000 0.108893
v 0.267445 0.421513 0.103505
v 0.257489 0.460890 0.100939
v 0.259353 0.502391 0.102114
v 0.277254 0.552447 0.108548
v 0.277395 0.598005 0.110899
v 0.270647 0.641328 0.112585
v 0.245832 0.671744 0.110375
v 0.178262 0.164793 0.103730
v 0.197112 0.189436 0.106427
v 0.225580 0.211363 0.113656
v 0.258307 0.236809 0.123119
v 0.285381 0.270490 0.131256
v 0.304141 0.311241 0.137093
v 0.295268 0.357597 0.133933
v 0.273367 0.401161 0.126512
v 0.262460 0.441668 0.122954
v 0.253972 0.480585 0.120559
v 0.262722 0.524955 0.124636
v 0.262321 0.567668 0.126482
v 0.271638 0.618364 0.133123
v 0.267522 0.664241 0.137004
v 0.159815 0.160376 0.115628
v 0.179758 0.181960 0.118778
v 0.204572 0.203016 0.125421
v 0.229068 0.228430 0.132977
v 0.258430 0.256839 0.143240
v 0.288360 0.291273 0.154323
v 0.297784 0.334602 0.157737
v 0.282555 0.380000 0.151662
v 0.270382 0.422270 0.146871
v 0.256480 0.461444 0.141655
v 0.253769 0.501559 0.141377
v 0.257654 0.544737 0.144529
v 0.265488 0.592382 0.150506
v 0.278087 0.647648 0.160526
v 0.256294 0.681178 0.158565
v 0.159033 0.178846 0.128376
v 0.181148 0.198461 0.134307
v 0.201580 0.222358 0.140816
v 0.231539 0.246024 0.152708
v 0.256283 0.277486 0.162861
v 0.287955 0.313109 0.176726
v 0.288605 0.357671 0.176852
v 0.274582 0.401523 0.170470
v 0.258405 0.441796 0.163265
v 0.253793 0.481797 0.161723
v 0.254728 0.523347 0.163390
v 0.252202 0.564103 0.164452
v 0.267951 0.617588 0.175773
v 0.273356 0.669932 0.185034
v 0.139657 0.176680 0.136500
v 0.160068 0.194567 0.141827
v 0.179792 0.215680 0.148557
v 0.199473 0.240168 0.156541
v 0.226734 0.265941 0.169235
v 0.265069 0.295144 0.188212
v 0.287672 0.334952 0.199521
v 0.271506 0.380000 0.191164
v 0.261106 0.421961 0.185848
v 0.253031 0.462058 0.182006
v 0.250047 0.502197 0.181310
v 0.253509 0.545063 0.184786
v 0.257818 0.590144 0.189985
v 0.272732 0.645764 0.203269
v 0.259834 0.685276 0.204949
v 0.138887 0.193168 0.147609
v 0.160704 0.209699 0.155990
v 0.180371 0.231136 0.164660
v 0.200650 0.256194 0.174705
v 0.234215 0.281790 0.193062
v 0.260482 0.316437 0.207676
v 0.279655 0.357677 0.218558
v 0.258753 0.401094 0.206525
v 0.246607 0.441116 0.199682
v 0.242418 0.480621 0.197800
v 0.254618 0.526029 0.206065
v 0.262383 0.572409 0.212825
v 0.264705 0.618238 0.218218
v 0.268471 0.668180 0.227680
v 0.123439 0.189116 0.154767
v 0.143174 0.204281 0.162282
v 0.159714 0.224602 0.169655
v 0.182035 0.245269 0.182112
v 0.206150 0.270335 0.196361
v 0.234414 0.300086 0.213758
v 0.260527 0.336884 0.230158
v 0.263120 0.380000 0.231780
v 0.246832 0.421479 0.221415
v 0.234999 0.460054 0.214131
v 0.249023 0.505022 0.223859
v 0.263802 0.553791 0.234910
v 0.257438 0.593870 0.233492
v 0.270007 0.647370 0.246925
v 0.257069 0.685044 0.247326
v 0.123900 0.202425 0.165851
v 0.142462 0.218192 0.175205
v 0.161741 0.237260 0.186626
v 0.183154 0.259780 0.200444
v 0.208864 0.286181 0.217768
v 0.234337 0.318967 0.235298
v 0.258885 0.358138 0.252446
v 0.256818 0.401736 0.250992
v 0.247720 0.443476 0.244716
v 0.240456 0.483415 0.240042
v 0.258557 0.532234 0.253822
v 0.259565 0.576088 0.256376
v 0.257698 0.618711 0.258476
v 0.263894 0.668604 0.269551
v 0.110025 0.198152 0.170975
v 0.121613 0.215843 0.175761
v 0.142023 0.230453 0.189285
v 0.162575 0.249869 0.203904
v 0.183869 0.274180 0.219544
v 0.214114 0.301729 0.242432
v 0.235277 0.338146 0.258567
v 0.257880 0.380000 0.275975
v 0.257758 0.424661 0.275905
v 0.244238 0.465777 0.265682
v 0.248392 0.509872 0.269446
v 0.257754 0.557302 0.277816
v 0.261693 0.603492 0.282879
v 0.256114 0.643788 0.282434
v 0.240245 0.674598 0.276983
v 0.108927 0.209918 0.180897
v 0.124712 0.224351 0.191972
v 0.143161 0.241504 0.206293
v 0.166417 0.261434 0.225204
v 0.181856 0.290044 0.237774
v 0.206127 0.321201 0.258012
v 0.227827 0.358975 0.276230
v 0.248732 0.402366 0.293845
v 0.255416 0.448266 0.299553
v 0.243291 0.489564 0.289601
v 0.247736 0.534757 0.293944
v 0.253709 0.581460 0.300079
v 0.245466 0.619290 0.295132
v 0.238741 0.655759 0.293295
v 0.255455 0.063024 -0.332754
v 0.281002 0.084975 -0.353289
v 0.299957 0.119601 -0.369074
v 0.304381 0.167978 -0.372265
v 0.313967 0.216322 -0.380571
v 0.314109 0.270382 -0.380437
v 0.317665 0.324568 -0.383606
v 0.318780 0.380000 -0.384619
v 0.315543 0.435151 -0.381657
v 0.332931 0.494601 -0.397728
v 0.329439 0.549796 -0.394795
v 0.318013 0.599169 -0.384815
v 0.300495 0.640748 -0.369570
v 0.267419 0.664507 -0.340694
v 0.240867 0.683967 -0.319098
v 0.233118 0.691844 -0.297057
v 0.229983 0.685981 -0.255519
v 0.227282 0.682010 -0.213082
v 0.217433 0.672222 -0.166434
v 0.209829 0.664833 -0.122503
v 0.193846 0.649953 -0.077784
v 0.196495 0.652316 -0.039351
v 0.196525 0.652337 -0.000000
v 0.202405 0.657745 0.040135
v 0.213581 0.668083 0.083008
v 0.236094 0.688980 0.132888
v 0.241183 0.694086 0.178886
v 0.241881 0.695482 0.222587
v 0.231639 0.687516 0.256801
v 0.215500 0.675351 0.281346
v 0.213929 0.659945 0.293880
v 0.225124 0.631757 0.301475
v 0.228978 0.594186 0.303575
v 0.231643 0.553885 0.305304
v 0.229609 0.510324 0.303018
v 0.233793 0.468358 0.306652
v 0.234122 0.424345 0.306876
v 0.227324 0.380000 0.300623
v 0.205988 0.339389 0.281035
v 0.179190 0.306096 0.256488
v 0.164094 0.275580 0.242788
v 0.143824 0.252160 0.224459
v 0.126444 0.232570 0.208959
v 0.109505 0.217772 0.194266
v 0.097069 0.204264 0.184483
v 0.099030 0.193681 0.177484
v 0.112604 0.182861 0.164628
v 0.124026 0.173272 0.145856
v 0.136002 0.162741 0.123738
v 0.159531 0.141407 0.102616
v 0.186238 0.117037 0.075770
v 0.214817 0.090855 0.041782
v 0.231406 0.075628 0.000000
v 0.235934 0.071461 -0.044585
v 0.249911 0.058540 -0.092625
v 0.261930 0.047269 -0.143103
v 0.257560 0.050837 -0.187473
v 0.251055 0.056052 -0.228560
v 0.250041 0.055420 -0.271051
v 0.240033 0.061683 -0.303224
v 0.086115 0.205013 0.214954
v 0.094639 0.222189 0.227834
v 0.106234 0.241544 0.243092
v 0.118066 0.265192 0.257972
v 0.130387 0.292839 0.273100
v 0.152339 0.322494 0.299396
v 0.165787 0.359770 0.315433
v 0.183486 0.401577 0.336438
v 0.183499 0.444607 0.336367
v 0.181108 0.486350 0.333224
v 0.180952 0.527917 0.332367
v 0.182437 0.569615 0.332913
v 0.176412 0.604112 0.323553
v 0.176907 0.640350 0.319813
v 0.072222 0.196825 0.211557
v 0.080350 0.211557 0.227398
v 0.091514 0.228692 0.244873
v 0.099125 0.252918 0.256421
v 0.114723 0.276504 0.277635
v 0.129773 0.305816 0.297711
v 0.142482 0.340750 0.314419
v 0.155354 0.380000 0.331139
v 0.162286 0.422456 0.340099
v 0.161667 0.464481 0.339035
v 0.167504 0.508936 0.345881
v 0.164423 0.548755 0.340507
v 0.162074 0.587055 0.335092
v 0.165022 0.627525 0.334159
v 0.163715 0.660485 0.323946
v 0.068595 0.199487 0.227604
v 0.078550 0.215104 0.247090
v 0.087538 0.236562 0.263021
v 0.095625 0.262671 0.276346
v 0.111778 0.288762 0.300369
v 0.122218 0.322360 0.315752
v 0.134325 0.359707 0.333124
v 0.137281 0.400549 0.337326
v 0.141903 0.442746 0.343722
v 0.145542 0.485784 0.348257
v 0.146586 0.527894 0.348335
v 0.146025 0.568171 0.345048
v 0.149155 0.610103 0.344800
v 0.154689 0.652692 0.343831
v 0.058663 0.184310 0.229064
v 0.065853 0.200414 0.248524
v 0.073423 0.221150 0.265483
v 0.084464 0.243530 0.285677
v 0.093095 0.272159 0.301059
v 0.101618 0.304624 0.315423
v 0.117560 0.339244 0.340793
v 0.116692 0.380000 0.339482
v 0.119920 0.421198 0.344489
v 0.120795 0.462545 0.345424
v 0.122153 0.504070 0.346363
v 0.126352 0.547460 0.350548
v 0.124889 0.585991 0.344269
v 0.135578 0.635083 0.353004
v 0.129294 0.662804 0.331035
v 0.050142 0.189962 0.242986
v 0.060069 0.205246 0.267521
v 0.067105 0.228925 0.284534
v 0.077696 0.254074 0.305798
v 0.084468 0.286161 0.319338
v 0.098207 0.319335 0.344047
v 0.097288 0.359849 0.342707
v 0.099218 0.400348 0.346060
v 0.098536 0.440765 0.344617
v 0.099882 0.481680 0.346022
v 0.098913 0.520961 0.342310
v 0.102365 0.562953 0.344573
v 0.105913 0.604804 0.344139
v 0.115757 0.653089 0.349175
v 0.039395 0.172367 0.244740
v 0.041889 0.194487 0.260180
v 0.052485 0.211336 0.287190
v 0.064097 0.233418 0.313928
v 0.071566 0.264370 0.331235
v 0.079325 0.299151 0.347832
v 0.077669 0.339886 0.345213
v 0.074179 0.380000 0.338498
v 0.070237 0.418436 0.330772
v 0.071917 0.457509 0.333463
v 0.073369 0.496845 0.334715
v 0.074680 0.536035 0.334175
v 0.077075 0.575864 0.333503
v 0.085261 0.622220 0.339711
v 0.092182 0.666259 0.337419
v 0.028826 0.178141 0.259941
v 0.036085 0.196057 0.284871
v 0.043862 0.218948 0.308104
v 0.054110 0.244795 0.334582
v 0.056786 0.281310 0.342993
v 0.059430 0.319656 0.349985
v 0.055655 0.360347 0.342026
v 0.052468 0.399251 0.335024
v 0.047245 0.435733 0.323237
v 0.048792 0.473658 0.325504
v 0.051366 0.512798 0.328625
v 0.049651 0.547533 0.320502
v 0.057542 0.592946 0.329787
v 0.063246 0.635792 0.329393
v 0.014697 0.162146 0.257722
v 0.018393 0.182601 0.278852
v 0.026186 0.201937 0.306430
v 0.034186 0.227052 0.332058
v 0.039492 0.260062 0.349050
v 0.037875 0.300729 0.346968
v 0.038869 0.340033 0.350203
v 0.034142 0.380000 0.338362
v 0.028167 0.416887 0.323214
v 0.026111 0.452507 0.317362
v 0.028501 0.490489 0.321550
v 0.029965 0.528137 0.321615
v 0.030029 0.563487 0.315763
v 0.036885 0.608230 0.322405
v 0.047356 0.659887 0.331106
v 0.003755 0.164740 0.278330
v 0.007827 0.186930 0.301019
v 0.013908 0.210989 0.326302
v 0.021349 0.238868 0.353155
v 0.018555 0.281087 0.348090
v 0.018287 0.320673 0.348702
v 0.014584 0.360834 0.338166
v 0.009273 0.398278 0.322492
v 0.003851 0.432087 0.306145
v 0.003800 0.466603 0.304767
v 0.006086 0.503381 0.308737
v 0.007925 0.540134 0.309163
v 0.013819 0.583799 0.317747
v 0.019787 0.628521 0.321336
v -0.011780 0.146815 0.276416
v -0.008789 0.168285 0.300280
v -0.004083 0.191445 0.326412
v 0.000343 0.220588 0.348738
v 0.000383 0.259683 0.353263
v -0.003594 0.302743 0.341434
v -0.004457 0.341680 0.339177
v -0.008575 0.380000 0.324648
v -0.013576 0.414663 0.306808
v -0.015727 0.447534 0.298465
v -0.016594 0.479969 0.293519
v -0.013785 0.516968 0.299637
v -0.009455 0.557994 0.308130
v -0.003462 0.604081 0.317818
v 0.002565 0.651101 0.321362
v -0.026169 0.151319 0.296296
v -0.022024 0.171429 0.326301
v -0.018901 0.200120 0.348908
v -0.019440 0.239882 0.352613
v -0.021560 0.282118 0.346661
v -0.024164 0.323115 0.336630
v -0.026631 0.361648 0.326079
v -0.030330 0.397427 0.309643
v -0.033701 0.429731 0.294296
v -0.033560 0.462908 0.293630
v -0.033652 0.495399 0.290407
v -0.030459 0.534243 0.299181
v -0.026724 0.576000 0.306633
v -0.022385 0.620401 0.311482
v -0.040372 0.118353 0.310440
v -0.040292 0.149809 0.327081
v -0.039241 0.181486 0.344580
v -0.039229 0.219443 0.352459
v -0.040473 0.261315 0.349876
v -0.043222 0.304306 0.336001
v -0.045839 0.343864 0.321324
v -0.048479 0.380000 0.305752
v -0.050953 0.412724 0.290983
v -0.050376 0.446156 0.293663
v -0.050978 0.477741 0.288133
v -0.050525 0.510712 0.286944
v -0.047742 0.550740 0.296369
v -0.044519 0.593894 0.303924
v -0.039391 0.645953 0.315549
v -0.059647 0.130707 0.323251
v -0.057995 0.155772 0.351237
v -0.058162 0.194697 0.360046
v -0.060036 0.241141 0.350177
v -0.061649 0.284380 0.339453
v -0.063590 0.325428 0.323761
v -0.065616 0.362815 0.306138
v -0.066967 0.396510 0.294114
v -0.067032 0.429413 0.293158
v -0.067550 0.460908 0.287226
v -0.068056 0.490992 0.279903
v -0.067052 0.525927 0.283538
v -0.065002 0.566823 0.292645
v -0.062136 0.613917 0.303314
v -0.078801 0.101478 0.330547
v -0.078982 0.137307 0.345020
v -0.078700 0.171460 0.362252
v -0.079560 0.218115 0.355718
v -0.080779 0.265088 0.339132
v -0.081948 0.307832 0.320742
v -0.082845 0.345676 0.305611
v -0.083429 0.380000 0.295292
v -0.083746 0.412521 0.289552
v -0.084266 0.442902 0.279560
v -0.084540 0.472429 0.272779
v -0.084311 0.504257 0.273035
v -0.083110 0.545364 0.287252
v -0.082059 0.587172 0.294522
v -0.080286 0.639004 0.307383
v -0.100000 0.113601 0.345462
v -0.100000 0.149122 0.361706
v -0.100000 0.190474 0.368323
v -0.100000 0.239478 0.354454
v -0.100000 0.284982 0.337406
v -0.100000 0.326618 0.316795
v -0.100000 0.363404 0.295735
v -0.100000 0.396447 0.293091
v -0.100000 0.427153 0.279830
v -0.100000 0.456893 0.273044
v -0.100000 0.485889 0.267097
v -0.100000 0.525701 0.283153
v -0.100000 0.565046 0.289904
v -0.100000 0.612146 0.301043
v -0.121923 0.091974 0.341826
v -0.121747 0.128879 0.357002
v -0.121395 0.170530 0.363868
v -0.121038 0.213371 0.366141
v -0.119999 0.260437 0.352858
v -0.118651 0.305437 0.331387
v -0.117134 0.345719 0.305226
v -0.116428 0.380000 0.292740
v -0.115938 0.411888 0.283919
v -0.115005 0.439990 0.266617
v -0.115024 0.469819 0.265078
v -0.115692 0.504282 0.273090
v -0.116826 0.544739 0.286167
v -0.117827 0.585851 0.292644
v -0.119537 0.636675 0.304620
v -0.144417 0.105597 0.355810
v -0.144013 0.145055 0.368025
v -0.141362 0.196807 0.355946
v -0.141465 0.235927 0.363328
v -0.138988 0.282791 0.345094
v -0.136096 0.325899 0.320967
v -0.133345 0.363334 0.296889
v -0.132473 0.396230 0.289123
v -0.130772 0.426121 0.273626
v -0.129843 0.454408 0.264148
v -0.130900 0.487366 0.270757
v -0.132683 0.524753 0.281258
v -0.134325 0.563230 0.287017
v -0.137118 0.609306 0.297335
v -0.164158 0.098475 0.334025
v -0.167839 0.118465 0.371618
v -0.164656 0.168752 0.366683
v -0.163126 0.213221 0.366118
v -0.159626 0.261117 0.350459
v -0.157116 0.303855 0.338002
v -0.152355 0.345069 0.310611
v -0.149133 0.380000 0.291577
v -0.148383 0.412281 0.287045
v -0.145903 0.441195 0.271642
v -0.145714 0.471145 0.268690
v -0.147124 0.504501 0.273308
v -0.149611 0.542093 0.281360
v -0.153343 0.585652 0.292213
v -0.157632 0.632889 0.300049
v -0.187257 0.109734 0.350178
v -0.190959 0.136701 0.380630
v -0.185866 0.189548 0.369414
v -0.181222 0.238730 0.355511
v -0.179476 0.280825 0.351242
v -0.173497 0.324870 0.326247
v -0.166532 0.363358 0.295692
v -0.165695 0.396433 0.291974
v -0.164074 0.428062 0.284419
v -0.160666 0.455703 0.268113
v -0.162097 0.488005 0.271800
v -0.164754 0.523625 0.278585
v -0.169642 0.566282 0.291429
v -0.175757 0.614644 0.304023
v -0.206717 0.097924 0.334371
v -0.210462 0.123600 0.363657
v -0.209201 0.165332 0.371618
v -0.205415 0.212530 0.366365
v -0.196625 0.264187 0.340038
v -0.192938 0.305522 0.329153
v -0.187766 0.344799 0.311569
v -0.182400 0.380000 0.292601
v -0.182093 0.412926 0.291432
v -0.179372 0.443607 0.281108
v -0.177629 0.473044 0.273186
v -0.180825 0.508405 0.280905
v -0.185971 0.549002 0.292564
v -0.192992 0.595849 0.306143
v -0.198265 0.639737 0.307891
v -0.231376 0.107436 0.352424
v -0.231334 0.144839 0.366645
v -0.227718 0.190498 0.365862
v -0.220615 0.239721 0.351021
v -0.216374 0.282906 0.341686
v -0.209596 0.325032 0.323081
v -0.203817 0.362635 0.306388
v -0.198924 0.396547 0.291948
v -0.195877 0.428087 0.282638
v -0.193645 0.458130 0.274950
v -0.197089 0.492918 0.282554
v -0.202317 0.531813 0.293099
v -0.208558 0.574378 0.303059
v -0.215372 0.619362 0.309493
v -0.247622 0.099607 0.331705
v -0.254619 0.122201 0.364175
v -0.249619 0.168869 0.363335
v -0.246024 0.213558 0.361354
v -0.235834 0.263207 0.339898
v -0.234007 0.302953 0.337234
v -0.228386 0.343050 0.323767
v -0.221830 0.380000 0.307305
v -0.214684 0.413007 0.289213
v -0.212449 0.444652 0.282982
v -0.214496 0.478446 0.286504
v -0.216397 0.512672 0.288038
v -0.224017 0.555003 0.301162
v -0.232478 0.600883 0.312026
v -0.236891 0.640009 0.307591
v -0.271336 0.111532 0.345716
v -0.267964 0.152966 0.351605
v -0.263706 0.196733 0.350603
v -0.259678 0.239910 0.346669
v -0.252416 0.284061 0.333433
v -0.249822 0.323292 0.328894
v -0.245689 0.361605 0.320128
v -0.237579 0.397371 0.302308
v -0.230597 0.429431 0.286690
v -0.229485 0.461505 0.283269
v -0.233671 0.497273 0.290206
v -0.238667 0.535237 0.296979
v -0.247515 0.579393 0.308798
v -0.253511 0.620538 0.309749
v -0.286010 0.102934 0.326582
v -0.284456 0.138832 0.338236
v -0.279905 0.181006 0.338832
v -0.278584 0.220477 0.341644
v -0.272473 0.263759 0.332986
v -0.273920 0.301588 0.337347
v -0.267670 0.342143 0.325786
v -0.259152 0.380000 0.309293
v -0.250931 0.414077 0.293261
v -0.247718 0.446599 0.286524
v -0.248337 0.479974 0.286387
v -0.255408 0.518820 0.297306
v -0.262967 0.560259 0.306933
v -0.271494 0.604220 0.314467
v -0.273165 0.637934 0.304031
v -0.299315 0.127722 0.322566
v -0.299166 0.162562 0.332863
v -0.291904 0.206505 0.326760
v -0.289945 0.245394 0.326877
v -0.285337 0.285719 0.320842
v -0.290437 0.321713 0.330560
v -0.276102 0.362013 0.305905
v -0.271001 0.397466 0.297044
v -0.267178 0.431168 0.290187
v -0.266946 0.464925 0.289005
v -0.269843 0.500360 0.292282
v -0.276607 0.539666 0.300714
v -0.280201 0.576733 0.301167
v -0.290156 0.620685 0.307743
v -0.307355 0.124255 0.299361
v -0.311811 0.150651 0.317391
v -0.306212 0.191117 0.315678
v -0.303163 0.229696 0.314637
v -0.294415 0.271422 0.303117
v -0.299337 0.305477 0.311853
v -0.296075 0.343269 0.307138
v -0.292928 0.380000 0.302251
v -0.286452 0.414929 0.292064
v -0.285543 0.449366 0.290273
v -0.286674 0.484255 0.291047
v -0.287462 0.518689 0.290321
v -0.291759 0.555645 0.293552
v -0.301955 0.598677 0.302622
v -0.308402 0.637036 0.300873
v -0.322088 0.142214 0.299819
v -0.319920 0.176897 0.304342
v -0.315127 0.215461 0.301714
v -0.309614 0.254280 0.296108
v -0.305395 0.291512 0.291316
v -0.305053 0.326812 0.291361
v -0.300736 0.362616 0.285373
v -0.297772 0.397127 0.281158
v -0.303319 0.432738 0.288899
v -0.303411 0.467633 0.288502
v -0.307754 0.504604 0.293480
v -0.305661 0.537299 0.288439
v -0.309575 0.573549 0.290025
v -0.317346 0.612709 0.293417
v -0.325855 0.139782 0.277439
v -0.334575 0.160911 0.295770
v -0.325769 0.201629 0.288671
v -0.322602 0.237936 0.286652
v -0.318424 0.274720 0.282421
v -0.313442 0.311089 0.276552
v -0.306159 0.346629 0.267321
v -0.305510 0.380000 0.266502
v -0.303309 0.412910 0.263625
v -0.310133 0.447843 0.272265
v -0.317799 0.484979 0.281612
v -0.323547 0.522668 0.287870
v -0.318350 0.552510 0.279186
v -0.325797 0.590890 0.284702
v -0.323737 0.617966 0.274838
v -0.339484 0.154835 0.276592
v -0.336597 0.188170 0.276948
v -0.335085 0.222175 0.277099
v -0.330215 0.258796 0.272344
v -0.322907 0.295668 0.264233
v -0.313198 0.331414 0.252956
v -0.308942 0.364097 0.247970
v -0.307905 0.395824 0.246739
v -0.308517 0.427520 0.247402
v -0.316886 0.462054 0.257096
v -0.327834 0.499951 0.269527
v -0.328126 0.533154 0.268897
v -0.329290 0.565906 0.268395
v -0.332526 0.598624 0.268556
v 0.087787 0.201118 0.200597
v 0.097857 0.214773 0.213378
v 0.110927 0.231181 0.228577
v 0.124384 0.252203 0.243742
v 0.135774 0.278597 0.256464
v 0.153779 0.306876 0.276241
v 0.175908 0.340130 0.300405
v 0.196857 0.380000 0.323223
v 0.201777 0.423608 0.328571
v 0.198977 0.466147 0.325439
v 0.194587 0.506698 0.320438
v 0.195359 0.548220 0.320840
v 0.194138 0.587528 0.318750
v 0.189308 0.621596 0.312003
v 0.184668 0.651170 0.304088
v 0.169803 0.663233 0.302556
v 0.146609 0.675311 0.318476
v 0.109955 0.677578 0.322479
v 0.069382 0.677400 0.323057
v 0.027660 0.676823 0.322871
v -0.015517 0.673202 0.319152
v -0.058489 0.667268 0.312774
v -0.100000 0.665111 0.310434
v -0.140238 0.658456 0.303179
v -0.179933 0.657413 0.301966
v -0.221122 0.661621 0.306335
v -0.256443 0.654681 0.298378
v -0.295721 0.657404 0.300617
v -0.316772 0.639582 0.279944
v -0.327038 0.618339 0.254599
v -0.330164 0.599250 0.245866
v -0.335074 0.576306 0.253514
v -0.335582 0.546214 0.255295
v -0.336940 0.514948 0.257381
v -0.330793 0.479261 0.251046
v -0.319389 0.443214 0.238807
v -0.315035 0.411073 0.234127
v -0.318954 0.380000 0.238402
v -0.319432 0.348291 0.238915
v -0.321816 0.316086 0.241448
v -0.329963 0.281096 0.250143
v -0.336757 0.245156 0.257183
v -0.338654 0.211619 0.258624
v -0.337648 0.181544 0.256290
v -0.340381 0.151017 0.256780
v -0.328345 0.140289 0.256065
v -0.315478 0.121968 0.278273
v -0.294732 0.103998 0.299097
v -0.266105 0.088355 0.316806
v -0.227539 0.083457 0.322565
v -0.183598 0.089869 0.315810
v -0.142454 0.086210 0.319875
v -0.100000 0.083069 0.323304
v -0.058733 0.094424 0.310932
v -0.025128 0.120153 0.282846
v 0.001175 0.144756 0.255887
v 0.027506 0.156127 0.243187
v 0.050655 0.166471 0.231397
v 0.064659 0.182823 0.212644
v 0.077772 0.193379 0.199353
v -0.297522 0.137365 -0.210083
v -0.273136 0.130041 -0.213541
v -0.249179 0.118082 -0.222206
v -0.223494 0.102511 -0.234564
v -0.195706 0.080129 -0.252971
v -0.159424 0.070618 -0.260755
v -0.120954 0.053286 -0.275292
v -0.077740 0.032911 -0.292461
v -0.028660 0.008579 -0.313043
v 0.022011 -0.002293 -0.322503
v 0.060806 0.018670 -0.305435
v 0.103351 0.022972 -0.302896
v 0.145003 0.026286 -0.302178
v 0.179015 0.037259 -0.296758
v -0.309545 0.137986 -0.197016
v -0.286883 0.127707 -0.200093
v -0.260950 0.119523 -0.203718
v -0.236755 0.104060 -0.214283
v -0.209896 0.085197 -0.228000
v -0.176325 0.073695 -0.236405
v -0.140220 0.057816 -0.248470
v -0.100000 0.037383 -0.264205
v -0.054237 0.013410 -0.282716
v -0.003165 -0.008614 -0.299931
v 0.038875 0.007458 -0.288124
v 0.080885 0.015016 -0.283430
v 0.124346 0.016925 -0.283959
v 0.164761 0.022571 -0.283477
v 0.196480 0.037580 -0.278753
v -0.301478 0.125961 -0.188177
v -0.275706 0.116712 -0.190254
v -0.249533 0.105802 -0.195508
v -0.222131 0.092345 -0.203631
v -0.191460 0.078901 -0.212293
v -0.158362 0.060294 -0.225001
v -0.120580 0.042156 -0.237646
v -0.078043 0.019564 -0.253537
v -0.028921 -0.009368 -0.274027
v 0.012540 0.009502 -0.261223
v 0.055194 0.014471 -0.258757
v 0.100288 0.012733 -0.261868
v 0.147155 0.009649 -0.267619
v 0.181006 0.025687 -0.262454
v -0.304379 0.140764 -0.165708
v -0.287247 0.120874 -0.172929
v -0.263257 0.107151 -0.178235
v -0.235967 0.095377 -0.183783
v -0.207730 0.079253 -0.192896
v -0.175466 0.064200 -0.201860
v -0.140059 0.045038 -0.213838
v -0.100000 0.020468 -0.229491
v -0.054411 -0.001202 -0.243357
v -0.010296 0.004619 -0.239944
v 0.030501 0.015682 -0.233669
v 0.070544 0.022994 -0.230521
v 0.118396 0.014998 -0.238432
v 0.164225 0.014345 -0.244021
v 0.196708 0.032689 -0.240568
v -0.292665 0.133656 -0.152217
v -0.270186 0.119473 -0.155884
v -0.252540 0.092707 -0.168725
v -0.224934 0.076610 -0.176297
v -0.192250 0.066069 -0.181345
v -0.158959 0.045625 -0.192635
v -0.120992 0.022985 -0.205525
v -0.077610 -0.000786 -0.219209
v -0.034160 0.006599 -0.215118
v 0.007782 0.013211 -0.211879
v 0.047673 0.021391 -0.208384
v 0.092062 0.018271 -0.212441
v 0.135675 0.019219 -0.215870
v 0.180553 0.021280 -0.221655
v -0.292885 0.152643 -0.129494
v -0.278047 0.130290 -0.136179
v -0.260347 0.106973 -0.144965
v -0.240263 0.079604 -0.157023
v -0.208535 0.069089 -0.161039
v -0.176753 0.049790 -0.170241
v -0.141001 0.027154 -0.181598
v -0.100000 0.001141 -0.194948
v -0.055980 0.001177 -0.194967
v -0.013159 0.006389 -0.192616
v 0.026247 0.018352 -0.187319
v 0.067563 0.021137 -0.187585
v 0.111341 0.020144 -0.191067
v 0.157543 0.018798 -0.196981
v 0.197316 0.029549 -0.199604
v -0.282622 0.144831 -0.116549
v -0.266282 0.122481 -0.123019
v -0.252205 0.088821 -0.135959
v -0.226140 0.067851 -0.143778
v -0.194434 0.051797 -0.150025
v -0.160549 0.028827 -0.159971
v -0.121360 0.008269 -0.169173
v -0.078087 -0.001359 -0.173554
v -0.035525 0.006061 -0.170342
v 0.002615 0.023364 -0.163022
v 0.045169 0.020763 -0.165466
v 0.085973 0.024221 -0.166123
v 0.130170 0.023538 -0.170285
v 0.178361 0.021545 -0.177650
v -0.280837 0.166070 -0.095207
v -0.271629 0.137552 -0.102937
v -0.256969 0.109872 -0.111237
v -0.237542 0.081390 -0.120669
v -0.210576 0.058197 -0.128603
v -0.177776 0.039573 -0.135276
v -0.141897 0.012892 -0.145573
v -0.100000 0.007399 -0.147716
v -0.057350 0.006291 -0.148190
v -0.017673 0.019654 -0.143191
v 0.021323 0.026918 -0.141102
v 0.063051 0.026007 -0.143049
v 0.104948 0.027304 -0.145238
v 0.149338 0.027776 -0.149545
v 0.198543 0.026824 -0.157178
v -0.273053 0.156244 -0.083411
v -0.263335 0.125341 -0.091220
v -0.248506 0.093286 -0.100088
v -0.225771 0.065283 -0.108141
v -0.195078 0.045408 -0.113958
v -0.162269 0.014007 -0.124152
v -0.121082 0.008035 -0.126037
v -0.079131 0.011798 -0.124762
v -0.039231 0.022824 -0.121162
v -0.000038 0.028219 -0.119812
v 0.039203 0.031671 -0.119690
v 0.080389 0.031732 -0.121576
v 0.125963 0.027697 -0.126197
v 0.172856 0.027198 -0.131516
v -0.273866 0.173900 -0.065778
v -0.268538 0.140959 -0.072610
v -0.254486 0.112565 -0.078587
v -0.236261 0.081908 -0.085770
v -0.210772 0.054762 -0.092420
v -0.180543 0.024044 -0.100506
v -0.141454 0.013081 -0.103357
v -0.100000 0.014875 -0.102824
v -0.060122 0.027035 -0.099426
v -0.020469 0.028516 -0.099243
v 0.017298 0.035601 -0.097865
v 0.057110 0.036298 -0.098894
v 0.103380 0.027924 -0.103459
v 0.147714 0.028663 -0.106720
v 0.190572 0.035557 -0.109931
v -0.268365 0.161854 -0.054358
v -0.259130 0.131049 -0.059491
v -0.246194 0.096431 -0.065912
v -0.220511 0.076731 -0.069287
v -0.195728 0.040965 -0.076714
v -0.162198 0.011929 -0.082919
v -0.120301 0.019294 -0.081160
v -0.080421 0.032127 -0.078272
v -0.042482 0.039622 -0.076680
v -0.003041 0.036608 -0.077700
v 0.036259 0.037100 -0.078341
v 0.076612 0.037430 -0.079626
v 0.120494 0.035047 -0.082433
v 0.160792 0.042098 -0.084198
v -0.267456 0.181316 -0.038162
v -0.264536 0.146209 -0.042678
v -0.249849 0.119893 -0.045864
v -0.231400 0.091546 -0.049735
v -0.206925 0.064793 -0.053628
v -0.180157 0.024190 -0.060126
v -0.140505 0.019826 -0.060709
v -0.100000 0.032763 -0.058512
v -0.061966 0.041796 -0.057006
v -0.023046 0.038408 -0.057723
v 0.014271 0.043136 -0.057313
v 0.051667 0.047056 -0.057406
v 0.095240 0.041104 -0.059756
v 0.135902 0.044804 -0.061190
v 0.174316 0.054528 -0.062515
v -0.264082 0.167239 -0.026560
v -0.258384 0.131903 -0.029671
v -0.241947 0.104195 -0.032049
v -0.216050 0.087341 -0.033400
v -0.192435 0.051854 -0.037074
v -0.158814 0.031069 -0.039240
v -0.119440 0.033691 -0.038895
v -0.081252 0.046020 -0.037511
v -0.043174 0.042865 -0.037914
v -0.005830 0.045695 -0.037769
v 0.032159 0.046719 -0.038036
v 0.070403 0.048906 -0.038474
v 0.110439 0.050362 -0.039422
v 0.145545 0.061608 -0.039746
v -0.271682 0.176250 -0.013067
v -0.262368 0.149172 -0.014061
v -0.248069 0.122791 -0.015124
v -0.232103 0.089724 -0.016679
v -0.205279 0.069297 -0.017610
v -0.177613 0.035059 -0.019414
v -0.138690 0.035520 -0.019337
v -0.100000 0.042702 -0.018928
v -0.062768 0.048504 -0.018608
v -0.025348 0.048218 -0.018673
v 0.011595 0.050657 -0.018666
v 0.048572 0.053536 -0.018759
v 0.087400 0.054469 -0.019141
v 0.121131 0.065633 -0.019150
v 0.163584 0.067181 -0.020062
v -0.268542 0.161437 0.000000
v -0.258373 0.131885 0.000000
v -0.239210 0.109461 -0.000000
v -0.218617 0.080797 -0.000000
v -0.192797 0.050479 -0.000000
v -0.158432 0.033237 0.000000
v -0.118856 0.043996 -0.000000
v -0.081398 0.048521 0.000000
v -0.044800 0.052419 0.000000
v -0.008072 0.053567 -0.000000
v 0.027459 0.058495 0.000000
v 0.062948 0.063329 0.000000
v 0.102968 0.062019 0.000000
v 0.143062 0.064801 0.000000
v -0.277092 0.169829 0.013479
v -0.265112 0.145271 0.014299
v -0.248865 0.121407 0.015205
v -0.230596 0.093036 0.016489
v -0.207143 0.063796 0.017922
v -0.177479 0.035652 0.019380
v -0.139255 0.030485 0.019620
v -0.100000 0.046173 0.018733
v -0.063096 0.051422 0.018444
v -0.027595 0.058206 0.018111
v 0.008549 0.059647 0.018157
v 0.044385 0.062738 0.018230
v 0.079499 0.068194 0.018334
v 0.118356 0.069578 0.018910
v 0.161430 0.069738 0.019898
v -0.273899 0.154509 0.028149
v -0.261454 0.127093 0.030246
v -0.236677 0.114435 0.030859
v -0.219608 0.078369 0.034424
v -0.193160 0.049282 0.037364
v -0.157670 0.037857 0.038477
v -0.119020 0.041163 0.038056
v -0.081456 0.049646 0.037103
v -0.045792 0.058395 0.036167
v -0.009987 0.060453 0.036102
v 0.023701 0.068048 0.035602
v 0.058145 0.072723 0.035706
v 0.098452 0.069139 0.037177
v 0.134395 0.076066 0.037942
v -0.283910 0.161794 0.041912
v -0.268607 0.140424 0.043734
v -0.250484 0.118790 0.046058
v -0.228420 0.098089 0.048607
v -0.207433 0.063295 0.053883
v -0.178776 0.030316 0.059090
v -0.138796 0.035017 0.058149
v -0.100000 0.043463 0.056709
v -0.063081 0.051708 0.055335
v -0.027584 0.058548 0.054320
v 0.006184 0.066977 0.053257
v 0.040448 0.071684 0.053160
v 0.077626 0.071679 0.054365
v 0.112186 0.078503 0.055038
v 0.151946 0.081070 0.057417
v -0.276308 0.151562 0.056922
v -0.261685 0.127052 0.060447
v -0.240392 0.107687 0.063296
v -0.217344 0.084698 0.067467
v -0.194742 0.044456 0.075924
v -0.158622 0.033091 0.078151
v -0.119534 0.032923 0.078093
v -0.081225 0.046402 0.075060
v -0.045003 0.054543 0.073319
v -0.010290 0.062281 0.071891
v 0.023962 0.068044 0.071272
v 0.059351 0.070912 0.071844
v 0.092857 0.078284 0.072101
v 0.129370 0.082810 0.074054
v -0.285700 0.159872 0.070255
v -0.269978 0.138917 0.073230
v -0.252727 0.115609 0.077692
v -0.227319 0.101471 0.080141
v -0.205320 0.070769 0.087871
v -0.178782 0.031826 0.098309
v -0.140081 0.025235 0.099934
v -0.100000 0.037645 0.096412
v -0.062705 0.049894 0.092987
v -0.026538 0.055339 0.091670
v 0.005573 0.070026 0.088082
v 0.037516 0.079162 0.086561
v 0.075905 0.075486 0.089483
v 0.113257 0.077533 0.091875
v 0.137301 0.098705 0.089777
v -0.275892 0.152573 0.084779
v -0.262866 0.126072 0.090959
v -0.243084 0.103754 0.096434
v -0.220466 0.078557 0.103579
v -0.195243 0.044825 0.114157
v -0.158646 0.035304 0.116928
v -0.119952 0.027968 0.119283
v -0.081100 0.046534 0.112992
v -0.045104 0.057345 0.109451
v -0.009762 0.062440 0.108157
v 0.022140 0.074369 0.105019
v 0.056033 0.078755 0.105161
v 0.095353 0.075422 0.109102
v 0.118693 0.097231 0.105410
v -0.284004 0.162323 0.096875
v -0.271914 0.137149 0.103108
v -0.255728 0.112008 0.110357
v -0.235937 0.084873 0.119262
v -0.211569 0.055305 0.129758
v -0.178085 0.038223 0.135812
v -0.140388 0.026107 0.140332
v -0.100000 0.040793 0.134477
v -0.062885 0.054787 0.128959
v -0.027688 0.063488 0.125773
v 0.006174 0.071005 0.123484
v 0.039360 0.077441 0.122265
v 0.074314 0.080023 0.123529
v 0.102174 0.094403 0.121257
v 0.118113 0.121972 0.114833
v -0.285323 0.141353 0.118273
v -0.271040 0.115112 0.126539
v -0.250537 0.092013 0.134469
v -0.231309 0.055060 0.149669
v -0.200747 0.029857 0.160054
v -0.160033 0.031819 0.158608
v -0.119530 0.040115 0.154680
v -0.081608 0.059922 0.145666
v -0.045695 0.065044 0.143473
v -0.010983 0.070625 0.141419
v 0.025280 0.069980 0.142797
v 0.058254 0.077250 0.141362
v 0.083476 0.095852 0.135740
v 0.105704 0.115107 0.131280
v -0.292042 0.153637 0.128928
v -0.282742 0.123706 0.139769
v -0.265578 0.098067 0.149694
v -0.248155 0.062702 0.165858
v -0.218111 0.041657 0.175248
v -0.181864 0.027800 0.181577
v -0.138516 0.048541 0.170590
v -0.100000 0.047521 0.171082
v -0.062421 0.056608 0.166439
v -0.027694 0.068924 0.160375
v 0.009580 0.066096 0.162590
v 0.040367 0.079382 0.157139
v 0.064978 0.099087 0.149152
v 0.090374 0.113002 0.145607
v 0.106126 0.137036 0.138384
v -0.291501 0.135144 0.151298
v -0.283078 0.099737 0.167693
v -0.262282 0.074358 0.179501
v -0.236066 0.049578 0.192005
v -0.205639 0.020504 0.207666
v -0.159572 0.042148 0.194638
v -0.119101 0.055148 0.187009
v -0.080582 0.049754 0.190115
v -0.043210 0.057927 0.185548
v -0.006763 0.062709 0.183286
v 0.024798 0.076941 0.176105
v 0.048959 0.099451 0.164764
v 0.075427 0.111450 0.160685
v 0.093177 0.133002 0.152621
v -0.303559 0.141724 0.165044
v -0.292592 0.113476 0.177866
v -0.276765 0.084575 0.192983
v -0.251191 0.063508 0.204361
v -0.219238 0.047125 0.213502
v -0.181693 0.038144 0.218515
v -0.138419 0.058754 0.205082
v -0.100000 0.059946 0.204291
v -0.061375 0.057025 0.206185
v -0.024617 0.064547 0.201638
v 0.010457 0.071639 0.197779
v 0.035887 0.095543 0.183676
v 0.057013 0.117587 0.171418
v 0.081830 0.128369 0.167926
v 0.097176 0.149196 0.159868
v -0.308153 0.117545 0.194411
v -0.289797 0.095597 0.205512
v -0.269080 0.069959 0.221064
v -0.239315 0.051872 0.232281
v -0.200289 0.049836 0.232786
v -0.160042 0.051092 0.231477
v -0.119801 0.054942 0.228652
v -0.080436 0.058844 0.225906
v -0.042731 0.066283 0.220786
v -0.006320 0.071591 0.217447
v 0.023018 0.090255 0.205110
v 0.046188 0.111937 0.191134
v 0.064499 0.133505 0.178119
v 0.084160 0.147797 0.172002
v -0.317079 0.129284 0.204100
v -0.306129 0.101726 0.220699
v -0.283381 0.083222 0.232109
v -0.260083 0.056989 0.250836
v -0.221364 0.054432 0.251794
v -0.179692 0.060183 0.246834
v -0.140851 0.052760 0.252369
v -0.100000 0.058600 0.247844
v -0.060597 0.064361 0.243422
v -0.026438 0.084783 0.227848
v 0.007701 0.091085 0.223447
v 0.031989 0.113678 0.206814
v 0.053355 0.131815 0.194105
v 0.069922 0.150605 0.181933
v 0.086993 0.164032 0.175813
v -0.317087 0.113331 0.230892
v -0.296706 0.096013 0.242610
v -0.272720 0.076752 0.257270
v -0.239468 0.066617 0.264905
v -0.198505 0.071357 0.260371
v -0.160352 0.065788 0.264826
v -0.120381 0.062217 0.267767
v -0.080113 0.069921 0.261276
v -0.042877 0.082599 0.250657
v -0.009204 0.095511 0.239995
v 0.020568 0.109085 0.229007
v 0.041914 0.130838 0.211384
v 0.063795 0.143527 0.202019
v 0.075121 0.164882 0.186257
v -0.309560 0.145001 -0.219991
v -0.290919 0.133443 -0.228623
v -0.264102 0.127948 -0.232589
v -0.240331 0.112351 -0.246392
v -0.211539 0.097902 -0.259340
v -0.180296 0.076664 -0.278671
v -0.141722 0.065640 -0.288724
v -0.100000 0.050722 -0.302418
v -0.053613 0.030488 -0.321010
v -0.002546 0.011844 -0.338221
v 0.046459 0.009584 -0.340533
v 0.088221 0.021013 -0.330476
v 0.127389 0.030743 -0.322288
v 0.165630 0.036959 -0.318089
v 0.201177 0.042262 -0.316169
v 0.210450 0.048371 -0.295730
v 0.211501 0.044064 -0.260128
v 0.216697 0.036803 -0.223444
v 0.220196 0.032180 -0.182366
v 0.218703 0.033330 -0.137070
v 0.207343 0.045454 -0.088557
v 0.194098 0.059790 -0.042498
v 0.184461 0.070274 0.000000
v 0.177811 0.077522 0.040145
v 0.159577 0.097449 0.074794
v 0.137669 0.121475 0.102218
v 0.121565 0.139321 0.126191
v 0.108106 0.154481 0.146828
v 0.096504 0.168082 0.164097
v 0.089804 0.177248 0.180804
v 0.081422 0.176554 0.190453
v 0.068253 0.162715 0.201480
v 0.052701 0.145460 0.216430
v 0.031147 0.129868 0.230267
v 0.003649 0.117857 0.240995
v -0.026059 0.100672 0.256615
v -0.059830 0.077332 0.277986
v -0.100000 0.071573 0.283268
v -0.140512 0.074755 0.280353
v -0.180300 0.076650 0.278684
v -0.221620 0.072405 0.282780
v -0.259004 0.076738 0.279177
v -0.290209 0.087850 0.269591
v -0.310107 0.108664 0.251600
v -0.324993 0.127694 0.236193
v -0.326278 0.138286 0.215548
v -0.322871 0.139646 0.186116
v -0.305966 0.156799 0.145318
v -0.295398 0.167744 0.111288
v -0.292075 0.171070 0.082609
v -0.292772 0.170166 0.055545
v -0.285359 0.178183 0.026785
v -0.278463 0.185686 0.000000
v -0.274611 0.189886 -0.025232
v -0.274923 0.189595 -0.050402
v -0.280655 0.183492 -0.077697
v -0.292966 0.170386 -0.109903
v -0.304272 0.158635 -0.144123
v -0.313855 0.149369 -0.178587
v -0.316058 0.149203 -0.205813
v 0.175269 0.718139 -0.292774
v 0.144213 0.732573 -0.301204
v 0.108868 0.746714 -0.311113
v 0.069865 0.761685 -0.322642
v 0.019819 0.755426 -0.316709
v -0.031390 0.737206 -0.301062
v -0.079050 0.706661 -0.275248
v -0.119542 0.684709 -0.256751
v -0.154578 0.664152 -0.239490
v -0.186960 0.652467 -0.229853
v -0.213290 0.634562 -0.215183
v -0.241263 0.628020 -0.210415
v -0.267336 0.621585 -0.206386
v -0.291900 0.615729 -0.204103
v 0.189649 0.714530 -0.272331
v 0.151674 0.719760 -0.269464
v 0.120109 0.736218 -0.278597
v 0.086490 0.756293 -0.292213
v 0.044074 0.766488 -0.298909
v -0.007444 0.751444 -0.286680
v -0.056794 0.726102 -0.266916
v -0.100000 0.694027 -0.242158
v -0.136366 0.671314 -0.224663
v -0.169164 0.657566 -0.214225
v -0.196571 0.639060 -0.200356
v -0.224065 0.630334 -0.194398
v -0.250306 0.623251 -0.190246
v -0.273534 0.614271 -0.185800
v -0.299031 0.609871 -0.187131
v 0.168551 0.718609 -0.250821
v 0.129339 0.723655 -0.248328
v 0.094573 0.736787 -0.254395
v 0.060722 0.758550 -0.267975
v 0.018883 0.771380 -0.275946
v -0.034919 0.736513 -0.250905
v -0.079765 0.712167 -0.233652
v -0.118317 0.680692 -0.211512
v -0.150761 0.658064 -0.195694
v -0.181441 0.648114 -0.189036
v -0.208128 0.634673 -0.180283
v -0.233711 0.625184 -0.174821
v -0.260373 0.620313 -0.173652
v -0.281775 0.609195 -0.169774
v 0.180639 0.708501 -0.227539
v 0.142307 0.715322 -0.223778
v 0.105222 0.722985 -0.224050
v 0.072077 0.740214 -0.232592
v 0.035783 0.759065 -0.243128
v -0.011581 0.750001 -0.236505
v -0.059556 0.718184 -0.215894
v -0.100000 0.693086 -0.199844
v -0.134713 0.670262 -0.185302
v -0.165397 0.653663 -0.174926
v -0.192191 0.637367 -0.165072
v -0.219298 0.629730 -0.161252
v -0.244828 0.622049 -0.158116
v -0.267631 0.611980 -0.154813
v -0.293411 0.606397 -0.156816
v 0.155788 0.707054 -0.202088
v 0.114435 0.708266 -0.196415
v 0.081142 0.721162 -0.200362
v 0.049462 0.742954 -0.210909
v 0.011954 0.760984 -0.220079
v -0.037782 0.732856 -0.203282
v -0.080724 0.707829 -0.188723
v -0.117601 0.679338 -0.172321
v -0.149052 0.658191 -0.160267
v -0.178012 0.645480 -0.153357
v -0.203693 0.631808 -0.146324
v -0.230484 0.625753 -0.144329
v -0.256146 0.619034 -0.143024
v -0.277329 0.606735 -0.140101
v 0.169969 0.698217 -0.181245
v 0.129489 0.701856 -0.175524
v 0.093725 0.709860 -0.175141
v 0.063754 0.730705 -0.183321
v 0.028774 0.748889 -0.191069
v -0.013841 0.750676 -0.191103
v -0.060076 0.723579 -0.176828
v -0.100000 0.694166 -0.161659
v -0.133321 0.666753 -0.147582
v -0.162809 0.650220 -0.139312
v -0.188759 0.634260 -0.131696
v -0.213583 0.623257 -0.127155
v -0.240487 0.619211 -0.127010
v -0.264577 0.610817 -0.125876
v -0.290111 0.604087 -0.127632
v 0.142497 0.692272 -0.154761
v 0.105478 0.698221 -0.152017
v 0.073533 0.711980 -0.155011
v 0.041480 0.730109 -0.161262
v 0.006459 0.749996 -0.169129
v -0.038205 0.738397 -0.163261
v -0.081233 0.706617 -0.148642
v -0.117174 0.678885 -0.136021
v -0.147159 0.653512 -0.124594
v -0.174914 0.640362 -0.119015
v -0.199499 0.626221 -0.113411
v -0.224768 0.618690 -0.111451
v -0.249776 0.611956 -0.110807
v -0.276828 0.607708 -0.112852
v 0.156845 0.683848 -0.135225
v 0.116249 0.685480 -0.129699
v 0.086484 0.700921 -0.132153
v 0.053751 0.713801 -0.134890
v 0.023172 0.738462 -0.143253
v -0.014813 0.752864 -0.148165
v -0.060898 0.722622 -0.135863
v -0.100000 0.689382 -0.122653
v -0.132465 0.664464 -0.112801
v -0.159945 0.642380 -0.104262
v -0.184551 0.626064 -0.098335
v -0.208252 0.615021 -0.094973
v -0.233847 0.610337 -0.094851
v -0.261753 0.608498 -0.097014
v -0.292853 0.608146 -0.101534
v 0.126225 0.672508 -0.109040
v 0.097054 0.687230 -0.110052
v 0.065967 0.700426 -0.111856
v 0.033743 0.714667 -0.114996
v 0.003610 0.744619 -0.124185
v -0.038548 0.741189 -0.122523
v -0.082068 0.696386 -0.107205
v -0.116755 0.675613 -0.100166
v -0.145627 0.648179 -0.090972
v -0.172078 0.633651 -0.086391
v -0.195737 0.619564 -0.082317
v -0.219773 0.611240 -0.080723
v -0.246180 0.607912 -0.081639
v -0.276705 0.608479 -0.085172
v 0.142357 0.667289 -0.091690
v 0.108118 0.675178 -0.089661
v 0.075758 0.684259 -0.089408
v 0.046056 0.699519 -0.091936
v 0.017188 0.724077 -0.097773
v -0.017139 0.746201 -0.103399
v -0.061046 0.724793 -0.097124
v -0.100000 0.688341 -0.086833
v -0.132030 0.663506 -0.079860
v -0.159082 0.641112 -0.073726
v -0.183464 0.625058 -0.069636
v -0.206456 0.612888 -0.067009
v -0.234431 0.612718 -0.068385
v -0.263204 0.611476 -0.070312
v -0.290591 0.605926 -0.072106
v 0.118908 0.663635 -0.070676
v 0.089286 0.676129 -0.070766
v 0.058918 0.688248 -0.071648
v 0.030196 0.707644 -0.074856
v -0.000200 0.733454 -0.079977
v -0.038333 0.744929 -0.082211
v -0.081492 0.708851 -0.073992
v -0.117077 0.683427 -0.068272
v -0.145816 0.651128 -0.061080
v -0.171056 0.631653 -0.056942
v -0.195831 0.621163 -0.055098
v -0.221758 0.616170 -0.054895
v -0.251218 0.616574 -0.056534
v -0.279013 0.611943 -0.057796
v 0.135492 0.659408 -0.053667
v 0.102859 0.668245 -0.052619
v 0.075227 0.684157 -0.053631
v 0.045463 0.699325 -0.055058
v 0.015688 0.721041 -0.058024
v -0.018298 0.742672 -0.061285
v -0.060700 0.729456 -0.058903
v -0.100000 0.702776 -0.054390
v -0.132614 0.670007 -0.048882
v -0.161126 0.651335 -0.045851
v -0.185049 0.630718 -0.042656
v -0.210993 0.623656 -0.042011
v -0.238712 0.620775 -0.042455
v -0.268156 0.618935 -0.043617
v -0.291327 0.607006 -0.043602
v 0.120617 0.666068 -0.035711
v 0.088180 0.674771 -0.035252
v 0.059933 0.690751 -0.036110
v 0.030419 0.708894 -0.037535
v 0.000744 0.737642 -0.040406
v -0.041544 0.726807 -0.039002
v -0.080858 0.721013 -0.038300
v -0.117644 0.694319 -0.035302
v -0.147988 0.664704 -0.032018
v -0.175686 0.648686 -0.030356
v -0.201292 0.635439 -0.029152
v -0.226742 0.626261 -0.028616
v -0.257857 0.627273 -0.029572
v -0.282908 0.617172 -0.029607
v 0.140307 0.665193 -0.018291
v 0.103028 0.668631 -0.017582
v 0.072643 0.679897 -0.017633
v 0.045287 0.699246 -0.018344
v 0.016467 0.723722 -0.019481
v -0.020458 0.733515 -0.019896
v -0.062742 0.711733 -0.018622
v -0.100000 0.708635 -0.018442
v -0.135040 0.691980 -0.017513
v -0.164172 0.665204 -0.016051
v -0.193000 0.654465 -0.015556
v -0.217446 0.638070 -0.014829
v -0.245041 0.631950 -0.014814
v -0.277458 0.632280 -0.015368
v -0.301313 0.618915 -0.015323
v 0.122955 0.669124 0.000000
v 0.091848 0.680559 0.000000
v 0.060556 0.692022 -0.000000
v 0.033418 0.716535 -0.000000
v 0.000303 0.736172 -0.000000
v -0.043328 0.716321 0.000000
v -0.081713 0.705864 -0.000000
v -0.118137 0.703194 0.000000
v -0.150793 0.681432 0.000000
v -0.181016 0.667685 -0.000000
v -0.208194 0.652911 0.000000
v -0.233134 0.638731 0.000000
v -0.264745 0.638099 0.000000
v -0.293811 0.631331 0.000000
v 0.143990 0.669565 0.018571
v 0.110972 0.679925 0.018270
v 0.079131 0.691167 0.018296
v 0.051670 0.713270 0.019150
v 0.021005 0.737116 0.020240
v -0.023240 0.721151 0.019200
v -0.063500 0.704985 0.018243
v -0.100000 0.700792 0.018002
v -0.136001 0.700538 0.017993
v -0.167657 0.680693 0.016923
v -0.197332 0.667250 0.016281
v -0.222786 0.649802 0.015503
v -0.252010 0.644055 0.015526
v -0.282798 0.639872 0.015831
v -0.312064 0.631675 0.016141
v 0.130559 0.678959 0.037320
v 0.102263 0.696831 0.037891
v 0.069328 0.709007 0.038231
v 0.039308 0.731309 0.040094
v -0.001798 0.728618 0.039386
v -0.043496 0.715224 0.037699
v -0.082313 0.695085 0.035388
v -0.117485 0.691481 0.034984
v -0.152093 0.689057 0.034756
v -0.184768 0.680926 0.033998
v -0.214374 0.668432 0.032918
v -0.243262 0.658359 0.032346
v -0.270418 0.646949 0.031925
v -0.299702 0.638948 0.032326
v 0.153711 0.681025 0.057819
v 0.121668 0.694971 0.057498
v 0.090902 0.711366 0.058429
v 0.057264 0.725231 0.059525
v 0.017032 0.725001 0.058698
v -0.023907 0.717774 0.057078
v -0.063767 0.702190 0.054307
v -0.100000 0.694803 0.053046
v -0.134601 0.687680 0.051861
v -0.170621 0.693483 0.052973
v -0.203903 0.686299 0.052113
v -0.236052 0.678666 0.051496
v -0.261190 0.659792 0.049335
v -0.291341 0.651878 0.049631
v -0.314748 0.634795 0.048940
v 0.139530 0.690354 0.077334
v 0.110529 0.709363 0.078707
v 0.077344 0.723989 0.079956
v 0.039392 0.730785 0.080143
v -0.005316 0.715336 0.075877
v -0.045181 0.704407 0.073082
v -0.082287 0.694722 0.070813
v -0.117255 0.686589 0.068983
v -0.152786 0.692378 0.070372
v -0.189846 0.698201 0.072000
v -0.223260 0.690189 0.070868
v -0.250625 0.672162 0.067910
v -0.281936 0.664630 0.068018
v -0.308030 0.649540 0.067164
v 0.166647 0.696082 0.100879
v 0.129542 0.705564 0.098891
v 0.099665 0.725646 0.101569
v 0.062271 0.734993 0.102143
v 0.014276 0.715526 0.095343
v -0.027433 0.700705 0.090553
v -0.064016 0.698500 0.089718
v -0.100000 0.691253 0.087653
v -0.134816 0.688161 0.086806
v -0.171210 0.694708 0.088859
v -0.209374 0.701132 0.091253
v -0.243090 0.693031 0.090069
v -0.273071 0.679609 0.088041
v -0.302990 0.667904 0.087452
v -0.322387 0.643617 0.084135
v 0.159123 0.715044 0.124897
v 0.122636 0.727117 0.124339
v 0.081880 0.731147 0.122581
v 0.035824 0.719872 0.116784
v -0.006962 0.707412 0.111513
v -0.045583 0.699841 0.108497
v -0.082185 0.694324 0.106506
v -0.117592 0.690393 0.105174
v -0.153045 0.691777 0.105761
v -0.189415 0.694665 0.107171
v -0.228379 0.701243 0.110383
v -0.265989 0.700468 0.111871
v -0.296377 0.686176 0.109674
v -0.323894 0.669493 0.107916
v 0.183789 0.715722 0.149410
v 0.146111 0.727664 0.147609
v 0.109157 0.739938 0.148220
v 0.058542 0.724203 0.139094
v 0.014969 0.714590 0.133713
v -0.027911 0.695534 0.125384
v -0.064450 0.691500 0.123522
v -0.100000 0.693426 0.124256
v -0.135676 0.692605 0.123960
v -0.171421 0.692609 0.124222
v -0.209453 0.698535 0.127297
v -0.250106 0.705888 0.131692
v -0.289352 0.705857 0.134186
v -0.318786 0.689065 0.131221
v -0.337762 0.661272 0.125178
v 0.168516 0.725778 0.171367
v 0.132398 0.739912 0.171933
v 0.082905 0.729910 0.163382
v 0.034251 0.712220 0.153023
v -0.005546 0.708273 0.150057
v -0.046392 0.690918 0.141633
v -0.082003 0.693214 0.142542
v -0.118169 0.696209 0.143905
v -0.153888 0.692541 0.142373
v -0.191205 0.696980 0.144895
v -0.228984 0.699187 0.147019
v -0.269310 0.703901 0.151238
v -0.305789 0.698704 0.152247
v -0.333904 0.681207 0.149278
v 0.187474 0.718851 0.192997
v 0.152316 0.733871 0.192982
v 0.109284 0.736353 0.189207
v 0.061694 0.726293 0.181014
v 0.015861 0.711897 0.171909
v -0.025244 0.701619 0.165811
v -0.064199 0.688097 0.158567
v -0.100000 0.693090 0.161105
v -0.136399 0.693238 0.161213
v -0.174380 0.700000 0.164977
v -0.212773 0.703051 0.167327
v -0.247527 0.695954 0.165156
v -0.289050 0.701901 0.170915
v -0.323263 0.693124 0.170762
v -0.345241 0.669070 0.164644
v 0.174657 0.731180 0.216996
v 0.135971 0.741234 0.216141
v 0.086727 0.731681 0.206540
v 0.036771 0.712134 0.193000
v -0.004245 0.705861 0.188236
v -0.045005 0.691894 0.179684
v -0.081584 0.693204 0.180304
v -0.118419 0.693251 0.180331
v -0.156529 0.700593 0.184696
v -0.195956 0.706545 0.188631
v -0.229453 0.694364 0.182674
v -0.266505 0.693595 0.184172
v -0.301031 0.687746 0.184137
v -0.338163 0.684518 0.188163
v 0.191064 0.720705 0.235992
v 0.154599 0.732334 0.235131
v 0.112361 0.734915 0.231844
v 0.063061 0.721340 0.220405
v 0.017925 0.709208 0.211150
v -0.022738 0.703314 0.206662
v -0.062391 0.694475 0.200759
v -0.100000 0.690372 0.198111
v -0.137264 0.691594 0.198920
v -0.176823 0.701477 0.205488
v -0.213776 0.697627 0.203722
v -0.248311 0.690464 0.200469
v -0.285947 0.690771 0.203007
v -0.317746 0.681334 0.201096
v -0.344658 0.666384 0.198366
v 0.170893 0.721563 0.253009
v 0.134844 0.731904 0.254289
v 0.088519 0.725685 0.246479
v 0.040714 0.711424 0.234614
v -0.002046 0.702478 0.227366
v -0.041480 0.700569 0.225608
v -0.080817 0.694904 0.221509
v -0.118962 0.691272 0.218954
v -0.157473 0.694837 0.221574
v -0.196967 0.699228 0.225075
v -0.233324 0.694019 0.222294
v -0.268076 0.688199 0.219751
v -0.300157 0.679926 0.216729
v -0.329355 0.669189 0.214213
v 0.181745 0.705402 0.264900
v 0.151324 0.719288 0.269089
v 0.111869 0.722883 0.268167
v 0.065902 0.714752 0.259954
v 0.019501 0.700570 0.247929
v -0.020486 0.699103 0.246283
v -0.059674 0.703031 0.249123
v -0.100000 0.694793 0.242749
v -0.138595 0.689171 0.238434
v -0.177598 0.691413 0.240348
v -0.218625 0.698220 0.246110
v -0.253929 0.690593 0.241193
v -0.284260 0.678200 0.233222
v -0.314523 0.669606 0.229687
v -0.337369 0.654149 0.223177
v 0.163767 0.704010 0.280540
v 0.128322 0.709632 0.281605
v 0.091454 0.716141 0.285175
v 0.045184 0.706227 0.275763
v 0.001312 0.697438 0.267791
v -0.039020 0.697481 0.267581
v -0.079832 0.694470 0.264975
v -0.119906 0.690380 0.261529
v -0.158395 0.684023 0.256239
v -0.199629 0.692165 0.263343
v -0.235872 0.685302 0.258074
v -0.273588 0.684774 0.258564
v -0.304161 0.674751 0.251806
v -0.327624 0.659612 0.242099
v 0.197119 0.713187 -0.311909
v 0.169161 0.727600 -0.322317
v 0.136960 0.743957 -0.335854
v 0.096891 0.755523 -0.345699
v 0.050300 0.760131 -0.349465
v -0.005468 0.737115 -0.328078
v -0.054845 0.720228 -0.312483
v -0.100000 0.698309 -0.292343
v -0.139071 0.674386 -0.270379
v -0.174717 0.662259 -0.259308
v -0.203102 0.640759 -0.239723
v -0.231740 0.631263 -0.231308
v -0.258951 0.624139 -0.225288
v -0.284970 0.618875 -0.221500
v -0.306446 0.611508 -0.216723
v -0.314605 0.609246 -0.204429
v -0.314561 0.611392 -0.179176
v -0.305639 0.602847 -0.145088
v -0.305183 0.602884 -0.116861
v -0.304536 0.602485 -0.087968
v -0.304604 0.602713 -0.058954
v -0.310031 0.608679 -0.030350
v -0.318138 0.617513 0.000000
v -0.323302 0.623128 0.032268
v -0.327696 0.627849 0.065608
v -0.342122 0.643369 0.104133
v -0.347397 0.648740 0.140904
v -0.351663 0.652721 0.177560
v -0.342808 0.641855 0.202764
v -0.342160 0.638681 0.230678
v -0.332282 0.640480 0.243845
v -0.318547 0.662237 0.261707
v -0.289726 0.671409 0.268907
v -0.256735 0.678936 0.275194
v -0.219691 0.682716 0.278295
v -0.179150 0.679006 0.274693
v -0.140066 0.681885 0.277267
v -0.100000 0.687513 0.282428
v -0.058656 0.691510 0.286107
v -0.016359 0.695973 0.290281
v 0.025022 0.696198 0.290689
v 0.068591 0.701548 0.296011
v 0.108404 0.700096 0.295380
v 0.142177 0.692752 0.290004
v 0.176600 0.690178 0.290368
v 0.195101 0.695233 0.281108
v 0.203956 0.707799 0.253828
v 0.209522 0.715422 0.218382
v 0.201372 0.707371 0.171645
v 0.193338 0.699080 0.126161
v 0.174702 0.679016 0.079152
v 0.166539 0.670205 0.038516
v 0.159831 0.662909 0.000000
v 0.158742 0.661715 -0.037389
v 0.159227 0.662171 -0.074693
v 0.167485 0.670958 -0.115042
v 0.184509 0.689054 -0.162040
v 0.196231 0.701019 -0.209005
v 0.199006 0.702461 -0.249694
v 0.207434 0.708408 -0.292857
v -0.337819 0.189188 0.190812
v -0.344047 0.214343 0.192068
v -0.337617 0.247786 0.185111
v -0.345410 0.273493 0.190152
v -0.338176 0.305958 0.183991
v -0.334199 0.336214 0.180671
v -0.332677 0.365479 0.179429
v -0.328153 0.394239 0.175940
v -0.324100 0.421898 0.172880
v -0.329033 0.451200 0.176928
v -0.339894 0.484113 0.185877
v -0.343563 0.515523 0.189743
v -0.341726 0.544082 0.190242
v -0.344772 0.576392 0.196392
v -0.338580 0.192234 0.161946
v -0.343879 0.219139 0.160861
v -0.346139 0.247698 0.159768
v -0.347934 0.276447 0.159508
v -0.343451 0.307349 0.155848
v -0.335248 0.337842 0.150258
v -0.328761 0.366325 0.146022
v -0.328089 0.393635 0.145593
v -0.324951 0.420312 0.143680
v -0.326774 0.447674 0.145172
v -0.332720 0.477199 0.149720
v -0.339340 0.508647 0.155355
v -0.340951 0.538929 0.158929
v -0.340152 0.569003 0.163013
v -0.332956 0.198520 0.129621
v -0.341371 0.223326 0.129739
v -0.342506 0.252329 0.127671
v -0.345400 0.279970 0.127637
v -0.344115 0.309074 0.126112
v -0.334152 0.339207 0.120594
v -0.327889 0.366765 0.117267
v -0.327603 0.393218 0.117121
v -0.325509 0.419287 0.116142
v -0.321779 0.444436 0.114573
v -0.323552 0.471125 0.116274
v -0.334116 0.503254 0.123254
v -0.342470 0.537387 0.130330
v -0.343979 0.570068 0.135755
v -0.327918 0.203402 0.098915
v -0.348256 0.220285 0.103687
v -0.352680 0.248576 0.102998
v -0.345816 0.281266 0.098734
v -0.343623 0.310377 0.097051
v -0.336199 0.339569 0.093741
v -0.323029 0.367280 0.088422
v -0.313377 0.392169 0.084596
v -0.314873 0.416780 0.085278
v -0.314733 0.441366 0.085542
v -0.321919 0.469136 0.089136
v -0.335878 0.502684 0.096149
v -0.349517 0.540526 0.104214
v -0.352306 0.575495 0.109499
v -0.317677 0.211844 0.067670
v -0.340603 0.225975 0.071801
v -0.348505 0.251620 0.072201
v -0.337490 0.285393 0.067870
v -0.339888 0.312076 0.067924
v -0.332942 0.340519 0.065680
v -0.316913 0.367754 0.061089
v -0.305738 0.391615 0.057941
v -0.303962 0.414569 0.057509
v -0.312373 0.440133 0.060133
v -0.321960 0.468421 0.063432
v -0.338140 0.503025 0.069190
v -0.352908 0.541902 0.075473
v -0.356734 0.578327 0.079812
v -0.310687 0.217467 0.039391
v -0.328272 0.234198 0.040908
v -0.346354 0.253123 0.042919
v -0.339471 0.284960 0.040991
v -0.340520 0.312184 0.040766
v -0.332200 0.340821 0.039179
v -0.316536 0.367832 0.036490
v -0.302604 0.391385 0.034142
v -0.304835 0.414561 0.034561
v -0.315740 0.440829 0.036566
v -0.328125 0.470537 0.039049
v -0.349942 0.508726 0.043544
v -0.361879 0.547267 0.046930
v -0.359600 0.580267 0.048536
v -0.302099 0.224151 0.012613
v -0.324118 0.236942 0.013398
v -0.345502 0.253669 0.014258
v -0.350782 0.280575 0.014303
v -0.345223 0.310939 0.013844
v -0.344569 0.338786 0.013743
v -0.323467 0.367459 0.012541
v -0.316440 0.392147 0.012147
v -0.320750 0.417200 0.012405
v -0.329414 0.444609 0.012952
v -0.335800 0.473486 0.013448
v -0.352177 0.509766 0.014645
v -0.371236 0.553135 0.016214
v -0.361129 0.581370 0.016297
v -0.294824 0.229762 -0.012159
v -0.314713 0.242945 -0.012835
v -0.336116 0.258499 -0.013713
v -0.360717 0.276636 -0.014869
v -0.354982 0.308190 -0.014395
v -0.354648 0.337088 -0.014310
v -0.347667 0.366101 -0.013899
v -0.340671 0.393506 -0.013507
v -0.343678 0.421063 -0.013693
v -0.345639 0.449178 -0.013868
v -0.352771 0.480214 -0.014416
v -0.362755 0.515209 -0.015260
v -0.370145 0.552438 -0.016149
v -0.359791 0.580338 -0.016213
v -0.299436 0.226146 -0.037287
v -0.316757 0.241553 -0.038844
v -0.337187 0.257843 -0.041322
v -0.367645 0.273779 -0.045813
v -0.373125 0.302991 -0.046292
v -0.368674 0.334667 -0.045333
v -0.366237 0.365039 -0.044865
v -0.362604 0.394757 -0.044253
v -0.360517 0.423956 -0.043956
v -0.361714 0.453792 -0.044358
v -0.364295 0.484892 -0.045240
v -0.373412 0.520813 -0.047633
v -0.379681 0.558638 -0.050120
v -0.359029 0.579826 -0.048429
v -0.303962 0.222439 -0.063406
v -0.319291 0.239619 -0.065441
v -0.345051 0.253405 -0.071197
v -0.379891 0.268502 -0.079987
v -0.399391 0.295228 -0.084772
v -0.392705 0.330389 -0.082530
v -0.375643 0.364439 -0.077628
v -0.367426 0.395097 -0.075314
v -0.375334 0.426666 -0.077632
v -0.374139 0.457622 -0.077622
v -0.375468 0.489736 -0.078723
v -0.380982 0.525158 -0.081637
v -0.377724 0.557788 -0.082879
v -0.354395 0.576520 -0.079084
v -0.312678 0.215211 -0.092301
v -0.333096 0.230038 -0.097356
v -0.362697 0.243366 -0.107081
v -0.393776 0.262002 -0.117998
v -0.418883 0.288870 -0.127031
v -0.410961 0.326772 -0.123412
v -0.397928 0.363009 -0.118117
v -0.398900 0.397047 -0.118502
v -0.397163 0.430866 -0.117936
v -0.393217 0.463795 -0.116807
v -0.400215 0.500584 -0.120584
v -0.399477 0.535764 -0.122073
v -0.379567 0.559858 -0.116765
v -0.358349 0.580177 -0.112122
v -0.329857 0.200935 -0.127896
v -0.350717 0.217260 -0.134762
v -0.378396 0.233435 -0.146565
v -0.405805 0.255347 -0.159055
v -0.433031 0.283241 -0.172047
v -0.430545 0.322414 -0.170238
v -0.420359 0.361395 -0.164851
v -0.417373 0.398432 -0.163315
v -0.417518 0.435317 -0.163529
v -0.414373 0.471338 -0.162408
v -0.424020 0.512077 -0.168529
v -0.405672 0.540925 -0.160925
v -0.384652 0.564767 -0.153003
v -0.358941 0.581723 -0.144079
v -0.344472 0.187598 -0.165945
v -0.366340 0.204324 -0.175676
v -0.394857 0.221512 -0.191391
v -0.409276 0.250827 -0.198972
v -0.427331 0.282317 -0.209545
v -0.437944 0.319439 -0.215851
v -0.446220 0.359303 -0.220999
v -0.445622 0.400661 -0.220617
v -0.442663 0.441407 -0.218865
v -0.440765 0.481692 -0.218145
v -0.432503 0.518874 -0.213915
v -0.413618 0.548573 -0.203569
v -0.383746 0.567157 -0.187157
v -0.362236 0.586383 -0.178004
v -0.350042 0.179380 -0.200620
v -0.367257 0.198589 -0.210334
v -0.386999 0.220309 -0.223581
v -0.398210 0.250579 -0.231062
v -0.417615 0.281262 -0.245357
v -0.435394 0.317294 -0.258738
v -0.442699 0.358612 -0.264272
v -0.450490 0.401874 -0.270280
v -0.457424 0.446825 -0.275732
v -0.457837 0.491242 -0.276429
v -0.430797 0.523564 -0.256312
v -0.408069 0.551415 -0.239995
v -0.384170 0.572892 -0.223646
v -0.359426 0.588149 -0.208149
v -0.334602 0.158186 0.221814
v -0.340133 0.179917 0.223579
v -0.340287 0.208762 0.222212
v -0.337199 0.240630 0.218593
v -0.338149 0.270510 0.219073
v -0.339095 0.301099 0.219721
v -0.331806 0.333941 0.212925
v -0.330898 0.364678 0.212064
v -0.323914 0.394859 0.205650
v -0.320735 0.423859 0.202755
v -0.326912 0.454881 0.208525
v -0.335462 0.488255 0.216601
v -0.341539 0.521919 0.222593
v -0.340663 0.551506 0.222560
v -0.343235 0.582668 0.226468
v -0.340223 0.607128 0.227128
v -0.340006 0.603461 0.199977
v -0.343551 0.605231 0.173565
v -0.342166 0.603170 0.142288
v -0.347956 0.608093 0.113998
v -0.346366 0.606403 0.081301
v -0.351387 0.610910 0.049950
v -0.349151 0.608828 0.016533
v -0.334375 0.595257 -0.015553
v -0.331052 0.592232 -0.045909
v -0.337324 0.598093 -0.078317
v -0.332681 0.594042 -0.106976
v -0.332165 0.593954 -0.136411
v -0.332704 0.595200 -0.165835
v -0.334995 0.598795 -0.195802
v -0.331829 0.599192 -0.219192
v -0.352080 0.590038 -0.234703
v -0.375107 0.576053 -0.254413
v -0.396431 0.554172 -0.273179
v -0.426916 0.530300 -0.300728
v -0.453010 0.496493 -0.324405
v -0.455358 0.450608 -0.326414
v -0.439713 0.402543 -0.312003
v -0.428471 0.358203 -0.301678
v -0.415305 0.317350 -0.289623
v -0.404684 0.279455 -0.279995
v -0.385366 0.248802 -0.262507
v -0.370066 0.221319 -0.248882
v -0.356288 0.197358 -0.237011
v -0.346306 0.174774 -0.229327
v -0.330842 0.161742 -0.218258
v -0.334077 0.162059 -0.195037
v -0.325548 0.171418 -0.160735
v -0.310030 0.186444 -0.123406
v -0.298732 0.197187 -0.091368
v -0.291927 0.203625 -0.063336
v -0.285633 0.209488 -0.036884
v -0.283037 0.211894 -0.012146
v -0.294303 0.201546 0.012894
v -0.300419 0.195906 0.039822
v -0.300327 0.195906 0.066108
v -0.306801 0.189764 0.095078
v -0.318996 0.178182 0.128674
v -0.323538 0.173276 0.159303
v -0.332945 0.163113 0.194094
v -0.316320 0.163680 -0.269609
v -0.327826 0.183502 -0.289482
v -0.336072 0.211387 -0.303033
v -0.340819 0.245114 -0.310802
v -0.350065 0.279368 -0.323709
v -0.362828 0.316302 -0.340697
v -0.371561 0.358022 -0.352151
v -0.378061 0.402504 -0.360580
v -0.393363 0.451098 -0.380278
v -0.402632 0.501786 -0.391756
v -0.381289 0.537554 -0.363032
v -0.357728 0.564081 -0.330832
v -0.339628 0.586676 -0.304477
v -0.317542 0.597542 -0.271132
v -0.294247 0.154784 -0.286166
v -0.304803 0.175197 -0.310498
v -0.313637 0.203090 -0.329129
v -0.319123 0.237744 -0.340599
v -0.325908 0.274689 -0.352893
v -0.329584 0.315586 -0.359444
v -0.342540 0.357286 -0.379967
v -0.350513 0.403461 -0.392458
v -0.366331 0.454724 -0.416976
v -0.374871 0.508136 -0.429378
v -0.350185 0.542421 -0.388881
v -0.331395 0.571615 -0.356487
v -0.316108 0.596108 -0.327638
v -0.296316 0.607615 -0.289214
v -0.269050 0.143316 -0.303818
v -0.273411 0.170588 -0.322620
v -0.284260 0.195740 -0.349996
v -0.289761 0.231282 -0.364842
v -0.294475 0.270627 -0.376446
v -0.302001 0.311669 -0.392218
v -0.310811 0.356208 -0.409673
v -0.322449 0.405106 -0.432291
v -0.334470 0.459314 -0.455262
v -0.339796 0.514862 -0.464174
v -0.318342 0.551117 -0.419794
v -0.299541 0.579541 -0.379021
v -0.286231 0.604893 -0.346471
v -0.270292 0.618423 -0.306051
v -0.237692 0.134171 -0.317267
v -0.242171 0.161007 -0.340396
v -0.249549 0.189178 -0.366882
v -0.254003 0.225997 -0.383417
v -0.259664 0.265460 -0.400799
v -0.263386 0.309532 -0.411681
v -0.270496 0.355474 -0.430045
v -0.277776 0.405574 -0.448407
v -0.288188 0.461166 -0.474176
v -0.296131 0.520701 -0.492343
v -0.277828 0.557828 -0.442735
v -0.261720 0.586352 -0.396741
v -0.248834 0.609256 -0.356349
v -0.239565 0.629173 -0.321583
v -0.204453 0.120440 -0.336000
v -0.208486 0.147281 -0.363531
v -0.212085 0.180703 -0.385780
v -0.214114 0.220930 -0.399308
v -0.219992 0.260008 -0.423779
v -0.223737 0.305619 -0.438850
v -0.226395 0.354663 -0.448805
v -0.230264 0.406113 -0.462544
v -0.236862 0.462270 -0.485401
v -0.239931 0.519931 -0.494199
v -0.229695 0.560789 -0.453828
v -0.219534 0.592543 -0.411420
v -0.214553 0.625733 -0.383862
v -0.203074 0.636133 -0.331564
v -0.164594 0.113474 -0.345491
v -0.166730 0.142164 -0.372365
v -0.169335 0.175031 -0.397980
v -0.172656 0.211542 -0.424461
v -0.174370 0.256281 -0.438787
v -0.176613 0.303387 -0.454062
v -0.176596 0.354458 -0.454534
v -0.177729 0.405920 -0.461260
v -0.181451 0.461451 -0.482735
v -0.182300 0.516911 -0.485575
v -0.179227 0.563693 -0.462849
v -0.175656 0.603656 -0.434265
v -0.172392 0.638017 -0.403961
v -0.167111 0.656912 -0.358953
v -0.122352 0.103817 -0.358145
v -0.122673 0.137898 -0.379280
v -0.123864 0.168556 -0.410903
v -0.125249 0.204478 -0.442722
v -0.125985 0.250373 -0.460280
v -0.126459 0.300655 -0.470849
v -0.126513 0.353487 -0.472438
v -0.127080 0.407080 -0.482533
v -0.127372 0.462086 -0.487113
v -0.127532 0.517342 -0.487676
v -0.126578 0.564756 -0.466013
v -0.125604 0.606863 -0.440869
v -0.124947 0.646376 -0.417308
v -0.123654 0.672277 -0.379014
v -0.076681 0.091869 -0.373638
v -0.076955 0.133928 -0.385500
v -0.075802 0.165597 -0.416655
v -0.074615 0.203538 -0.445094
v -0.073293 0.246770 -0.473075
v -0.072460 0.297411 -0.490096
v -0.072111 0.352111 -0.496956
v -0.072121 0.407879 -0.496773
v -0.073255 0.460203 -0.475940
v -0.074344 0.507984 -0.454445
v -0.074202 0.559336 -0.452343
v -0.073900 0.611255 -0.449403
v -0.074429 0.653046 -0.427758
v -0.075278 0.685468 -0.396121
v -0.026120 0.075157 -0.395159
v -0.025238 0.113537 -0.417184
v -0.024118 0.155677 -0.435561
v -0.019086 0.192396 -0.472705
v -0.015578 0.239558 -0.498095
v -0.012417 0.292417 -0.519079
v -0.012453 0.350806 -0.519522
v -0.016704 0.407776 -0.494294
v -0.021115 0.458885 -0.467530
v -0.022152 0.509505 -0.459308
v -0.022662 0.559313 -0.451813
v -0.020880 0.613895 -0.454146
v -0.019477 0.666998 -0.449334
v -0.024381 0.692018 -0.404460
v 0.031802 0.052480 -0.423974
v 0.034741 0.090960 -0.451512
v 0.034773 0.140362 -0.463868
v 0.039851 0.185054 -0.489368
v 0.045558 0.234442 -0.514072
v 0.049070 0.290392 -0.528696
v 0.049149 0.350102 -0.529600
v 0.039175 0.407899 -0.494183
v 0.031798 0.459226 -0.467438
v 0.029649 0.509649 -0.457885
v 0.025989 0.555622 -0.440860
v 0.029836 0.610860 -0.446876
v 0.031837 0.662811 -0.441782
v 0.035788 0.717424 -0.436795
v 0.091356 0.038362 -0.440919
v 0.093358 0.082161 -0.462953
v 0.095467 0.130588 -0.479530
v 0.100171 0.179829 -0.498362
v 0.107162 0.231385 -0.520034
v 0.111935 0.288592 -0.534010
v 0.104954 0.350517 -0.516960
v 0.089819 0.407306 -0.478785
v 0.082446 0.458689 -0.459707
v 0.080353 0.509382 -0.452735
v 0.078556 0.558556 -0.444546
v 0.079234 0.608700 -0.439707
v 0.084767 0.664606 -0.442384
v 0.087870 0.715414 -0.432886
v 0.140042 0.043922 -0.431406
v 0.145213 0.083879 -0.456204
v 0.140709 0.139291 -0.457219
v 0.148116 0.185550 -0.477037
v 0.160188 0.233670 -0.503647
v 0.167264 0.289593 -0.518938
v 0.168418 0.349706 -0.521623
v 0.144963 0.407647 -0.476042
v 0.132409 0.458617 -0.451261
v 0.128639 0.508587 -0.442577
v 0.125158 0.556458 -0.432898
v 0.126717 0.606717 -0.430640
v 0.132050 0.660225 -0.431714
v 0.130787 0.703121 -0.414773
v 0.180910 0.054303 -0.413839
v 0.188196 0.091804 -0.436929
v 0.188032 0.141485 -0.443742
v 0.202448 0.183650 -0.470117
v 0.210245 0.235374 -0.484636
v 0.211100 0.292715 -0.487068
v 0.219517 0.350077 -0.500560
v 0.211252 0.409149 -0.487612
v 0.189429 0.461205 -0.453140
v 0.180509 0.510764 -0.438185
v 0.177509 0.560160 -0.431352
v 0.174009 0.606903 -0.422138
v 0.180349 0.660349 -0.425032
v 0.182211 0.707205 -0.415755
v 0.219013 0.060987 -0.397601
v 0.231876 0.093760 -0.421691
v 0.238429 0.138279 -0.434423
v 0.239428 0.189882 -0.438066
v 0.247784 0.240043 -0.450206
v 0.251993 0.294693 -0.456278
v 0.255551 0.351225 -0.461066
v 0.260882 0.409206 -0.467980
v 0.251380 0.465159 -0.455483
v 0.242772 0.517940 -0.443717
v 0.229744 0.564694 -0.425569
v 0.221409 0.609565 -0.412576
v 0.225102 0.660398 -0.413084
v 0.213237 0.693237 -0.390402
v -0.318808 0.161192 -0.231423
v -0.332020 0.172364 -0.249198
v -0.344489 0.191595 -0.264375
v -0.355144 0.217327 -0.276861
v -0.365533 0.247290 -0.288656
v -0.378165 0.280112 -0.302693
v -0.395418 0.316096 -0.321615
v -0.399350 0.358371 -0.325937
v -0.405307 0.402059 -0.332422
v -0.420917 0.449419 -0.349374
v -0.430341 0.498624 -0.359469
v -0.406758 0.533314 -0.333471
v -0.382633 0.560200 -0.306690
v -0.355813 0.577131 -0.276620
v -0.336200 0.591378 -0.253688
v -0.320731 0.600731 -0.233457
v -0.305493 0.609624 -0.246625
v -0.282799 0.617215 -0.256509
v -0.253399 0.620597 -0.261076
v -0.226468 0.633043 -0.275078
v -0.195993 0.647317 -0.290888
v -0.162048 0.666839 -0.312275
v -0.121901 0.683122 -0.330043
v -0.076890 0.699846 -0.348253
v -0.027313 0.716021 -0.365818
v 0.026616 0.732597 -0.383687
v 0.085003 0.750162 -0.402396
v 0.127652 0.737060 -0.387451
v 0.164193 0.722837 -0.370722
v 0.201152 0.716517 -0.361432
v 0.220916 0.700916 -0.339418
v 0.234094 0.678983 -0.358830
v 0.260140 0.657526 -0.389433
v 0.281797 0.623424 -0.414294
v 0.288716 0.574276 -0.422565
v 0.308848 0.526816 -0.444899
v 0.299930 0.466511 -0.435393
v 0.288176 0.408047 -0.422652
v 0.282282 0.352379 -0.416234
v 0.283235 0.297100 -0.417219
v 0.283948 0.242125 -0.417803
v 0.272786 0.193686 -0.405248
v 0.269127 0.144654 -0.400545
v 0.265353 0.098457 -0.395069
v 0.242944 0.073097 -0.368335
v 0.226712 0.053288 -0.345548
v 0.196047 0.049188 -0.355305
v 0.164069 0.037323 -0.370549
v 0.124918 0.027229 -0.382797
v 0.079797 0.020253 -0.391073
v 0.027295 0.025513 -0.385744
v -0.027130 0.043131 -0.366741
v -0.077064 0.062554 -0.345640
v -0.122095 0.074202 -0.332958
v -0.163080 0.088387 -0.317472
v -0.200310 0.100659 -0.303972
v -0.232783 0.114322 -0.288813
v -0.261988 0.125932 -0.275694
v -0.284843 0.140133 -0.259378
v -0.303846 0.152216 -0.244648
v 0.281734 0.073718 -0.306282
v 0.313102 0.099590 -0.325116
v 0.334653 0.138151 -0.338608
v 0.346334 0.186294 -0.345834
v 0.346624 0.241157 -0.345017
v 0.346647 0.296494 -0.344563
v 0.343563 0.352317 -0.342053
v 0.348900 0.408016 -0.346169
v 0.364056 0.466761 -0.357993
v 0.368155 0.525537 -0.361650
v 0.359223 0.579300 -0.355821
v 0.337528 0.623449 -0.340848
v 0.301027 0.652213 -0.315613
v 0.263419 0.671587 -0.291587
v 0.290162 0.072937 -0.264839
v 0.324081 0.100279 -0.279721
v 0.350719 0.137735 -0.292561
v 0.370019 0.183691 -0.302385
v 0.379381 0.236942 -0.306881
v 0.385113 0.293065 -0.309851
v 0.382344 0.351166 -0.307889
v 0.389157 0.409242 -0.312238
v 0.396123 0.468908 -0.316883
v 0.402370 0.529918 -0.321598
v 0.388976 0.584227 -0.314581
v 0.342816 0.618018 -0.287431
v 0.298432 0.642803 -0.262803
v 0.261618 0.664598 -0.245463
v 0.290781 0.075570 -0.217437
v 0.319994 0.107383 -0.225751
v 0.344726 0.145868 -0.234132
v 0.379176 0.184678 -0.249228
v 0.408929 0.232135 -0.262917
v 0.418328 0.289699 -0.266950
v 0.412588 0.350231 -0.263769
v 0.405848 0.409378 -0.260300
v 0.404139 0.467829 -0.259642
v 0.400917 0.525537 -0.258778
v 0.398685 0.583274 -0.259375
v 0.349458 0.616623 -0.236623
v 0.306476 0.643843 -0.218485
v 0.260915 0.661164 -0.200820
v 0.282950 0.083278 -0.166198
v 0.316165 0.112262 -0.173817
v 0.354568 0.143571 -0.185292
v 0.381622 0.186553 -0.193447
v 0.410123 0.234218 -0.203214
v 0.413514 0.292101 -0.203800
v 0.404220 0.351243 -0.199904
v 0.383883 0.407597 -0.191841
v 0.377556 0.461744 -0.189530
v 0.361953 0.512016 -0.184025
v 0.365134 0.566825 -0.186825
v 0.339185 0.608428 -0.179021
v 0.295124 0.634202 -0.165029
v 0.254372 0.654579 -0.153796
v 0.285177 0.082450 -0.119741
v 0.316889 0.113124 -0.124409
v 0.352007 0.146489 -0.131327
v 0.384512 0.186988 -0.138464
v 0.407399 0.236331 -0.143669
v 0.401978 0.294920 -0.141536
v 0.376788 0.353083 -0.134276
v 0.354053 0.405633 -0.127873
v 0.351546 0.456532 -0.127317
v 0.341601 0.505038 -0.125038
v 0.345337 0.557406 -0.127268
v 0.332215 0.603286 -0.125576
v 0.287502 0.628063 -0.115639
v 0.243911 0.645671 -0.106913
v 0.285497 0.082611 -0.072074
v 0.323365 0.109589 -0.075869
v 0.359996 0.143092 -0.080139
v 0.388661 0.186063 -0.083645
v 0.401585 0.238574 -0.085013
v 0.381316 0.298789 -0.081211
v 0.360926 0.354099 -0.077673
v 0.346242 0.405076 -0.075199
v 0.334746 0.453354 -0.073354
v 0.327281 0.500475 -0.072420
v 0.321461 0.547267 -0.072142
v 0.323241 0.597978 -0.073735
v 0.287863 0.627735 -0.069507
v 0.233750 0.637470 -0.062399
v 0.274470 0.091228 -0.023370
v 0.305785 0.120980 -0.024258
v 0.345804 0.150597 -0.025890
v 0.368678 0.194188 -0.026730
v 0.373448 0.246665 -0.026728
v 0.352578 0.303734 -0.025432
v 0.340019 0.355306 -0.024694
v 0.320762 0.403613 -0.023613
v 0.312460 0.449506 -0.023177
v 0.312144 0.496070 -0.023268
v 0.311150 0.543005 -0.023449
v 0.305274 0.588547 -0.023537
v 0.286981 0.627017 -0.023134
v 0.235541 0.638752 -0.020941
v 0.247164 0.112285 0.021666
v 0.263379 0.148048 0.021723
v 0.299086 0.174638 0.023177
v 0.327435 0.210539 0.024377
v 0.349011 0.253547 0.025349
v 0.338946 0.306031 0.024666
v 0.312077 0.356874 0.023126
v 0.297061 0.402283 0.022283
v 0.286049 0.445055 0.021693
v 0.287303 0.489075 0.021865
v 0.297312 0.537518 0.022659
v 0.303868 0.587823 0.023455
v 0.292305 0.630415 0.023452
v 0.242807 0.644355 0.021394
v 0.218735 0.134114 0.059592
v 0.231358 0.168356 0.059381
v 0.256785 0.196248 0.062158
v 0.294839 0.223298 0.067586
v 0.332229 0.258130 0.073258
v 0.330535 0.307357 0.072643
v 0.312375 0.356827 0.069491
v 0.288274 0.401818 0.065430
v 0.268032 0.442097 0.062097
v 0.270086 0.484348 0.062726
v 0.284228 0.532490 0.065769
v 0.287429 0.579535 0.067496
v 0.280595 0.623093 0.068205
v 0.245991 0.646913 0.064688
v 0.188537 0.157105 0.089698
v 0.209207 0.182058 0.092274
v 0.236922 0.205943 0.097890
v 0.264658 0.234733 0.104212
v 0.293820 0.268491 0.111509
v 0.313489 0.309918 0.116586
v 0.298795 0.357486 0.112311
v 0.273780 0.401102 0.105266
v 0.261647 0.441295 0.101969
v 0.254096 0.480261 0.100261
v 0.271952 0.528172 0.106296
v 0.275998 0.574244 0.109243
v 0.272347 0.618362 0.111116
v 0.257777 0.656383 0.111223
v 0.168954 0.171606 0.116724
v 0.191915 0.192198 0.121922
v 0.217453 0.214887 0.129401
v 0.242630 0.242380 0.137620
v 0.275967 0.272557 0.149771
v 0.302046 0.311181 0.159562
v 0.293866 0.357537 0.156152
v 0.274387 0.401352 0.148430
v 0.262930 0.442124 0.144038
v 0.253315 0.480970 0.140748
v 0.255011 0.522593 0.142593
v 0.260146 0.567319 0.146803
v 0.273089 0.620026 0.155825
v 0.273583 0.669464 0.162133
v 0.149650 0.185515 0.138910
v 0.169437 0.205109 0.144824
v 0.190219 0.227210 0.152790
v 0.213779 0.252097 0.163202
v 0.246071 0.279452 0.178783
v 0.276222 0.314456 0.193763
v 0.282128 0.357808 0.196636
v 0.264586 0.401174 0.187609
v 0.252203 0.441359 0.181392
v 0.247938 0.481090 0.179748
v 0.257242 0.525619 0.185808
v 0.255993 0.567417 0.187417
v 0.264037 0.616295 0.195673
v 0.273861 0.671249 0.208023
v 0.130339 0.198721 0.156352
v 0.153132 0.213036 0.166964
v 0.172235 0.233671 0.176707
v 0.187909 0.259751 0.185225
v 0.224497 0.283163 0.207730
v 0.248842 0.317486 0.222812
v 0.276338 0.357503 0.240223
v 0.255302 0.401240 0.226796
v 0.242518 0.441381 0.218773
v 0.244280 0.482741 0.220395
v 0.260038 0.530375 0.231630
v 0.264921 0.576148 0.236869
v 0.263523 0.619777 0.239777
v 0.271855 0.672655 0.252412
v 0.116985 0.205903 0.174097
v 0.131955 0.222551 0.182551
v 0.154192 0.238563 0.198024
v 0.174130 0.261029 0.212405
v 0.195525 0.288129 0.228293
v 0.221520 0.319888 0.248034
v 0.245453 0.358440 0.266396
v 0.258199 0.402355 0.276225
v 0.249220 0.445291 0.269404
v 0.243942 0.486922 0.265695
v 0.255886 0.534452 0.275752
v 0.257902 0.579143 0.278816
v 0.260972 0.625024 0.284089
v 0.254075 0.664090 0.284090
v 0.241608 0.057014 -0.322986
v 0.269898 0.071794 -0.344399
v 0.293207 0.099784 -0.363630
v 0.303955 0.142651 -0.372269
v 0.311783 0.190682 -0.378797
v 0.313610 0.243509 -0.380094
v 0.309495 0.298635 -0.376141
v 0.315518 0.352427 -0.381625
v 0.321938 0.407999 -0.387521
v 0.321841 0.463818 -0.387481
v 0.339532 0.525045 -0.403916
v 0.325405 0.575581 -0.391328
v 0.314029 0.623268 -0.381553
v 0.283097 0.653011 -0.354281
v 0.249218 0.670975 -0.325144
v 0.228632 0.690718 -0.310718
v 0.233352 0.690373 -0.277755
v 0.228409 0.683707 -0.234039
v 0.222544 0.677244 -0.189515
v 0.213369 0.668266 -0.144072
v 0.202232 0.657742 -0.099736
v 0.193014 0.649148 -0.058221
v 0.198936 0.654552 -0.019837
v 0.200301 0.655806 0.019928
v 0.206529 0.661562 0.060906
v 0.223300 0.677103 0.106689
v 0.240339 0.693076 0.156472
v 0.245054 0.697988 0.202741
v 0.240194 0.694605 0.242437
v 0.230865 0.688057 0.275683
v 0.206251 0.669557 0.289557
v 0.220364 0.646933 0.298280
v 0.224557 0.611293 0.300144
v 0.228249 0.572867 0.302501
v 0.227597 0.530614 0.301355
v 0.230228 0.488975 0.303469
v 0.237941 0.447148 0.310415
v 0.238493 0.402462 0.310883
v 0.213515 0.359196 0.287942
v 0.197280 0.320932 0.273066
v 0.170214 0.290830 0.248318
v 0.153008 0.263679 0.232741
v 0.136077 0.241290 0.217559
v 0.116121 0.225983 0.199864
v 0.100792 0.212696 0.186951
v 0.094703 0.195911 0.184089
v 0.104469 0.189626 0.170367
v 0.118915 0.177552 0.156008
v 0.130056 0.167990 0.135172
v 0.148754 0.151172 0.114366
v 0.171522 0.130480 0.089602
v 0.198495 0.105818 0.059310
v 0.225041 0.081472 0.021569
v 0.230513 0.076447 -0.021932
v 0.241561 0.066260 -0.067867
v 0.255295 0.053495 -0.117247
v 0.257079 0.051525 -0.164168
v 0.250823 0.056695 -0.206131
v 0.252082 0.054402 -0.250908
v 0.243681 0.060011 -0.286361
v 0.076235 0.203765 0.219650
v 0.085781 0.219766 0.236059
v 0.095840 0.240123 0.251389
v 0.106905 0.264110 0.267032
v 0.122370 0.290513 0.287857
v 0.134966 0.323055 0.304580
v 0.150526 0.359725 0.324873
v 0.160443 0.401078 0.337733
v 0.161581 0.443395 0.339080
v 0.165493 0.486841 0.343680
v 0.164190 0.527977 0.340964
v 0.166901 0.570633 0.342607
v 0.163930 0.607637 0.335357
v 0.167360 0.647360 0.333224
v 0.061043 0.193282 0.237249
v 0.068442 0.211558 0.255373
v 0.076861 0.233544 0.272472
v 0.087284 0.258415 0.291109
v 0.100047 0.286745 0.312494
v 0.113357 0.320138 0.334039
v 0.116537 0.359721 0.339231
v 0.118203 0.400435 0.341840
v 0.116034 0.440613 0.338230
v 0.124708 0.484751 0.351018
v 0.125749 0.526557 0.350897
v 0.128399 0.569134 0.351871
v 0.128670 0.608670 0.346682
v 0.137392 0.655241 0.349728
v 0.038947 0.185463 0.249717
v 0.046063 0.203613 0.271742
v 0.056623 0.223377 0.297500
v 0.065356 0.250409 0.317921
v 0.070449 0.284139 0.329939
v 0.080593 0.318911 0.350651
v 0.075778 0.360162 0.341594
v 0.072420 0.399459 0.335068
v 0.070562 0.437696 0.331174
v 0.075235 0.478552 0.339203
v 0.072546 0.515226 0.331744
v 0.075773 0.555773 0.333874
v 0.080253 0.597674 0.335349
v 0.091661 0.648341 0.344455
v 0.015729 0.173384 0.266659
v 0.021646 0.192623 0.291253
v 0.028970 0.215436 0.316397
v 0.037158 0.242842 0.341480
v 0.042064 0.278086 0.356619
v 0.039044 0.320030 0.350348
v 0.037321 0.360246 0.346368
v 0.030641 0.398793 0.329517
v 0.025994 0.434342 0.317467
v 0.025830 0.470268 0.315866
v 0.029616 0.509616 0.322701
v 0.028309 0.543720 0.314775
v 0.034263 0.586811 0.321462
v 0.041190 0.632073 0.325326
v -0.011912 0.161106 0.283358
v -0.006098 0.178566 0.314661
v -0.001598 0.205033 0.338684
v 0.002162 0.237590 0.357487
v -0.001753 0.281753 0.346982
v -0.003888 0.322225 0.340874
v -0.006330 0.361223 0.332603
v -0.011312 0.397778 0.314915
v -0.015000 0.431095 0.301465
v -0.015512 0.464488 0.298390
v -0.014740 0.498849 0.298344
v -0.012524 0.535540 0.301079
v -0.007088 0.579311 0.311346
v -0.000532 0.627172 0.319963
v -0.040318 0.133741 0.319218
v -0.040307 0.167244 0.333099
v -0.037339 0.194761 0.359672
v -0.039617 0.239998 0.352762
v -0.041469 0.282630 0.345336
v -0.044095 0.324095 0.331333
v -0.046903 0.362294 0.315086
v -0.049055 0.396988 0.302319
v -0.050518 0.429482 0.293266
v -0.051230 0.461132 0.287745
v -0.050961 0.493701 0.286491
v -0.049764 0.528510 0.288356
v -0.046251 0.571569 0.299927
v -0.042702 0.616424 0.306469
v -0.078568 0.115183 0.343406
v -0.078657 0.152098 0.357035
v -0.079028 0.194173 0.361122
v -0.079949 0.240612 0.351581
v -0.080831 0.284375 0.339546
v -0.082198 0.326615 0.316798
v -0.083313 0.363313 0.297347
v -0.083729 0.396271 0.289927
v -0.083965 0.428086 0.285348
v -0.084326 0.458188 0.277632
v -0.084448 0.488107 0.272681
v -0.083581 0.525480 0.282715
v -0.082751 0.564182 0.288542
v -0.081018 0.614547 0.304152
v -0.121945 0.108847 0.351622
v -0.121597 0.149391 0.361275
v -0.120846 0.195294 0.358943
v -0.120602 0.236783 0.361238
v -0.119600 0.282226 0.347176
v -0.117988 0.326057 0.320106
v -0.116694 0.363306 0.297473
v -0.116178 0.396178 0.288277
v -0.115411 0.426215 0.274250
v -0.115005 0.454855 0.265796
v -0.115398 0.487038 0.269984
v -0.116179 0.523351 0.278578
v -0.117243 0.564116 0.288439
v -0.118579 0.609568 0.297696
v -0.165232 0.110842 0.348902
v -0.167261 0.140270 0.375330
v -0.163623 0.191915 0.365198
v -0.162785 0.234429 0.366794
v -0.158540 0.282615 0.345388
v -0.154036 0.325964 0.320256
v -0.150174 0.363269 0.297740
v -0.149070 0.396363 0.291189
v -0.147268 0.427268 0.280144
v -0.145149 0.455109 0.266385
v -0.145834 0.486269 0.267766
v -0.148536 0.523484 0.278599
v -0.151356 0.563041 0.286575
v -0.156508 0.613162 0.302241
v -0.208720 0.109836 0.349726
v -0.211047 0.141787 0.372115
v -0.207873 0.188192 0.371283
v -0.200753 0.239555 0.352556
v -0.196466 0.283534 0.340692
v -0.190678 0.325492 0.321603
v -0.185186 0.362924 0.302480
v -0.182469 0.396532 0.292833
v -0.180096 0.428147 0.284073
v -0.177799 0.457799 0.274766
v -0.179808 0.491248 0.279263
v -0.182480 0.526656 0.283882
v -0.188026 0.568830 0.294973
v -0.197478 0.622227 0.313562
v -0.250957 0.110490 0.347831
v -0.250859 0.147624 0.361199
v -0.245682 0.194112 0.357396
v -0.240941 0.239059 0.350898
v -0.232467 0.284971 0.332527
v -0.230954 0.323519 0.329965
v -0.225187 0.361992 0.315761
v -0.216980 0.396828 0.295059
v -0.213400 0.428910 0.285734
v -0.212012 0.460355 0.281179
v -0.215073 0.495073 0.286495
v -0.220819 0.534163 0.296399
v -0.229541 0.579539 0.310158
v -0.235433 0.621796 0.312062
v -0.286644 0.118683 0.335439
v -0.282938 0.159083 0.340345
v -0.278125 0.201875 0.338343
v -0.275767 0.242250 0.337936
v -0.271057 0.283798 0.331115
v -0.272421 0.321675 0.334784
v -0.261939 0.361724 0.314699
v -0.255529 0.397553 0.302244
v -0.250575 0.430935 0.292366
v -0.247217 0.462795 0.284969
v -0.254015 0.500703 0.296116
v -0.258008 0.538008 0.300131
v -0.266279 0.580799 0.309351
v -0.273147 0.622420 0.311182
v -0.311217 0.135108 0.311167
v -0.311352 0.168648 0.320427
v -0.305513 0.209818 0.316613
v -0.301147 0.249415 0.312657
v -0.294652 0.289260 0.304068
v -0.297491 0.324590 0.309199
v -0.292045 0.362015 0.300860
v -0.287807 0.397588 0.294221
v -0.286035 0.432196 0.291262
v -0.288213 0.467738 0.294008
v -0.289671 0.503135 0.294819
v -0.290496 0.537747 0.293478
v -0.295056 0.575056 0.295721
v -0.307083 0.620099 0.305076
v -0.332355 0.147645 0.289595
v -0.329639 0.181938 0.291786
v -0.325887 0.218662 0.289959
v -0.321726 0.255808 0.286160
v -0.313416 0.294116 0.276267
v -0.307215 0.329780 0.268607
v -0.304225 0.363472 0.264832
v -0.301199 0.396283 0.260908
v -0.302774 0.429143 0.262850
v -0.311475 0.465103 0.273754
v -0.320563 0.503540 0.284659
v -0.322972 0.539256 0.286217
v -0.325454 0.574452 0.286468
v -0.327649 0.607649 0.283730
v 0.084966 0.195034 0.195630
v 0.091297 0.208807 0.205460
v 0.104362 0.222517 0.220985
v 0.115817 0.242400 0.234187
v 0.128192 0.265952 0.248063
v 0.144994 0.292024 0.266596
v 0.165147 0.322645 0.288659
v 0.186089 0.359329 0.311498
v 0.202640 0.401866 0.329518
v 0.201151 0.445144 0.327856
v 0.194408 0.485721 0.320368
v 0.191457 0.525667 0.316837
v 0.197310 0.569557 0.322615
v 0.193039 0.605818 0.316874
v 0.188749 0.638404 0.310128
v 0.180711 0.660711 0.296894
v 0.160221 0.670779 0.312308
v 0.127160 0.674780 0.318757
v 0.087633 0.674292 0.319341
v 0.046750 0.673625 0.319193
v 0.006374 0.676225 0.322345
v -0.037157 0.670516 0.316277
v -0.079710 0.660820 0.305761
v -0.120512 0.663898 0.309113
v -0.159303 0.654149 0.298459
v -0.201297 0.662089 0.306963
v -0.241348 0.662817 0.307444
v -0.275965 0.655991 0.299482
v -0.306251 0.647647 0.289417
v -0.323893 0.630186 0.268709
v -0.330152 0.610152 0.243421
v -0.334101 0.589499 0.251433
v -0.337582 0.563082 0.256906
v -0.335837 0.530364 0.255911
v -0.334970 0.497436 0.255432
v -0.320530 0.459192 0.239975
v -0.315911 0.426705 0.235057
v -0.318113 0.395759 0.237485
v -0.319739 0.364123 0.239255
v -0.321131 0.332166 0.240740
v -0.323494 0.299744 0.243201
v -0.333427 0.263336 0.253754
v -0.336047 0.229503 0.256138
v -0.338641 0.196101 0.258052
v -0.342493 0.162991 0.260447
v -0.333377 0.146623 0.246831
v -0.324311 0.129347 0.269211
v -0.303694 0.115671 0.285829
v -0.280632 0.096689 0.307425
v -0.248426 0.083022 0.322838
v -0.204987 0.087636 0.318144
v -0.162256 0.092199 0.313321
v -0.121502 0.082396 0.324035
v -0.078879 0.087683 0.318279
v -0.041565 0.109862 0.294093
v -0.011207 0.132732 0.269071
v 0.013810 0.152283 0.247546
v 0.039804 0.160725 0.237939
v 0.059069 0.173580 0.223210
v 0.072318 0.187447 0.206810
v -0.298941 0.132050 -0.198941
v -0.275377 0.121634 -0.203337
v -0.248363 0.113360 -0.207721
v -0.223771 0.094810 -0.220975
v -0.192501 0.082446 -0.229861
v -0.159128 0.063745 -0.243973
v -0.120678 0.048666 -0.255508
v -0.077802 0.024320 -0.274283
v -0.028738 -0.001154 -0.294039
v 0.018499 -0.001182 -0.294464
v 0.059317 0.012905 -0.284437
v 0.102777 0.015566 -0.283905
v 0.145159 0.018830 -0.284245
v 0.178983 0.032290 -0.278983
v -0.294968 0.132269 -0.168158
v -0.276518 0.112384 -0.176518
v -0.249469 0.101922 -0.180500
v -0.223127 0.085199 -0.189659
v -0.190214 0.077695 -0.193524
v -0.158745 0.052194 -0.209376
v -0.120666 0.034290 -0.220673
v -0.077535 0.004197 -0.239882
v -0.032301 0.002226 -0.241291
v 0.010704 0.009034 -0.237478
v 0.048523 0.024394 -0.228778
v 0.094534 0.018083 -0.234920
v 0.143648 0.010610 -0.243648
v 0.181533 0.022277 -0.242819
v -0.287307 0.139564 -0.133783
v -0.269027 0.119597 -0.139969
v -0.251951 0.091374 -0.151951
v -0.225844 0.071273 -0.160574
v -0.193652 0.057665 -0.166521
v -0.160383 0.033403 -0.178505
v -0.121316 0.012968 -0.188868
v -0.077962 0.000530 -0.195269
v -0.034845 0.006010 -0.192613
v 0.004769 0.019402 -0.186288
v 0.046894 0.019630 -0.187435
v 0.087876 0.023136 -0.187876
v 0.131888 0.022754 -0.192023
v 0.179872 0.020743 -0.199897
v -0.276774 0.151855 -0.099014
v -0.261947 0.128274 -0.105136
v -0.247343 0.096713 -0.115474
v -0.225604 0.067286 -0.125604
v -0.195014 0.047525 -0.132446
v -0.160509 0.026502 -0.140294
v -0.121355 0.005562 -0.148450
v -0.078391 0.001108 -0.150216
v -0.036934 0.011561 -0.146224
v 0.000745 0.027472 -0.140434
v 0.040670 0.029777 -0.140670
v 0.082167 0.029758 -0.142766
v 0.125818 0.028994 -0.146602
v 0.174031 0.026335 -0.153488
v -0.272388 0.156844 -0.069373
v -0.262653 0.125919 -0.075823
v -0.247669 0.094158 -0.083049
v -0.224693 0.066986 -0.089453
v -0.197573 0.035399 -0.097573
v -0.161727 0.015809 -0.102686
v -0.120628 0.014603 -0.102905
v -0.079506 0.016988 -0.102234
v -0.040566 0.029333 -0.098873
v -0.001887 0.033491 -0.098113
v 0.037718 0.034290 -0.098797
v 0.078965 0.033577 -0.100650
v 0.124849 0.028761 -0.104817
v 0.166828 0.034591 -0.107378
v -0.263421 0.168162 -0.039606
v -0.258943 0.131153 -0.044595
v -0.241920 0.104439 -0.048007
v -0.217944 0.082818 -0.050869
v -0.194322 0.045474 -0.056699
v -0.160203 0.023195 -0.060203
v -0.119978 0.024473 -0.059912
v -0.081046 0.042705 -0.056839
v -0.042791 0.040938 -0.057209
v -0.003475 0.037661 -0.058023
v 0.033011 0.044853 -0.057368
v 0.071142 0.047699 -0.057892
v 0.114150 0.044720 -0.060084
v 0.155264 0.049109 -0.061864
v -0.264983 0.166055 -0.013352
v -0.258248 0.132087 -0.014820
v -0.241077 0.105842 -0.015922
v -0.217562 0.083471 -0.016912
v -0.191286 0.055862 -0.018299
v -0.158465 0.033057 -0.019496
v -0.118952 0.042290 -0.018952
v -0.081451 0.049470 -0.018549
v -0.043973 0.047525 -0.018683
v -0.006039 0.046362 -0.018835
v 0.028312 0.056357 -0.018458
v 0.068495 0.052560 -0.019016
v 0.104616 0.059446 -0.019163
v 0.144040 0.063537 -0.019750
v -0.272935 0.155744 0.013996
v -0.257497 0.133262 0.014750
v -0.239185 0.109518 0.015708
v -0.218151 0.081986 0.016996
v -0.192429 0.051801 0.018528
v -0.158645 0.031990 0.019556
v -0.119308 0.035947 0.019308
v -0.081532 0.050912 0.018468
v -0.045381 0.055880 0.018213
v -0.009067 0.057116 0.018228
v 0.024810 0.065190 0.017954
v 0.059314 0.070401 0.017980
v 0.102506 0.062750 0.018965
v 0.141988 0.066198 0.019584
v -0.276591 0.151091 0.042798
v -0.258648 0.131615 0.044512
v -0.241110 0.106011 0.047733
v -0.218157 0.082282 0.050961
v -0.192916 0.050461 0.055853
v -0.158384 0.033978 0.058384
v -0.119289 0.036731 0.057846
v -0.081096 0.043594 0.056690
v -0.044607 0.051704 0.055393
v -0.009533 0.059146 0.054381
v 0.023206 0.069558 0.053139
v 0.059956 0.069418 0.054108
v 0.096480 0.072384 0.055127
v 0.131185 0.080322 0.056029
v -0.275800 0.152427 0.070746
v -0.260035 0.130008 0.074603
v -0.240433 0.108163 0.078980
v -0.217548 0.084922 0.084327
v -0.194277 0.047040 0.094277
v -0.160841 0.021032 0.101214
v -0.119869 0.028051 0.099118
v -0.080993 0.043318 0.094818
v -0.044843 0.054567 0.091758
v -0.010472 0.063811 0.089528
v 0.021387 0.075286 0.087081
v 0.056792 0.076498 0.088180
v 0.094708 0.075845 0.090766
v 0.130127 0.082101 0.092609
v -0.275547 0.153438 0.098326
v -0.264173 0.124815 0.106581
v -0.244792 0.101616 0.113475
v -0.226111 0.066024 0.126111
v -0.199312 0.032486 0.138437
v -0.159070 0.034909 0.136958
v -0.119889 0.031269 0.138258
v -0.081147 0.049428 0.131059
v -0.045814 0.063439 0.125635
v -0.011636 0.070798 0.123175
v 0.024682 0.069582 0.124682
v 0.058511 0.075241 0.124226
v 0.090810 0.083410 0.123875
v 0.111003 0.107679 0.118186
v -0.286791 0.140227 0.133414
v -0.276333 0.108342 0.146019
v -0.257278 0.081255 0.157278
v -0.232979 0.053769 0.169679
v -0.204782 0.019357 0.186311
v -0.159427 0.038887 0.175681
v -0.119260 0.048364 0.170654
v -0.081395 0.059648 0.164848
v -0.045130 0.065045 0.162208
v -0.008717 0.065816 0.162310
v 0.026856 0.068788 0.161867
v 0.053818 0.087828 0.153818
v 0.077299 0.106853 0.146819
v 0.100213 0.122997 0.143001
v -0.299380 0.126662 0.171963
v -0.285912 0.098141 0.185912
v -0.264763 0.073468 0.198969
v -0.237141 0.051647 0.211245
v -0.202697 0.035865 0.220302
v -0.159106 0.050177 0.210664
v -0.119307 0.057030 0.206158
v -0.080532 0.054336 0.207878
v -0.043494 0.064688 0.201396
v -0.005274 0.062578 0.203201
v 0.022956 0.085609 0.189396
v 0.048618 0.103506 0.179472
v 0.068192 0.125007 0.168192
v 0.089446 0.139285 0.163395
v -0.311858 0.115951 0.211858
v -0.293885 0.094367 0.224797
v -0.271397 0.071963 0.239970
v -0.239503 0.058560 0.249062
v -0.198487 0.063191 0.244735
v -0.161099 0.053201 0.252107
v -0.120016 0.059280 0.247323
v -0.080409 0.066095 0.242067
v -0.043029 0.075281 0.235074
v -0.007344 0.081949 0.230245
v 0.023335 0.095814 0.220197
v 0.043208 0.122626 0.200502
v 0.063937 0.138486 0.190074
v 0.079230 0.156617 0.179230
v -0.317355 0.150114 -0.217355
v -0.299414 0.140671 -0.222831
v -0.277401 0.131066 -0.230209
v -0.251685 0.121841 -0.237909
v -0.227171 0.103394 -0.254449
v -0.196816 0.086617 -0.269610
v -0.161826 0.068842 -0.285813
v -0.121720 0.052682 -0.300618
v -0.077660 0.043338 -0.309200
v -0.027380 0.014517 -0.335714
v 0.023421 0.005994 -0.343700
v 0.066756 0.017291 -0.333654
v 0.109028 0.024246 -0.327849
v 0.145578 0.035398 -0.318681
v 0.182884 0.040492 -0.316104
v 0.214536 0.047330 -0.314536
v 0.212131 0.044759 -0.279329
v 0.213985 0.040476 -0.241959
v 0.216269 0.036811 -0.201645
v 0.223802 0.028001 -0.161833
v 0.215342 0.036852 -0.113238
v 0.197991 0.055585 -0.064460
v 0.191140 0.063003 -0.021035
v 0.184148 0.070616 0.020530
v 0.169779 0.086298 0.058357
v 0.148191 0.109925 0.089125
v 0.129982 0.129991 0.114942
v 0.115366 0.146302 0.137312
v 0.104362 0.159016 0.157483
v 0.093915 0.171727 0.173537
v 0.086310 0.182949 0.186310
v 0.074096 0.171056 0.194541
v 0.061350 0.153590 0.209380
v 0.042989 0.136641 0.224270
v 0.018325 0.122633 0.236750
v -0.010815 0.109742 0.248358
v -0.042767 0.091960 0.264579
v -0.080113 0.080309 0.275246
v -0.120543 0.070424 0.284324
v -0.160907 0.073466 0.281566
v -0.201332 0.072932 0.282186
v -0.244134 0.066498 0.288389
v -0.278504 0.076196 0.279974
v -0.301960 0.096604 0.262080
v -0.320381 0.115506 0.246261
v -0.326773 0.140153 0.226773
v -0.326102 0.137158 0.202340
v -0.314399 0.148162 0.165218
v -0.299180 0.163867 0.126992
v -0.292057 0.171218 0.095988
v -0.293149 0.169820 0.069359
v -0.290338 0.172784 0.041173
v -0.284225 0.179413 0.013311
v -0.274532 0.189967 -0.012610
v -0.273654 0.190947 -0.037564
v -0.280965 0.183078 -0.064984
v -0.286120 0.177673 -0.093021
v -0.296011 0.167306 -0.124971
v -0.308846 0.154167 -0.160938
v -0.316157 0.147839 -0.193441
v 0.172367 0.719464 -0.272367
v 0.135558 0.727026 -0.273114
v 0.102789 0.744455 -0.283922
v 0.065735 0.761883 -0.295895
v 0.018601 0.761510 -0.294716
v -0.033554 0.735396 -0.274168
v -0.079268 0.712189 -0.256167
v -0.119045 0.685158 -0.235322
v -0.152869 0.662776 -0.218146
v -0.183716 0.649294 -0.208030
v -0.210398 0.634377 -0.197100
v -0.236762 0.625790 -0.191478
v -0.262580 0.619515 -0.188501
v -0.285636 0.611367 -0.185636
v 0.161825 0.712681 -0.225821
v 0.124060 0.719695 -0.224061
v 0.089167 0.731934 -0.228440
v 0.053687 0.747970 -0.236732
v 0.016978 0.771989 -0.250936
v -0.036235 0.735819 -0.227268
v -0.080396 0.707934 -0.209326
v -0.118177 0.684064 -0.194089
v -0.149906 0.658483 -0.177872
v -0.179413 0.646110 -0.170353
v -0.205830 0.633386 -0.163015
v -0.231610 0.624852 -0.158933
v -0.257929 0.619435 -0.157929
v -0.279070 0.607532 -0.154446
v 0.152637 0.704297 -0.180445
v 0.110993 0.705056 -0.174720
v 0.079021 0.720045 -0.179021
v 0.047155 0.741009 -0.187768
v 0.009054 0.755348 -0.193908
v -0.038106 0.735269 -0.182971
v -0.081037 0.706515 -0.168019
v -0.117344 0.678642 -0.153676
v -0.148047 0.655791 -0.142038
v -0.176828 0.644430 -0.136607
v -0.201029 0.627850 -0.128911
v -0.227525 0.622230 -0.127525
v -0.252153 0.614407 -0.125996
v -0.277424 0.607749 -0.126724
v 0.137365 0.686343 -0.132951
v 0.100853 0.692200 -0.130394
v 0.068945 0.704820 -0.132404
v 0.038841 0.725669 -0.138841
v 0.004776 0.746633 -0.146053
v -0.038186 0.741124 -0.143321
v -0.081675 0.701316 -0.127389
v -0.117036 0.678717 -0.118429
v -0.146092 0.649272 -0.106867
v -0.172810 0.634778 -0.101494
v -0.196642 0.620608 -0.096642
v -0.221477 0.613556 -0.095202
v -0.247077 0.608613 -0.095483
v -0.277507 0.609091 -0.099424
v 0.124721 0.670901 -0.090433
v 0.091053 0.678445 -0.089062
v 0.061064 0.691772 -0.090583
v 0.031293 0.709582 -0.094188
v 0.001012 0.736746 -0.101012
v -0.038191 0.744675 -0.102823
v -0.081913 0.700375 -0.090226
v -0.116783 0.677285 -0.083723
v -0.145311 0.647338 -0.075378
v -0.171494 0.632498 -0.071494
v -0.195850 0.620609 -0.068761
v -0.218519 0.609417 -0.066655
v -0.249249 0.613143 -0.069575
v -0.279119 0.611869 -0.072082
v 0.118834 0.663668 -0.053035
v 0.087853 0.674109 -0.052706
v 0.060592 0.691817 -0.054323
v 0.031555 0.711478 -0.056740
v 0.000540 0.736578 -0.060436
v -0.040181 0.734527 -0.059818
v -0.081200 0.714565 -0.056379
v -0.117322 0.688261 -0.051947
v -0.146852 0.657678 -0.046852
v -0.173538 0.640811 -0.044205
v -0.198172 0.627363 -0.042342
v -0.224937 0.622586 -0.042262
v -0.253431 0.620218 -0.043048
v -0.280705 0.614242 -0.043795
v 0.122080 0.667985 -0.017973
v 0.089144 0.676315 -0.017714
v 0.059236 0.689447 -0.017971
v 0.030698 0.709662 -0.018801
v 0.000847 0.738088 -0.020216
v -0.042114 0.723503 -0.019303
v -0.081354 0.712248 -0.018646
v -0.118314 0.706329 -0.018314
v -0.149483 0.673642 -0.016501
v -0.179254 0.661414 -0.015887
v -0.205090 0.645071 -0.015118
v -0.229962 0.632559 -0.014668
v -0.261393 0.632841 -0.015115
v -0.290233 0.626687 -0.015396
v 0.126018 0.673093 0.018292
v 0.094962 0.685430 0.018259
v 0.063294 0.697333 0.018429
v 0.034628 0.719575 0.019367
v -0.000458 0.733454 0.019954
v -0.043584 0.714783 0.018813
v -0.082043 0.699977 0.017957
v -0.117915 0.699223 0.017915
v -0.152436 0.691168 0.017486
v -0.182794 0.673986 0.016597
v -0.210011 0.657482 0.015825
v -0.238384 0.648924 0.015618
v -0.265042 0.638557 0.015456
v -0.296667 0.635030 0.015916
v 0.138640 0.689342 0.057835
v 0.106372 0.703103 0.057902
v 0.074405 0.718636 0.058996
v 0.039944 0.732615 0.060358
v -0.002974 0.724117 0.058324
v -0.044031 0.711714 0.055969
v -0.082368 0.693770 0.052875
v -0.117465 0.690805 0.052375
v -0.152117 0.688880 0.052117
v -0.189063 0.695874 0.053537
v -0.220259 0.683016 0.051868
v -0.247564 0.666520 0.049916
v -0.276539 0.656395 0.049532
v -0.303335 0.643577 0.049279
v 0.145205 0.697418 0.098677
v 0.114171 0.714558 0.099839
v 0.085131 0.738359 0.104118
v 0.036996 0.723897 0.098278
v -0.007135 0.707974 0.092865
v -0.045130 0.703737 0.091280
v -0.082279 0.693898 0.088402
v -0.117532 0.690545 0.087458
v -0.152736 0.691149 0.087731
v -0.190424 0.699353 0.090424
v -0.226608 0.697821 0.090827
v -0.255249 0.680516 0.087312
v -0.288024 0.673714 0.087651
v -0.313012 0.655744 0.085721
v 0.163847 0.720522 0.147785
v 0.128967 0.735900 0.148646
v 0.080050 0.726171 0.141107
v 0.034755 0.715495 0.134755
v -0.006660 0.706616 0.130112
v -0.046069 0.695071 0.125043
v -0.081912 0.697163 0.125743
v -0.117974 0.695155 0.124947
v -0.152765 0.688256 0.122339
v -0.189984 0.694873 0.125434
v -0.227271 0.696864 0.127271
v -0.270032 0.706911 0.133256
v -0.304475 0.697830 0.132746
v -0.331905 0.679297 0.129893
v 0.172643 0.729977 0.194733
v 0.132348 0.737956 0.192404
v 0.085293 0.731958 0.185293
v 0.035963 0.713552 0.173486
v -0.004971 0.707075 0.168970
v -0.045603 0.692240 0.160810
v -0.081860 0.692355 0.160732
v -0.118453 0.697736 0.163501
v -0.155269 0.697242 0.163386
v -0.194509 0.705285 0.168045
v -0.229203 0.696969 0.164862
v -0.265738 0.694813 0.165738
v -0.305197 0.696127 0.169921
v -0.338853 0.686603 0.170600
v 0.173399 0.727389 0.235804
v 0.136753 0.738937 0.236753
v 0.088296 0.730312 0.227387
v 0.039387 0.713730 0.214704
v -0.002535 0.706601 0.209077
v -0.042875 0.698768 0.203603
v -0.081209 0.694334 0.200645
v -0.118425 0.688219 0.196742
v -0.156735 0.696589 0.202212
v -0.195593 0.700329 0.205062
v -0.229474 0.689995 0.199435
v -0.265105 0.687166 0.199381
v -0.301585 0.685621 0.201585
v -0.334756 0.678288 0.202475
v 0.166493 0.712143 0.266493
v 0.132363 0.722318 0.269409
v 0.091003 0.723272 0.267420
v 0.042993 0.709481 0.255292
v -0.000925 0.698699 0.246195
v -0.040726 0.697038 0.244577
v -0.080317 0.695387 0.243211
v -0.119305 0.689329 0.238539
v -0.158501 0.692903 0.241387
v -0.198417 0.696583 0.244560
v -0.235030 0.691134 0.241076
v -0.267813 0.681595 0.234952
v -0.300337 0.675138 0.232278
v -0.329344 0.665842 0.229344
v 0.208230 0.706001 -0.308230
v 0.184088 0.720953 -0.317450
v 0.150749 0.731858 -0.325391
v 0.114806 0.745587 -0.336911
v 0.076969 0.764922 -0.354088
v 0.021609 0.748514 -0.338652
v -0.029912 0.732741 -0.324010
v -0.078127 0.709622 -0.302735
v -0.120308 0.686039 -0.281076
v -0.156882 0.666275 -0.262957
v -0.189241 0.650429 -0.248515
v -0.216970 0.634420 -0.234040
v -0.246476 0.629294 -0.229739
v -0.272559 0.622139 -0.223926
v -0.295759 0.614943 -0.218747
v -0.316111 0.608570 -0.216111
v -0.314808 0.610712 -0.192234
v -0.310240 0.607341 -0.162013
v -0.304963 0.602409 -0.130679
v -0.305504 0.603400 -0.102709
v -0.302269 0.600105 -0.072634
v -0.305468 0.603688 -0.044446
v -0.314735 0.613807 -0.015515
v -0.323631 0.623493 0.016158
v -0.322161 0.621861 0.048057
v -0.338095 0.639089 0.085499
v -0.343578 0.644788 0.121737
v -0.345887 0.646815 0.156771
v -0.347091 0.647189 0.190410
v -0.341455 0.639332 0.216081
v -0.335548 0.629128 0.235548
v -0.324588 0.649542 0.250961
v -0.305207 0.667952 0.266293
v -0.274505 0.676998 0.273701
v -0.237461 0.678988 0.275038
v -0.201417 0.687326 0.282423
v -0.159667 0.680294 0.275834
v -0.120335 0.686449 0.281452
v -0.079382 0.690703 0.285359
v -0.037429 0.694906 0.289256
v 0.002170 0.689606 0.284518
v 0.046919 0.699560 0.293962
v 0.088119 0.700168 0.295054
v 0.125343 0.696208 0.292423
v 0.161211 0.693497 0.291886
v 0.189473 0.686162 0.289473
v 0.198773 0.700894 0.267374
v 0.207764 0.712796 0.237165
v 0.209818 0.716188 0.197532
v 0.199619 0.705710 0.149746
v 0.185453 0.690624 0.102505
v 0.168170 0.671950 0.058009
v 0.162002 0.665271 0.018930
v 0.159619 0.662677 -0.018758
v 0.157811 0.660672 -0.055768
v 0.158999 0.661836 -0.093006
v 0.177685 0.681865 -0.138784
v 0.189697 0.694355 -0.184704
v 0.195982 0.700056 -0.228085
v 0.204962 0.707541 -0.272913
vn -0.9487 -0.3014 -0.0954
vn -0.9821 -0.1874 -0.0175
vn -0.9588 -0.2569 -0.1214
vn -0.9543 -0.2684 -0.1314
vn -0.9959 -0.0504 0.0757
vn -0.9798 -0.1974 -0.0319
vn -0.9494 -0.2919 -0.1162
vn -0.9564 -0.2695 -0.1123
vn -0.9276 -0.3292 -0.1763
vn -0.9939 -0.0195 0.1086
vn -0.9962 -0.0038 0.0866
vn -0.9865 0.1367 0.0906
vn -0.9707 0.2039 0.1271
vn -0.9868 0.1192 0.1094
vn -0.9977 -0.0626 -0.0268
vn -0.9951 0.0535 0.0838
vn -0.9705 -0.0619 0.2331
vn -0.9604 -0.2570 0.1079
vn -0.9330 -0.2865 0.2177
vn -0.9737 -0.1717 0.1497
vn -0.9776 -0.0865 0.1920
vn -0.9659 -0.1775 0.1884
vn -0.9876 -0.1113 0.1106
vn -0.9796 0.1065 0.1704
vn -0.9802 0.1885 0.0609
vn -0.9705 0.2064 0.1245
vn -0.9962 -0.0207 0.0845
vn -0.9361 0.3457 0.0650
vn -0.9247 0.3756 0.0623
vn -0.9921 0.1237 0.0202
vn -0.9891 0.1461 0.0158
vn -0.9538 0.2368 0.1849
vn -0.9034 0.3850 0.1890
vn -0.9981 0.0397 0.0470
vn -0.9996 -0.0280 0.0018
vn -0.9922 0.0905 0.0852
vn -0.9932 0.0495 0.1054
vn -0.9979 0.0326 -0.0554
vn -0.9983 0.0154 0.0569
vn -0.9911 0.1063 0.0804
vn -0.9847 0.1073 0.1375
vn -0.9761 0.1880 0.1090
vn -0.9774 0.1583 0.1404
vn -0.9934 0.1111 0.0268
vn -0.9962 0.0605 -0.0626
vn -0.9742 0.1765 0.1403
vn -0.9740 0.1378 0.1799
vn -0.9794 0.1275 0.1568
vn -0.9693 0.1366 0.2043
vn -0.9904 0.1206 0.0671
vn -0.9948 0.0959 0.0336
vn -0.9824 -0.0260 0.1850
vn -0.9850 0.0041 0.1723
vn -0.9621 -0.1618 0.2197
vn -0.9800 -0.1500 0.1304
vn -0.9934 -0.1096 -0.0338
vn -0.9968 0.0788 0.0163
vn -0.9355 -0.3063 0.1763
vn -0.9663 -0.2319 0.1114
vn -0.9178 -0.3649 0.1568
vn -0.9422 -0.3298 0.0587
vn -0.9637 -0.2454 -0.1055
vn -0.9834 -0.1619 -0.0813
vn -0.9576 -0.2322 0.1705
vn -0.9791 -0.2031 -0.0024
vn -0.9915 -0.0694 0.1101
vn -0.9977 -0.0669 0.0090
vn -0.9831 -0.1121 -0.1450
vn -0.9751 -0.1674 -0.1456
vn -0.9956 -0.0113 0.0928
vn -0.9967 -0.0428 0.0684
vn -0.9950 0.0350 0.0933
vn -0.9967 0.0470 0.0658
vn -0.9980 0.0305 -0.0554
vn -0.9907 -0.0948 -0.0978
vn -0.9936 -0.0800 0.0792
vn -0.9986 -0.0248 0.0476
vn -0.9896 -0.1380 0.0395
vn -0.9905 -0.1313 0.0410
vn -0.9946 -0.0702 -0.0765
vn -0.9986 0.0256 -0.0466
vn -0.9983 0.0054 0.0577
vn -0.9997 -0.0239 -0.0017
vn -0.9863 0.1548 0.0571
vn -0.9916 0.1272 0.0239
vn -0.9967 0.0297 -0.0754
vn -0.9942 0.0065 -0.1074
vn -0.9215 -0.3280 -0.2079
vn -0.7925 -0.4909 -0.3618
vn -0.9573 -0.2456 -0.1527
vn -0.9628 -0.2538 -0.0924
vn -0.8345 -0.5092 -0.2103
vn -0.7458 -0.6141 -0.2582
vn -0.9824 -0.1224 -0.1411
vn -0.9979 -0.0301 -0.0571
vn -0.9957 -0.0750 -0.0551
vn -0.9873 -0.1520 -0.0466
vn -0.9983 -0.0377 -0.0440
vn -0.9897 -0.1068 -0.0958
vn -0.9846 -0.1549 -0.0809
vn -0.9972 0.0410 -0.0633
vn -0.9963 -0.0847 -0.0138
vn -0.9840 0.1361 0.1147
vn -0.9970 0.0587 -0.0510
vn -0.9828 -0.1546 -0.1011
vn -0.9214 0.3324 0.2014
vn -0.9243 0.3096 0.2234
vn -0.9499 0.3124 0.0125
vn -0.9683 0.2494 0.0167
vn -0.9773 0.1826 0.1072
vn -0.9910 0.1338 0.0069
vn -0.9863 0.1599 0.0407
vn -0.9709 0.2391 0.0138
vn -0.9998 0.0188 -0.0075
vn -0.9970 0.0587 -0.0501
vn -0.9966 0.0395 -0.0723
vn -0.9969 0.0779 0.0066
vn -0.9987 0.0502 0.0102
vn -0.9913 0.1309 -0.0148
vn -0.9872 0.1591 -0.0119
vn -0.9995 0.0040 -0.0318
vn -0.9909 0.1287 -0.0394
vn -0.9957 -0.0737 -0.0558
vn -0.9948 -0.0200 -0.0996
vn -0.9846 0.1698 -0.0408
vn -0.9914 -0.0463 -0.1221
vn -0.9610 -0.0977 -0.2587
vn -0.9694 0.0246 -0.2441
vn -0.9825 0.0613 -0.1758
vn -0.9396 -0.1265 -0.3182
vn -0.9493 -0.1822 -0.2561
vn -0.9522 -0.2726 -0.1374
vn -0.9696 -0.1619 -0.1837
vn -0.9731 -0.1589 -0.1667
vn -0.9920 -0.0153 -0.1252
vn -0.9937 -0.1113 -0.0147
vn -0.9566 -0.2754 -0.0950
vn -0.9976 -0.0104 -0.0686
vn -0.9990 -0.0187 -0.0395
vn -0.9928 -0.0308 0.1161
vn -0.9937 -0.0963 0.0574
vn -0.9958 0.0260 -0.0880
vn -0.9951 -0.0254 -0.0955
vn -0.9985 -0.0442 0.0334
vn -0.9917 0.0535 0.1169
vn -0.7421 -0.6632 -0.0972
vn -0.7387 -0.6490 -0.1820
vn -0.9342 -0.3533 0.0497
vn -0.8460 -0.5321 -0.0344
vn -0.6573 -0.7216 -0.2175
vn -0.6350 -0.6882 -0.3510
vn -0.9644 -0.1875 0.1867
vn -0.9753 -0.0503 0.2153
vn -0.9609 -0.0749 0.2666
vn -0.9386 -0.3065 0.1586
vn -0.9774 0.0954 0.1888
vn -0.9944 -0.0703 0.0789
vn -0.9843 0.0946 0.1489
vn -0.9558 0.1381 0.2598
vn -0.9922 -0.1155 -0.0473
vn -0.9973 0.0222 -0.0693
vn -0.9993 0.0301 -0.0237
vn -0.9993 -0.0287 0.0234
vn -0.9740 0.2238 -0.0346
vn -0.9514 0.3080 0.0053
vn -0.9556 0.2931 0.0310
vn -0.9805 0.1964 -0.0056
vn -0.9725 0.2327 -0.0102
vn -0.9757 0.1976 -0.0951
vn -0.9458 0.3192 -0.0592
vn -0.9595 0.2812 0.0176
vn -0.9786 0.1365 -0.1541
vn -0.9851 0.0371 -0.1678
vn -0.9651 0.0985 -0.2425
vn -0.9698 0.1844 -0.1598
vn -0.9736 0.0394 -0.2250
vn -0.9604 0.1281 -0.2474
vn -0.9160 0.0802 -0.3930
vn -0.9202 0.1427 -0.3645
vn -0.9515 0.1677 -0.2581
vn -0.9599 0.0488 -0.2761
vn -0.9582 0.0358 -0.2838
vn -0.9326 0.1134 -0.3426
vn -0.9686 0.0579 -0.2418
vn -0.9955 -0.0525 -0.0791
vn -0.9831 -0.1808 -0.0297
vn -0.9780 -0.1095 -0.1777
vn -0.9646 -0.2596 0.0461
vn -0.9314 -0.3495 0.1018
vn -0.9333 -0.3588 0.0154
vn -0.9600 -0.2798 0.0034
vn -0.9155 -0.3848 0.1178
vn -0.9439 -0.2349 0.2320
vn -0.9476 -0.2929 0.1279
vn -0.9179 -0.3924 0.0585
vn -0.9441 -0.1508 0.2932
vn -0.9649 -0.0680 0.2539
vn -0.9803 -0.0543 0.1899
vn -0.9787 -0.1078 0.1745
vn -0.9674 0.0363 0.2506
vn -0.9776 0.0092 0.2102
vn -0.9564 0.0599 0.2859
vn -0.9669 -0.0151 0.2547
vn -0.5497 -0.7086 -0.4424
vn -0.6122 -0.6469 -0.4546
vn -0.6381 -0.6918 -0.3381
vn -0.5033 -0.8063 -0.3107
vn -0.5733 -0.7791 -0.2536
vn -0.7170 -0.6508 -0.2497
vn -0.8452 -0.5306 -0.0633
vn -0.9860 -0.1277 0.1071
vn -0.9665 -0.2381 -0.0958
vn -0.6584 -0.7166 -0.2302
vn -0.9825 0.1616 0.0921
vn -0.9892 0.1376 0.0502
vn -0.9828 0.1280 -0.1334
vn -0.9737 0.2068 -0.0952
vn -0.9963 0.0854 0.0010
vn -0.9879 0.0862 -0.1289
vn -0.9765 0.0423 -0.2112
vn -0.9674 0.1682 -0.1893
vn -0.9825 0.1250 -0.1382
vn -0.9706 0.2348 -0.0533
vn -0.9771 0.1958 -0.0839
vn -0.9891 0.0375 -0.1423
vn -0.9567 0.2911 -0.0072
vn -0.9134 0.4050 -0.0408
vn -0.8803 0.4436 -0.1680
vn -0.9486 0.2973 -0.1083
vn -0.9287 0.3193 -0.1888
vn -0.9000 0.2647 -0.3462
vn -0.8772 0.3769 -0.2974
vn -0.8745 0.4216 -0.2397
vn -0.9080 0.1685 -0.3836
vn -0.9358 0.0072 -0.3525
vn -0.9380 -0.0127 -0.3464
vn -0.9325 0.1616 -0.3230
vn -0.9585 0.0348 -0.2830
vn -0.9807 -0.0440 -0.1904
vn -0.9638 -0.1648 -0.2095
vn -0.9440 -0.0681 -0.3229
vn -0.9696 -0.2183 -0.1101
vn -0.9733 -0.1955 -0.1203
vn -0.9763 -0.2082 -0.0586
vn -0.9592 -0.2638 -0.1021
vn -0.9624 -0.2500 -0.1059
vn -0.9254 -0.3758 -0.0481
vn -0.8976 -0.4301 0.0964
vn -0.9568 -0.2904 0.0120
vn -0.9291 -0.3669 -0.0466
vn -0.9414 -0.3350 -0.0399
vn -0.9317 -0.3613 0.0370
vn -0.9354 -0.3438 0.0821
vn -0.9882 -0.1415 0.0588
vn -0.9854 -0.0700 0.1555
vn -0.9777 -0.1280 0.1665
vn -0.9675 -0.2291 0.1070
vn -0.9722 -0.0549 0.2276
vn -0.9645 0.1358 0.2263
vn -0.9664 0.2568 0.0100
vn -0.9934 0.0211 0.1127
vn -0.6163 -0.7669 -0.1791
vn -0.7541 -0.6444 -0.1270
vn -0.4917 -0.8350 -0.2468
vn -0.5534 -0.7350 -0.3918
vn -0.6631 -0.6682 -0.3374
vn -0.8058 -0.5427 -0.2372
vn -0.6354 -0.6929 -0.3408
vn -0.9098 -0.2718 -0.3136
vn -0.8302 -0.4028 -0.3854
vn -0.6597 -0.6143 -0.4329
vn -0.9797 0.1393 -0.1439
vn -0.9678 0.2236 -0.1159
vn -0.9611 0.2686 0.0648
vn -0.9864 -0.0888 -0.1383
vn -0.9655 0.2137 -0.1489
vn -0.9929 -0.0686 -0.0974
vn -0.9908 -0.1277 0.0453
vn -0.9708 0.2282 0.0736
vn -0.9991 -0.0089 -0.0416
vn -0.9590 0.2604 -0.1114
vn -0.9369 0.3476 -0.0366
vn -1.0000 0.0029 0.0054
vn -0.9067 0.3642 -0.2128
vn -0.8750 0.4325 -0.2174
vn -0.8930 0.4478 -0.0454
vn -0.8999 0.4344 -0.0396
vn -0.8691 0.4617 -0.1774
vn -0.9047 0.3986 -0.1502
vn -0.8944 0.4468 -0.0200
vn -0.8929 0.4496 -0.0224
vn -0.9664 0.1925 -0.1701
vn -0.9889 0.0136 -0.1479
vn -0.9982 -0.0353 -0.0483
vn -0.9706 0.2293 -0.0728
vn -0.9806 -0.1647 -0.1067
vn -0.9590 -0.2769 -0.0605
vn -0.9377 -0.3336 0.0968
vn -0.9676 -0.2496 0.0375
vn -0.9517 -0.3062 -0.0234
vn -0.9515 -0.3024 0.0570
vn -0.9184 -0.3766 0.1212
vn -0.9399 -0.3225 0.1121
vn -0.9045 -0.3978 0.1535
vn -0.8783 -0.4427 0.1807
vn -0.8726 -0.4624 0.1571
vn -0.8898 -0.4361 0.1342
vn -0.9078 -0.3531 0.2261
vn -0.9013 -0.3587 0.2430
vn -0.8937 -0.3351 0.2982
vn -0.8728 -0.4090 0.2661
vn -0.9361 -0.2854 0.2056
vn -0.9721 -0.1187 0.2023
vn -0.9621 -0.0189 0.2721
vn -0.9179 -0.2810 0.2801
vn -0.9761 0.2094 0.0577
vn -0.9352 0.3450 -0.0800
vn -0.9191 0.3504 0.1800
vn -0.9015 0.3763 0.2139
vn -0.7323 -0.6083 -0.3062
vn -0.8823 -0.4245 -0.2034
vn -0.6319 -0.6819 -0.3683
vn -0.6343 -0.7274 -0.2618
vn -0.7622 -0.5612 -0.3227
vn -0.8963 -0.3380 -0.2871
vn -0.6599 -0.6429 -0.3889
vn -0.7269 -0.6350 -0.2613
vn -0.6292 -0.7754 -0.0536
vn -0.6203 -0.7704 -0.1476
vn -0.9140 -0.4054 -0.0151
vn -0.9674 0.1665 0.1909
vn -0.9823 -0.0304 0.1851
vn -0.8028 -0.5947 0.0441
vn -0.9344 0.2877 0.2099
vn -0.9940 -0.0159 0.1079
vn -0.9563 0.1056 0.2725
vn -0.9089 0.3027 0.2867
vn -0.9985 0.0204 0.0514
vn -0.9391 0.2847 0.1924
vn -0.9279 0.1303 0.3492
vn -0.9630 -0.0246 0.2682
vn -0.8634 0.4530 0.2219
vn -0.8742 0.4676 0.1308
vn -0.7781 0.5163 0.3578
vn -0.8166 0.4123 0.4040
vn -0.9006 0.4191 0.1148
vn -0.8697 0.4749 0.1341
vn -0.8432 0.3992 0.3601
vn -0.8459 0.4257 0.3212
vn -0.9588 0.2411 0.1505
vn -0.9798 -0.0992 0.1735
vn -0.8230 -0.1378 0.5510
vn -0.8499 0.1819 0.4945
vn -0.9204 -0.3181 0.2274
vn -0.8758 -0.3744 0.3047
vn -0.7798 -0.3409 0.5250
vn -0.7729 -0.3502 0.5291
vn -0.8899 -0.3058 0.3384
vn -0.8939 -0.3471 0.2835
vn -0.8722 -0.2669 0.4100
vn -0.8319 -0.2421 0.4993
vn -0.8883 -0.4172 0.1919
vn -0.8616 -0.4799 0.1653
vn -0.8567 -0.4744 0.2027
vn -0.8840 -0.3464 0.3140
vn -0.8887 -0.4198 0.1842
vn -0.9174 -0.3306 0.2215
vn -0.9157 -0.3769 0.1391
vn -0.9066 -0.3998 0.1348
vn -0.9258 -0.2695 0.2650
vn -0.9623 0.1632 0.2178
vn -0.9391 0.3351 0.0760
vn -0.9755 -0.1596 0.1514
vn -0.9059 0.3913 0.1623
vn -0.9419 0.2574 0.2159
vn -0.9479 0.2987 0.1107
vn -0.9428 0.3251 0.0731
vn -0.7176 -0.5650 -0.4071
vn -0.8402 -0.3248 -0.4344
vn -0.5336 -0.7813 -0.3237
vn -0.5232 -0.7982 -0.2987
vn -0.6769 -0.6413 -0.3613
vn -0.7981 -0.4143 -0.4374
vn -0.5022 -0.8461 -0.1788
vn -0.5937 -0.7968 -0.1121
vn -0.5494 -0.7626 -0.3414
vn -0.4225 -0.8458 -0.3257
vn -0.7241 -0.6868 -0.0634
vn -0.9621 -0.2517 0.1049
vn -0.8532 -0.5179 -0.0617
vn -0.6180 -0.7319 -0.2872
vn -0.9348 0.1727 0.3104
vn -0.8847 0.1813 0.4295
vn -0.9302 0.1513 0.3344
vn -0.9708 -0.0719 0.2290
vn -0.9094 0.0152 0.4156
vn -0.9241 0.0313 0.3810
vn -0.9431 0.0078 0.3324
vn -0.9351 0.1031 0.3392
vn -0.8513 0.2997 0.4307
vn -0.7185 0.5085 0.4746
vn -0.7923 0.4012 0.4597
vn -0.9131 0.1845 0.3635
vn -0.7484 0.4288 0.5060
vn -0.7928 0.2769 0.5430
vn -0.6989 0.2062 0.6848
vn -0.7114 0.3679 0.5988
vn -0.7851 0.0872 0.6132
vn -0.7676 -0.1545 0.6221
vn -0.7252 -0.1550 0.6709
vn -0.7177 0.0626 0.6935
vn -0.7395 -0.3468 0.5770
vn -0.8057 -0.2235 0.5486
vn -0.8493 -0.1133 0.5157
vn -0.7662 -0.2468 0.5933
vn -0.8592 -0.1813 0.4784
vn -0.8900 -0.1585 0.4275
vn -0.8936 -0.0967 0.4383
vn -0.8759 -0.1505 0.4584
vn -0.9058 -0.2634 0.3318
vn -0.8776 -0.4236 0.2244
vn -0.8847 -0.3437 0.3149
vn -0.8954 -0.2086 0.3935
vn -0.9210 -0.3403 0.1895
vn -0.9145 -0.3865 0.1193
vn -0.9303 -0.3204 0.1785
vn -0.9166 -0.2987 0.2659
vn -0.9963 -0.0601 0.0608
vn -0.9398 0.3374 0.0537
vn -0.9515 0.3073 -0.0104
vn -0.9982 0.0213 0.0554
vn -0.9585 0.2826 0.0383
vn -0.8592 0.4891 -0.1503
vn -0.6002 0.6715 -0.4345
vn -0.8640 0.4730 -0.1722
vn -0.6700 -0.7400 -0.0584
vn -0.8133 -0.5671 -0.1297
vn -0.5525 -0.8323 -0.0442
vn -0.5946 -0.7977 0.1004
vn -0.6716 -0.7213 0.1695
vn -0.7547 -0.6294 0.1852
vn -0.5020 -0.8610 -0.0818
vn -0.5824 -0.7987 -0.1512
vn -0.6295 -0.7766 0.0254
vn -0.5460 -0.8361 0.0524
vn -0.6309 -0.7454 -0.2154
vn -0.6340 -0.7589 -0.1488
vn -0.5517 -0.8304 0.0782
vn -0.6633 -0.7478 0.0296
vn -0.8973 -0.4066 0.1719
vn -0.9376 0.1285 0.3231
vn -0.9225 0.0035 0.3860
vn -0.7550 -0.6013 0.2617
vn -0.9350 0.1088 0.3376
vn -0.9346 0.0149 0.3553
vn -0.9180 0.0452 0.3940
vn -0.8984 0.1333 0.4185
vn -0.9189 0.0936 0.3833
vn -0.8441 0.2066 0.4947
vn -0.8944 0.0738 0.4412
vn -0.9158 0.0141 0.4013
vn -0.7615 0.2633 0.5923
vn -0.7512 0.2050 0.6274
vn -0.8244 0.1972 0.5306
vn -0.8546 0.2035 0.4777
vn -0.7508 0.0601 0.6577
vn -0.7741 -0.1117 0.6231
vn -0.8488 -0.0383 0.5274
vn -0.8321 0.0489 0.5525
vn -0.8298 -0.0909 0.5506
vn -0.8760 -0.0492 0.4798
vn -0.8843 -0.0135 0.4666
vn -0.8725 0.0090 0.4885
vn -0.9066 -0.0905 0.4123
vn -0.9100 -0.1274 0.3946
vn -0.9019 -0.1300 0.4120
vn -0.8890 -0.0393 0.4561
vn -0.8922 -0.2797 0.3547
vn -0.9157 -0.2808 0.2874
vn -0.9242 -0.2470 0.2913
vn -0.9148 -0.2158 0.3414
vn -0.9201 -0.3037 0.2475
vn -0.9611 -0.1938 0.1966
vn -0.9622 -0.1366 0.2355
vn -0.9279 -0.2761 0.2507
vn -0.9877 0.0888 0.1284
vn -0.9345 0.3523 0.0513
vn -0.8532 0.4997 0.1493
vn -0.9550 0.1599 0.2499
vn -0.6844 0.7210 -0.1081
vn -0.4343 0.8519 -0.2927
vn -0.3551 0.9344 -0.0277
vn -0.5717 0.8196 0.0391
vn -0.6981 -0.7089 0.1002
vn -0.7654 -0.6321 0.1208
vn -0.6375 -0.7654 0.0880
vn -0.6821 -0.7131 0.1622
vn -0.6834 -0.7107 0.1670
vn -0.7939 -0.5777 0.1898
vn -0.6074 -0.7944 0.0047
vn -0.5977 -0.8017 -0.0053
vn -0.5293 -0.8211 0.2135
vn -0.6417 -0.7535 0.1433
vn -0.5820 -0.8011 0.1395
vn -0.4767 -0.8471 0.2351
vn -0.4479 -0.8514 0.2731
vn -0.5091 -0.8179 0.2681
vn -0.6279 -0.6919 0.3565
vn -0.8636 -0.1291 0.4873
vn -0.8231 -0.3141 0.4731
vn -0.5376 -0.7613 0.3624
vn -0.8544 0.1159 0.5066
vn -0.8630 0.0733 0.4998
vn -0.8485 0.0771 0.5236
vn -0.8411 0.0829 0.5345
vn -0.8908 0.0695 0.4491
vn -0.9412 0.1623 0.2963
vn -0.8779 0.3090 0.3657
vn -0.8424 0.2074 0.4974
vn -0.9609 0.1678 0.2202
vn -0.9457 0.1298 0.2982
vn -0.9736 0.1025 0.2040
vn -0.9589 0.1671 0.2292
vn -0.9332 0.0649 0.3535
vn -0.9325 -0.0123 0.3610
vn -0.9552 -0.0867 0.2829
vn -0.9788 0.0523 0.1980
vn -0.9165 -0.0004 0.4000
vn -0.9040 -0.0134 0.4274
vn -0.9325 0.0028 0.3612
vn -0.9296 -0.0481 0.3655
vn -0.9008 -0.0447 0.4320
vn -0.9016 -0.1086 0.4188
vn -0.9540 -0.1073 0.2798
vn -0.9469 -0.0285 0.3203
vn -0.9061 -0.1511 0.3951
vn -0.9257 -0.2011 0.3205
vn -0.9643 -0.1509 0.2177
vn -0.9628 -0.1212 0.2416
vn -0.9337 -0.2422 0.2636
vn -0.9671 -0.0682 0.2452
vn -0.9868 0.1205 0.1079
vn -0.9542 -0.2441 0.1728
vn -0.9378 0.3374 0.0815
vn -0.7652 0.6396 -0.0739
vn -0.6917 0.7106 -0.1287
vn -0.8562 0.5164 -0.0112
vn -0.5488 0.8302 -0.0981
vn -0.4550 0.8883 0.0625
vn -0.6631 0.7485 0.0024
vn -0.5917 0.7960 -0.1277
vn -0.6921 -0.5968 0.4059
vn -0.7457 -0.5209 0.4155
vn -0.7042 -0.6321 0.3233
vn -0.6837 -0.6094 0.4014
vn -0.7586 -0.5174 0.3960
vn -0.7255 -0.5577 0.4032
vn -0.5620 -0.7506 0.3476
vn -0.4871 -0.7883 0.3759
vn -0.4794 -0.7519 0.4526
vn -0.4870 -0.7677 0.4165
vn -0.5023 -0.7776 0.3782
vn -0.4540 -0.8177 0.3539
vn -0.5259 -0.7339 0.4299
vn -0.4925 -0.7343 0.4672
vn -0.5408 -0.7852 0.3017
vn -0.7652 -0.4915 0.4158
vn -0.7051 -0.5797 0.4084
vn -0.5926 -0.7071 0.3858
vn -0.8699 0.0417 0.4914
vn -0.8885 0.1242 0.4417
vn -0.8884 0.2049 0.4108
vn -0.9154 -0.0377 0.4008
vn -0.8844 0.2007 0.4215
vn -0.8245 0.3519 0.4431
vn -0.8582 0.3073 0.4112
vn -0.8965 0.1661 0.4107
vn -0.8582 0.2284 0.4597
vn -0.8913 0.0951 0.4433
vn -0.8318 0.0221 0.5546
vn -0.8506 0.2091 0.4825
vn -0.9057 0.0131 0.4238
vn -0.8898 -0.1015 0.4450
vn -0.8588 -0.0059 0.5123
vn -0.8286 0.0436 0.5581
vn -0.9097 -0.0364 0.4138
vn -0.9205 0.0200 0.3903
vn -0.8773 0.0328 0.4789
vn -0.8761 -0.0193 0.4818
vn -0.9188 0.0087 0.3946
vn -0.9445 -0.0501 0.3247
vn -0.8715 -0.0088 0.4903
vn -0.8804 0.0067 0.4742
vn -0.9562 -0.0909 0.2784
vn -0.9517 -0.1499 0.2678
vn -0.8700 -0.0924 0.4843
vn -0.8758 -0.0737 0.4770
vn -0.9670 -0.1425 0.2112
vn -0.9649 0.2609 0.0306
vn -0.8766 0.4170 0.2400
vn -0.9014 0.1226 0.4152
vn -0.8109 0.5842 -0.0346
vn -0.6956 0.7184 0.0072
vn -0.7292 0.6643 0.1642
vn -0.8277 0.5495 0.1139
vn -0.6422 0.7660 0.0300
vn -0.7449 0.6662 0.0363
vn -0.6593 0.7518 -0.0127
vn -0.6069 0.7842 0.1293
vn -0.7261 -0.5105 0.4606
vn -0.6837 -0.5997 0.4158
vn -0.6241 -0.6099 0.4884
vn -0.5822 -0.5901 0.5592
vn -0.6033 -0.5960 0.5299
vn -0.5974 -0.6447 0.4770
vn -0.4770 -0.7142 0.5122
vn -0.5205 -0.7179 0.4623
vn -0.5899 -0.7028 0.3975
vn -0.5874 -0.6468 0.4864
vn -0.5214 -0.7575 0.3929
vn -0.5865 -0.7325 0.3455
vn -0.6128 -0.7168 0.3327
vn -0.5583 -0.7503 0.3542
vn -0.6096 -0.7183 0.3353
vn -0.7278 -0.6027 0.3272
vn -0.7414 -0.6253 0.2436
vn -0.6448 -0.7097 0.2839
vn -0.9283 -0.0909 0.3605
vn -0.9088 0.1815 0.3757
vn -0.9388 0.1151 0.3247
vn -0.9416 -0.2076 0.2652
vn -0.8956 0.1750 0.4089
vn -0.8772 0.2521 0.4085
vn -0.8939 0.2247 0.3879
vn -0.9195 0.1529 0.3621
vn -0.8776 0.1407 0.4582
vn -0.8895 -0.0049 0.4570
vn -0.9253 0.0328 0.3777
vn -0.9060 0.1373 0.4003
vn -0.8882 0.0778 0.4529
vn -0.8873 0.0583 0.4575
vn -0.8877 0.0526 0.4574
vn -0.9123 0.0104 0.4094
vn -0.8999 -0.0086 0.4360
vn -0.8929 0.0290 0.4494
vn -0.8997 0.0017 0.4364
vn -0.8989 0.0256 0.4374
vn -0.8869 -0.0203 0.4616
vn -0.8694 -0.0577 0.4908
vn -0.9157 -0.1125 0.3857
vn -0.9088 -0.0078 0.4172
vn -0.8710 -0.0816 0.4844
vn -0.9136 0.0933 0.3957
vn -0.9149 0.2801 0.2906
vn -0.9268 0.0163 0.3751
vn -0.8919 0.3142 0.3252
vn -0.7802 0.5498 0.2982
vn -0.7782 0.5996 0.1868
vn -0.8996 0.3903 0.1960
vn -0.7784 0.5823 0.2345
vn -0.6986 0.7059 0.1168
vn -0.6264 0.7751 0.0826
vn -0.7072 0.6906 0.1513
vn -0.5042 0.8631 0.0293
vn -0.5171 0.8518 -0.0834
vn -0.4659 0.8845 0.0261
vn -0.4665 0.8836 0.0413
vn -0.5724 -0.6570 0.4906
vn -0.5841 -0.6434 0.4948
vn -0.6314 -0.6136 0.4741
vn -0.6548 -0.6082 0.4487
vn -0.5837 -0.6779 0.4469
vn -0.6401 -0.6198 0.4540
vn -0.6830 -0.5769 0.4480
vn -0.6081 -0.6663 0.4316
vn -0.6206 -0.6445 0.4466
vn -0.6891 -0.5625 0.4568
vn -0.6011 -0.6832 0.4146
vn -0.6578 -0.6579 0.3667
vn -0.7510 -0.5923 0.2919
vn -0.6613 -0.6355 0.3986
vn -0.7262 -0.6209 0.2951
vn -0.7732 -0.6032 0.1958
vn -0.8476 -0.5300 0.0262
vn -0.8019 -0.5776 0.1526
vn -0.9574 -0.2677 0.1082
vn -0.9822 0.0221 0.1864
vn -0.9849 -0.1580 0.0702
vn -0.9536 -0.3009 -0.0084
vn -0.9536 0.0714 0.2925
vn -0.9183 0.1860 0.3495
vn -0.9451 0.0621 0.3209
vn -0.9787 -0.0670 0.1939
vn -0.9122 0.1471 0.3824
vn -0.9128 0.0282 0.4075
vn -0.9008 -0.0121 0.4340
vn -0.9107 0.0981 0.4012
vn -0.8884 -0.0936 0.4494
vn -0.8710 0.0275 0.4904
vn -0.9222 0.0406 0.3847
vn -0.9010 -0.1210 0.4166
vn -0.8706 0.0776 0.4858
vn -0.8918 0.0247 0.4517
vn -0.9118 0.0388 0.4088
vn -0.9076 0.1155 0.4035
vn -0.9084 0.0233 0.4174
vn -0.9189 -0.0981 0.3821
vn -0.9418 0.0496 0.3325
vn -0.9147 0.0379 0.4023
vn -0.9200 0.1909 0.3423
vn -0.8598 0.4231 0.2859
vn -0.8338 0.4760 0.2798
vn -0.9193 0.2684 0.2878
vn -0.8695 0.4443 0.2159
vn -0.7874 0.5810 0.2061
vn -0.7435 0.6605 0.1042
vn -0.8093 0.5413 0.2281
vn -0.6752 0.7042 0.2194
vn -0.6028 0.7690 0.2127
vn -0.5923 0.8025 0.0722
vn -0.6502 0.7593 0.0268
vn -0.4471 0.8795 0.1629
vn -0.4138 0.9072 0.0761
vn -0.3400 0.9364 0.0872
vn -0.4274 0.8963 0.1181
vn -0.5963 -0.7225 0.3499
vn -0.6811 -0.6376 0.3601
vn -0.6605 -0.6842 0.3092
vn -0.6610 -0.7238 0.1979
vn -0.6599 -0.7062 0.2566
vn -0.7097 -0.6229 0.3292
vn -0.6532 -0.6704 0.3519
vn -0.6692 -0.6716 0.3181
vn -0.6672 -0.7398 -0.0871
vn -0.6440 -0.7612 0.0762
vn -0.7514 -0.6284 0.2015
vn -0.8691 -0.4910 0.0603
vn -0.8780 -0.4054 -0.2546
vn -0.7119 -0.6868 -0.1466
vn -0.8408 -0.5306 -0.1074
vn -0.8272 -0.5366 -0.1667
vn -0.7871 -0.5750 -0.2232
vn -0.8518 -0.4568 -0.2564
vn -0.9173 -0.3855 -0.1001
vn -0.9566 -0.2914 -0.0098
vn -0.9167 -0.3868 -0.1004
vn -0.8523 -0.4922 -0.1769
vn -0.9882 -0.1516 0.0214
vn -0.9881 -0.1413 0.0602
vn -0.9601 -0.2262 -0.1643
vn -0.9856 -0.1201 -0.1191
vn -0.9724 -0.0795 0.2196
vn -0.9444 -0.0313 0.3274
vn -0.9945 -0.0999 0.0313
vn -0.9499 -0.3050 -0.0687
vn -0.9560 -0.0377 0.2911
vn -0.9619 0.0288 0.2720
vn -0.9815 -0.0412 0.1869
vn -0.9930 -0.0099 0.1181
vn -0.9448 0.0747 0.3190
vn -0.9400 0.0361 0.3392
vn -0.9595 0.0306 0.2801
vn -0.9699 -0.0019 0.2434
vn -0.9442 0.1035 0.3126
vn -0.9476 0.2194 0.2323
vn -0.8899 0.4004 0.2184
vn -0.9393 0.1920 0.2844
vn -0.9302 0.3237 0.1730
vn -0.8345 0.5215 0.1779
vn -0.8051 0.5932 0.0055
vn -0.9078 0.4130 0.0725
vn -0.7340 0.6582 0.1675
vn -0.6346 0.7677 0.0892
vn -0.6167 0.7858 0.0463
vn -0.6695 0.7428 0.0040
vn -0.6062 0.7942 -0.0423
vn -0.6254 0.7793 -0.0385
vn -0.6560 0.7519 0.0660
vn -0.6082 0.7853 0.1153
vn -0.5010 0.8606 0.0918
vn -0.3302 0.9261 0.1825
vn -0.3630 0.9291 0.0713
vn -0.5332 0.8455 0.0277
vn -0.7079 -0.6917 0.1426
vn -0.7372 -0.6573 0.1564
vn -0.7312 -0.6821 0.0032
vn -0.7977 -0.5748 -0.1823
vn -0.7293 -0.6825 -0.0473
vn -0.6905 -0.7233 -0.0033
vn -0.6845 -0.7137 -0.1488
vn -0.6705 -0.7092 -0.2179
vn -0.6897 -0.6681 -0.2792
vn -0.7104 -0.6717 -0.2102
vn -0.6906 -0.6583 -0.2994
vn -0.8168 -0.3943 -0.4211
vn -0.7783 -0.4428 -0.4452
vn -0.7069 -0.5773 -0.4088
vn -0.7947 -0.4914 -0.3564
vn -0.7450 -0.6225 -0.2399
vn -0.6803 -0.6645 -0.3092
vn -0.7583 -0.5384 -0.3677
vn -0.8060 -0.5582 -0.1970
vn -0.8753 -0.4567 -0.1589
vn -0.7724 -0.4719 -0.4250
vn -0.7161 -0.6194 -0.3217
vn -0.9823 -0.0909 -0.1639
vn -0.9644 -0.1955 -0.1780
vn -0.9224 -0.2219 -0.3160
vn -0.8698 -0.1904 -0.4551
vn -0.8960 -0.3895 -0.2134
vn -0.9564 -0.1985 -0.2140
vn -0.9042 -0.2753 -0.3267
vn -0.8884 -0.3425 -0.3058
vn -0.9883 -0.1256 -0.0864
vn -0.9874 -0.1568 0.0211
vn -0.9320 -0.2710 -0.2407
vn -0.9223 -0.2452 -0.2986
vn -0.9934 -0.0632 0.0956
vn -0.9892 -0.0166 0.1460
vn -0.9958 -0.0462 -0.0787
vn -0.9758 -0.1710 -0.1365
vn -0.9561 0.1880 0.2249
vn -0.8122 0.5312 0.2412
vn -0.7542 0.6565 -0.0154
vn -0.9642 0.2161 -0.1540
vn -0.8052 0.5884 0.0737
vn -0.7258 0.6835 -0.0782
vn -0.6354 0.7697 -0.0620
vn -0.6446 0.7631 0.0465
vn -0.6075 0.7872 -0.1059
vn -0.6407 0.7637 -0.0791
vn -0.6320 0.7530 -0.1833
vn -0.5688 0.8102 -0.1418
vn -0.6089 0.7930 0.0192
vn -0.5450 0.8379 0.0286
vn -0.4608 0.8867 -0.0372
vn -0.6184 0.7736 -0.1382
vn -0.4468 0.8920 -0.0695
vn -0.3324 0.9382 -0.0962
vn -0.3924 0.9194 -0.0279
vn -0.4177 0.9079 -0.0349
vn -0.8947 -0.4298 -0.1214
vn -0.8563 -0.4694 -0.2154
vn -0.8940 -0.4197 -0.1568
vn -0.9126 -0.3919 -0.1163
vn -0.9290 -0.3137 -0.1966
vn -0.9522 -0.2848 -0.1108
vn -0.9318 -0.3559 -0.0706
vn -0.9474 -0.3199 -0.0009
vn -0.9990 -0.0263 -0.0366
vn -0.9922 -0.1231 -0.0202
vn -0.9969 0.0321 0.0720
vn -0.9983 0.0196 0.0552
vn -0.9982 -0.0320 0.0511
vn -0.9986 -0.0422 0.0308
vn -0.9936 0.0066 0.1129
vn -0.9988 0.0473 -0.0131
vn -0.9817 0.1492 0.1184
vn -0.9893 0.1451 -0.0154
vn -0.9907 0.1079 0.0825
vn -0.9987 -0.0416 0.0277
vn -0.9818 0.0558 0.1816
vn -0.9759 -0.0981 0.1948
vn -0.9222 0.1668 0.3490
vn -0.9608 0.0633 0.2700
vn -0.8429 0.2981 0.4478
vn -0.9204 0.2988 0.2523
vn -0.8961 0.1758 0.4076
vn -0.9635 0.1818 0.1966
vn -0.9212 0.0095 0.3890
vn -0.9861 0.0177 0.1652
vn -0.9029 0.0298 0.4287
vn -0.9925 0.0549 0.1093
vn -0.9155 0.1212 0.3836
vn -0.9868 0.1393 0.0827
vn -0.9481 0.1618 0.2736
vn -0.9756 0.1986 0.0934
vn -0.9606 0.1744 0.2165
vn -0.9814 0.1732 0.0831
vn -0.9616 0.2059 0.1816
vn -0.9801 0.1636 0.1124
vn -0.9895 -0.0022 0.1445
vn -0.9841 0.0247 0.1761
vn -0.9703 -0.2151 0.1104
vn -0.9638 -0.1987 0.1776
vn -0.9522 -0.2688 0.1452
vn -0.9352 -0.3147 0.1622
vn -0.9156 -0.3884 0.1036
vn -0.9073 -0.3661 0.2071
vn -0.9592 -0.2690 0.0867
vn -0.9464 -0.2874 0.1472
vn -0.9845 -0.1184 0.1291
vn -0.9924 -0.1204 0.0263
vn -0.9884 0.0507 0.1434
vn -0.9994 0.0256 -0.0245
vn -0.9929 0.0136 0.1181
vn -0.9993 0.0355 -0.0143
vn -0.9844 -0.0453 0.1700
vn -0.9922 -0.1190 0.0381
vn -0.9681 0.0807 0.2373
vn -0.9896 -0.0529 0.1339
vn -0.9332 0.1502 0.3265
vn -0.9743 0.0751 0.2126
vn -0.8768 0.2576 0.4061
vn -0.9509 0.1620 0.2636
vn -0.8568 0.1568 0.4913
vn -0.9265 0.0945 0.3643
vn -0.8619 -0.0634 0.5031
vn -0.9001 -0.0773 0.4289
vn -0.9879 -0.0539 0.1454
vn -0.9940 0.0963 0.0510
vn -0.9924 0.0927 0.0809
vn -0.9965 -0.0430 0.0721
vn -0.9831 -0.0779 0.1657
vn -0.9964 -0.0163 0.0831
vn -0.9954 -0.0921 -0.0266
vn -0.9860 -0.1281 0.1071
vn -0.9908 -0.1223 -0.0576
vn -0.9951 -0.0923 -0.0360
vn -0.9940 -0.0646 0.0882
vn -0.9941 -0.1083 0.0033
vn -0.9947 -0.0540 0.0878
vn -0.9766 -0.0188 0.2143
vn -0.9914 0.0652 0.1139
vn -0.9961 0.0872 -0.0131
vn -0.9685 0.1854 -0.1662
vn -0.9766 0.1967 -0.0869
vn -0.9734 0.2164 -0.0752
vn -0.9186 0.3461 -0.1907
vn -0.7604 0.6333 -0.1440
vn -0.9623 0.2401 0.1274
vn -0.8674 0.4919 0.0754
vn -0.4843 0.8609 -0.1562
vn -0.4267 0.8961 -0.1224
vn -0.6721 0.7393 -0.0417
vn -0.5172 0.8020 -0.2989
vn -0.4985 0.8144 -0.2970
vn -0.5560 0.7083 -0.4350
vn -0.4928 0.7208 -0.4875
vn -0.5500 0.7378 -0.3913
vn -0.6274 0.6779 -0.3831
vn -0.6148 0.7512 -0.2402
vn -0.5649 0.8170 -0.1153
vn -0.4834 0.8563 0.1819
vn -0.4264 0.9044 0.0131
vn -0.1925 0.9809 0.0282
vn -0.4984 0.8607 0.1041
vn -0.5032 0.8641 0.0113
vn -0.1019 0.9948 -0.0036
vn -0.1689 0.9856 -0.0129
vn -0.4636 0.8801 -0.1026
vn -0.4421 0.8869 -0.1339
vn -0.2749 0.9592 -0.0656
vn -0.3313 0.9431 -0.0277
vn -0.4516 0.8922 -0.0062
vn -0.4154 0.9096 0.0043
vn -0.3229 0.9463 -0.0153
vn -0.3782 0.9162 0.1321
vn -0.4428 0.8937 0.0727
vn -0.5011 0.8387 0.2132
vn -0.4869 0.8346 0.2576
vn -0.5421 0.8323 0.1158
vn -0.4838 0.8644 0.1372
vn -0.4192 0.9037 -0.0865
vn -0.5254 0.8459 -0.0912
vn -0.5275 0.8436 -0.1000
vn -0.4216 0.9050 -0.0568
vn -0.3226 0.9444 -0.0642
vn -0.3713 0.9256 -0.0735
vn -0.5252 0.8442 -0.1074
vn -0.4829 0.8527 -0.1993
vn -0.3156 0.9400 -0.1298
vn -0.3161 0.9325 -0.1750
vn -0.3667 0.9267 -0.0827
vn -0.4080 0.9060 -0.1125
vn -0.2972 0.9328 -0.2039
vn -0.3033 0.9203 -0.2470
vn -0.5974 0.7787 -0.1919
vn -0.6379 0.7528 -0.1625
vn -0.4597 0.8588 -0.2263
vn -0.5553 0.8234 -0.1168
vn -0.5789 0.8129 -0.0641
vn -0.5906 0.8037 -0.0726
vn -0.5657 0.8169 -0.1126
vn -0.5537 0.8073 -0.2043
vn -0.5471 0.8263 -0.1341
vn -0.6449 0.6973 -0.3127
vn -0.5206 0.8197 -0.2390
vn -0.6515 0.6750 -0.3463
vn -0.8619 0.3123 -0.3996
vn -0.9375 -0.0213 -0.3473
vn -0.8008 0.4101 -0.4365
vn -0.8254 -0.0411 -0.5630
vn -0.8690 -0.2972 -0.3956
vn -0.7890 -0.3670 -0.4927
vn -0.6405 -0.4414 -0.6284
vn -0.5883 -0.4125 -0.6956
vn -0.7829 -0.2835 -0.5538
vn -0.7766 -0.3026 -0.5526
vn -0.5788 -0.3206 -0.7498
vn -0.5989 -0.2550 -0.7592
vn -0.8043 -0.3039 -0.5106
vn -0.8063 -0.3091 -0.5043
vn -0.6481 -0.2616 -0.7152
vn -0.7219 -0.2709 -0.6367
vn -0.7376 -0.3243 -0.5922
vn -0.6401 -0.4554 -0.6188
vn -0.7207 -0.4041 -0.5632
vn -0.6111 -0.5172 -0.5992
vn -0.5893 -0.6072 -0.5329
vn -0.6311 -0.6469 -0.4281
vn -0.5655 -0.5559 -0.6093
vn -0.6189 -0.5734 -0.5368
vn -0.7637 -0.5217 -0.3804
vn -0.7860 -0.5036 -0.3587
vn -0.7207 -0.4680 -0.5115
vn -0.7452 -0.4913 -0.4509
vn -0.7467 -0.5348 -0.3954
vn -0.7080 -0.6139 -0.3490
vn -0.7416 -0.5576 -0.3731
vn -0.7444 -0.5719 -0.3446
vn -0.7250 -0.6348 -0.2671
vn -0.8312 -0.4982 -0.2468
vn -0.7780 -0.5591 -0.2866
vn -0.7874 -0.5415 -0.2946
vn -0.7186 -0.6758 -0.1641
vn -0.5895 -0.8001 -0.1110
vn -0.6099 -0.7418 -0.2790
vn -0.4492 -0.8575 -0.2508
vn -0.5935 -0.8008 -0.0806
vn -0.6773 -0.7313 -0.0800
vn -0.6079 -0.7769 -0.1641
vn -0.5931 -0.7853 -0.1776
vn -0.4676 -0.8254 -0.3163
vn -0.5524 -0.7555 -0.3521
vn -0.6524 -0.6951 0.3021
vn -0.7263 -0.6062 0.3240
vn -0.7253 -0.6765 0.1281
vn -0.6283 -0.7692 0.1164
vn -0.6469 -0.5717 0.5047
vn -0.6340 -0.5954 0.4935
vn -0.7085 -0.5909 0.3857
vn -0.6598 -0.6418 0.3907
vn -0.7629 -0.4702 0.4438
vn -0.6279 -0.6332 0.4525
vn -0.6061 -0.6080 0.5128
vn -0.7281 -0.5111 0.4569
vn -0.8033 -0.5561 0.2131
vn -0.7546 -0.5719 0.3218
vn -0.6510 -0.6528 0.3874
vn -0.7611 -0.5342 0.3680
vn -0.7973 -0.4651 0.3846
vn -0.8078 -0.5153 0.2862
vn -0.8066 -0.4417 0.3928
vn -0.8040 -0.4923 0.3333
vn -0.9147 -0.4031 -0.0281
vn -0.8089 -0.5813 0.0881
vn -0.7614 -0.6269 0.1651
vn -0.8612 -0.4911 0.1311
vn -0.8044 -0.3566 -0.4751
vn -0.8095 -0.3335 -0.4832
vn -0.8650 -0.4399 -0.2413
vn -0.8943 -0.3573 -0.2693
vn -0.8174 -0.4944 -0.2957
vn -0.8625 -0.4243 -0.2758
vn -0.8179 -0.3755 -0.4359
vn -0.8153 -0.4354 -0.3817
vn -0.9343 -0.3331 -0.1268
vn -0.9187 -0.3738 -0.1279
vn -0.9078 -0.3753 -0.1871
vn -0.8616 -0.4238 -0.2792
vn -0.8715 -0.4869 -0.0581
vn -0.8715 -0.4394 -0.2176
vn -0.8988 -0.4235 -0.1134
vn -0.9343 -0.3424 -0.0992
vn -0.6525 -0.6658 -0.3618
vn -0.6457 -0.6465 -0.4064
vn -0.7554 -0.5682 -0.3263
vn -0.7783 -0.6070 -0.1604
vn -0.7631 -0.5093 -0.3978
vn -0.7932 -0.5603 -0.2385
vn -0.7497 -0.6222 -0.2254
vn -0.6530 -0.6620 -0.3679
vn -0.8667 -0.3644 -0.3407
vn -0.8749 -0.3717 -0.3104
vn -0.7723 -0.4536 -0.4447
vn -0.7837 -0.4051 -0.4708
vn -0.9464 -0.3048 -0.1073
vn -0.9470 -0.3162 -0.0564
vn -0.5760 -0.8084 -0.1212
vn -0.6304 -0.7589 -0.1636
vn -0.5713 -0.8001 -0.1828
vn -0.4925 -0.8544 -0.1657
vn -0.7426 -0.6073 -0.2825
vn -0.7019 -0.6451 -0.3020
vn -0.5183 -0.7379 -0.4324
vn -0.5039 -0.8122 -0.2941
vn -0.5459 -0.8269 -0.1348
vn -0.7933 -0.4594 -0.3994
vn -0.8002 -0.4683 -0.3747
vn -0.7431 -0.5448 -0.3885
vn -0.7847 -0.4726 -0.4012
vn -0.7868 -0.4438 -0.4290
vn -0.6519 -0.6357 -0.4133
vn -0.7301 -0.5019 -0.4637
vn -0.7322 -0.4338 -0.5251
vn -0.7407 -0.2613 -0.6190
vn -0.7550 -0.2581 -0.6028
vn -0.7743 -0.3174 -0.5475
vn -0.7917 -0.3254 -0.5170
vn -0.6734 -0.3804 -0.6340
vn -0.7679 -0.3572 -0.5316
vn -0.5934 -0.5576 -0.5804
vn -0.6875 -0.4427 -0.5756
vn -0.7001 -0.3429 -0.6263
vn -0.7490 -0.3183 -0.5811
vn -0.5644 -0.4853 -0.6678
vn -0.5863 -0.4060 -0.7011
vn -0.5328 -0.4114 -0.7395
vn -0.5548 -0.4004 -0.7293
vn -0.5991 -0.3305 -0.7293
vn -0.6774 -0.3474 -0.6484
vn -0.4940 -0.4291 -0.7562
vn -0.5471 -0.4060 -0.7320
vn -0.5521 -0.3016 -0.7773
vn -0.5392 -0.3521 -0.7650
vn -0.5240 -0.3955 -0.7543
vn -0.4994 -0.3685 -0.7841
vn -0.6455 -0.2253 -0.7298
vn -0.5949 -0.3244 -0.7354
vn -0.6948 -0.1868 -0.6945
vn -0.7045 -0.2344 -0.6699
vn -0.6638 -0.3043 -0.6832
vn -0.5919 -0.4035 -0.6977
vn -0.6799 -0.2615 -0.6851
vn -0.7522 -0.2847 -0.5943
vn -0.6323 -0.4219 -0.6497
vn -0.7464 -0.4272 -0.5103
vn -0.6873 -0.4561 -0.5654
vn -0.6902 -0.3536 -0.6313
vn -0.6103 -0.4903 -0.6222
vn -0.7084 -0.4964 -0.5018
vn -0.6968 -0.2512 -0.6718
vn -0.7718 -0.2114 -0.5996
vn -0.7757 -0.1874 -0.6026
vn -0.6751 -0.4835 -0.5572
vn -0.6650 0.4156 -0.6206
vn -0.6928 0.4628 -0.5530
vn -0.5268 0.6993 -0.4832
vn -0.5067 0.7266 -0.4640
vn -0.5321 0.7595 -0.3741
vn -0.7187 0.4977 -0.4857
vn -0.4348 0.8325 -0.3434
vn -0.4218 0.8181 -0.3908
vn -0.4390 0.8314 -0.3408
vn -0.4849 0.8073 -0.3364
vn -0.5626 0.7556 -0.3355
vn -0.5086 0.7813 -0.3618
vn -0.5553 0.7231 -0.4108
vn -0.5831 0.7059 -0.4020
vn -0.5665 0.7851 -0.2504
vn -0.5430 0.7642 -0.3482
vn -0.5211 0.7604 -0.3876
vn -0.5515 0.7521 -0.3608
vn -0.4666 0.8841 -0.0269
vn -0.4649 0.8786 -0.1093
vn -0.4777 0.8766 -0.0574
vn -0.4493 0.8924 -0.0414
vn -0.4362 0.8991 -0.0366
vn -0.4904 0.8408 -0.2291
vn -0.4374 0.8944 -0.0932
vn -0.4696 0.8795 -0.0772
vn -0.4269 0.9023 -0.0602
vn -0.5273 0.8473 -0.0638
vn -0.4792 0.8726 -0.0943
vn -0.4805 0.8741 -0.0708
vn -0.4109 -0.7951 -0.4461
vn -0.4649 -0.8397 -0.2806
vn -0.3677 -0.7607 -0.5349
vn -0.4599 -0.6886 -0.5607
vn -0.5546 -0.6980 -0.4531
vn -0.5758 -0.7634 -0.2928
vn -0.3729 -0.7865 -0.4923
vn -0.5351 -0.5875 -0.6071
vn -0.3917 -0.7090 -0.5864
vn -0.3476 -0.7807 -0.5194
vn -0.6745 -0.3486 -0.6508
vn -0.7240 -0.3706 -0.5818
vn -0.5959 -0.4378 -0.6732
vn -0.5397 -0.4592 -0.7056
vn -0.7552 -0.2688 -0.5978
vn -0.7204 -0.2901 -0.6299
vn -0.6774 -0.2503 -0.6917
vn -0.6423 -0.3311 -0.6912
vn -0.6962 -0.3224 -0.6414
vn -0.6634 -0.2013 -0.7207
vn -0.7326 -0.2062 -0.6487
vn -0.6702 -0.3307 -0.6645
vn -0.6019 -0.3351 -0.7249
vn -0.6083 -0.4822 -0.6305
vn -0.6721 -0.4979 -0.5481
vn -0.7414 -0.3032 -0.5987
vn -0.6967 -0.4478 -0.5604
vn -0.7475 -0.2847 -0.6001
vn -0.7082 -0.3029 -0.6377
vn -0.6458 -0.4607 -0.6089
vn -0.6897 -0.3594 -0.6285
vn -0.6422 -0.4835 -0.5948
vn -0.6721 -0.4784 -0.5652
vn -0.7235 -0.3409 -0.6003
vn -0.6481 -0.4872 -0.5854
vn -0.7306 -0.1748 -0.6601
vn -0.7179 -0.1745 -0.6740
vn -0.6447 -0.4696 -0.6032
vn -0.6958 0.4880 -0.5270
vn -0.5744 0.7553 -0.3156
vn -0.5233 0.7627 -0.3801
vn -0.6645 0.4987 -0.5565
vn -0.6165 0.7243 -0.3088
vn -0.6269 0.7230 -0.2901
vn -0.5233 0.7740 -0.3564
vn -0.5541 0.7353 -0.3903
vn -0.5976 0.7566 -0.2655
vn -0.5807 0.7509 -0.3144
vn -0.4666 0.8041 -0.3684
vn -0.4737 0.8098 -0.3462
vn -0.4614 0.8535 -0.2422
vn -0.3313 0.9365 -0.1153
vn -0.3861 0.9168 -0.1022
vn -0.4177 0.8802 -0.2253
vn -0.3047 0.9391 -0.1590
vn -0.2304 0.9591 -0.1647
vn -0.1981 0.9772 -0.0761
vn -0.3279 0.9424 -0.0665
vn -0.6048 -0.5920 -0.5326
vn -0.6326 -0.7126 -0.3033
vn -0.5316 -0.5899 -0.6077
vn -0.5459 -0.5673 -0.6165
vn -0.5124 -0.6066 -0.6079
vn -0.4716 -0.7679 -0.4336
vn -0.4499 -0.7407 -0.4989
vn -0.4137 -0.7152 -0.5633
vn -0.4721 -0.6669 -0.5765
vn -0.5116 -0.6962 -0.5035
vn -0.4248 -0.5165 -0.7435
vn -0.4127 -0.4510 -0.7914
vn -0.4111 -0.4401 -0.7983
vn -0.4424 -0.4732 -0.7618
vn -0.4262 -0.4084 -0.8072
vn -0.5003 -0.2965 -0.8135
vn -0.5372 -0.3638 -0.7609
vn -0.4597 -0.4711 -0.7528
vn -0.5594 -0.3809 -0.7362
vn -0.6524 -0.3387 -0.6780
vn -0.4519 -0.3883 -0.8032
vn -0.5240 -0.3770 -0.7637
vn -0.6890 -0.2955 -0.6618
vn -0.5448 -0.3957 -0.7393
vn -0.4061 -0.2949 -0.8649
vn -0.4215 -0.2737 -0.8645
vn -0.4218 -0.4500 -0.7871
vn -0.5074 -0.4434 -0.7388
vn -0.3282 -0.4997 -0.8016
vn -0.3778 -0.4198 -0.8253
vn -0.6265 -0.4295 -0.6504
vn -0.5887 -0.4086 -0.6975
vn -0.3260 -0.3503 -0.8781
vn -0.3067 -0.4609 -0.8327
vn -0.4873 -0.4563 -0.7445
vn -0.5704 -0.1425 -0.8089
vn -0.3369 -0.2292 -0.9132
vn -0.2956 -0.4054 -0.8650
vn -0.5782 0.5160 -0.6320
vn -0.4967 0.7583 -0.4222
vn -0.3902 0.7766 -0.4946
vn -0.4307 0.4672 -0.7722
vn -0.4731 0.7702 -0.4278
vn -0.3819 0.8321 -0.4021
vn -0.2998 0.8633 -0.4061
vn -0.3552 0.8123 -0.4627
vn -0.3211 0.8453 -0.4271
vn -0.3031 0.8429 -0.4446
vn -0.2594 0.8680 -0.4235
vn -0.2984 0.8566 -0.4211
vn -0.2832 0.8970 -0.3393
vn -0.3458 0.9149 -0.2081
vn -0.3607 0.8745 -0.3243
vn -0.2657 0.8735 -0.4078
vn -0.3993 0.9162 -0.0331
vn -0.3513 0.9346 0.0553
vn -0.3029 0.9517 0.0507
vn -0.3432 0.9339 -0.1007
vn -0.4936 -0.6539 -0.5734
vn -0.4713 -0.7462 -0.4702
vn -0.5493 -0.6144 -0.5664
vn -0.5802 -0.6338 -0.5114
vn -0.5434 -0.6695 -0.5065
vn -0.5124 -0.7228 -0.4637
vn -0.5692 -0.6599 -0.4905
vn -0.5813 -0.6023 -0.5471
vn -0.5263 -0.5675 -0.6332
vn -0.5675 -0.6505 -0.5047
vn -0.5651 -0.3798 -0.7324
vn -0.4958 -0.4004 -0.7706
vn -0.4579 -0.3496 -0.8174
vn -0.4946 -0.3413 -0.7993
vn -0.4313 -0.4912 -0.7568
vn -0.4148 -0.4035 -0.8156
vn -0.3339 -0.4354 -0.8360
vn -0.3721 -0.4074 -0.8340
vn -0.3994 -0.3214 -0.8586
vn -0.3462 -0.3290 -0.8786
vn -0.5228 -0.3035 -0.7966
vn -0.4418 -0.3678 -0.8182
vn -0.3477 -0.2947 -0.8901
vn -0.4134 -0.3320 -0.8479
vn -0.5047 -0.3223 -0.8009
vn -0.5467 -0.3114 -0.7772
vn -0.4478 -0.4211 -0.7887
vn -0.3987 -0.4344 -0.8077
vn -0.3045 -0.3702 -0.8776
vn -0.3945 -0.3714 -0.8405
vn -0.2894 -0.4151 -0.8625
vn -0.2546 -0.3849 -0.8872
vn -0.1583 -0.3928 -0.9059
vn -0.2304 -0.3075 -0.9232
vn -0.3085 -0.4139 -0.8565
vn -0.3144 -0.2679 -0.9107
vn -0.1963 -0.1759 -0.9646
vn -0.1873 -0.4408 -0.8779
vn -0.2920 0.4005 -0.8685
vn -0.2209 0.7824 -0.5823
vn -0.1193 0.7501 -0.6505
vn -0.1286 0.4473 -0.8851
vn -0.2452 0.8213 -0.5152
vn -0.2459 0.8723 -0.4227
vn -0.2174 0.8648 -0.4527
vn -0.1810 0.7907 -0.5848
vn -0.2774 0.8482 -0.4513
vn -0.3817 0.8294 -0.4078
vn -0.5386 0.6887 -0.4853
vn -0.3752 0.7589 -0.5323
vn -0.4349 0.8204 -0.3713
vn -0.3913 0.8586 -0.3313
vn -0.3801 0.8967 -0.2267
vn -0.5349 0.7943 -0.2881
vn -0.2800 0.9520 -0.1234
vn -0.2908 0.9561 -0.0351
vn -0.3904 0.9183 -0.0660
vn -0.3038 0.9466 -0.1082
vn -0.5165 -0.7234 -0.4581
vn -0.4309 -0.7852 -0.4447
vn -0.5021 -0.6165 -0.6065
vn -0.2579 -0.6055 -0.7530
vn -0.2967 -0.7725 -0.5615
vn -0.3840 -0.8029 -0.4560
vn -0.3706 -0.6248 -0.6872
vn -0.3041 -0.5809 -0.7551
vn -0.2144 -0.5985 -0.7719
vn -0.2248 -0.5530 -0.8022
vn -0.3697 -0.4034 -0.8370
vn -0.4448 -0.3527 -0.8232
vn -0.4747 -0.4421 -0.7611
vn -0.3236 -0.5482 -0.7712
vn -0.4892 -0.3566 -0.7959
vn -0.5063 -0.4479 -0.7369
vn -0.5159 -0.4123 -0.7509
vn -0.5518 -0.3932 -0.7355
vn -0.5222 -0.4156 -0.7447
vn -0.4914 -0.2901 -0.8212
vn -0.3109 -0.2618 -0.9137
vn -0.3901 -0.3469 -0.8530
vn -0.4474 -0.3131 -0.8377
vn -0.4150 -0.2523 -0.8742
vn -0.2501 -0.1773 -0.9518
vn -0.2978 -0.3031 -0.9052
vn -0.3123 -0.2360 -0.9202
vn -0.1665 -0.2816 -0.9450
vn -0.0733 -0.1888 -0.9793
vn -0.1555 -0.1102 -0.9817
vn -0.0958 -0.2567 -0.9617
vn -0.0848 -0.3502 -0.9328
vn -0.0760 -0.3645 -0.9281
vn -0.0622 -0.2715 -0.9604
vn -0.0144 -0.4257 -0.9047
vn 0.0203 -0.1248 -0.9920
vn 0.1409 -0.1251 -0.9821
vn 0.0201 -0.3131 -0.9495
vn -0.0379 0.4203 -0.9066
vn -0.1526 0.6909 -0.7067
vn -0.0415 0.5955 -0.8023
vn 0.0967 0.2849 -0.9537
vn -0.2104 0.7654 -0.6083
vn -0.2899 0.8112 -0.5078
vn -0.3263 0.7215 -0.6107
vn -0.1795 0.7070 -0.6841
vn -0.4423 0.6547 -0.6130
vn -0.5364 0.5918 -0.6017
vn -0.4532 0.5834 -0.6740
vn -0.4361 0.6090 -0.6625
vn -0.5472 0.7707 -0.3265
vn -0.4812 0.8710 -0.0987
vn -0.4542 0.8752 -0.1663
vn -0.4442 0.7650 -0.4662
vn -0.4347 0.8960 -0.0905
vn -0.4754 0.8710 -0.1241
vn -0.5718 0.8115 -0.1205
vn -0.5305 0.8437 -0.0824
vn -0.2230 -0.7160 -0.6615
vn -0.3409 -0.7457 -0.5724
vn -0.1972 -0.6308 -0.7505
vn -0.2376 -0.6144 -0.7524
vn -0.3228 -0.6121 -0.7219
vn -0.3883 -0.6605 -0.6426
vn -0.2997 -0.5899 -0.7498
vn -0.3831 -0.6085 -0.6950
vn -0.3180 -0.6647 -0.6761
vn -0.2431 -0.6960 -0.6756
vn -0.3989 -0.5992 -0.6942
vn -0.4288 -0.5445 -0.7209
vn -0.3482 -0.6091 -0.7126
vn -0.3402 -0.5894 -0.7327
vn -0.4851 -0.4455 -0.7525
vn -0.4722 -0.3243 -0.8196
vn -0.3864 -0.3095 -0.8689
vn -0.3710 -0.4766 -0.7970
vn -0.4070 -0.2340 -0.8830
vn -0.3666 -0.2441 -0.8978
vn -0.3847 -0.2044 -0.9001
vn -0.4011 -0.2086 -0.8920
vn -0.3337 -0.2729 -0.9023
vn -0.2525 -0.0643 -0.9655
vn -0.2718 -0.0067 -0.9623
vn -0.3139 -0.2005 -0.9280
vn -0.1316 -0.0098 -0.9912
vn -0.0772 -0.1540 -0.9850
vn -0.3271 -0.1593 -0.9314
vn -0.2965 0.0172 -0.9549
vn -0.0849 -0.2869 -0.9542
vn -0.0317 -0.3045 -0.9520
vn -0.1959 -0.1785 -0.9642
vn -0.3012 -0.2744 -0.9132
vn 0.0309 -0.2293 -0.9729
vn 0.0120 -0.1243 -0.9922
vn -0.0072 -0.1250 -0.9921
vn -0.0733 -0.1589 -0.9846
vn 0.0005 0.2183 -0.9759
vn -0.0184 0.4924 -0.8702
vn -0.0850 0.4543 -0.8868
vn -0.0431 0.1983 -0.9792
vn -0.1232 0.6032 -0.7880
vn -0.2493 0.6305 -0.7351
vn -0.1349 0.5711 -0.8098
vn -0.1028 0.5308 -0.8412
vn -0.2919 0.6392 -0.7115
vn -0.2581 0.6385 -0.7251
vn -0.2702 0.6141 -0.7416
vn -0.1929 0.6292 -0.7529
vn -0.3032 0.7291 -0.6136
vn -0.4293 0.8466 -0.3146
vn -0.3900 0.7824 -0.4855
vn -0.3435 0.6440 -0.6836
vn -0.5086 0.8452 -0.1641
vn -0.5381 0.8343 -0.1202
vn -0.3926 0.9057 -0.1600
vn -0.4000 0.8832 -0.2450
vn -0.3232 -0.5241 -0.7879
vn -0.4375 -0.5557 -0.7069
vn -0.2672 -0.5652 -0.7804
vn -0.2942 -0.4925 -0.8191
vn -0.3424 -0.4666 -0.8155
vn -0.3523 -0.5365 -0.7669
vn -0.2062 -0.6969 -0.6869
vn -0.1462 -0.6978 -0.7012
vn -0.1473 -0.6925 -0.7062
vn -0.1969 -0.6240 -0.7562
vn -0.1695 -0.6216 -0.7648
vn -0.2080 -0.6561 -0.7254
vn -0.0250 -0.6653 -0.7462
vn -0.0955 -0.6114 -0.7855
vn -0.2419 -0.5022 -0.8302
vn -0.2835 -0.3589 -0.8893
vn -0.2087 -0.4424 -0.8722
vn -0.0861 -0.5869 -0.8051
vn -0.3182 -0.2266 -0.9205
vn -0.2938 -0.1531 -0.9435
vn -0.2900 -0.1499 -0.9452
vn -0.2616 -0.2457 -0.9334
vn -0.2608 -0.1466 -0.9542
vn -0.2965 -0.0546 -0.9535
vn -0.3692 -0.1163 -0.9221
vn -0.3250 -0.1553 -0.9329
vn -0.3725 -0.0495 -0.9267
vn -0.4066 -0.1742 -0.8968
vn -0.3438 -0.1398 -0.9286
vn -0.3862 -0.0867 -0.9183
vn -0.3556 -0.1779 -0.9176
vn -0.2240 -0.0149 -0.9745
vn 0.0032 0.1896 -0.9819
vn -0.2046 -0.0127 -0.9788
vn 0.0142 0.0213 -0.9997
vn 0.2823 -0.0029 -0.9593
vn 0.3908 0.2348 -0.8900
vn 0.2145 0.2594 -0.9417
vn 0.3482 0.1035 -0.9317
vn 0.2326 0.3496 -0.9076
vn 0.4582 0.1371 -0.8782
vn 0.4888 0.0840 -0.8684
vn 0.0990 0.4570 -0.8839
vn -0.0356 0.4866 -0.8729
vn 0.0072 0.3011 -0.9536
vn 0.2577 0.2464 -0.9343
vn -0.1953 0.5210 -0.8309
vn -0.3066 0.5310 -0.7899
vn -0.1569 0.4981 -0.8528
vn -0.1257 0.4304 -0.8939
vn -0.3586 0.6034 -0.7122
vn -0.3536 0.7690 -0.5325
vn -0.2739 0.7516 -0.6000
vn -0.2066 0.5851 -0.7842
vn -0.3710 0.8715 -0.3208
vn -0.4083 0.8946 -0.1815
vn -0.4081 0.8732 -0.2665
vn -0.3711 0.8206 -0.4347
vn -0.4996 -0.4336 -0.7499
vn -0.4307 -0.5726 -0.6976
vn -0.4300 -0.3348 -0.8384
vn -0.5355 -0.2872 -0.7942
vn -0.5200 -0.4461 -0.7284
vn -0.5341 -0.5777 -0.6173
vn -0.3217 -0.5443 -0.7748
vn -0.3125 -0.6388 -0.7031
vn -0.4781 -0.5031 -0.7200
vn -0.5428 -0.4325 -0.7199
vn -0.2522 -0.5202 -0.8160
vn -0.1909 -0.6214 -0.7599
vn -0.4210 -0.5861 -0.6923
vn -0.4159 -0.4428 -0.7943
vn -0.2128 -0.6506 -0.7290
vn -0.2744 -0.4683 -0.8399
vn -0.4205 -0.4138 -0.8074
vn -0.4214 -0.6084 -0.6725
vn -0.3226 -0.3041 -0.8963
vn -0.4438 -0.2367 -0.8643
vn -0.4446 -0.3134 -0.8391
vn -0.4272 -0.3714 -0.8244
vn -0.4842 -0.1367 -0.8642
vn -0.4346 -0.0936 -0.8958
vn -0.4003 -0.0286 -0.9159
vn -0.4400 -0.0891 -0.8936
vn -0.4128 -0.0939 -0.9060
vn -0.3594 -0.0165 -0.9330
vn -0.2365 0.1641 -0.9577
vn -0.3631 -0.0885 -0.9276
vn -0.1083 0.2650 -0.9581
vn 0.1467 0.3570 -0.9225
vn 0.1190 0.4285 -0.8957
vn -0.0369 0.5233 -0.8514
vn 0.2104 0.3537 -0.9114
vn 0.1869 0.3266 -0.9265
vn 0.0590 0.2532 -0.9656
vn 0.1366 0.3431 -0.9293
vn 0.1766 0.1487 -0.9730
vn 0.2272 0.0835 -0.9703
vn -0.0603 0.1479 -0.9872
vn -0.0460 0.1216 -0.9915
vn 0.2274 0.0425 -0.9729
vn 0.0827 0.1037 -0.9912
vn 0.0488 -0.0198 -0.9986
vn 0.0162 0.0510 -0.9986
vn -0.0983 0.3121 -0.9449
vn -0.2215 0.4525 -0.8638
vn -0.3005 0.3222 -0.8977
vn -0.0995 0.0884 -0.9911
vn -0.1924 0.6075 -0.7706
vn -0.1271 0.7507 -0.6483
vn -0.3020 0.7547 -0.5824
vn -0.3826 0.6065 -0.6970
vn -0.1257 0.8286 -0.5455
vn -0.1786 0.9146 -0.3628
vn -0.2340 0.8606 -0.4524
vn -0.2054 0.8322 -0.5150
vn -0.5253 -0.4622 -0.7144
vn -0.4791 -0.6294 -0.6118
vn -0.5684 -0.3681 -0.7358
vn -0.5696 -0.4248 -0.7036
vn -0.5198 -0.5619 -0.6434
vn -0.4498 -0.6893 -0.5679
vn -0.5986 -0.3733 -0.7088
vn -0.5622 -0.3407 -0.7535
vn -0.5380 -0.2518 -0.8044
vn -0.5721 -0.3852 -0.7241
vn -0.4764 -0.3886 -0.7887
vn -0.4376 -0.5913 -0.6774
vn -0.3841 -0.5495 -0.7420
vn -0.4854 -0.2938 -0.8234
vn -0.4234 -0.5806 -0.6954
vn -0.4298 -0.4002 -0.8094
vn -0.2266 -0.4397 -0.8691
vn -0.2819 -0.5723 -0.7701
vn -0.4007 -0.3706 -0.8379
vn -0.3382 -0.2946 -0.8937
vn -0.1929 -0.2543 -0.9477
vn -0.2194 -0.3557 -0.9085
vn -0.3084 -0.0772 -0.9481
vn -0.3324 -0.0273 -0.9427
vn -0.1486 -0.0548 -0.9874
vn -0.1597 -0.0769 -0.9842
vn -0.2884 0.0095 -0.9575
vn -0.1013 0.3653 -0.9254
vn -0.0290 0.5009 -0.8650
vn -0.0959 0.1258 -0.9874
vn 0.0419 0.6086 -0.7924
vn 0.0417 0.4418 -0.8961
vn -0.0393 0.4312 -0.9014
vn -0.0163 0.5883 -0.8085
vn 0.0312 0.3297 -0.9436
vn 0.0675 0.2216 -0.9728
vn -0.0177 0.2587 -0.9658
vn -0.0324 0.3359 -0.9414
vn 0.1010 0.0813 -0.9916
vn 0.0855 0.1613 -0.9832
vn 0.1329 0.1919 -0.9724
vn 0.0401 0.1274 -0.9910
vn 0.0857 0.1178 -0.9893
vn 0.0948 -0.0514 -0.9942
vn 0.1823 -0.0664 -0.9810
vn 0.1957 0.1578 -0.9679
vn 0.0478 -0.0640 -0.9968
vn -0.1132 0.1303 -0.9850
vn 0.1443 0.0050 -0.9895
vn 0.1457 -0.1172 -0.9824
vn -0.3198 0.4775 -0.8183
vn -0.4496 0.7190 -0.5300
vn -0.2970 0.5705 -0.7657
vn 0.0214 0.2767 -0.9607
vn -0.4477 0.7832 -0.4316
vn -0.4304 0.7650 -0.4792
vn -0.4746 0.7749 -0.4174
vn -0.4882 0.7421 -0.4592
vn -0.4451 -0.6636 -0.6012
vn -0.4042 -0.7440 -0.5320
vn -0.4879 -0.5105 -0.7081
vn -0.3062 -0.5637 -0.7671
vn -0.2935 -0.7833 -0.5480
vn -0.1951 -0.8511 -0.4874
vn -0.4950 -0.3841 -0.7794
vn -0.4566 -0.2452 -0.8552
vn -0.1051 -0.2843 -0.9529
vn -0.1601 -0.3189 -0.9342
vn -0.4413 -0.2202 -0.8699
vn -0.3846 -0.4404 -0.8113
vn -0.1457 -0.3697 -0.9177
vn -0.1324 -0.2889 -0.9482
vn -0.2807 -0.4731 -0.8351
vn -0.1772 -0.3870 -0.9049
vn -0.0777 -0.3211 -0.9439
vn -0.1093 -0.4078 -0.9065
vn -0.1030 -0.3355 -0.9364
vn -0.0785 -0.2391 -0.9678
vn -0.0634 -0.2339 -0.9702
vn -0.0796 -0.3036 -0.9495
vn -0.0795 -0.0726 -0.9942
vn -0.0152 0.0087 -0.9998
vn -0.0318 0.1413 -0.9894
vn -0.0802 -0.1001 -0.9917
vn 0.1250 0.2475 -0.9608
vn 0.1499 0.5209 -0.8403
vn 0.2028 0.5155 -0.8325
vn 0.1222 0.3883 -0.9134
vn 0.0643 0.5608 -0.8255
vn 0.0082 0.4255 -0.9049
vn 0.2232 0.3950 -0.8912
vn 0.2235 0.5492 -0.8053
vn -0.0254 0.3318 -0.9430
vn -0.0354 0.2652 -0.9636
vn 0.0660 0.2637 -0.9624
vn 0.1482 0.2703 -0.9513
vn -0.0158 0.1884 -0.9820
vn -0.0182 0.2250 -0.9742
vn 0.0016 0.1663 -0.9861
vn 0.0513 0.2000 -0.9784
vn 0.0087 0.2052 -0.9787
vn 0.0670 -0.0461 -0.9967
vn 0.0623 0.0620 -0.9961
vn -0.0108 0.2703 -0.9627
vn 0.0959 -0.1291 -0.9870
vn 0.1318 0.0377 -0.9906
vn 0.1256 0.0371 -0.9914
vn 0.1421 -0.1159 -0.9830
vn 0.1553 0.1184 -0.9807
vn -0.0451 0.2362 -0.9707
vn 0.1320 0.0827 -0.9878
vn 0.1004 0.1093 -0.9889
vn -0.3180 0.5955 -0.7378
vn -0.5067 0.7630 -0.4013
vn -0.1846 0.7757 -0.6035
vn 0.0292 0.3813 -0.9240
vn -0.0204 -0.8780 -0.4783
vn -0.0023 -0.9150 -0.4035
vn 0.0434 -0.5520 -0.8327
vn 0.2772 -0.5237 -0.8055
vn 0.1823 -0.8647 -0.4680
vn 0.1184 -0.9236 -0.3647
vn 0.1599 -0.1633 -0.9735
vn 0.2538 -0.2905 -0.9226
vn 0.2351 -0.2088 -0.9493
vn 0.1897 -0.1181 -0.9747
vn 0.2994 -0.3051 -0.9040
vn 0.3355 -0.3534 -0.8732
vn 0.4378 -0.3637 -0.8222
vn 0.3810 -0.1865 -0.9056
vn 0.3049 -0.4318 -0.8489
vn 0.2559 -0.3442 -0.9034
vn 0.3735 -0.3917 -0.8409
vn 0.4058 -0.4640 -0.7874
vn 0.1563 -0.3865 -0.9089
vn 0.0275 -0.2899 -0.9567
vn 0.2587 -0.3486 -0.9009
vn 0.2864 -0.4954 -0.8201
vn 0.0049 -0.1072 -0.9942
vn 0.0608 0.2246 -0.9726
vn 0.0975 0.1793 -0.9790
vn 0.2254 -0.1271 -0.9659
vn 0.1222 0.4811 -0.8681
vn 0.1880 0.5497 -0.8139
vn 0.0608 0.5818 -0.8110
vn 0.0267 0.5036 -0.8635
vn 0.2450 0.5472 -0.8003
vn 0.2777 0.3679 -0.8874
vn 0.1493 0.3796 -0.9130
vn 0.0993 0.5561 -0.8252
vn 0.3056 0.2328 -0.9233
vn 0.2840 0.2133 -0.9348
vn 0.2736 0.1796 -0.9449
vn 0.2153 0.2849 -0.9341
vn 0.2118 0.1715 -0.9621
vn 0.2349 0.1713 -0.9568
vn 0.2682 0.2197 -0.9380
vn 0.2714 0.1314 -0.9535
vn 0.2480 0.2761 -0.9286
vn 0.1964 0.0802 -0.9772
vn 0.1559 0.0383 -0.9870
vn 0.2328 0.2004 -0.9517
vn 0.2097 -0.0755 -0.9749
vn 0.2014 -0.0463 -0.9784
vn 0.1259 -0.0806 -0.9888
vn 0.1287 -0.0448 -0.9907
vn 0.0936 0.0818 -0.9922
vn 0.1090 0.1753 -0.9785
vn 0.2329 0.2993 -0.9253
vn 0.1524 0.0352 -0.9877
vn 0.2263 0.2411 -0.9437
vn 0.2324 0.6795 -0.6959
vn 0.4302 0.6062 -0.6689
vn 0.3475 0.3117 -0.8844
vn 0.3083 -0.7787 -0.5463
vn 0.2170 -0.9201 -0.3260
vn 0.4195 -0.4996 -0.7579
vn 0.3686 -0.4938 -0.7876
vn 0.3637 -0.7414 -0.5639
vn 0.3235 -0.9014 -0.2879
vn 0.3719 -0.2194 -0.9020
vn 0.3158 -0.0989 -0.9437
vn 0.3633 -0.1037 -0.9259
vn 0.3880 -0.2552 -0.8856
vn 0.3301 -0.1299 -0.9350
vn 0.2982 -0.4043 -0.8647
vn 0.1778 -0.4580 -0.8710
vn 0.2755 -0.1899 -0.9424
vn 0.2968 -0.4533 -0.8405
vn 0.2965 -0.4397 -0.8478
vn 0.1926 -0.4052 -0.8937
vn 0.1356 -0.4270 -0.8940
vn 0.3015 -0.5093 -0.8060
vn 0.4004 -0.3249 -0.8568
vn 0.5150 -0.2254 -0.8271
vn 0.3463 -0.3968 -0.8501
vn 0.4218 -0.1887 -0.8869
vn 0.2636 -0.0538 -0.9631
vn 0.5325 -0.2422 -0.8111
vn 0.5791 -0.2055 -0.7889
vn -0.0168 0.3747 -0.9270
vn -0.1117 0.5697 -0.8142
vn -0.0215 0.5198 -0.8540
vn 0.3502 0.1110 -0.9301
vn -0.0893 0.5369 -0.8389
vn -0.0408 0.3916 -0.9192
vn -0.1391 0.4307 -0.8917
vn -0.1486 0.5151 -0.8442
vn -0.0118 0.3075 -0.9515
vn 0.0262 0.1977 -0.9799
vn -0.0536 0.2425 -0.9687
vn -0.1008 0.3217 -0.9415
vn 0.0492 0.1329 -0.9899
vn 0.0469 0.2042 -0.9778
vn 0.0451 0.1669 -0.9849
vn 0.0162 0.1876 -0.9821
vn 0.0231 0.1317 -0.9910
vn 0.0822 0.0778 -0.9936
vn 0.0995 0.1724 -0.9800
vn 0.0461 0.1449 -0.9884
vn 0.1637 -0.0247 -0.9862
vn 0.1996 -0.0757 -0.9770
vn 0.1858 -0.0873 -0.9787
vn 0.1756 0.0424 -0.9835
vn 0.1951 0.0159 -0.9807
vn 0.1591 0.3164 -0.9352
vn 0.0895 0.2569 -0.9623
vn 0.1467 -0.0108 -0.9891
vn 0.2363 0.5034 -0.8311
vn 0.4274 0.6686 -0.6085
vn 0.2829 0.8489 -0.4464
vn 0.0839 0.6743 -0.7336
vn 0.3284 -0.8036 -0.4963
vn 0.3750 -0.8983 -0.2289
vn 0.2653 -0.5568 -0.7871
vn 0.4272 -0.6095 -0.6679
vn 0.3947 -0.8432 -0.3650
vn 0.3804 -0.9158 -0.1291
vn 0.2191 -0.2510 -0.9429
vn 0.1779 -0.1835 -0.9668
vn 0.2982 -0.2702 -0.9155
vn 0.3900 -0.3160 -0.8649
vn 0.1422 -0.2459 -0.9588
vn 0.1383 -0.4425 -0.8860
vn 0.4545 -0.2724 -0.8481
vn 0.3141 -0.2379 -0.9191
vn 0.2416 -0.4008 -0.8837
vn 0.3219 -0.3229 -0.8900
vn 0.6430 -0.2829 -0.7117
vn 0.6009 -0.3277 -0.7291
vn 0.4662 -0.2091 -0.8596
vn 0.6148 -0.1006 -0.7823
vn 0.5792 -0.0699 -0.8122
vn 0.6317 -0.1353 -0.7633
vn 0.6401 -0.2134 -0.7380
vn 0.6360 -0.2717 -0.7223
vn 0.7036 -0.2117 -0.6783
vn 0.6183 -0.1648 -0.7685
vn 0.5987 -0.0950 -0.7953
vn 0.3518 0.2635 -0.8982
vn 0.7010 0.0172 -0.7129
vn 0.7523 -0.1509 -0.6414
vn 0.0111 0.4969 -0.8677
vn -0.0672 0.4896 -0.8693
vn 0.0551 0.4666 -0.8828
vn 0.4227 0.2772 -0.8628
vn -0.0396 0.3508 -0.9356
vn -0.0670 0.2299 -0.9709
vn -0.0232 0.1827 -0.9829
vn -0.0235 0.3626 -0.9317
vn -0.0707 0.2238 -0.9721
vn -0.0450 0.1583 -0.9864
vn 0.0130 0.2419 -0.9702
vn -0.0175 0.2354 -0.9717
vn -0.0291 0.1841 -0.9825
vn 0.0258 0.2535 -0.9670
vn 0.0897 0.3346 -0.9381
vn 0.1030 0.2572 -0.9609
vn 0.0917 0.0677 -0.9935
vn 0.1354 -0.0715 -0.9882
vn 0.2148 -0.0562 -0.9750
vn 0.1630 0.1072 -0.9808
vn 0.2004 0.0113 -0.9796
vn 0.3154 0.2425 -0.9175
vn 0.5116 0.3825 -0.7694
vn 0.3162 0.1458 -0.9374
vn 0.3571 0.7065 -0.6111
vn 0.3047 0.9195 -0.2482
vn 0.4340 0.8765 -0.2083
vn 0.5810 0.6875 -0.4356
vn 0.4262 -0.8382 -0.3403
vn 0.2998 -0.9481 -0.1060
vn 0.5564 -0.6118 -0.5623
vn 0.6342 -0.6340 -0.4425
vn 0.5732 -0.7720 -0.2745
vn 0.3654 -0.9200 -0.1415
vn 0.6135 -0.3560 -0.7049
vn 0.6207 -0.2939 -0.7269
vn 0.6924 -0.2471 -0.6779
vn 0.6633 -0.3684 -0.6514
vn 0.6576 -0.1816 -0.7312
vn 0.6800 -0.1276 -0.7220
vn 0.6971 -0.1322 -0.7047
vn 0.7165 -0.1579 -0.6795
vn 0.6725 -0.2817 -0.6844
vn 0.6788 -0.2644 -0.6851
vn 0.6336 -0.2729 -0.7240
vn 0.6534 -0.3080 -0.6915
vn 0.6708 -0.1944 -0.7157
vn 0.6671 -0.0764 -0.7410
vn 0.7579 -0.0179 -0.6521
vn 0.6823 -0.1684 -0.7114
vn 0.7414 -0.0170 -0.6708
vn 0.8359 -0.0983 -0.5401
vn 0.7961 -0.0013 -0.6052
vn 0.7782 0.0638 -0.6248
vn 0.8721 -0.1169 -0.4752
vn 0.8389 -0.1438 -0.5250
vn 0.8210 -0.2056 -0.5326
vn 0.8214 -0.1021 -0.5611
vn 0.6773 -0.0778 -0.7316
vn 0.3228 0.1946 -0.9262
vn 0.6657 -0.1226 -0.7361
vn 0.7755 -0.2839 -0.5639
vn 0.0001 0.3041 -0.9526
vn -0.0142 0.1932 -0.9811
vn 0.0917 0.1279 -0.9875
vn 0.3983 0.0525 -0.9158
vn 0.0309 0.2810 -0.9592
vn 0.1172 0.3377 -0.9339
vn -0.0128 0.3599 -0.9329
vn -0.0401 0.3253 -0.9448
vn 0.1548 0.2664 -0.9514
vn 0.1041 0.3449 -0.9329
vn 0.0634 0.2911 -0.9546
vn 0.0491 0.2949 -0.9543
vn 0.1444 0.1627 -0.9761
vn 0.2331 -0.0007 -0.9725
vn 0.1895 0.2054 -0.9602
vn 0.0648 0.1702 -0.9833
vn 0.3894 0.3941 -0.8325
vn 0.6123 0.6005 -0.5143
vn 0.5313 0.7835 -0.3223
vn 0.3883 0.6401 -0.6629
vn 0.6874 0.6666 -0.2885
vn 0.5905 0.7566 -0.2809
vn 0.7185 0.6341 -0.2859
vn 0.6622 0.7071 -0.2480
vn -0.6144 -0.7480 -0.2511
vn -0.6670 -0.6804 -0.3037
vn -0.5680 -0.8111 -0.1397
vn -0.6121 -0.7723 -0.1700
vn -0.6263 -0.7367 -0.2549
vn -0.6145 -0.7626 -0.2023
vn -0.7367 -0.6039 -0.3042
vn -0.7729 -0.5078 -0.3805
vn -0.7372 -0.5590 -0.3795
vn -0.7361 -0.5432 -0.4039
vn -0.7321 -0.3919 -0.5572
vn -0.6455 -0.4207 -0.6374
vn -0.5943 -0.5554 -0.5817
vn -0.6227 -0.5251 -0.5801
vn -0.5611 -0.5034 -0.6571
vn -0.5268 -0.4343 -0.7307
vn -0.6069 -0.2293 -0.7610
vn -0.6103 -0.2072 -0.7646
vn -0.5636 -0.1963 -0.8024
vn -0.5107 -0.2900 -0.8094
vn -0.4581 -0.4066 -0.7905
vn -0.4715 -0.4829 -0.7379
vn -0.6796 -0.1380 -0.7205
vn -0.7045 0.4236 -0.5694
vn -0.6018 0.6721 -0.4315
vn -0.4573 0.8343 -0.3079
vn -0.4506 0.8238 -0.3438
vn -0.4987 0.8021 -0.3284
vn -0.5015 0.8493 -0.1649
vn -0.4112 0.9007 -0.1404
vn -0.4139 0.8950 -0.1666
vn -0.4175 0.9001 -0.1248
vn -0.3717 0.9234 -0.0959
vn -0.4316 0.8922 -0.1327
vn -0.5522 0.8137 -0.1817
vn -0.4772 0.8635 -0.1636
vn -0.5120 0.8455 -0.1513
vn -0.5166 0.8539 -0.0627
vn -0.3912 0.9180 -0.0642
vn -0.3100 0.9498 -0.0433
vn -0.3803 0.9237 -0.0470
vn -0.1576 0.9820 -0.1042
vn -0.1728 0.9794 -0.1045
vn -0.2258 0.9637 -0.1421
vn -0.1621 0.9791 -0.1227
vn -0.3279 0.9430 -0.0570
vn -0.3080 0.9421 -0.1324
vn -0.3015 0.9514 -0.0633
vn -0.3571 0.9341 -0.0054
vn -0.3871 0.9206 -0.0514
vn -0.3969 0.9171 0.0368
vn -0.4470 0.8940 0.0301
vn -0.4638 0.8819 -0.0842
vn -0.5090 0.8564 -0.0865
vn -0.5105 0.8599 -0.0016
vn -0.4950 0.8689 -0.0064
vn -0.5487 0.8318 -0.0836
vn -0.5103 0.8567 -0.0748
vn -0.4329 0.9011 0.0248
vn -0.3956 0.9183 0.0125
vn -0.3920 0.9154 -0.0910
vn -0.3927 0.9144 -0.0980
vn -0.4177 0.9073 -0.0487
vn -0.4546 0.8818 -0.1254
vn -0.4103 0.9070 -0.0949
vn -0.3344 0.9188 -0.2096
vn -0.4686 0.8616 -0.1951
vn -0.4342 0.8493 -0.3003
vn -0.3517 0.8533 -0.3849
vn -0.4180 0.7925 -0.4442
vn -0.3844 0.8595 -0.3369
vn -0.4157 0.8515 -0.3196
vn -0.4386 0.7887 -0.4308
vn -0.5080 0.7701 -0.3858
vn -0.4686 0.8276 -0.3089
vn -0.3711 0.8855 -0.2796
vn -0.3244 0.8452 -0.4247
vn 0.1574 0.8839 -0.4404
vn 0.1236 0.9529 -0.2769
vn 0.4383 0.8822 -0.1718
vn 0.4125 0.8359 -0.3621
vn 0.4727 0.8330 -0.2876
vn 0.4303 0.8941 -0.1243
vn 0.4721 0.8738 -0.1161
vn 0.4477 0.8662 -0.2219
vn 0.3392 0.9178 -0.2065
vn 0.3650 0.9205 -0.1398
vn 0.2133 0.9592 -0.1855
vn 0.2754 0.9078 -0.3162
vn 0.4957 0.8011 -0.3353
vn 0.4114 0.9109 -0.0329
vn 0.5648 0.8162 0.1217
vn 0.7157 0.6726 -0.1882
vn 0.6769 0.7227 -0.1397
vn 0.6850 0.6678 -0.2913
vn 0.5455 0.8306 0.1114
vn 0.5427 0.8273 0.1449
vn 0.6612 0.7495 -0.0315
vn 0.7062 0.6951 -0.1345
vn 0.5295 0.8063 -0.2637
vn 0.4270 0.8619 -0.2736
vn 0.5383 0.8366 -0.1016
vn 0.4843 0.8597 -0.1627
vn 0.4062 0.8158 -0.4117
vn 0.2863 0.6076 -0.7409
vn 0.4754 0.8529 -0.2160
vn 0.5157 0.7770 -0.3612
vn 0.2543 0.2008 -0.9460
vn 0.2581 0.2412 -0.9355
vn 0.6581 0.3148 -0.6839
vn 0.5847 0.1955 -0.7874
vn 0.3312 0.3801 -0.8636
vn 0.3100 0.4585 -0.8329
vn 0.5817 0.3496 -0.7344
vn 0.6357 0.4386 -0.6352
vn 0.4529 0.3463 -0.8216
vn 0.6244 -0.0883 -0.7761
vn 0.7899 0.2305 -0.5683
vn 0.8419 -0.2654 -0.4698
vn 0.7959 -0.2048 -0.5698
vn 0.8467 -0.2644 -0.4617
vn 0.8678 -0.2983 -0.3974
vn 0.8697 -0.2266 -0.4385
vn 0.8306 -0.2471 -0.4990
vn 0.7497 -0.1365 -0.6476
vn 0.7768 -0.0783 -0.6248
vn 0.7052 -0.0608 -0.7064
vn 0.7035 -0.1081 -0.7024
vn 0.7593 -0.0247 -0.6503
vn 0.7031 -0.1240 -0.7002
vn 0.7367 -0.1259 -0.6644
vn 0.8149 0.0379 -0.5784
vn 0.8180 0.0416 -0.5737
vn 0.7904 -0.0207 -0.6122
vn 0.7924 0.0852 -0.6040
vn 0.7702 -0.0579 -0.6352
vn 0.6872 -0.2484 -0.6827
vn 0.7720 0.0162 -0.6354
vn 0.7028 -0.1394 -0.6976
vn 0.6349 -0.3108 -0.7074
vn 0.6493 -0.1499 -0.7456
vn 0.5989 -0.2661 -0.7553
vn 0.6036 -0.1758 -0.7776
vn 0.6582 -0.1659 -0.7344
vn 0.6379 -0.1801 -0.7487
vn 0.6194 -0.1733 -0.7657
vn 0.6399 -0.1925 -0.7439
vn 0.5959 -0.4255 -0.6811
vn 0.5431 -0.7631 -0.3503
vn 0.6262 -0.4774 -0.6165
vn 0.4097 -0.8274 -0.3842
vn 0.6078 -0.7449 -0.2751
vn 0.4758 -0.8403 -0.2600
vn 0.4356 -0.7886 -0.4339
vn 0.4492 -0.8217 -0.3508
vn 0.1322 -0.9730 -0.1893
vn 0.1797 -0.9659 -0.1867
vn 0.2777 -0.9341 -0.2246
vn 0.2474 -0.9602 -0.1295
vn 0.3754 -0.9165 -0.1384
vn 0.3491 -0.9368 -0.0226
vn 0.3004 -0.9523 -0.0528
vn 0.3400 -0.9391 0.0498
vn 0.2143 -0.9746 -0.0645
vn 0.1511 -0.9735 -0.1717
vn 0.2913 -0.9550 0.0561
vn 0.2804 -0.9580 -0.0603
vn 0.3699 -0.9284 0.0338
vn 0.3498 -0.9342 0.0696
vn 0.1320 -0.9912 -0.0088
vn 0.1295 -0.9681 -0.2146
vn 0.2375 -0.9626 -0.1301
vn 0.2356 -0.9715 0.0242
vn 0.0284 -0.9760 -0.2161
vn -0.0985 -0.9209 -0.3771
vn 0.0446 -0.9573 -0.2856
vn 0.1336 -0.9900 -0.0446
vn -0.2760 -0.7898 -0.5478
vn -0.3695 -0.7646 -0.5281
vn -0.3629 -0.8143 -0.4530
vn -0.2639 -0.8787 -0.3978
vn -0.5758 -0.6777 -0.4574
vn -0.5446 -0.6355 -0.5473
vn -0.4392 -0.6896 -0.5758
vn -0.3819 -0.7250 -0.5731
vn -0.3294 -0.8414 -0.4284
vn -0.3455 -0.7602 -0.5502
vn -0.3906 -0.7272 -0.5644
vn -0.4168 -0.8016 -0.4286
vn -0.4495 -0.7808 -0.4339
vn -0.4282 -0.7162 -0.5511
vn -0.4668 -0.7058 -0.5328
vn -0.4220 -0.7939 -0.4378
vn -0.4350 -0.7963 -0.4204
vn -0.4164 -0.7606 -0.4982
vn -0.4309 -0.7454 -0.5086
vn -0.4294 -0.7905 -0.4368
vn -0.4858 -0.8495 -0.2060
vn -0.5006 -0.7633 -0.4083
vn -0.4200 -0.7732 -0.4751
vn -0.4857 -0.8170 -0.3108
vn -0.5790 -0.8149 -0.0254
vn -0.5197 -0.8208 -0.2372
vn -0.5126 -0.7832 -0.3518
vn -0.5151 -0.8423 -0.1585
vn -0.4348 -0.8971 -0.0788
vn -0.5318 -0.8300 -0.1681
vn -0.5882 -0.7982 -0.1301
vn -0.5209 -0.8536 -0.0043
vn -0.5321 -0.8022 -0.2708
vn -0.5775 -0.7951 -0.1854
vn -0.5059 -0.8391 -0.2000
vn -0.4345 -0.8803 -0.1906
vn -0.4948 -0.8232 -0.2784
vn -0.5298 -0.7903 -0.3077
vn 0.3241 -0.9460 0.0014
vn 0.4947 -0.8613 -0.1157
vn 0.4625 -0.8814 -0.0959
vn 0.2998 -0.9445 -0.1344
vn 0.6241 -0.7408 -0.2482
vn 0.5687 -0.8030 -0.1783
vn 0.5248 -0.8312 -0.1836
vn 0.4295 -0.8929 -0.1351
vn 0.3848 -0.9128 -0.1371
vn 0.6426 -0.6519 -0.4026
vn 0.5429 -0.7745 -0.3248
vn 0.6915 -0.3878 -0.6095
vn 0.6197 -0.5319 -0.5771
vn 0.7639 -0.6196 -0.1802
vn 0.6251 -0.7683 -0.1377
vn 0.6593 -0.2150 -0.7205
vn 0.6434 -0.2960 -0.7060
vn 0.5959 -0.2555 -0.7614
vn 0.6327 -0.2808 -0.7217
vn 0.8467 -0.3281 -0.4189
vn 0.8537 -0.4123 -0.3182
vn 0.6369 -0.2003 -0.7445
vn 0.6709 -0.1412 -0.7280
vn 0.7052 -0.0387 -0.7079
vn 0.6919 -0.0348 -0.7212
vn 0.8273 -0.0937 -0.5538
vn 0.8561 -0.1666 -0.4892
vn 0.7360 0.0522 -0.6750
vn 0.6663 0.0444 -0.7443
vn 0.7347 0.0568 -0.6760
vn 0.6430 0.0287 -0.7653
vn 0.7046 -0.0040 -0.7096
vn 0.7674 -0.0555 -0.6388
vn 0.7119 -0.0426 -0.7010
vn 0.6360 -0.0376 -0.7708
vn 0.7517 -0.0840 -0.6541
vn 0.6984 0.0451 -0.7143
vn 0.6547 0.1054 -0.7485
vn 0.6643 -0.0417 -0.7463
vn 0.8144 -0.0317 -0.5794
vn 0.8081 0.0720 -0.5847
vn 0.8337 -0.1301 -0.5366
vn 0.8358 -0.1349 -0.5321
vn 0.6881 -0.1485 -0.7103
vn 0.6738 0.1611 -0.7212
vn 0.7783 -0.0885 -0.6216
vn 0.7745 -0.2360 -0.5869
vn 0.6496 -0.0687 -0.7571
vn 0.6927 -0.2053 -0.6914
vn 0.7335 -0.2100 -0.6465
vn 0.6755 -0.2680 -0.6870
vn 0.5939 -0.2644 -0.7599
vn 0.6399 -0.2602 -0.7231
vn 0.6851 -0.2130 -0.6966
vn 0.6548 -0.1145 -0.7471
vn 0.8158 -0.1174 -0.5663
vn 0.7843 -0.2402 -0.5720
vn 0.7559 0.0039 -0.6546
vn 0.6939 0.0473 -0.7186
vn 0.6908 0.2474 -0.6794
vn 0.7022 0.2102 -0.6802
vn 0.8013 0.2231 -0.5551
vn 0.8082 0.1043 -0.5796
vn 0.6470 0.3603 -0.6721
vn 0.6579 0.4067 -0.6338
vn 0.6966 0.3641 -0.6182
vn 0.6911 0.5481 -0.4712
vn 0.6260 0.7385 -0.2505
vn 0.7491 0.4526 -0.4837
vn 0.6834 0.5782 -0.4456
vn 0.6935 0.6925 -0.1987
vn 0.5555 0.7892 -0.2619
vn 0.6323 0.7746 -0.0151
vn 0.6234 0.7799 0.0555
vn 0.6012 0.7983 -0.0360
vn 0.4149 0.8983 -0.1448
vn 0.5289 0.8485 -0.0169
vn 0.4400 0.8834 -0.1610
vn 0.4863 0.8732 -0.0331
vn 0.5218 0.8409 0.1436
vn 0.6123 0.7833 0.1075
vn 0.5218 0.8297 -0.1982
vn 0.5147 0.8516 0.0994
vn 0.4884 0.8671 -0.0982
vn 0.5574 0.8104 0.1804
vn 0.5490 0.8170 0.1761
vn 0.4513 0.8771 0.1644
vn 0.4767 -0.8790 0.0014
vn 0.4500 -0.8930 -0.0093
vn 0.6123 -0.7906 0.0096
vn 0.6729 -0.7185 0.1759
vn 0.5727 -0.8133 0.1032
vn 0.4578 -0.8869 0.0622
vn 0.7652 -0.6413 0.0570
vn 0.8183 -0.5642 0.1097
vn 0.8378 -0.5249 0.1502
vn 0.7870 -0.5937 0.1679
vn 0.8701 -0.4865 0.0792
vn 0.9071 -0.4122 -0.0849
vn 0.8344 -0.5463 0.0731
vn 0.8401 -0.5231 0.1433
vn 0.9414 -0.2479 -0.2287
vn 0.9158 -0.1975 -0.3497
vn 0.8598 -0.3521 -0.3698
vn 0.8976 -0.4182 -0.1391
vn 0.8563 -0.1904 -0.4801
vn 0.7898 -0.0929 -0.6063
vn 0.7841 -0.1696 -0.5971
vn 0.7894 -0.3226 -0.5222
vn 0.7268 -0.0846 -0.6816
vn 0.6865 0.0703 -0.7237
vn 0.8124 0.0560 -0.5804
vn 0.7894 -0.1092 -0.6040
vn 0.6380 0.1615 -0.7529
vn 0.6419 -0.1291 -0.7558
vn 0.8724 -0.0444 -0.4867
vn 0.8203 0.1578 -0.5497
vn 0.6891 -0.2072 -0.6944
vn 0.7536 -0.1331 -0.6437
vn 0.9558 -0.0561 -0.2885
vn 0.9213 -0.1206 -0.3697
vn 0.8299 -0.1352 -0.5413
vn 0.8818 -0.1164 -0.4571
vn 0.9948 -0.0554 -0.0853
vn 0.9836 0.0033 -0.1802
vn 0.8736 0.0952 -0.4773
vn 0.8370 0.2408 -0.4913
vn 0.9761 0.1859 -0.1126
vn 0.9942 0.0695 -0.0820
vn 0.7514 0.5066 -0.4229
vn 0.5058 0.8349 -0.2170
vn 0.5318 0.8466 -0.0232
vn 0.8557 0.5031 -0.1209
vn 0.4901 0.8655 -0.1039
vn 0.5147 0.8573 -0.0117
vn 0.4446 0.8945 -0.0464
vn 0.5143 0.8571 -0.0286
vn 0.5468 0.8275 0.1272
vn 0.5307 0.8303 0.1699
vn 0.4612 0.8862 0.0432
vn 0.4185 0.9078 -0.0277
vn 0.4709 0.8729 0.1276
vn 0.5303 0.8452 0.0659
vn 0.5048 0.8575 0.0997
vn 0.5016 0.8616 0.0778
vn 0.6558 -0.7421 0.1387
vn 0.5204 -0.8538 0.0142
vn 0.7201 -0.6628 0.2053
vn 0.7202 -0.6821 0.1268
vn 0.7423 -0.6614 0.1070
vn 0.6730 -0.7376 -0.0549
vn 0.7596 -0.6160 0.2086
vn 0.8453 -0.4984 0.1928
vn 0.7915 -0.6081 -0.0619
vn 0.7059 -0.7047 0.0711
vn 0.7996 -0.5794 0.1581
vn 0.7529 -0.6564 0.0478
vn 0.7058 -0.7056 -0.0636
vn 0.7380 -0.6597 -0.1416
vn 0.8373 -0.5456 -0.0345
vn 0.8683 -0.4796 -0.1268
vn 0.8719 -0.4896 0.0103
vn 0.8499 -0.5268 -0.0133
vn 0.8647 -0.4276 -0.2635
vn 0.8935 -0.2437 -0.3771
vn 0.9661 -0.2577 -0.0139
vn 0.8820 -0.4710 0.0188
vn 0.9011 -0.0922 -0.4238
vn 0.9307 0.1393 -0.3383
vn 0.9760 0.2041 0.0760
vn 0.9989 -0.0443 -0.0147
vn 0.9577 0.2195 -0.1861
vn 0.9949 0.0854 -0.0533
vn 0.9638 0.1781 0.1983
vn 0.9570 0.2474 0.1517
vn 0.9953 0.0368 0.0901
vn 0.9780 0.0355 0.2054
vn 0.9288 0.0963 0.3579
vn 0.9419 0.1595 0.2958
vn 0.9626 0.0787 0.2591
vn 0.9558 0.0259 0.2929
vn 0.9102 0.0884 0.4047
vn 0.9232 0.0932 0.3729
vn 0.9451 0.0577 0.3217
vn 0.9391 0.0909 0.3313
vn 0.9069 0.0643 0.4164
vn 0.9062 0.0605 0.4186
vn 0.8809 0.3988 0.2548
vn 0.6421 0.7443 0.1837
vn 0.7467 0.5842 0.3180
vn 0.8877 0.2267 0.4007
vn 0.5787 0.8101 0.0941
vn 0.5121 0.8579 0.0417
vn 0.5733 0.7855 0.2330
vn 0.6306 0.7379 0.2407
vn 0.4043 0.9145 0.0154
vn 0.4011 0.9149 0.0443
vn 0.4266 0.8813 0.2033
vn 0.4631 0.8593 0.2170
vn 0.4551 0.8801 0.1351
vn 0.4417 0.8623 0.2475
vn 0.3918 0.8989 0.1962
vn 0.3954 0.8975 0.1953
vn 0.7382 -0.6507 -0.1777
vn 0.7295 -0.6740 -0.1164
vn 0.6753 -0.7141 -0.1844
vn 0.7127 -0.6961 -0.0869
vn 0.7110 -0.6982 -0.0837
vn 0.7082 -0.7058 -0.0183
vn 0.6434 -0.7523 -0.1417
vn 0.6466 -0.7337 -0.2089
vn 0.6529 -0.7568 -0.0308
vn 0.6643 -0.7449 -0.0624
vn 0.7212 -0.6431 -0.2573
vn 0.8170 -0.5702 -0.0859
vn 0.8872 -0.4605 -0.0294
vn 0.8028 -0.5962 -0.0104
vn 0.8755 -0.4797 0.0576
vn 0.8737 -0.4816 0.0686
vn 0.8784 -0.4775 -0.0215
vn 0.8848 -0.4625 -0.0559
vn 0.8941 -0.4376 0.0956
vn 0.9688 -0.1562 0.1926
vn 0.9942 -0.0620 0.0879
vn 0.9254 -0.3778 0.0311
vn 0.9580 0.0852 0.2737
vn 0.9284 0.2061 0.3093
vn 0.9282 0.2707 0.2553
vn 0.9674 0.1981 0.1577
vn 0.9136 0.2384 0.3294
vn 0.8918 0.2457 0.3799
vn 0.8622 0.2921 0.4139
vn 0.8833 0.3170 0.3454
vn 0.8824 0.2076 0.4222
vn 0.8917 0.1066 0.4398
vn 0.9191 0.1004 0.3811
vn 0.8834 0.2031 0.4224
vn 0.8896 0.1014 0.4453
vn 0.8744 0.1380 0.4652
vn 0.9135 0.1432 0.3807
vn 0.9100 0.1320 0.3930
vn 0.9103 0.0033 0.4140
vn 0.9329 -0.0075 0.3599
vn 0.9444 -0.0679 0.3218
vn 0.9344 -0.0538 0.3521
vn 0.9381 0.1457 0.3144
vn 0.8165 0.4992 0.2902
vn 0.8537 0.4534 0.2563
vn 0.9512 0.0745 0.2996
vn 0.6320 0.7293 0.2622
vn 0.5699 0.7764 0.2693
vn 0.5575 0.8174 0.1449
vn 0.6471 0.7404 0.1820
vn 0.4802 0.8380 0.2591
vn 0.4447 0.8607 0.2481
vn 0.4244 0.8854 0.1898
vn 0.4549 0.8762 0.1593
vn 0.4221 0.8776 0.2270
vn 0.3785 0.9029 0.2037
vn 0.3711 0.8848 0.2819
vn 0.4091 0.8806 0.2392
vn 0.6823 -0.7217 0.1171
vn 0.6698 -0.7196 0.1832
vn 0.7001 -0.7128 0.0411
vn 0.6246 -0.7677 -0.1432
vn 0.5559 -0.8308 0.0272
vn 0.5541 -0.8024 0.2215
vn 0.7133 -0.7003 0.0279
vn 0.6959 -0.7132 0.0846
vn 0.6983 -0.7124 -0.0700
vn 0.7570 -0.6410 -0.1271
vn 0.7669 -0.6408 0.0365
vn 0.8245 -0.5560 -0.1050
vn 0.7897 -0.5990 -0.1324
vn 0.6803 -0.7258 -0.1020
vn 0.8621 -0.4689 -0.1924
vn 0.8706 -0.4563 -0.1840
vn 0.9131 -0.3975 -0.0911
vn 0.8666 -0.4826 -0.1264
vn 0.9462 -0.3052 -0.1074
vn 0.9987 0.0409 0.0318
vn 0.9606 0.1744 0.2162
vn 0.9907 -0.1214 0.0609
vn 0.9422 0.2978 0.1538
vn 0.9014 0.3664 0.2306
vn 0.8732 0.3944 0.2862
vn 0.9023 0.3330 0.2738
vn 0.8604 0.4149 0.2960
vn 0.9037 0.3119 0.2933
vn 0.9445 0.3120 0.1026
vn 0.9018 0.3847 0.1970
vn 0.9477 0.1670 0.2718
vn 0.9663 0.0898 0.2411
vn 0.9729 0.1241 0.1950
vn 0.9769 0.1806 0.1139
vn 0.9423 0.1934 0.2733
vn 0.9312 0.1619 0.3267
vn 0.9473 0.1770 0.2670
vn 0.9272 0.2702 0.2593
vn 0.9371 -0.0616 0.3435
vn 0.9270 -0.0546 0.3712
vn 0.9293 -0.0089 0.3691
vn 0.9554 0.0061 0.2952
vn 0.9189 0.0236 0.3937
vn 0.9027 0.2902 0.3176
vn 0.9224 0.0646 0.3808
vn 0.9102 0.0354 0.4126
vn 0.7401 0.6602 0.1280
vn 0.5335 0.8452 0.0305
vn 0.5711 0.8184 0.0633
vn 0.8557 0.4642 0.2287
vn 0.4231 0.9051 0.0428
vn 0.3417 0.9345 0.0999
vn 0.2422 0.9594 0.1443
vn 0.3932 0.9185 0.0412
vn 0.3115 0.9238 0.2227
vn 0.3281 0.8888 0.3198
vn 0.2783 0.9286 0.2455
vn 0.2542 0.9406 0.2253
vn 0.3892 -0.9172 0.0853
vn 0.3998 -0.8901 0.2188
vn 0.6330 -0.7741 0.0068
vn 0.6259 -0.7145 0.3127
vn 0.3455 -0.9000 0.2658
vn 0.3205 -0.9120 0.2561
vn 0.7997 -0.6004 0.0003
vn 0.6956 -0.7183 -0.0141
vn 0.6614 -0.6986 0.2730
vn 0.7370 -0.5851 0.3383
vn 0.6840 -0.7293 0.0146
vn 0.8176 -0.5740 0.0463
vn 0.7974 -0.5195 0.3072
vn 0.7081 -0.6522 0.2707
vn 0.8858 -0.4572 0.0799
vn 0.9487 -0.2706 0.1634
vn 0.8953 -0.1021 0.4336
vn 0.8643 -0.3430 0.3679
vn 0.9381 0.0970 0.3324
vn 0.8763 0.2435 0.4156
vn 0.8734 0.2827 0.3965
vn 0.8899 0.1814 0.4185
vn 0.8647 0.2950 0.4064
vn 0.8955 0.3197 0.3096
vn 0.8975 0.2246 0.3795
vn 0.8815 0.2519 0.3993
vn 0.9374 0.2789 0.2086
vn 0.9516 0.2693 0.1479
vn 0.8823 0.2451 0.4018
vn 0.8966 0.2404 0.3718
vn 0.9521 0.2518 0.1733
vn 0.9426 0.2155 0.2552
vn 0.8610 0.2275 0.4549
vn 0.8642 0.2773 0.4199
vn 0.9351 0.2466 0.2546
vn 0.9686 0.1597 0.1908
vn 0.9446 0.1119 0.3085
vn 0.9100 0.1164 0.3980
vn 0.9639 0.1135 0.2408
vn 0.9313 0.1091 0.3476
vn 0.9727 0.1536 0.1738
vn 0.9594 0.1359 0.2472
vn 0.9150 0.0451 0.4010
vn 0.9348 -0.0306 0.3539
vn 0.9725 -0.0366 0.2299
vn 0.9837 0.0876 0.1569
vn 0.9389 0.2194 0.2653
vn 0.6698 0.7323 0.1229
vn 0.7707 0.6178 0.1562
vn 0.9678 0.0510 0.2464
vn 0.3140 0.9436 0.1046
vn 0.1859 0.9713 0.1481
vn 0.1995 0.9797 -0.0167
vn 0.2821 0.9590 0.0287
vn 0.2448 0.9578 0.1507
vn 0.3007 0.9477 0.1070
vn 0.3907 0.9133 -0.1155
vn 0.2435 0.9686 -0.0500
vn 0.4509 -0.7786 0.4365
vn 0.3608 -0.8958 0.2595
vn 0.5782 -0.5705 0.5833
vn 0.5964 -0.3715 0.7115
vn 0.5982 -0.5536 0.5794
vn 0.5145 -0.7752 0.3667
vn 0.5755 -0.5392 0.6149
vn 0.5494 -0.6535 0.5207
vn 0.4123 -0.5693 0.7113
vn 0.4771 -0.4831 0.7342
vn 0.6377 -0.5933 0.4913
vn 0.7444 -0.4375 0.5044
vn 0.6285 -0.3755 0.6811
vn 0.4782 -0.5302 0.7002
vn 0.8067 -0.2641 0.5287
vn 0.8702 -0.1048 0.4814
vn 0.8080 -0.2114 0.5500
vn 0.7067 -0.3038 0.6389
vn 0.9110 0.1592 0.3805
vn 0.8961 0.2969 0.3299
vn 0.9074 0.2706 0.3214
vn 0.8996 0.0742 0.4304
vn 0.8818 0.2872 0.3742
vn 0.8600 0.2311 0.4550
vn 0.8791 0.3423 0.3317
vn 0.8982 0.3445 0.2731
vn 0.8313 0.2525 0.4952
vn 0.8128 0.2627 0.5199
vn 0.8309 0.2823 0.4795
vn 0.8400 0.3266 0.4332
vn 0.8064 0.2779 0.5220
vn 0.8244 0.2059 0.5271
vn 0.8520 0.2406 0.4650
vn 0.8457 0.2675 0.4617
vn 0.8392 0.0470 0.5418
vn 0.8680 0.0083 0.4966
vn 0.8737 -0.0628 0.4824
vn 0.8771 0.0706 0.4750
vn 0.9246 -0.0017 0.3811
vn 0.9764 0.0530 0.2094
vn 0.8979 -0.1032 0.4279
vn 0.8745 -0.0815 0.4781
vn 0.9882 0.0884 0.1248
vn 0.9869 0.0396 0.1563
vn 0.9809 0.0231 0.1931
vn 0.9464 -0.0037 0.3229
vn 0.9800 0.0120 0.1988
vn 0.8573 0.4899 0.1582
vn 0.9224 0.3860 0.0091
vn 0.9958 -0.0277 0.0868
vn 0.3629 0.9318 -0.0035
vn 0.2125 0.9703 -0.1160
vn 0.2538 0.9584 -0.1303
vn 0.4703 0.8791 -0.0775
vn 0.2643 0.9497 -0.1681
vn 0.3549 0.9203 -0.1644
vn 0.3009 0.9504 -0.0787
vn 0.2589 0.9575 -0.1272
vn 0.6480 -0.2979 0.7010
vn 0.5976 -0.5220 0.6086
vn 0.6197 -0.3146 0.7190
vn 0.6311 -0.3025 0.7143
vn 0.6343 -0.2846 0.7188
vn 0.5871 -0.3306 0.7389
vn 0.5112 -0.4768 0.7151
vn 0.4153 -0.5329 0.7373
vn 0.4628 -0.4995 0.7324
vn 0.5132 -0.4572 0.7264
vn 0.4052 -0.5222 0.7504
vn 0.5192 -0.4298 0.7387
vn 0.4425 -0.5679 0.6940
vn 0.4268 -0.5403 0.7252
vn 0.6127 -0.4595 0.6430
vn 0.7648 -0.4221 0.4867
vn 0.6555 -0.5898 0.4717
vn 0.5054 -0.6131 0.6072
vn 0.9489 -0.0485 0.3118
vn 0.9452 0.2407 0.2208
vn 0.9438 0.1987 0.2640
vn 0.9111 -0.1839 0.3690
vn 0.9145 0.3517 0.1999
vn 0.8886 0.4138 0.1979
vn 0.9080 0.3968 0.1343
vn 0.9230 0.3321 0.1946
vn 0.8935 0.3964 0.2109
vn 0.9216 0.3099 0.2338
vn 0.9208 0.3740 0.1106
vn 0.9117 0.4030 0.0804
vn 0.9046 0.3089 0.2936
vn 0.8836 0.2983 0.3609
vn 0.8711 0.3789 0.3125
vn 0.8943 0.3953 0.2098
vn 0.9084 0.0981 0.4065
vn 0.9054 -0.0584 0.4206
vn 0.9299 -0.0480 0.3647
vn 0.9211 0.1146 0.3720
vn 0.8981 -0.0760 0.4333
vn 0.8955 -0.1670 0.4126
vn 0.9161 -0.2123 0.3401
vn 0.9245 -0.0494 0.3779
vn 0.9168 -0.1132 0.3829
vn 0.9416 -0.0738 0.3286
vn 0.9477 -0.0898 0.3064
vn 0.9382 -0.1656 0.3040
vn 0.9676 -0.1097 0.2276
vn 0.9613 0.2557 0.1025
vn 0.9349 0.0936 0.3423
vn 0.9381 -0.1523 0.3112
vn 0.5904 0.8068 -0.0226
vn 0.2670 0.9614 -0.0666
vn 0.3269 0.9450 0.0064
vn 0.6866 0.6881 0.2348
vn 0.2296 0.9718 -0.0545
vn 0.2978 0.9525 -0.0642
vn 0.3443 0.9238 -0.1676
vn 0.2580 0.9603 -0.1062
vn 0.6274 -0.3142 0.7124
vn 0.5854 -0.3630 0.7250
vn 0.6490 -0.2959 0.7009
vn 0.5998 -0.3460 0.7214
vn 0.6104 -0.2830 0.7398
vn 0.5736 -0.3705 0.7306
vn 0.5412 -0.4565 0.7062
vn 0.4994 -0.5167 0.6954
vn 0.5331 -0.6107 0.5855
vn 0.5604 -0.5105 0.6522
vn 0.4643 -0.5738 0.6747
vn 0.4068 -0.6298 0.6616
vn 0.5504 -0.6763 0.4896
vn 0.5279 -0.6778 0.5118
vn 0.4079 -0.6523 0.6389
vn 0.4656 -0.5957 0.6545
vn 0.4659 -0.5947 0.6552
vn 0.4868 -0.6614 0.5706
vn 0.7006 -0.2881 0.6528
vn 0.8827 0.0175 0.4696
vn 0.8399 -0.2521 0.4807
vn 0.5961 -0.5117 0.6187
vn 0.9329 0.2577 0.2515
vn 0.9203 0.3541 0.1661
vn 0.8949 0.3282 0.3025
vn 0.9191 0.1910 0.3446
vn 0.8993 0.4031 0.1699
vn 0.8562 0.4542 0.2464
vn 0.8305 0.5064 0.2320
vn 0.8776 0.4019 0.2615
vn 0.8528 0.4286 0.2983
vn 0.8775 0.4002 0.2643
vn 0.9160 0.3369 0.2178
vn 0.8698 0.4236 0.2532
vn 0.9648 0.1142 0.2367
vn 0.9626 -0.0154 0.2705
vn 0.9405 0.0796 0.3305
vn 0.9623 0.1529 0.2250
vn 0.9417 0.0055 0.3365
vn 0.9150 -0.2307 0.3310
vn 0.9247 -0.2593 0.2786
vn 0.9322 0.0190 0.3615
vn 0.9417 -0.2004 0.2702
vn 0.9711 -0.1053 0.2144
vn 0.9714 -0.1409 0.1911
vn 0.9307 -0.2965 0.2144
vn 0.9725 -0.1562 0.1727
vn 0.9757 0.0771 0.2051
vn 0.9626 0.0941 0.2542
vn 0.9663 -0.1375 0.2178
vn 0.8250 0.5451 0.1492
vn 0.5084 0.8596 -0.0513
vn 0.7239 0.6872 -0.0611
vn 0.9153 0.3701 0.1591
vn 0.3621 0.9068 -0.2158
vn 0.3719 0.8724 -0.3173
vn 0.4453 0.7964 -0.4092
vn 0.5137 0.8065 -0.2927
vn 0.6195 -0.2542 0.7427
vn 0.5332 -0.3577 0.7666
vn 0.5332 -0.4439 0.7202
vn 0.6077 -0.5842 0.5379
vn 0.6577 -0.3659 0.6584
vn 0.5010 -0.4321 0.7499
vn 0.4853 -0.6041 0.6320
vn 0.5053 -0.6820 0.5287
vn 0.4965 -0.7382 0.4568
vn 0.4780 -0.7424 0.4695
vn 0.4977 -0.7483 0.4387
vn 0.5937 -0.7106 0.3776
vn 0.4770 -0.6977 0.5345
vn 0.4732 -0.7332 0.4883
vn 0.6435 -0.6524 0.4002
vn 0.6229 -0.6401 0.4497
vn 0.6234 -0.6626 0.4151
vn 0.5902 -0.6366 0.4964
vn 0.6020 -0.6627 0.4455
vn 0.8084 -0.3823 0.4477
vn 0.7727 -0.4607 0.4367
vn 0.6151 -0.6795 0.4000
vn 0.9234 0.1200 0.3645
vn 0.9308 0.2845 0.2296
vn 0.9641 0.2170 0.1530
vn 0.9503 -0.0593 0.3056
vn 0.8965 0.3969 0.1968
vn 0.8469 0.5027 0.1736
vn 0.8887 0.4540 0.0633
vn 0.9129 0.3961 0.0982
vn 0.9140 0.3855 0.1268
vn 0.9532 0.2876 0.0934
vn 0.9626 0.2668 -0.0470
vn 0.9493 0.3143 -0.0005
vn 0.9506 0.2659 0.1602
vn 0.9500 0.1719 0.2608
vn 0.9773 0.2113 0.0152
vn 0.9384 0.3439 -0.0344
vn 0.9679 -0.0289 0.2497
vn 0.9403 -0.2826 0.1896
vn 0.9631 -0.2100 0.1683
vn 0.9975 -0.0500 0.0497
vn 0.9277 -0.2895 0.2359
vn 0.9324 -0.0947 0.3487
vn 0.9027 -0.0712 0.4244
vn 0.9169 -0.2174 0.3347
vn 0.9046 -0.0893 0.4169
vn 0.9164 -0.0244 0.3996
vn 0.9596 -0.1587 0.2322
vn 0.9231 -0.0732 0.3775
vn 0.9648 0.1183 0.2347
vn 0.9050 0.4029 -0.1367
vn 0.9686 0.1617 -0.1888
vn 0.9929 -0.1168 0.0235
vn 0.6790 0.6253 -0.3847
vn 0.5247 0.7078 -0.4729
vn 0.5947 0.7387 -0.3172
vn 0.7885 0.5363 -0.3011
vn 0.5193 -0.5145 0.6824
vn 0.3992 -0.4975 0.7702
vn 0.5183 -0.6510 0.5546
vn 0.3837 -0.6144 0.6894
vn 0.3859 -0.5823 0.7155
vn 0.3437 -0.5829 0.7363
vn 0.4478 -0.7419 0.4990
vn 0.4653 -0.6907 0.5536
vn 0.3791 -0.5796 0.7214
vn 0.3383 -0.6411 0.6889
vn 0.4508 -0.6640 0.5965
vn 0.4294 -0.6806 0.5936
vn 0.3207 -0.6476 0.6912
vn 0.3662 -0.5766 0.7303
vn 0.4616 -0.6591 0.5938
vn 0.4836 -0.6533 0.5826
vn 0.3994 -0.6448 0.6517
vn 0.3726 -0.6363 0.6755
vn 0.5278 -0.6623 0.5318
vn 0.6766 -0.5650 0.4722
vn 0.5647 -0.6340 0.5283
vn 0.4173 -0.7084 0.5693
vn 0.8924 -0.2189 0.3946
vn 0.9486 0.1400 0.2839
vn 0.9390 0.0017 0.3438
vn 0.7941 -0.3545 0.4937
vn 0.9322 0.3289 0.1510
vn 0.9172 0.3975 0.0265
vn 0.8906 0.3768 0.2547
vn 0.9232 0.2867 0.2560
vn 0.9514 0.3076 0.0144
vn 0.9503 0.3017 0.0764
vn 0.9068 0.3526 0.2311
vn 0.9077 0.3455 0.2384
vn 0.9484 0.3136 0.0460
vn 0.9787 0.2014 -0.0401
vn 0.9771 0.1510 0.1502
vn 0.9490 0.2312 0.2142
vn 0.9981 0.0572 0.0224
vn 0.9847 -0.0815 0.1538
vn 0.9952 -0.0566 0.0799
vn 0.9826 0.1477 0.1123
vn 0.9664 -0.1256 0.2243
vn 0.9611 -0.0596 0.2696
vn 0.9975 0.0064 0.0700
vn 0.9960 -0.0858 0.0244
vn 0.9593 -0.1534 0.2370
vn 0.9539 -0.2582 0.1530
vn 0.9519 -0.2660 0.1523
vn 0.9817 -0.1395 0.1294
vn 0.9685 -0.2274 0.1014
vn 0.9994 0.0173 0.0311
vn 0.9869 -0.1158 0.1124
vn 0.9509 -0.2615 0.1657
vn 0.8555 0.5133 -0.0676
vn 0.6053 0.7859 -0.1263
vn 0.6216 0.7765 -0.1029
vn 0.9044 0.4265 -0.0141
vn 0.3451 -0.6196 0.7050
vn 0.4213 -0.5937 0.6855
vn 0.3717 -0.6395 0.6729
vn 0.3216 -0.7061 0.6309
vn 0.3091 -0.6335 0.7093
vn 0.5127 -0.4650 0.7217
vn 0.3920 -0.6259 0.6742
vn 0.4020 -0.6057 0.6867
vn 0.4425 -0.6560 0.6114
vn 0.4597 -0.6298 0.6262
vn 0.4274 -0.6075 0.6696
vn 0.3799 -0.6450 0.6630
vn 0.5174 -0.6309 0.5781
vn 0.4707 -0.6819 0.5598
vn 0.3342 -0.6519 0.6807
vn 0.3634 -0.7109 0.6021
vn 0.3623 -0.8091 0.4627
vn 0.4287 -0.6983 0.5733
vn 0.4004 -0.7839 0.4745
vn 0.5404 -0.6538 0.5296
vn 0.4950 -0.6285 0.6000
vn 0.3977 -0.7905 0.4657
vn 0.6854 -0.4968 0.5324
vn 0.8970 -0.1933 0.3975
vn 0.7572 -0.4249 0.4961
vn 0.5536 -0.5653 0.6115
vn 0.9119 0.3043 0.2755
vn 0.8554 0.4023 0.3263
vn 0.8808 0.4404 0.1736
vn 0.9402 0.1754 0.2921
vn 0.8735 0.3250 0.3623
vn 0.8813 0.3442 0.3239
vn 0.8994 0.3244 0.2929
vn 0.9073 0.3411 0.2458
vn 0.9181 0.2190 0.3303
vn 0.9268 0.1169 0.3570
vn 0.9383 0.0811 0.3360
vn 0.9024 0.2739 0.3326
vn 0.9655 0.0618 0.2530
vn 0.9803 -0.1812 0.0791
vn 0.9640 -0.2623 0.0432
vn 0.9711 -0.1357 0.1964
vn 0.9946 -0.1012 -0.0228
vn 0.9939 0.0017 -0.1101
vn 0.9835 -0.0928 -0.1550
vn 0.9797 -0.1941 -0.0505
vn 0.9860 -0.0989 -0.1342
vn 0.9858 -0.1604 -0.0494
vn 0.9985 -0.0495 -0.0241
vn 0.9908 -0.0135 -0.1348
vn 0.9732 -0.2269 0.0381
vn 0.9875 -0.1381 0.0756
vn 0.9897 -0.1290 0.0626
vn 0.9773 -0.2056 0.0501
vn 0.9251 0.3698 0.0862
vn 0.6671 0.7449 0.0112
vn 0.6638 0.7449 0.0666
vn 0.9446 0.3249 0.0465
vn 0.3210 -0.6543 0.6847
vn 0.5877 -0.3822 0.7131
vn 0.2245 -0.7299 0.6457
vn 0.2147 -0.6724 0.7084
vn 0.3752 -0.6238 0.6856
vn 0.5674 -0.4196 0.7086
vn 0.3851 -0.6106 0.6920
vn 0.3872 -0.6596 0.6442
vn 0.3524 -0.7257 0.5909
vn 0.2660 -0.6593 0.7033
vn 0.3912 -0.7479 0.5363
vn 0.5698 -0.6307 0.5268
vn 0.5174 -0.6936 0.5012
vn 0.3481 -0.7960 0.4952
vn 0.5505 -0.6934 0.4649
vn 0.3726 -0.8329 0.4091
vn 0.4005 -0.7713 0.4947
vn 0.5189 -0.7308 0.4435
vn 0.4120 -0.7420 0.5289
vn 0.4769 -0.6357 0.6070
vn 0.5058 -0.6693 0.5443
vn 0.3885 -0.7452 0.5420
vn 0.5254 -0.6154 0.5875
vn 0.5976 -0.5860 0.5473
vn 0.5457 -0.6035 0.5814
vn 0.5473 -0.6276 0.5537
vn 0.8892 -0.0927 0.4480
vn 0.9174 0.3779 0.1247
vn 0.9663 0.0404 0.2543
vn 0.7412 -0.3811 0.5526
vn 0.9402 0.3392 0.0319
vn 0.9589 0.2819 0.0313
vn 0.9648 0.2119 -0.1555
vn 0.9707 0.2319 -0.0624
vn 0.9618 0.2734 0.0161
vn 0.9957 0.0631 0.0683
vn 0.9868 0.0942 -0.1315
vn 0.9553 0.2412 -0.1709
vn 0.9700 -0.2409 0.0322
vn 0.9510 -0.3090 0.0078
vn 0.9429 -0.3285 0.0546
vn 0.9822 -0.1867 -0.0203
vn 0.9676 -0.2505 -0.0309
vn 0.9954 -0.0948 -0.0095
vn 0.9884 -0.0538 0.1423
vn 0.9616 -0.2521 0.1087
vn 0.9941 0.0947 0.0535
vn 0.9939 0.0264 0.1070
vn 0.9998 0.0053 0.0201
vn 0.9933 0.0672 0.0937
vn 0.9681 -0.2110 0.1354
vn 0.9816 -0.1423 0.1277
vn 0.9426 -0.1047 0.3172
vn 0.9893 -0.1209 0.0816
vn 0.8881 0.4160 0.1954
vn 0.5376 0.8159 0.2127
vn 0.4081 0.8053 0.4301
vn 0.7474 0.4267 0.5092
vn 0.4415 -0.5889 0.6770
vn 0.5131 -0.4776 0.7131
vn 0.3795 -0.6940 0.6119
vn 0.3961 -0.7781 0.4875
vn 0.4086 -0.6498 0.6410
vn 0.5257 -0.4556 0.7184
vn 0.3008 -0.7686 0.5646
vn 0.3006 -0.7938 0.5286
vn 0.3763 -0.8210 0.4294
vn 0.4099 -0.7892 0.4573
vn 0.3307 -0.8057 0.4915
vn 0.4278 -0.7579 0.4925
vn 0.4035 -0.7797 0.4788
vn 0.3706 -0.8244 0.4277
vn 0.4946 -0.7359 0.4625
vn 0.5020 -0.6827 0.5310
vn 0.5272 -0.6186 0.5826
vn 0.4445 -0.7448 0.4977
vn 0.3766 -0.7404 0.5568
vn 0.4350 -0.6624 0.6099
vn 0.3199 -0.7025 0.6357
vn 0.4173 -0.6511 0.6339
vn 0.4724 -0.5937 0.6514
vn 0.4642 -0.5892 0.6613
vn 0.5031 -0.5729 0.6470
vn 0.4482 -0.6248 0.6393
vn 0.5572 -0.5458 0.6258
vn 0.8224 -0.2823 0.4940
vn 0.6044 -0.4877 0.6300
vn 0.4671 -0.5864 0.6618
vn 0.9698 0.0123 0.2435
vn 0.9953 0.0958 0.0150
vn 0.8530 -0.0354 0.5207
vn 0.7878 -0.1750 0.5905
vn 0.9676 0.2133 -0.1354
vn 0.9774 0.1558 -0.1428
vn 0.8932 0.2740 0.3565
vn 0.8847 0.1255 0.4489
vn 0.9962 -0.0742 -0.0452
vn 0.9600 -0.2562 0.1127
vn 0.8209 -0.1269 0.5567
vn 0.9183 0.0604 0.3913
vn 0.9505 -0.2033 0.2349
vn 0.9684 -0.0745 0.2378
vn 0.6991 -0.1097 0.7065
vn 0.7329 -0.1615 0.6609
vn 0.9804 -0.0181 0.1963
vn 0.9524 0.0249 0.3038
vn 0.5225 0.0932 0.8476
vn 0.6509 0.0225 0.7589
vn 0.8994 0.0248 0.4364
vn 0.8190 0.0515 0.5715
vn 0.4439 0.1282 0.8869
vn 0.4594 0.0471 0.8870
vn 0.5524 0.4450 0.7049
vn 0.3139 0.6983 0.6433
vn 0.1490 0.5368 0.8305
vn 0.2702 0.4033 0.8743
vn 0.4420 -0.8929 0.0860
vn 0.3964 -0.9134 0.0921
vn 0.4151 -0.9052 -0.0906
vn 0.3973 -0.9172 0.0280
vn 0.4084 -0.9120 0.0392
vn 0.4336 -0.8372 -0.3332
vn 0.5176 -0.7692 -0.3747
vn 0.6989 -0.5475 -0.4601
vn 0.7455 -0.2800 -0.6049
vn 0.7332 -0.1685 -0.6588
vn 0.7044 -0.2264 -0.6728
vn 0.6747 -0.2449 -0.6963
vn 0.7028 -0.0592 -0.7089
vn 0.7121 0.0303 -0.7014
vn 0.6988 0.0938 -0.7091
vn 0.6904 -0.0466 -0.7219
vn 0.6963 -0.1535 -0.7012
vn 0.7377 -0.0949 -0.6684
vn 0.7306 -0.1006 -0.6753
vn 0.6954 0.0080 -0.7186
vn 0.7509 -0.0640 -0.6573
vn 0.7913 -0.3123 -0.5256
vn 0.8260 -0.2877 -0.4847
vn 0.8317 0.0918 -0.5475
vn 0.7088 0.3425 -0.6167
vn 0.6825 0.3283 -0.6530
vn 0.7519 0.2606 -0.6056
vn 0.7727 0.4428 -0.4547
vn 0.5595 0.7909 -0.2479
vn 0.4626 0.8723 -0.1588
vn 0.4727 0.8767 -0.0892
vn 0.5414 0.8130 -0.2144
vn 0.5769 0.7946 -0.1895
vn 0.5469 0.8359 -0.0463
vn 0.5535 0.8309 -0.0569
vn 0.5414 0.8386 -0.0606
vn 0.5105 0.8583 -0.0525
vn 0.5843 0.7925 0.1747
vn 0.5256 0.8294 0.1890
vn 0.4953 0.8517 0.1713
vn 0.5905 0.7870 0.1789
vn 0.5773 0.8134 0.0711
vn 0.4876 0.8698 0.0754
vn 0.5051 0.8455 0.1734
vn 0.5571 0.8128 0.1705
vn 0.5513 0.7841 0.2850
vn 0.4947 0.8195 0.2894
vn 0.4483 0.8341 0.3213
vn 0.5064 0.8211 0.2633
vn 0.4119 0.8755 0.2527
vn 0.3532 0.8717 0.3396
vn 0.2376 0.8989 0.3680
vn 0.3436 0.8857 0.3123
vn 0.2866 0.8848 0.3674
vn 0.1960 0.9141 0.3548
vn 0.2750 0.9554 0.1073
vn 0.2920 0.9335 0.2083
vn 0.3900 0.9205 -0.0240
vn 0.3029 0.9501 -0.0745
vn 0.2481 0.9652 -0.0828
vn 0.4394 0.8881 -0.1348
vn 0.3706 0.9254 -0.0792
vn 0.2320 0.9726 -0.0155
vn 0.2498 0.9682 -0.0110
vn 0.2900 0.9568 -0.0193
vn 0.2979 0.9489 -0.1045
vn 0.2828 0.9483 -0.1441
vn 0.2930 0.9268 -0.2349
vn 0.3464 0.9131 -0.2153
vn 0.3416 0.8809 -0.3275
vn 0.2849 0.9107 -0.2992
vn 0.3001 0.8619 -0.4087
vn 0.3101 0.8588 -0.4077
vn 0.2853 0.8436 -0.4550
vn 0.3198 0.8327 -0.4521
vn 0.3099 0.8665 -0.3914
vn 0.3360 0.8761 -0.3458
vn 0.4658 0.8646 -0.1881
vn 0.2976 0.9137 -0.2767
vn 0.3824 0.8970 -0.2220
vn 0.5603 0.8130 -0.1586
vn 0.5802 0.8143 -0.0179
vn 0.4596 0.8860 -0.0611
vn 0.4789 0.8650 0.1498
vn 0.5248 0.8419 0.1255
vn 0.4254 0.8588 0.2854
vn 0.4694 0.8343 0.2890
vn 0.4399 0.8239 0.3573
vn 0.4169 0.8387 0.3503
vn 0.4012 0.7119 0.5763
vn 0.3765 0.7969 0.4724
vn 0.3379 0.5723 0.7472
vn 0.2954 0.4516 0.8419
vn 0.2040 0.3550 0.9123
vn 0.0825 0.4865 0.8698
vn 0.3362 0.2973 0.8936
vn 0.3506 0.1296 0.9275
vn 0.2427 0.2725 0.9310
vn 0.1920 0.5079 0.8397
vn 0.1288 0.3973 0.9086
vn 0.3191 0.1473 0.9362
vn 0.1841 0.4330 0.8824
vn 0.3008 0.2341 0.9245
vn 0.4234 0.0733 0.9029
vn 0.3409 0.0708 0.9374
vn 0.3951 0.1122 0.9118
vn 0.4452 0.0132 0.8953
vn 0.2741 0.0257 0.9614
vn 0.2968 -0.0748 0.9520
vn 0.4756 0.0235 0.8794
vn 0.4472 -0.1173 0.8867
vn 0.3422 -0.0530 0.9381
vn 0.4515 0.0497 0.8909
vn 0.4308 0.0332 0.9019
vn 0.4125 0.1462 0.8992
vn 0.5272 0.1298 0.8398
vn 0.4857 0.2564 0.8357
vn 0.4308 0.1422 0.8912
vn 0.4283 0.2219 0.8759
vn 0.4955 0.0542 0.8669
vn 0.5640 -0.0298 0.8252
vn 0.4672 0.0860 0.8800
vn 0.5005 0.0266 0.8653
vn 0.6233 -0.1788 0.7612
vn 0.5751 -0.5524 0.6034
vn 0.5136 -0.1580 0.8434
vn 0.5048 -0.4816 0.7164
vn 0.5897 -0.5965 0.5445
vn 0.5978 -0.5652 0.5685
vn 0.4896 -0.6049 0.6280
vn 0.4264 -0.6040 0.6733
vn 0.4720 -0.6899 0.5488
vn 0.3394 -0.7409 0.5796
vn 0.3333 -0.7059 0.6250
vn 0.3565 -0.7412 0.5688
vn 0.3868 -0.5960 0.7037
vn 0.3517 -0.5971 0.7210
vn 0.3977 -0.6457 0.6518
vn 0.3428 -0.6428 0.6850
vn 0.3213 -0.6892 0.6495
vn 0.4291 -0.7267 0.5365
vn 0.4163 -0.5914 0.6906
vn 0.4722 -0.6462 0.5996
vn 0.4408 -0.8037 0.3997
vn 0.4443 -0.8343 0.3265
vn 0.4343 -0.7704 0.4668
vn 0.5154 -0.7740 0.3678
vn 0.4733 -0.8015 0.3655
vn 0.4197 -0.8228 0.3832
vn 0.5717 -0.7812 0.2509
vn 0.5672 -0.8008 0.1923
vn 0.5374 -0.7010 0.4689
vn 0.7218 -0.4210 0.5494
vn 0.6855 -0.6820 0.2548
vn 0.7941 -0.4688 0.3867
vn 0.7033 -0.2887 0.6497
vn 0.6582 -0.3408 0.6713
vn 0.7474 -0.3634 0.5562
vn 0.7036 -0.3513 0.6177
vn 0.7308 -0.4671 0.4977
vn 0.6641 -0.4712 0.5805
vn 0.5393 -0.4366 0.7201
vn 0.5789 -0.3243 0.7482
vn 0.5928 -0.3145 0.7414
vn 0.6348 -0.3580 0.6848
vn 0.6115 -0.4305 0.6639
vn 0.6009 -0.4493 0.6611
vn 0.6140 -0.4129 0.6727
vn 0.5780 -0.4689 0.6678
vn 0.6152 -0.3675 0.6975
vn 0.5039 -0.4692 0.7252
vn 0.6033 -0.4881 0.6307
vn 0.6644 -0.4034 0.6291
vn 0.4413 -0.4708 0.7639
vn 0.4330 -0.4619 0.7741
vn 0.3979 -0.4332 0.8087
vn 0.4904 -0.4012 0.7737
vn 0.3810 -0.5413 0.7495
vn 0.5103 -0.4287 0.7455
vn 0.4339 -0.4380 0.7873
vn 0.3919 -0.4888 0.7794
vn 0.3021 -0.7825 0.5445
vn 0.5226 -0.5104 0.6829
vn 0.5329 -0.3829 0.7546
vn 0.3239 -0.6123 0.7212
vn 0.2010 -0.9597 0.1965
vn 0.3863 -0.8971 0.2143
vn 0.4583 -0.7606 0.4598
vn 0.2372 -0.9300 0.2808
vn 0.2846 -0.9424 0.1758
vn 0.2688 -0.9360 0.2272
vn 0.3464 -0.9251 0.1555
vn 0.2711 -0.9492 0.1597
vn 0.3097 -0.8536 0.4188
vn 0.4177 -0.8387 0.3495
vn 0.2895 -0.9010 0.3230
vn 0.2622 -0.8976 0.3543
vn 0.4176 -0.9036 0.0953
vn 0.6134 -0.7897 0.0110
vn 0.5312 -0.8061 0.2609
vn 0.3691 -0.8854 0.2824
vn 0.4584 -0.8564 -0.2377
vn 0.5716 -0.7975 -0.1930
vn 0.6192 -0.7784 -0.1036
vn 0.4716 -0.8788 -0.0722
vn 0.4577 -0.8890 -0.0140
vn 0.4357 -0.8984 0.0552
vn 0.4894 -0.8584 -0.1538
vn 0.4515 -0.8672 -0.2102
vn 0.2912 -0.9339 -0.2073
vn 0.2447 -0.9531 -0.1780
vn 0.3541 -0.9342 -0.0436
vn 0.3407 -0.9317 -0.1258
vn 0.2604 -0.9532 -0.1534
vn 0.3545 -0.9298 -0.0987
vn 0.5747 -0.7066 0.4129
vn 0.5361 -0.7460 0.3950
vn 0.5455 -0.7388 0.3956
vn 0.6366 -0.6177 0.4617
vn 0.5210 -0.7275 0.4465
vn 0.5845 -0.7130 0.3873
vn 0.7201 -0.6566 0.2242
vn 0.7443 -0.6306 0.2200
vn 0.8044 -0.4598 0.3762
vn 0.4788 -0.7551 0.4478
vn 0.6078 -0.7238 0.3266
vn 0.5226 -0.6772 0.5179
vn 0.6495 -0.6371 0.4151
vn 0.6950 -0.5977 0.3997
vn 0.6878 -0.6660 0.2888
vn 0.5308 -0.5432 0.6505
vn 0.6993 -0.4868 0.5234
vn 0.4527 -0.6155 0.6451
vn 0.6537 -0.5648 0.5037
vn 0.7794 -0.5106 0.3630
vn 0.7478 -0.5284 0.4021
vn 0.4619 -0.7168 0.5224
vn 0.5211 -0.7269 0.4473
vn 0.5663 -0.6305 0.5308
vn 0.5656 -0.6753 0.4733
vn 0.6052 -0.6840 0.4072
vn 0.6965 -0.6102 0.3777
vn 0.5517 -0.6360 0.5395
vn 0.6032 -0.6033 0.5217
vn 0.4556 -0.6937 0.5579
vn 0.4773 -0.5914 0.6500
vn 0.5920 -0.4988 0.6330
vn 0.6318 -0.5011 0.5914
vn 0.4055 -0.5649 0.7186
vn 0.4353 -0.5455 0.7162
vn 0.3435 -0.5318 0.7740
vn 0.4733 -0.5298 0.7038
vn 0.6205 -0.4320 0.6545
vn 0.6036 -0.5967 0.5288
vn 0.2552 -0.5663 0.7837
vn 0.3734 -0.4588 0.8063
vn 0.1958 -0.4487 0.8720
vn 0.1614 -0.3305 0.9299
vn 0.2295 -0.1596 0.9601
vn 0.4232 -0.2350 0.8750
vn 0.2263 -0.2126 0.9506
vn 0.0454 -0.2076 0.9772
vn 0.2838 0.0099 0.9588
vn 0.0695 -0.0533 0.9962
vn 0.0688 -0.0665 0.9954
vn 0.1330 -0.1803 0.9746
vn 0.2961 0.1152 0.9482
vn 0.1731 0.0211 0.9847
vn 0.3964 0.0692 0.9155
vn 0.2936 -0.0740 0.9530
vn 0.1403 -0.1585 0.9773
vn 0.0660 -0.0580 0.9961
vn 0.5751 0.0142 0.8179
vn 0.3809 -0.0909 0.9201
vn 0.6673 0.0539 0.7428
vn 0.4241 0.0456 0.9045
vn 0.1050 0.0109 0.9944
vn 0.1366 -0.0645 0.9885
vn 0.6389 0.0879 0.7643
vn 0.4731 0.0721 0.8780
vn 0.5745 -0.0596 0.8164
vn 0.5014 -0.0206 0.8650
vn 0.2646 0.0245 0.9640
vn 0.1960 -0.0409 0.9798
vn 0.5159 0.1598 0.8416
vn 0.4644 0.2052 0.8615
vn 0.4939 0.2779 0.8239
vn 0.5145 0.1718 0.8401
vn 0.2487 0.0814 0.9652
vn 0.2296 0.1952 0.9535
vn 0.5465 0.0162 0.8373
vn 0.6207 -0.0897 0.7789
vn 0.6604 0.0822 0.7464
vn 0.7122 -0.0233 0.7016
vn 0.4909 -0.0109 0.8711
vn 0.3536 -0.1677 0.9202
vn 0.7305 0.2601 0.6314
vn 0.7588 0.2954 0.5804
vn 0.6898 0.5603 0.4585
vn 0.6660 0.6119 0.4267
vn 0.2932 0.7750 0.5599
vn 0.4740 0.4733 0.7425
vn 0.7166 -0.6243 0.3110
vn 0.8376 -0.3559 0.4146
vn 0.6659 -0.6881 0.2881
vn 0.4643 -0.7863 0.4076
vn 0.5648 -0.6106 0.5552
vn 0.6720 -0.3445 0.6555
vn 0.6995 -0.6350 0.3279
vn 0.7164 -0.5674 0.4059
vn 0.6820 -0.6077 0.4070
vn 0.5515 -0.7374 0.3900
vn 0.7171 -0.5970 0.3596
vn 0.7957 -0.5241 0.3037
vn 0.7465 -0.5457 0.3806
vn 0.6959 -0.6463 0.3132
vn 0.7984 -0.4719 0.3740
vn 0.6563 -0.5964 0.4621
vn 0.7186 -0.4312 0.5455
vn 0.7779 -0.4165 0.4705
vn 0.6366 -0.4567 0.6214
vn 0.6456 -0.5319 0.5479
vn 0.5878 -0.5977 0.5452
vn 0.6493 -0.4497 0.6133
vn 0.6151 -0.5458 0.5690
vn 0.5233 -0.1923 0.8301
vn 0.1942 0.0319 0.9804
vn 0.4534 -0.3467 0.8211
vn 0.3406 -0.0420 0.9393
vn 0.2721 -0.0879 0.9582
vn 0.0111 -0.0277 0.9996
vn 0.0582 0.0501 0.9971
vn 0.1860 -0.0844 0.9789
vn 0.0598 0.0080 0.9982
vn -0.1969 0.0580 0.9787
vn -0.0950 0.0514 0.9942
vn 0.0147 -0.0355 0.9993
vn -0.0369 -0.1778 0.9834
vn -0.1841 -0.1247 0.9750
vn -0.1473 -0.0315 0.9886
vn -0.0381 -0.0173 0.9991
vn -0.0781 0.0325 0.9964
vn -0.2666 0.0872 0.9598
vn -0.2252 -0.0212 0.9741
vn -0.0901 -0.0634 0.9939
vn -0.0903 0.0003 0.9959
vn -0.3138 -0.0150 0.9494
vn -0.3027 -0.0020 0.9531
vn -0.0137 0.1667 0.9859
vn -0.0159 0.0810 0.9966
vn -0.2601 0.0547 0.9640
vn -0.3047 0.0670 0.9501
vn -0.0296 -0.1224 0.9920
vn 0.0070 -0.0354 0.9993
vn -0.1968 -0.0832 0.9769
vn -0.2037 -0.0569 0.9774
vn 0.0611 0.5318 0.8447
vn 0.0818 0.8028 0.5907
vn 0.0408 0.7538 0.6558
vn -0.1058 0.3742 0.9213
vn 0.6357 -0.5523 0.5393
vn 0.5823 -0.3908 0.7128
vn 0.5954 -0.7266 0.3429
vn 0.6036 -0.7092 0.3643
vn 0.6252 -0.6282 0.4632
vn 0.5582 -0.4993 0.6627
vn 0.5657 -0.7588 0.3227
vn 0.6666 -0.6539 0.3579
vn 0.5569 -0.6771 0.4811
vn 0.5601 -0.7681 0.3104
vn 0.6576 -0.6698 0.3449
vn 0.6992 -0.5732 0.4274
vn 0.5241 -0.6479 0.5528
vn 0.5293 -0.6930 0.4895
vn 0.7412 -0.4133 0.5290
vn 0.7210 -0.2996 0.6248
vn 0.5896 -0.3015 0.7493
vn 0.5696 -0.4422 0.6928
vn 0.6349 -0.3900 0.6670
vn 0.4285 -0.4708 0.7712
vn 0.1675 -0.2090 0.9635
vn 0.4846 -0.2284 0.8444
vn 0.2413 -0.0578 0.9687
vn 0.0666 0.1708 0.9831
vn 0.0900 0.1798 0.9796
vn 0.0222 0.0335 0.9992
vn -0.0174 0.1350 0.9907
vn -0.1095 0.1043 0.9885
vn 0.0026 0.2282 0.9736
vn 0.0903 0.2209 0.9711
vn -0.2096 0.2035 0.9564
vn -0.3073 0.1234 0.9436
vn -0.1972 0.2369 0.9513
vn -0.1115 0.3225 0.9400
vn -0.3674 -0.0178 0.9299
vn -0.3751 -0.0841 0.9231
vn -0.3304 -0.0374 0.9431
vn -0.2725 0.0531 0.9607
vn -0.3351 -0.0520 0.9407
vn -0.3029 0.0904 0.9487
vn -0.2984 0.0014 0.9544
vn -0.3585 -0.1226 0.9254
vn -0.2801 0.0546 0.9584
vn -0.3497 0.0310 0.9363
vn -0.3007 0.1411 0.9432
vn -0.2464 0.0678 0.9668
vn -0.3627 0.0122 0.9318
vn -0.3016 -0.0197 0.9532
vn -0.3224 -0.0923 0.9421
vn -0.3505 0.0622 0.9345
vn -0.2870 -0.0262 0.9576
vn -0.3059 -0.0479 0.9509
vn -0.3059 -0.0120 0.9520
vn -0.2989 -0.0129 0.9542
vn -0.2536 0.1061 0.9615
vn -0.1435 0.6143 0.7759
vn -0.2085 0.3940 0.8951
vn -0.2879 -0.0521 0.9562
vn 0.6113 -0.6299 0.4792
vn 0.6308 -0.5547 0.5425
vn 0.5330 -0.7138 0.4544
vn 0.6310 -0.6614 0.4054
vn 0.6282 -0.5942 0.5022
vn 0.6771 -0.5093 0.5312
vn 0.4602 -0.7819 0.4205
vn 0.4783 -0.7016 0.5281
vn 0.5978 -0.6342 0.4903
vn 0.6148 -0.6951 0.3725
vn 0.4376 -0.6603 0.6103
vn 0.3696 -0.6963 0.6153
vn 0.4672 -0.6302 0.6201
vn 0.5591 -0.5709 0.6013
vn 0.4217 -0.4700 0.7754
vn 0.3731 -0.2332 0.8980
vn 0.1283 0.0006 0.9917
vn 0.3588 -0.4105 0.8383
vn 0.1977 -0.0212 0.9800
vn 0.0043 0.0278 0.9996
vn -0.1561 0.0598 0.9859
vn -0.1149 0.1526 0.9816
vn -0.0267 -0.0079 0.9996
vn -0.0252 0.1530 0.9879
vn -0.2378 0.1700 0.9563
vn -0.1910 0.0184 0.9814
vn -0.0703 0.2740 0.9592
vn -0.1765 0.3120 0.9335
vn -0.2889 0.3470 0.8923
vn -0.2727 0.3026 0.9133
vn -0.2326 0.3622 0.9026
vn -0.2725 0.2923 0.9167
vn -0.3537 0.3258 0.8768
vn -0.3190 0.3690 0.8730
vn -0.3348 0.1315 0.9331
vn -0.3641 0.0188 0.9312
vn -0.3937 0.0464 0.9181
vn -0.3686 0.1815 0.9117
vn -0.4103 -0.0657 0.9096
vn -0.4266 -0.0924 0.8997
vn -0.4685 -0.0634 0.8812
vn -0.4302 0.0371 0.9020
vn -0.4208 0.0448 0.9060
vn -0.3808 0.1564 0.9113
vn -0.4254 0.0284 0.9046
vn -0.4794 -0.0138 0.8775
vn -0.3376 0.0679 0.9388
vn -0.2811 -0.1389 0.9496
vn -0.2111 -0.1488 0.9661
vn -0.3202 -0.0464 0.9462
vn -0.2467 -0.0937 0.9645
vn -0.1805 -0.0284 0.9832
vn -0.1293 -0.0765 0.9887
vn -0.1700 -0.1882 0.9673
vn -0.1512 -0.1085 0.9825
vn -0.1297 0.1974 0.9717
vn -0.1208 0.0561 0.9911
vn -0.1321 -0.0826 0.9878
vn 0.6438 -0.5559 0.5259
vn 0.7395 -0.3474 0.5766
vn 0.6308 -0.6920 0.3510
vn 0.6999 -0.5805 0.4162
vn 0.8027 -0.3827 0.4574
vn 0.8213 -0.2893 0.4917
vn 0.6552 -0.6553 0.3760
vn 0.6675 -0.5617 0.4889
vn 0.4756 -0.5993 0.6440
vn 0.5519 -0.6662 0.5016
vn 0.6080 -0.4559 0.6500
vn 0.4050 -0.4462 0.7980
vn 0.1744 -0.1363 0.9752
vn 0.4394 -0.3180 0.8401
vn 0.1141 -0.2020 0.9727
vn -0.0493 0.1767 0.9830
vn -0.0714 0.1627 0.9841
vn -0.0562 0.0152 0.9983
vn -0.1036 0.2397 0.9653
vn -0.2185 0.1248 0.9678
vn -0.1283 0.2174 0.9676
vn -0.0650 0.3062 0.9497
vn -0.3014 0.0770 0.9504
vn -0.3211 0.2054 0.9245
vn -0.3352 0.2521 0.9078
vn -0.2386 0.1756 0.9551
vn -0.3098 0.2963 0.9035
vn -0.3043 0.3703 0.8776
vn -0.3699 0.3502 0.8605
vn -0.3748 0.2897 0.8807
vn -0.2961 0.3782 0.8771
vn -0.2777 0.3569 0.8919
vn -0.3260 0.3391 0.8825
vn -0.3443 0.3405 0.8750
vn -0.2914 0.2128 0.9326
vn -0.2851 0.0563 0.9568
vn -0.2021 0.0735 0.9766
vn -0.2488 0.1360 0.9590
vn -0.2869 0.0876 0.9539
vn -0.2939 0.0278 0.9554
vn -0.2312 0.0636 0.9708
vn -0.2253 0.1000 0.9691
vn -0.3662 -0.0592 0.9286
vn -0.3234 -0.0718 0.9435
vn -0.3108 -0.1146 0.9435
vn -0.2698 0.0034 0.9629
vn -0.2143 -0.1837 0.9593
vn -0.1716 -0.1735 0.9698
vn -0.2475 -0.1709 0.9537
vn -0.2714 -0.2311 0.9343
vn -0.1881 -0.1803 0.9655
vn -0.2252 -0.0976 0.9694
vn -0.2797 -0.0966 0.9552
vn -0.2606 -0.1377 0.9556
vn -0.2131 -0.0595 0.9752
vn -0.1845 -0.0480 0.9817
vn -0.1668 -0.1004 0.9809
vn -0.2474 -0.0880 0.9649
vn 0.6306 -0.3700 0.6822
vn 0.6727 -0.4056 0.6188
vn 0.6332 -0.4882 0.6006
vn 0.5424 -0.4906 0.6819
vn 0.5306 -0.3687 0.7632
vn 0.6024 -0.4134 0.6828
vn 0.5498 -0.5578 0.6217
vn 0.4058 -0.5452 0.7336
vn 0.3920 -0.2831 0.8753
vn 0.5147 -0.4823 0.7088
vn 0.2548 -0.1854 0.9491
vn 0.0660 0.1119 0.9915
vn 0.0388 0.1937 0.9803
vn 0.1569 -0.0115 0.9875
vn -0.0780 0.1240 0.9892
vn -0.1805 0.1757 0.9678
vn -0.1554 0.2085 0.9656
vn -0.0563 0.2640 0.9629
vn -0.1845 0.2865 0.9402
vn -0.2042 0.2876 0.9357
vn -0.2688 0.3481 0.8981
vn -0.1985 0.2858 0.9375
vn -0.2803 0.2833 0.9172
vn -0.3592 0.3235 0.8754
vn -0.3479 0.3820 0.8562
vn -0.3302 0.3288 0.8848
vn -0.3943 0.3005 0.8684
vn -0.3579 0.3076 0.8816
vn -0.3285 0.2786 0.9025
vn -0.3667 0.2740 0.8891
vn -0.3371 0.3225 0.8845
vn -0.1971 0.2116 0.9573
vn -0.1651 0.1120 0.9799
vn -0.2505 0.2519 0.9347
vn -0.1426 0.0760 0.9869
vn -0.1856 0.1300 0.9740
vn -0.3355 0.1818 0.9243
vn -0.2198 0.1624 0.9619
vn -0.2393 0.1321 0.9619
vn -0.2899 0.0956 0.9523
vn -0.3894 0.1501 0.9088
vn -0.3465 0.1568 0.9248
vn -0.3153 0.0548 0.9474
vn -0.3149 -0.0871 0.9451
vn -0.3102 -0.1174 0.9434
vn -0.3943 0.0464 0.9178
vn -0.3139 -0.2168 0.9244
vn -0.3330 -0.1897 0.9237
vn -0.2087 -0.1960 0.9581
vn -0.2056 -0.2432 0.9479
vn -0.3122 -0.1418 0.9394
vn -0.2662 -0.1338 0.9546
vn -0.1764 -0.2118 0.9613
vn -0.2408 -0.1654 0.9564
vn -0.2134 -0.1447 0.9662
vn -0.1594 -0.1412 0.9771
vn -0.1576 -0.1341 0.9784
vn -0.1149 -0.1953 0.9740
vn 0.4970 -0.3453 0.7960
vn 0.4994 -0.4989 0.7083
vn 0.4738 -0.4273 0.7700
vn 0.2408 -0.3383 0.9097
vn 0.2709 -0.3731 0.8873
vn 0.2643 -0.6243 0.7352
vn 0.3063 -0.4187 0.8549
vn 0.1814 -0.1454 0.9726
vn 0.0356 -0.0876 0.9955
vn 0.1503 -0.2662 0.9521
vn 0.1544 0.0802 0.9847
vn 0.1194 0.2223 0.9676
vn 0.1493 0.1791 0.9724
vn 0.0321 0.0123 0.9994
vn 0.1128 0.3160 0.9420
vn 0.0864 0.2558 0.9629
vn 0.2352 0.3122 0.9205
vn 0.2197 0.2860 0.9327
vn 0.0329 0.3367 0.9410
vn -0.0335 0.4058 0.9133
vn 0.1630 0.4706 0.8672
vn 0.2001 0.3918 0.8980
vn -0.1117 0.4181 0.9015
vn -0.1860 0.4455 0.8758
vn 0.0132 0.4900 0.8716
vn 0.0915 0.5026 0.8597
vn -0.2365 0.2653 0.9347
vn -0.2005 0.2096 0.9570
vn -0.0495 0.1639 0.9852
vn -0.0202 0.3016 0.9532
vn -0.1533 0.2121 0.9651
vn -0.2622 0.1717 0.9496
vn -0.1833 0.3387 0.9229
vn -0.0851 0.2536 0.9636
vn -0.3456 0.2578 0.9023
vn -0.3485 0.2080 0.9140
vn -0.3724 0.2263 0.9001
vn -0.3054 0.3220 0.8961
vn -0.3728 0.1815 0.9100
vn -0.3713 0.1760 0.9117
vn -0.2411 0.1017 0.9652
vn -0.3462 0.1624 0.9240
vn -0.3233 -0.0078 0.9463
vn -0.1905 -0.2215 0.9564
vn -0.0440 -0.3019 0.9523
vn -0.1081 -0.0908 0.9900
vn -0.0753 -0.2956 0.9523
vn -0.0788 -0.1705 0.9822
vn -0.0420 -0.1819 0.9824
vn -0.0575 -0.2981 0.9528
vn -0.0986 -0.1637 0.9816
vn -0.0992 -0.2564 0.9615
vn -0.0529 -0.2326 0.9711
vn -0.0202 -0.1674 0.9857
vn -0.0450 -0.2409 0.9695
vn -0.0054 -0.1082 0.9941
vn -0.0296 -0.1268 0.9915
vn -0.0911 -0.2730 0.9577
vn 0.2128 -0.4642 0.8598
vn 0.0393 -0.7387 0.6728
vn 0.2500 -0.2836 0.9258
vn 0.2490 -0.3810 0.8904
vn 0.0035 -0.6964 0.7176
vn -0.2085 -0.8337 0.5113
vn 0.1261 -0.1109 0.9858
vn -0.0508 0.0468 0.9976
vn 0.1238 0.1621 0.9790
vn 0.2518 0.0162 0.9676
vn -0.0790 -0.1277 0.9887
vn 0.1178 -0.0227 0.9928
vn 0.0656 -0.1901 0.9796
vn 0.0857 -0.2375 0.9676
vn 0.1923 0.2807 0.9403
vn 0.1715 0.3200 0.9318
vn -0.0018 0.3575 0.9339
vn 0.0430 0.3161 0.9478
vn 0.1467 0.4078 0.9012
vn 0.1082 0.4925 0.8636
vn 0.0547 0.4985 0.8652
vn 0.0047 0.4008 0.9161
vn 0.0672 0.5518 0.8313
vn 0.0332 0.5090 0.8601
vn 0.0624 0.5185 0.8528
vn 0.0629 0.5622 0.8246
vn 0.0107 0.3335 0.9427
vn -0.0374 0.2134 0.9762
vn 0.0067 0.2290 0.9734
vn 0.0239 0.3716 0.9281
vn -0.0451 0.2543 0.9661
vn -0.0353 0.4247 0.9047
vn 0.1139 0.4003 0.9093
vn 0.0592 0.1931 0.9794
vn -0.1401 0.4596 0.8770
vn -0.2326 0.2686 0.9347
vn 0.1268 0.3293 0.9357
vn 0.1450 0.5024 0.8524
vn -0.2219 0.0771 0.9720
vn -0.0880 -0.0615 0.9942
vn 0.0435 -0.1438 0.9887
vn 0.0785 0.0540 0.9954
vn 0.0326 -0.1707 0.9848
vn 0.0020 -0.2720 0.9623
vn -0.0145 -0.2510 0.9679
vn -0.0076 -0.1546 0.9880
vn -0.0405 -0.3045 0.9516
vn -0.0584 -0.1966 0.9787
vn -0.0763 -0.1868 0.9794
vn -0.0358 -0.2637 0.9639
vn -0.0397 -0.1815 0.9826
vn -0.0183 -0.2117 0.9772
vn 0.0105 -0.2324 0.9726
vn -0.0578 -0.2200 0.9738
vn -0.0458 -0.2437 0.9688
vn -0.1054 -0.1817 0.9777
vn -0.1160 -0.0784 0.9902
vn 0.0248 -0.2119 0.9770
vn -0.0929 -0.8170 0.5691
vn -0.1056 -0.8773 0.4681
vn 0.0354 -0.6160 0.7869
vn -0.1174 -0.6889 0.7153
vn -0.0338 -0.7998 0.5993
vn 0.0504 -0.8521 0.5209
vn 0.2118 -0.0465 0.9762
vn 0.2613 0.1801 0.9483
vn 0.0366 0.1582 0.9867
vn -0.1006 -0.2294 0.9681
vn 0.1957 -0.0454 0.9796
vn -0.0480 0.0137 0.9988
vn -0.0293 0.2103 0.9772
vn 0.0937 0.1139 0.9891
vn -0.1659 0.3296 0.9294
vn -0.1257 0.3202 0.9390
vn -0.2238 0.1979 0.9543
vn -0.1936 0.4131 0.8899
vn 0.0242 0.2983 0.9542
vn 0.0918 0.4774 0.8739
vn -0.1249 0.4830 0.8667
vn -0.1909 0.1650 0.9676
vn 0.0706 0.5695 0.8190
vn 0.0367 0.5503 0.8342
vn 0.0507 0.5475 0.8353
vn -0.0391 0.5523 0.8327
vn 0.0086 0.4068 0.9135
vn 0.0358 0.1796 0.9831
vn 0.0574 0.1678 0.9841
vn 0.0585 0.3934 0.9175
vn 0.0786 0.1463 0.9861
vn 0.1471 0.3249 0.9342
vn 0.1048 0.2601 0.9599
vn 0.0653 0.1079 0.9920
vn 0.2423 0.4438 0.8628
vn 0.2473 0.4001 0.8825
vn 0.2375 0.4133 0.8791
vn 0.1580 0.3703 0.9154
vn 0.1319 0.1330 0.9823
vn 0.0223 -0.0984 0.9949
vn 0.1858 -0.0700 0.9801
vn 0.2238 0.2373 0.9453
vn 0.0274 -0.1534 0.9878
vn 0.0476 -0.2529 0.9663
vn 0.2043 -0.1773 0.9627
vn 0.2247 -0.2027 0.9531
vn 0.0102 -0.2363 0.9716
vn 0.0343 -0.2048 0.9782
vn 0.2083 -0.2372 0.9489
vn 0.1723 -0.2153 0.9612
vn 0.0755 -0.2224 0.9720
vn 0.0689 -0.2529 0.9650
vn 0.2125 -0.2529 0.9439
vn 0.2220 -0.1899 0.9564
vn 0.0645 -0.1638 0.9844
vn 0.0097 0.0214 0.9997
vn 0.2341 0.1089 0.9661
vn 0.2460 -0.0937 0.9647
vn 0.0342 -0.7475 0.6634
vn 0.0831 -0.8123 0.5773
vn -0.0961 -0.5760 0.8118
vn -0.0739 -0.4231 0.9031
vn -0.0399 -0.7576 0.6515
vn -0.0110 -0.7650 0.6439
vn -0.2536 -0.1784 0.9507
vn -0.2207 0.0860 0.9715
vn -0.2466 0.0519 0.9677
vn -0.1818 -0.0597 0.9815
vn -0.1418 0.1293 0.9814
vn -0.1076 0.3044 0.9464
vn -0.1453 0.2711 0.9515
vn -0.2430 0.1028 0.9646
vn -0.0844 0.4263 0.9006
vn -0.1308 0.1633 0.9779
vn -0.0696 0.2734 0.9594
vn -0.0548 0.3982 0.9157
vn -0.1764 0.2379 0.9552
vn -0.1438 0.4385 0.8871
vn 0.0907 0.3282 0.9402
vn -0.0687 0.2065 0.9760
vn -0.0182 0.4546 0.8905
vn 0.1413 0.4748 0.8687
vn 0.2412 0.3618 0.9005
vn 0.1906 0.3298 0.9246
vn 0.2065 0.4151 0.8861
vn 0.1126 0.2353 0.9654
vn 0.2484 0.3541 0.9016
vn 0.2805 0.3966 0.8741
vn 0.0306 0.1062 0.9939
vn -0.0045 0.2621 0.9650
vn -0.0002 0.2738 0.9618
vn 0.0986 0.2207 0.9703
vn 0.0043 0.3301 0.9439
vn 0.0790 0.3296 0.9408
vn 0.0889 0.2274 0.9697
vn 0.0215 0.2820 0.9592
vn 0.2067 0.2294 0.9511
vn 0.2528 -0.1183 0.9603
vn 0.2425 -0.1571 0.9573
vn 0.1734 0.1148 0.9781
vn 0.2446 -0.1955 0.9497
vn 0.2562 -0.1418 0.9562
vn 0.2054 -0.1854 0.9610
vn 0.2229 -0.1456 0.9639
vn 0.2573 -0.2348 0.9374
vn 0.2422 -0.2076 0.9478
vn 0.2296 -0.1989 0.9527
vn 0.2099 -0.2482 0.9457
vn 0.2501 -0.2102 0.9451
vn 0.2501 -0.2322 0.9400
vn 0.1146 -0.1253 0.9855
vn 0.2195 -0.2520 0.9425
vn 0.1534 0.0284 0.9877
vn 0.1221 0.1224 0.9849
vn -0.0075 0.1058 0.9944
vn 0.0173 0.0629 0.9979
vn -0.1448 -0.7379 0.6591
vn -0.1015 -0.7319 0.6738
vn -0.2706 -0.3435 0.8993
vn -0.5793 -0.1564 0.8000
vn -0.4313 -0.5390 0.7235
vn -0.3091 -0.7381 0.5997
vn -0.3304 0.0529 0.9424
vn -0.3809 0.0754 0.9215
vn -0.5514 0.1014 0.8281
vn -0.5720 0.1035 0.8137
vn -0.3351 0.0322 0.9416
vn -0.2278 0.1362 0.9641
vn -0.4749 0.0679 0.8774
vn -0.5431 -0.0365 0.8389
vn -0.1180 0.3879 0.9141
vn -0.1407 0.3241 0.9355
vn -0.1784 0.3010 0.9368
vn -0.3122 0.3516 0.8826
vn -0.1507 0.1451 0.9779
vn -0.0643 0.1536 0.9860
vn 0.0088 0.0546 0.9985
vn -0.0611 0.0837 0.9946
vn 0.1105 0.2545 0.9607
vn 0.2233 0.2923 0.9299
vn 0.0235 0.3107 0.9502
vn 0.0467 0.1873 0.9812
vn 0.2547 0.3820 0.8883
vn 0.2637 0.4081 0.8741
vn 0.0552 0.4220 0.9049
vn -0.0033 0.4236 0.9058
vn 0.1940 0.3926 0.8990
vn 0.0859 0.2957 0.9514
vn 0.1495 0.3190 0.9359
vn 0.1249 0.4627 0.8777
vn 0.1071 0.1864 0.9766
vn 0.1904 0.1479 0.9705
vn 0.1257 0.1396 0.9822
vn 0.1407 0.1262 0.9820
vn 0.2383 -0.0138 0.9711
vn 0.2209 -0.1532 0.9632
vn 0.0741 -0.1846 0.9800
vn 0.0805 -0.0321 0.9962
vn 0.2104 -0.0914 0.9733
vn 0.1639 -0.2043 0.9651
vn 0.1787 -0.1563 0.9714
vn 0.1627 -0.1418 0.9764
vn 0.1239 -0.2407 0.9626
vn 0.1168 -0.2475 0.9618
vn 0.0672 -0.2493 0.9661
vn 0.1123 -0.2136 0.9704
vn 0.0896 -0.2353 0.9678
vn 0.0692 -0.0460 0.9965
vn 0.0176 -0.0011 0.9998
vn 0.0334 -0.2162 0.9758
vn -0.0036 0.1526 0.9883
vn -0.1161 0.1338 0.9842
vn -0.1217 0.2504 0.9605
vn -0.0174 0.2448 0.9694
vn -0.7597 -0.2896 0.5823
vn -0.7136 -0.5964 0.3675
vn -0.6872 -0.0583 0.7242
vn -0.6532 -0.1660 0.7388
vn -0.7693 -0.3404 0.5406
vn -0.7837 -0.5428 0.3021
vn -0.5665 0.0345 0.8233
vn -0.5229 0.1135 0.8448
vn -0.5829 0.1720 0.7942
vn -0.6004 -0.0296 0.7991
vn -0.6307 -0.0001 0.7760
vn -0.6489 0.0584 0.7586
vn -0.6881 0.0691 0.7223
vn -0.6551 0.0768 0.7516
vn -0.5237 0.2584 0.8118
vn -0.4350 0.2273 0.8713
vn -0.7191 0.2077 0.6632
vn -0.6814 0.2200 0.6980
vn -0.3370 -0.0422 0.9406
vn -0.1884 -0.1139 0.9755
vn -0.7088 -0.2020 0.6758
vn -0.7607 -0.1649 0.6278
vn -0.0893 0.2043 0.9748
vn -0.1795 0.4464 0.8766
vn -0.4924 0.4863 0.7219
vn -0.6393 0.1884 0.7455
vn -0.2876 0.4446 0.8483
vn -0.2400 0.3667 0.8989
vn -0.2575 0.2789 0.9252
vn -0.3583 0.3593 0.8617
vn -0.0984 0.4197 0.9023
vn 0.0452 0.2989 0.9532
vn -0.0779 0.2025 0.9762
vn -0.1712 0.3317 0.9277
vn 0.0825 0.1459 0.9858
vn 0.0965 0.1429 0.9850
vn 0.1010 0.0570 0.9932
vn 0.0053 0.1251 0.9921
vn 0.0862 -0.0033 0.9963
vn 0.0524 -0.1960 0.9792
vn 0.0935 -0.1179 0.9886
vn 0.1647 -0.0013 0.9863
vn 0.0551 -0.2300 0.9716
vn 0.1005 -0.1453 0.9843
vn -0.1908 -0.1381 0.9719
vn -0.0366 -0.2199 0.9748
vn 0.0447 -0.1512 0.9875
vn -0.1508 -0.1952 0.9691
vn -0.3428 -0.1052 0.9335
vn -0.2805 -0.0581 0.9581
vn -0.2084 -0.2453 0.9468
vn -0.1841 -0.0522 0.9815
vn -0.3015 -0.1902 0.9343
vn -0.3582 -0.2575 0.8974
vn -0.0850 0.2210 0.9715
vn 0.0159 0.2946 0.9555
vn -0.2021 0.2762 0.9396
vn -0.2027 0.0751 0.9764
vn -0.7462 -0.4169 0.5190
vn -0.7092 -0.6165 0.3419
vn -0.7625 -0.1516 0.6290
vn -0.7534 -0.0642 0.6544
vn -0.7721 -0.4105 0.4851
vn -0.7386 -0.6080 0.2911
vn -0.7792 0.0490 0.6249
vn -0.7387 0.1703 0.6522
vn -0.7797 0.1362 0.6111
vn -0.7522 0.1421 0.6434
vn -0.7487 0.1337 0.6492
vn -0.8046 0.1430 0.5763
vn -0.7563 0.1432 0.6384
vn -0.7702 0.1888 0.6092
vn -0.8141 0.2202 0.5373
vn -0.7991 0.1849 0.5721
vn -0.6959 0.2087 0.6872
vn -0.7153 0.1877 0.6731
vn -0.8262 -0.1951 0.5286
vn -0.8685 -0.1497 0.4725
vn -0.9154 -0.0091 0.4024
vn -0.8282 -0.0821 0.5543
vn -0.8754 0.1821 0.4479
vn -0.7867 0.3250 0.5248
vn -0.9476 0.1644 0.2739
vn -0.9336 0.2068 0.2927
vn -0.6795 0.2474 0.6907
vn -0.5885 0.2026 0.7827
vn -0.9326 0.1374 0.3336
vn -0.9444 0.1178 0.3070
vn -0.4709 0.2110 0.8566
vn -0.2485 0.0347 0.9680
vn -0.8181 -0.1090 0.5646
vn -0.9130 0.0378 0.4061
vn -0.0842 0.0440 0.9955
vn -0.0371 -0.0271 0.9989
vn -0.6411 -0.1097 0.7595
vn -0.7168 -0.0838 0.6923
vn -0.0409 -0.0256 0.9988
vn 0.0092 -0.0639 0.9979
vn -0.3826 -0.1853 0.9051
vn -0.5326 -0.1393 0.8348
vn -0.0508 -0.0818 0.9954
vn -0.2047 -0.0191 0.9786
vn -0.1717 0.0689 0.9827
vn -0.2604 -0.0831 0.9619
vn -0.3633 0.0194 0.9315
vn -0.3838 -0.0777 0.9201
vn -0.3621 -0.0112 0.9321
vn -0.2310 0.1810 0.9560
vn -0.3311 -0.2779 0.9018
vn -0.3611 -0.2208 0.9060
vn -0.5346 -0.1587 0.8301
vn -0.3716 -0.2827 0.8843
vn -0.5066 0.0331 0.8616
vn -0.6506 0.2934 0.7004
vn -0.8614 0.2738 0.4278
vn -0.7611 0.0927 0.6419
vn -0.7982 -0.4533 0.3967
vn -0.7935 -0.5809 0.1814
vn -0.7849 -0.0408 0.6183
vn -0.9615 0.0964 0.2572
vn -0.9372 -0.2961 0.1842
vn -0.8154 -0.5734 0.0801
vn -0.7785 0.1946 0.5967
vn -0.7951 0.0933 0.5993
vn -0.9217 0.0594 0.3834
vn -0.9449 0.1244 0.3028
vn -0.7273 0.1543 0.6687
vn -0.6817 0.1634 0.7132
vn -0.9024 0.1380 0.4081
vn -0.9077 0.1146 0.4037
vn -0.7061 0.1667 0.6882
vn -0.7427 0.2723 0.6118
vn -0.8837 0.2854 0.3709
vn -0.8878 0.2248 0.4016
vn -0.8678 0.1297 0.4797
vn -0.9292 0.1926 0.3155
vn -0.9145 0.2652 0.3054
vn -0.9112 0.2433 0.3324
vn -0.9402 0.2329 0.2487
vn -0.9635 0.1339 0.2319
vn -0.8725 0.1401 0.4681
vn -0.8916 0.2104 0.4011
vn -0.9682 0.0752 0.2388
vn -0.9607 0.1002 0.2588
vn -0.8483 0.0779 0.5237
vn -0.8582 0.0680 0.5088
vn -0.9590 0.0141 0.2831
vn -0.9693 -0.0850 0.2309
vn -0.8990 -0.0097 0.4379
vn -0.8588 0.0510 0.5098
vn -0.9708 -0.1371 0.1971
vn -0.9411 -0.2161 0.2601
vn -0.8928 -0.2837 0.3499
vn -0.9055 -0.1218 0.4064
vn -0.8512 -0.2877 0.4390
vn -0.7400 -0.2941 0.6049
vn -0.8363 -0.3655 0.4086
vn -0.8659 -0.3881 0.3156
vn -0.7106 -0.1828 0.6794
vn -0.6866 0.0268 0.7265
vn -0.9081 -0.0256 0.4179
vn -0.8719 -0.1969 0.4484
vn -0.6064 0.2389 0.7584
vn -0.5784 -0.0086 0.8157
vn -0.8680 -0.0290 0.4957
vn -0.9068 0.0756 0.4148
vn -0.6715 -0.2040 0.7124
vn -0.7784 -0.0751 0.6233
vn -0.9581 -0.0235 0.2856
vn -0.8907 -0.0934 0.4449
vn -0.8809 0.1989 0.4295
vn -0.9267 0.2879 0.2415
vn -0.9658 0.2535 0.0542
vn -0.9728 0.1900 0.1326
vn 0.5787 -0.5935 0.5593
vn 0.6072 -0.3997 0.6867
vn 0.6665 -0.6320 0.3955
vn 0.6804 -0.5169 0.5195
vn 0.7333 -0.2778 0.6205
vn 0.6862 -0.6847 0.2457
vn 0.5969 -0.7609 0.2543
vn 0.5497 -0.7615 0.3436
vn 0.5616 -0.6972 0.4456
vn 0.4685 -0.6801 0.5639
vn 0.4047 -0.6195 0.6726
vn 0.4825 -0.6048 0.6336
vn 0.5082 -0.6543 0.5601
vn 0.4619 -0.6787 0.5709
vn 0.4100 -0.7310 0.5455
vn 0.3545 -0.6673 0.6550
vn 0.2568 -0.5769 0.7754
vn 0.2366 -0.5893 0.7725
vn 0.3240 -0.4548 0.8296
vn 0.4353 -0.1729 0.8835
vn 0.4724 0.0306 0.8809
vn 0.4584 0.1228 0.8802
vn 0.4674 0.1965 0.8619
vn 0.5302 0.1301 0.8379
vn 0.5941 0.1155 0.7961
vn 0.6278 0.0440 0.7771
vn 0.5848 -0.1325 0.8003
vn 0.5231 0.0785 0.8487
vn 0.3808 0.1425 0.9136
vn 0.3147 0.1054 0.9433
vn 0.3834 0.2079 0.8999
vn 0.4676 0.3816 0.7973
vn 0.4829 0.5780 0.6578
vn 0.4387 0.3743 0.8170
vn 0.3247 0.2406 0.9147
vn 0.3534 0.3784 0.8555
vn 0.5789 0.4989 0.6450
vn 0.5802 0.6342 0.5110
vn 0.3661 0.6292 0.6856
vn 0.1448 0.7937 0.5908
vn 0.2044 0.7726 0.6010
vn 0.0903 0.7818 0.6170
vn 0.1116 0.7929 0.5990
vn 0.0237 0.7476 0.6637
vn 0.0588 0.8166 0.5742
vn 0.0197 0.8109 0.5849
vn 0.0835 0.7180 0.6911
vn 0.0877 0.7169 0.6916
vn -0.0014 0.7147 0.6994
vn -0.0482 0.5720 0.8188
vn -0.0398 0.7479 0.6627
vn -0.0898 0.8306 0.5496
vn -0.0377 0.5022 0.8640
vn -0.1670 0.4475 0.8786
vn -0.1168 0.8784 0.4634
vn -0.0672 0.8225 0.5648
vn -0.1627 0.3936 0.9048
vn -0.1840 0.3616 0.9140
vn -0.1691 0.7411 0.6497
vn -0.1935 0.6870 0.7004
vn -0.2414 0.3074 0.9204
vn -0.0277 0.2467 0.9687
vn -0.0732 0.6677 0.7408
vn 0.0240 0.7294 0.6837
vn 0.0510 0.2799 0.9587
vn -0.1801 0.2481 0.9519
vn -0.1806 0.7498 0.6366
vn -0.2752 0.7028 0.6560
vn -0.2479 0.2281 0.9415
vn -0.0330 0.2324 0.9721
vn -0.0215 0.7120 0.7019
vn 0.2253 0.7103 0.6669
vn 0.2128 0.2466 0.9455
vn 0.1141 0.2856 0.9515
vn 0.0919 0.7377 0.6689
vn -0.0941 0.7941 0.6004
vn -0.0087 0.2918 0.9565
vn -0.2356 0.3149 0.9194
vn -0.2332 0.7943 0.5610
vn -0.1826 0.7598 0.6240
vn -0.2076 0.3114 0.9273
vn 0.0315 0.3859 0.9220
vn -0.0957 0.7925 0.6023
vn -0.4840 0.7577 0.4378
vn -0.4064 0.4749 0.7806
vn -0.7375 0.4423 0.5103
vn -0.6453 0.6189 0.4478
vn -0.7967 0.3959 0.4567
vn -0.8614 0.3371 0.3798
vn -0.9515 0.2119 0.2230
vn -0.9316 0.1539 0.3292
vn -0.9093 0.0679 0.4105
vn -0.9717 0.1342 0.1945
vn -0.9454 0.0785 0.3162
vn -0.9391 0.2780 0.2021
vn -0.9006 -0.0436 0.4324
vn -0.9664 0.2014 0.1596
vn -0.9648 0.0806 0.2504
vn -0.9424 0.0115 0.3343
vn -0.9307 -0.0365 0.3640
vn -0.9256 0.0508 0.3752
vn -0.9267 -0.0473 0.3729
vn -0.9212 -0.2230 0.3188
vn -0.8783 -0.4073 0.2504
vn -0.9065 -0.3468 0.2409
vn -0.9234 -0.2206 0.3140
vn -0.9439 -0.1113 0.3109
vn -0.9168 0.1279 0.3784
vn -0.8364 0.1284 0.5328
vn -0.7767 0.0951 0.6227
vn -0.7537 0.0751 0.6530
vn -0.7844 0.0828 0.6147
vn -0.8590 0.1117 0.4997
vn -0.9006 0.1809 0.3951
vn -0.8892 0.2853 0.3576
vn -0.9130 0.2612 0.3135
vn -0.9559 0.1859 0.2275
vn -0.9698 0.1428 0.1976
vn -0.9641 0.1190 0.2375
vn -0.9802 0.0342 0.1950
vn -0.9874 0.0136 0.1577
vn -0.9865 0.0888 0.1378
vn -0.9971 -0.0435 0.0616
vn -0.8782 -0.4734 -0.0684
vn -0.9561 -0.2920 -0.0263
vn -0.8797 -0.4751 0.0191
vn -0.8290 -0.5355 -0.1614
vn -0.9311 -0.3453 -0.1175
vn -0.6589 -0.6861 0.3084
vn -0.6951 -0.6604 0.2841
vn -0.8239 -0.5124 0.2420
vn -0.7270 -0.6393 0.2504
vn -0.7325 -0.5962 0.3286
vn -0.7562 -0.6183 0.2141
vn -0.7185 -0.6525 0.2411
vn -0.7492 -0.5926 0.2958
vn -0.4127 -0.8556 0.3124
vn -0.3903 -0.8372 0.3830
vn -0.6533 -0.7231 0.2245
vn -0.5945 -0.7367 0.3222
vn 0.0870 -0.9290 0.3597
vn 0.0522 -0.7884 0.6129
vn -0.1485 -0.8086 0.5693
vn -0.1834 -0.9265 0.3284
vn 0.1491 -0.9087 0.3898
vn 0.1451 -0.8897 0.4329
vn 0.1666 -0.8239 0.5417
vn 0.1816 -0.9112 0.3699
vn -0.1962 -0.9258 0.3232
vn -0.2540 -0.9007 0.3525
vn -0.1060 -0.9225 0.3712
vn -0.1003 -0.9112 0.3995
vn 0.2138 -0.9453 0.2463
vn 0.2179 -0.8853 0.4109
vn -0.0617 -0.9215 0.3834
vn -0.0640 -0.9582 0.2788
vn 0.4534 -0.8287 0.3282
vn 0.5703 -0.6458 0.5076
vn 0.3795 -0.7925 0.4775
vn 0.2137 -0.9419 0.2593
vn 0.6913 -0.5803 0.4306
vn 0.7610 -0.4938 0.4209
vn 0.7264 -0.5496 0.4127
vn 0.7123 -0.6107 0.3460
vn 0.5597 -0.3717 0.7407
vn 0.6740 -0.4281 0.6020
vn 0.7925 -0.3984 0.4618
vn 0.7404 -0.4385 0.5095
vn 0.5588 -0.2976 0.7740
vn 0.5024 -0.3186 0.8038
vn 0.5166 -0.3854 0.7646
vn 0.4043 -0.3424 0.8481
vn 0.7294 -0.3258 0.6014
vn 0.7171 -0.3861 0.5802
vn 0.6042 -0.3638 0.7090
vn 0.6832 -0.2912 0.6696
vn 0.8243 -0.2145 0.5239
vn 0.8247 -0.2551 0.5048
vn 0.8550 -0.2691 0.4433
vn 0.8118 -0.2519 0.5269
vn 0.7617 -0.3497 0.5454
vn 0.7795 -0.2461 0.5760
vn -0.5827 -0.7847 -0.2113
vn -0.5087 -0.8296 -0.2302
vn -0.5639 -0.7383 -0.3700
vn -0.7294 -0.6708 -0.1340
vn -0.3776 -0.9016 -0.2110
vn -0.3735 -0.7935 -0.4805
vn -0.4747 -0.8446 -0.2477
vn -0.7019 -0.7110 -0.0430
vn -0.7821 -0.5898 0.2012
vn -0.2269 -0.9289 -0.2926
vn -0.2364 -0.8462 -0.4775
vn -0.4228 -0.8695 -0.2553
vn -0.3979 -0.8131 -0.4249
vn -0.3893 -0.8366 -0.3854
vn -0.2799 -0.8969 -0.3424
vn -0.6109 -0.7767 -0.1535
vn -0.6099 -0.7236 -0.3233
vn -0.6093 -0.7779 -0.1534
vn -0.6074 -0.7517 -0.2570
vn -0.5598 -0.7883 -0.2553
vn -0.5457 -0.7730 -0.3236
vn -0.5734 -0.7947 -0.1990
vn -0.5794 -0.7869 -0.2121
vn -0.5744 -0.8005 -0.1713
vn -0.4918 -0.8588 -0.1434
vn -0.3779 -0.9116 -0.1617
vn -0.5198 -0.8263 -0.2168
vn -0.5708 -0.8178 -0.0736
vn -0.4121 -0.9108 -0.0234
vn -0.3864 -0.9187 -0.0815
vn -0.4454 -0.8953 0.0039
vn -0.5688 -0.7994 -0.1935
vn -0.4033 -0.9044 -0.1395
vn -0.3268 -0.9393 -0.1048
vn -0.4323 -0.8899 -0.1455
vn -0.4164 -0.9020 -0.1139
vn -0.4483 -0.8624 -0.2349
vn -0.4726 -0.8275 -0.3030
vn -0.5525 -0.7956 -0.2487
vn -0.4550 -0.8794 -0.1404
vn -0.5154 -0.8187 -0.2532
vn -0.4522 -0.8486 -0.2746
vn -0.5410 -0.7921 -0.2827
vn -0.5685 -0.7358 -0.3679
vn -0.5596 -0.7654 -0.3179
vn -0.5006 -0.7816 -0.3723
vn -0.5094 -0.8072 -0.2982
vn -0.5511 -0.7559 -0.3533
vn -0.5423 -0.7786 -0.3157
vn -0.4524 -0.8600 -0.2359
vn -0.5015 -0.7713 -0.3920
vn -0.4488 -0.8166 -0.3629
vn -0.3616 -0.8949 -0.2613
vn -0.1789 -0.9182 -0.3535
vn 0.0024 -0.9974 -0.0726
vn 0.2173 -0.9566 0.1943
vn -0.1501 -0.9885 -0.0186
vn 0.1913 -0.9630 -0.1896
vn 0.2804 -0.9523 0.1207
vn 0.3918 -0.9199 -0.0185
vn 0.3004 -0.9515 0.0669
vn 0.2017 -0.9598 0.1951
vn 0.2300 -0.9562 0.1813
vn 0.2022 -0.9764 -0.0759
vn 0.1479 -0.9876 -0.0533
vn 0.1134 -0.9868 -0.1155
vn 0.0451 -0.9904 -0.1310
vn -0.0272 -0.9933 0.1120
vn 0.1009 -0.9764 0.1912
vn 0.2103 -0.9589 -0.1907
vn 0.0859 -0.9654 -0.2463
vn 0.1408 -0.9363 -0.3217
vn 0.0247 -0.9263 -0.3760
vn -0.0605 -0.9953 -0.0759
vn -0.0319 -0.9992 0.0250
vn 0.0671 -0.9177 -0.3916
vn 0.1036 -0.9211 -0.3753
vn 0.3102 -0.8910 -0.3315
vn 0.4001 -0.8731 -0.2785
vn 0.3927 -0.8978 -0.1993
vn 0.1509 -0.9706 -0.1874
vn 0.3943 -0.8973 -0.1987
vn 0.4532 -0.8582 -0.2409
vn 0.3052 -0.9440 -0.1253
vn 0.3892 -0.8989 -0.2010
vn 0.4731 -0.8669 -0.1572
vn 0.4652 -0.8607 -0.2070
vn -0.6438 -0.6983 0.3129
vn -0.7801 -0.5568 0.2854
vn -0.5214 -0.8025 0.2901
vn -0.5764 -0.7704 0.2725
vn -0.6177 -0.7166 0.3240
vn -0.7871 -0.4876 0.3777
vn -0.5200 -0.8540 0.0144
vn -0.5247 -0.7829 -0.3343
vn -0.7218 -0.6918 -0.0216
vn -0.7296 -0.6352 0.2534
vn -0.4740 -0.7636 -0.4385
vn -0.5479 -0.7329 -0.4033
vn -0.5744 -0.6978 -0.4280
vn -0.5643 -0.7600 -0.3224
vn -0.5126 -0.7463 -0.4246
vn -0.3260 -0.8418 -0.4301
vn -0.3410 -0.8463 -0.4092
vn -0.4636 -0.7883 -0.4046
vn -0.4587 -0.7899 -0.4069
vn -0.6308 -0.6712 -0.3893
vn -0.6199 -0.6681 -0.4116
vn -0.5213 -0.7299 -0.4422
vn -0.5270 -0.7694 -0.3610
vn -0.5045 -0.7992 -0.3268
vn -0.5083 -0.7349 -0.4490
vn -0.4889 -0.7521 -0.4420
vn -0.5791 -0.7439 -0.3336
vn -0.5906 -0.7370 -0.3288
vn -0.5084 -0.7841 -0.3559
vn -0.5853 -0.6869 -0.4308
vn -0.4409 -0.8349 -0.3295
vn -0.1603 -0.9794 -0.1225
vn 0.0941 -0.9953 0.0237
vn -0.3032 -0.9440 -0.1304
vn 0.1077 -0.9818 0.1564
vn 0.1983 -0.9635 0.1800
vn 0.1859 -0.9783 0.0912
vn 0.1964 -0.9785 0.0624
vn 0.2249 -0.9645 0.1386
vn 0.2425 -0.9566 0.1615
vn 0.1804 -0.9813 0.0674
vn 0.2390 -0.9601 0.1453
vn 0.1225 -0.9846 0.1247
vn -0.0849 -0.9896 0.1158
vn -0.0387 -0.9989 -0.0262
vn 0.1021 -0.9938 -0.0444
vn -0.0965 -0.9884 0.1169
vn -0.0666 -0.9892 0.1306
vn -0.0111 -0.9916 0.1287
vn -0.0987 -0.9933 0.0596
vn 0.0418 -0.9943 0.0978
vn 0.2867 -0.9579 -0.0106
vn 0.1122 -0.9871 0.1143
vn -0.0227 -0.9864 0.1631
vn 0.4532 -0.8853 -0.1039
vn 0.4653 -0.8702 -0.1621
vn 0.4170 -0.9064 -0.0676
vn 0.3673 -0.9301 0.0060
vn -0.7117 -0.6009 0.3639
vn -0.7941 -0.4086 0.4499
vn -0.6576 -0.7209 0.2188
vn -0.7041 -0.6355 0.3168
vn -0.8145 -0.4326 0.3866
vn -0.8126 -0.4151 0.4091
vn -0.7416 -0.6393 0.2036
vn -0.8309 -0.5161 0.2079
vn -0.8426 -0.5021 0.1947
vn -0.7314 -0.6372 0.2430
vn -0.7545 -0.6562 -0.0009
vn -0.6132 -0.7555 -0.2306
vn -0.6604 -0.7503 0.0317
vn -0.8280 -0.5414 0.1459
vn -0.4017 -0.8715 -0.2815
vn -0.4070 -0.8625 -0.3008
vn -0.4792 -0.8427 -0.2453
vn -0.4649 -0.8770 -0.1216
vn -0.5294 -0.7920 -0.3040
vn -0.6013 -0.7482 -0.2806
vn -0.5673 -0.7922 -0.2250
vn -0.5070 -0.8173 -0.2738
vn -0.5465 -0.7379 -0.3960
vn -0.5125 -0.7349 -0.4442
vn -0.4927 -0.8347 -0.2458
vn -0.6236 -0.7541 -0.2059
vn -0.5067 -0.8033 -0.3131
vn -0.3458 -0.9239 -0.1641
vn -0.1986 -0.9798 0.0238
vn -0.3022 -0.9434 -0.1365
vn -0.1567 -0.9862 -0.0527
vn 0.1491 -0.9887 -0.0143
vn 0.1676 -0.9841 0.0591
vn -0.1200 -0.9908 0.0632
vn 0.2231 -0.9748 0.0070
vn 0.2743 -0.9583 0.0803
vn 0.3463 -0.9118 0.2207
vn 0.2690 -0.9498 0.1595
vn 0.2426 -0.9574 0.1566
vn 0.0411 -0.9962 0.0773
vn -0.0081 -0.9818 0.1897
vn 0.2054 -0.9555 0.2116
vn 0.0354 -0.9992 -0.0186
vn 0.0510 -0.9986 -0.0150
vn 0.0815 -0.9882 0.1299
vn -0.0181 -0.9850 0.1718
vn -0.0016 -0.9976 0.0697
vn 0.0101 -0.9930 0.1180
vn -0.0010 -0.9891 0.1474
vn 0.0697 -0.9875 0.1414
vn -0.0215 -0.9952 0.0954
vn -0.0041 -0.9972 0.0742
vn -0.0226 -0.9889 0.1471
vn -0.0166 -0.9879 0.1545
vn 0.2691 -0.9628 0.0249
vn 0.3553 -0.9331 -0.0559
vn 0.2194 -0.9738 -0.0606
vn 0.1555 -0.9836 0.0914
vn -0.8818 -0.3442 0.3223
vn -0.8401 -0.4015 0.3647
vn -0.8059 -0.5272 0.2695
vn -0.9211 -0.3725 0.1132
vn -0.9363 -0.2919 0.1953
vn -0.9081 -0.3292 0.2588
vn -0.8099 -0.5640 0.1611
vn -0.8899 -0.4435 0.1066
vn -0.9015 -0.4318 0.0287
vn -0.8714 -0.4894 0.0324
vn -0.8605 -0.5008 0.0938
vn -0.7460 -0.6605 0.0855
vn -0.7830 -0.6219 0.0069
vn -0.8630 -0.5049 0.0187
vn -0.5773 -0.8165 -0.0099
vn -0.5323 -0.8417 -0.0909
vn -0.6096 -0.7849 -0.1113
vn -0.6391 -0.7689 -0.0171
vn -0.5298 -0.8310 -0.1694
vn -0.5895 -0.7695 -0.2457
vn -0.6093 -0.7285 -0.3130
vn -0.6249 -0.7380 -0.2546
vn -0.6377 -0.7196 -0.2749
vn -0.4138 -0.8864 -0.2073
vn -0.2197 -0.9751 -0.0294
vn -0.5387 -0.8185 -0.1997
vn -0.1126 -0.9918 -0.0600
vn -0.0722 -0.9936 0.0871
vn 0.0303 -0.9770 0.2113
vn 0.0080 -0.9907 0.1361
vn -0.0671 -0.9754 0.2098
vn 0.1948 -0.9343 0.2985
vn 0.2216 -0.9057 0.3615
vn 0.0859 -0.9499 0.3004
vn 0.2975 -0.9003 0.3177
vn 0.2924 -0.9106 0.2919
vn 0.1655 -0.9624 0.2153
vn 0.2498 -0.9095 0.3322
vn 0.1242 -0.9753 0.1827
vn 0.0383 -0.9871 0.1556
vn 0.0629 -0.9851 0.1598
vn 0.0729 -0.9819 0.1751
vn 0.0042 -0.9800 0.1992
vn 0.0342 -0.9731 0.2278
vn -0.0012 -0.9863 0.1650
vn 0.0385 -0.9859 0.1630
vn 0.0575 -0.9805 0.1878
vn -0.0232 -0.9905 0.1354
vn -0.0738 -0.9969 0.0265
vn -0.0298 -0.9942 0.1036
vn -0.0301 -0.9955 0.0904
vn -0.0303 -0.9960 0.0837
vn 0.0281 -0.9977 0.0609
vn -0.0566 -0.9983 0.0101
vn 0.0621 -0.9922 0.1082
vn 0.1187 -0.9901 0.0743
vn 0.1077 -0.9764 0.1873
vn 0.0926 -0.9847 0.1476
vn -0.9585 -0.2117 0.1911
vn -0.9083 -0.3188 0.2709
vn -0.9303 -0.3328 0.1540
vn -0.9302 -0.3000 0.2113
vn -0.9502 -0.1465 0.2749
vn -0.8788 -0.3399 0.3351
vn -0.8934 -0.4361 0.1077
vn -0.9014 -0.4301 0.0490
vn -0.8700 -0.4355 0.2312
vn -0.8814 -0.4277 0.2005
vn -0.8184 -0.5615 0.1218
vn -0.6871 -0.6851 0.2419
vn -0.5984 -0.7391 0.3094
vn -0.7367 -0.6249 0.2584
vn -0.6752 -0.7086 0.2052
vn -0.7209 -0.6913 0.0486
vn -0.7544 -0.6013 0.2634
vn -0.6886 -0.6502 0.3211
vn -0.7264 -0.6655 -0.1715
vn -0.5908 -0.7712 -0.2370
vn -0.5338 -0.8408 0.0901
vn -0.7808 -0.6008 0.1714
vn -0.3104 -0.9489 -0.0569
vn -0.0074 -0.9824 0.1867
vn 0.0834 -0.9805 0.1779
vn -0.0985 -0.9899 0.1016
vn 0.0337 -0.9706 0.2382
vn 0.1075 -0.9583 0.2647
vn 0.2154 -0.9105 0.3530
vn 0.0805 -0.9670 0.2417
vn 0.2246 -0.9030 0.3663
vn 0.2124 -0.8745 0.4360
vn 0.1233 -0.9318 0.3415
vn 0.3006 -0.8571 0.4184
vn 0.0896 -0.9346 0.3442
vn 0.0733 -0.9753 0.2085
vn -0.0285 -0.9778 0.2076
vn -0.0426 -0.9663 0.2537
vn 0.0891 -0.9784 0.1863
vn 0.0352 -0.9830 0.1802
vn 0.0588 -0.9810 0.1847
vn 0.0922 -0.9826 0.1614
vn 0.0563 -0.9816 0.1827
vn 0.0017 -0.9821 0.1884
vn 0.0361 -0.9614 0.2727
vn 0.0847 -0.9681 0.2357
vn -0.1322 -0.9835 0.1236
vn -0.0649 -0.9947 0.0794
vn -0.0251 -0.9555 0.2940
vn -0.1592 -0.9510 0.2650
vn 0.0217 -0.9864 0.1628
vn 0.1213 -0.9545 0.2723
vn 0.1540 -0.9219 0.3556
vn 0.1107 -0.9343 0.3390
vn 0.1626 -0.9319 0.3243
vn 0.1022 -0.9455 0.3093
vn 0.1086 -0.9175 0.3827
vn 0.1930 -0.9079 0.3722
vn -0.9645 -0.2071 0.1639
vn -0.9178 -0.3935 0.0521
vn -0.9596 -0.1949 0.2028
vn -0.9862 -0.1643 0.0214
vn -0.9514 -0.2967 -0.0823
vn -0.9071 -0.3936 -0.1489
vn -0.8991 -0.4162 0.1356
vn -0.8585 -0.4938 0.1382
vn -0.8474 -0.5264 0.0689
vn -0.9191 -0.3863 0.0768
vn -0.7487 -0.6228 0.2269
vn -0.5865 -0.7685 0.2558
vn -0.6177 -0.7863 -0.0155
vn -0.7998 -0.5998 0.0261
vn -0.6657 -0.6892 0.2861
vn -0.7859 -0.5503 0.2819
vn -0.7931 -0.6016 0.0953
vn -0.6447 -0.7643 0.0084
vn -0.8060 -0.5474 0.2253
vn -0.4891 -0.8240 0.2861
vn -0.4497 -0.8562 0.2545
vn -0.8237 -0.5347 0.1885
vn -0.0311 -0.9444 0.3275
vn 0.0671 -0.9514 0.3005
vn 0.0886 -0.9396 0.3305
vn 0.0021 -0.9632 0.2687
vn 0.2116 -0.9109 0.3542
vn 0.3213 -0.8430 0.4314
vn 0.2662 -0.9399 0.2138
vn 0.3019 -0.8924 0.3353
vn 0.1583 -0.9284 0.3363
vn 0.0024 -0.9835 0.1808
vn -0.0635 -0.9833 0.1705
vn 0.0476 -0.9819 0.1832
vn -0.0797 -0.9905 0.1122
vn -0.0398 -0.9887 0.1444
vn 0.0089 -0.9762 0.2169
vn -0.0666 -0.9802 0.1864
vn 0.1020 -0.9736 0.2041
vn 0.1029 -0.9680 0.2291
vn 0.1266 -0.9647 0.2310
vn 0.1138 -0.9688 0.2200
vn 0.1031 -0.9675 0.2310
vn 0.0635 -0.9710 0.2305
vn 0.0265 -0.9821 0.1863
vn 0.0936 -0.9676 0.2344
vn -0.1172 -0.9660 0.2303
vn -0.0093 -0.9515 0.3074
vn 0.0584 -0.9559 0.2880
vn -0.0744 -0.9809 0.1797
vn 0.1571 -0.9158 0.3697
vn 0.1678 -0.8937 0.4162
vn 0.1824 -0.8889 0.4202
vn 0.2262 -0.8896 0.3969
vn 0.1685 -0.9009 0.3999
vn 0.1048 -0.9367 0.3340
vn 0.0239 -0.9607 0.2766
vn 0.1072 -0.9223 0.3712
vn -0.8872 -0.3813 -0.2598
vn -0.8888 -0.3639 -0.2787
vn -0.9678 -0.2078 -0.1422
vn -0.9244 -0.3469 -0.1588
vn -0.8587 -0.4133 -0.3032
vn -0.8544 -0.3866 -0.3471
vn -0.8956 -0.4444 -0.0183
vn -0.8100 -0.5796 0.0891
vn -0.7860 -0.6181 0.0157
vn -0.8545 -0.5188 -0.0256
vn -0.8555 -0.5131 0.0694
vn -0.6757 -0.7306 -0.0986
vn -0.7651 -0.6406 0.0646
vn -0.8635 -0.5005 0.0620
vn -0.6301 -0.7532 -0.1887
vn -0.7595 -0.6341 -0.1455
vn -0.7501 -0.6527 -0.1063
vn -0.6954 -0.7178 -0.0335
vn -0.7870 -0.6162 -0.0296
vn -0.4894 -0.8626 0.1281
vn -0.4822 -0.8757 -0.0250
vn -0.7168 -0.6930 -0.0767
vn -0.0174 -0.9950 0.0987
vn 0.1930 -0.9761 0.0999
vn 0.1972 -0.9745 -0.1074
vn -0.1027 -0.9938 -0.0424
vn 0.2758 -0.9541 0.1169
vn 0.1986 -0.9784 0.0573
vn 0.2013 -0.9794 0.0173
vn 0.2935 -0.9529 -0.0760
vn 0.0811 -0.9952 0.0544
vn -0.0190 -0.9891 0.1458
vn 0.0736 -0.9917 0.1056
vn 0.1243 -0.9903 0.0619
vn -0.0124 -0.9743 0.2250
vn 0.0100 -0.9677 0.2519
vn 0.0156 -0.9665 0.2564
vn 0.0732 -0.9774 0.1982
vn 0.1031 -0.9645 0.2431
vn 0.1716 -0.9475 0.2700
vn 0.1895 -0.9475 0.2576
vn 0.0932 -0.9589 0.2680
vn 0.0789 -0.9584 0.2743
vn 0.0037 -0.9594 0.2821
vn 0.0809 -0.9505 0.3000
vn 0.0661 -0.9677 0.2432
vn 0.0100 -0.9405 0.3395
vn 0.0834 -0.9221 0.3778
vn -0.0230 -0.9514 0.3070
vn 0.1014 -0.9219 0.3740
vn 0.2445 -0.9039 0.3510
vn 0.1566 -0.9526 0.2609
vn 0.1205 -0.9880 0.0968
vn 0.1648 -0.9716 0.1701
vn 0.0292 -0.9863 0.1622
vn 0.0285 -0.9862 0.1633
vn 0.0873 -0.9911 0.1010
vn -0.0107 -0.9971 0.0756
vn -0.8488 -0.4680 -0.2460
vn -0.8705 -0.4106 -0.2716
vn -0.8638 -0.4658 -0.1919
vn -0.8409 -0.5164 -0.1623
vn -0.8206 -0.5254 -0.2249
vn -0.8462 -0.4503 -0.2849
vn -0.8130 -0.5685 -0.1254
vn -0.7150 -0.6990 0.0152
vn -0.6496 -0.7559 -0.0816
vn -0.7477 -0.6580 -0.0893
vn -0.8333 -0.5400 0.1185
vn -0.8246 -0.5598 0.0819
vn -0.8444 -0.5343 0.0391
vn -0.7738 -0.6319 -0.0428
vn -0.7704 -0.6374 -0.0156
vn -0.7503 -0.6575 -0.0691
vn -0.7535 -0.6573 -0.0141
vn -0.8302 -0.5567 0.0286
vn -0.6873 -0.7241 -0.0567
vn -0.4278 -0.9037 -0.0194
vn -0.3673 -0.9278 -0.0646
vn -0.7021 -0.7103 -0.0501
vn -0.1000 -0.9934 0.0554
vn 0.1228 -0.9910 0.0528
vn 0.0830 -0.9937 0.0752
vn -0.0037 -0.9996 0.0285
vn 0.3402 -0.9403 -0.0130
vn 0.2711 -0.9625 -0.0133
vn 0.2428 -0.9671 -0.0755
vn 0.2858 -0.9581 0.0183
vn 0.1321 -0.9909 0.0248
vn 0.1549 -0.9854 0.0700
vn 0.2038 -0.9763 -0.0727
vn 0.1620 -0.9808 -0.1085
vn 0.1736 -0.9727 0.1540
vn 0.0388 -0.9773 0.2084
vn 0.0889 -0.9960 -0.0061
vn 0.2239 -0.9735 -0.0471
vn 0.0988 -0.9685 0.2284
vn 0.1991 -0.9458 0.2564
vn 0.2426 -0.9582 0.1514
vn 0.1597 -0.9837 0.0832
vn 0.0586 -0.9656 0.2533
vn 0.1530 -0.9561 0.2501
vn 0.1063 -0.9824 0.1536
vn 0.0555 -0.9824 0.1783
vn 0.1521 -0.9598 0.2358
vn -0.1180 -0.9741 0.1931
vn -0.0728 -0.9925 0.0982
vn 0.1052 -0.9912 0.0808
vn 0.1020 -0.9781 0.1812
vn 0.1282 -0.9713 0.2006
vn 0.1674 -0.9398 0.2979
vn 0.0924 -0.9691 0.2287
vn 0.0326 -0.9586 0.2827
vn 0.0736 -0.9512 0.2996
vn 0.0773 -0.9359 0.3435
vn 0.0851 -0.9439 0.3192
vn -0.8105 -0.5595 -0.1734
vn -0.8086 -0.5454 -0.2206
vn -0.8097 -0.5680 -0.1477
vn -0.8102 -0.5852 -0.0330
vn -0.8249 -0.5649 -0.0194
vn -0.7611 -0.6454 -0.0643
vn -0.7275 -0.6768 -0.1121
vn -0.6977 -0.6959 -0.1698
vn -0.7310 -0.6802 -0.0534
vn -0.7391 -0.6701 -0.0691
vn -0.6880 -0.7169 -0.1128
vn -0.7686 -0.6381 0.0454
vn -0.6971 -0.7120 0.0836
vn -0.5875 -0.8086 0.0308
vn -0.8521 -0.5111 0.1127
vn -0.7982 -0.6016 0.0327
vn -0.8507 -0.5213 0.0669
vn -0.8514 -0.5170 0.0890
vn -0.7369 -0.6730 -0.0633
vn -0.3294 -0.9378 -0.1095
vn -0.4001 -0.9127 -0.0832
vn -0.7807 -0.6250 0.0045
vn 0.0578 -0.9924 -0.1085
vn 0.0523 -0.9897 -0.1333
vn 0.0531 -0.9711 -0.2328
vn -0.0079 -0.9818 -0.1898
vn 0.2268 -0.9614 -0.1560
vn 0.2166 -0.9666 -0.1370
vn 0.2899 -0.9494 -0.1209
vn 0.2327 -0.9540 -0.1890
vn 0.1964 -0.9761 -0.0932
vn 0.2184 -0.9720 -0.0866
vn 0.2395 -0.9709 -0.0072
vn 0.2356 -0.9706 -0.0494
vn 0.2274 -0.9705 -0.0803
vn 0.1706 -0.9843 -0.0457
vn 0.2275 -0.9737 0.0079
vn 0.2217 -0.9751 0.0027
vn 0.2235 -0.9747 0.0072
vn 0.2493 -0.9684 0.0029
vn 0.2468 -0.9611 0.1243
vn 0.2776 -0.9584 0.0669
vn 0.1119 -0.9930 0.0374
vn 0.0536 -0.9959 0.0729
vn 0.0467 -0.9777 0.2046
vn 0.1971 -0.9650 0.1732
vn 0.0548 -0.9964 0.0645
vn 0.0624 -0.9868 0.1493
vn 0.1221 -0.9827 0.1393
vn 0.0344 -0.9827 0.1819
vn 0.1378 -0.9608 0.2404
vn 0.1824 -0.9543 0.2369
vn 0.1606 -0.9866 0.0296
vn 0.1136 -0.9903 0.0806
vn 0.0831 -0.9808 0.1767
vn 0.1810 -0.9490 0.2580
vn 0.3979 -0.7728 0.4944
vn 0.1910 -0.9687 0.1586
vn -0.8281 -0.5470 0.1227
vn -0.7273 -0.6736 0.1311
vn -0.8473 -0.5209 0.1039
vn -0.8780 -0.4730 -0.0737
vn -0.8535 -0.5206 0.0209
vn -0.7326 -0.6747 0.0902
vn -0.8023 -0.5966 0.0166
vn -0.7108 -0.6954 -0.1052
vn -0.7148 -0.6770 -0.1757
vn -0.8325 -0.5295 -0.1628
vn -0.5386 -0.8326 -0.1290
vn -0.6689 -0.7311 -0.1344
vn -0.6707 -0.6492 -0.3587
vn -0.6014 -0.7553 -0.2606
vn -0.7961 -0.5945 -0.1134
vn -0.8241 -0.5656 -0.0309
vn -0.6984 -0.6363 -0.3275
vn -0.6505 -0.6508 -0.3916
vn -0.7937 -0.6081 0.0147
vn -0.4609 -0.8862 0.0463
vn -0.2690 -0.9597 0.0819
vn -0.6535 -0.7242 -0.2202
vn -0.1251 -0.9885 0.0848
vn 0.0353 -0.9993 -0.0148
vn -0.0756 -0.9900 0.1194
vn -0.1802 -0.9551 0.2353
vn 0.2331 -0.9682 -0.0903
vn 0.3670 -0.9264 -0.0843
vn 0.4255 -0.9000 0.0946
vn 0.2395 -0.9684 0.0703
vn 0.2953 -0.9551 -0.0249
vn 0.2788 -0.9600 0.0274
vn 0.3232 -0.9311 0.1689
vn 0.3460 -0.9293 0.1293
vn 0.1901 -0.9814 0.0255
vn 0.2206 -0.9752 -0.0151
vn 0.1985 -0.9500 0.2410
vn 0.1949 -0.9562 0.2183
vn 0.3609 -0.9326 0.0040
vn 0.3003 -0.9487 0.0986
vn 0.2551 -0.9667 0.0181
vn 0.3637 -0.9159 0.1697
vn 0.2503 -0.9533 0.1692
vn 0.0839 -0.9766 0.1983
vn 0.1213 -0.9899 -0.0737
vn 0.2439 -0.9653 -0.0930
vn -0.0517 -0.9875 0.1492
vn 0.0183 -0.9997 0.0176
vn 0.0024 -0.9928 0.1194
vn -0.0525 -0.9986 0.0008
vn 0.1023 -0.9938 -0.0425
vn 0.2938 -0.9466 0.1329
vn 0.5033 -0.6689 0.5471
vn 0.2147 -0.9232 0.3188
vn 0.5020 -0.7231 0.4745
vn 0.5407 -0.4095 0.7348
vn 0.5760 -0.3568 0.7354
vn 0.6550 -0.3029 0.6923
vn -0.8296 -0.4718 -0.2986
vn -0.7438 -0.6227 -0.2429
vn -0.8025 -0.4636 -0.3755
vn -0.7812 -0.4812 -0.3978
vn -0.8450 -0.3844 -0.3717
vn -0.7688 -0.5218 -0.3697
vn -0.7523 -0.5648 -0.3390
vn -0.6642 -0.6719 -0.3276
vn -0.6105 -0.6675 -0.4263
vn -0.6907 -0.5861 -0.4235
vn -0.6512 -0.6673 -0.3614
vn -0.7005 -0.5592 -0.4433
vn -0.6993 -0.5804 -0.4174
vn -0.6810 -0.5825 -0.4438
vn -0.5632 -0.6726 -0.4800
vn -0.6002 -0.6747 -0.4294
vn -0.6254 -0.7310 -0.2729
vn -0.5675 -0.7541 -0.3307
vn -0.3623 -0.8885 -0.2815
vn -0.0338 -0.9935 -0.1086
vn 0.1359 -0.9809 -0.1390
vn -0.2815 -0.9168 -0.2833
vn -0.1426 -0.9896 0.0187
vn -0.0333 -0.9757 0.2167
vn 0.1490 -0.8836 0.4439
vn 0.1541 -0.9797 0.1285
vn 0.2886 -0.8996 0.3278
vn 0.4635 -0.8163 0.3446
vn 0.4453 -0.8592 0.2519
vn 0.2274 -0.8783 0.4206
vn 0.3499 -0.8651 0.3594
vn 0.3111 -0.9005 0.3038
vn 0.2140 -0.9699 0.1158
vn 0.2744 -0.9367 0.2174
vn 0.1946 -0.9496 0.2458
vn 0.1899 -0.9561 0.2232
vn 0.1348 -0.9896 0.0497
vn 0.1856 -0.9795 0.0777
vn 0.2598 -0.9488 0.1798
vn 0.0684 -0.9974 0.0229
vn 0.0040 -0.9949 -0.1003
vn 0.1266 -0.9902 -0.0587
vn 0.1817 -0.9770 -0.1114
vn 0.1693 -0.9767 -0.1320
vn 0.3125 -0.9403 0.1349
vn 0.2041 -0.9782 -0.0387
vn 0.1838 -0.9798 0.0784
vn 0.2187 -0.8765 0.4289
vn 0.4870 -0.6262 0.6089
vn 0.4819 -0.7890 0.3812
vn 0.3058 -0.7086 0.6359
vn 0.6080 -0.4401 0.6608
vn 0.5754 -0.4764 0.6648
vn 0.3435 -0.6088 0.7151
vn 0.7411 -0.2963 0.6025
vn 0.6411 -0.4152 0.6454
vn 0.6982 -0.3748 0.6099
vn 0.7543 -0.3274 0.5691
vn -0.8474 -0.4272 -0.3153
vn -0.7879 -0.4862 -0.3779
vn -0.8435 -0.4276 -0.3251
vn -0.8274 -0.4278 -0.3639
vn -0.7939 -0.4699 -0.3858
vn -0.6918 -0.5753 -0.4363
vn -0.7162 -0.5783 -0.3907
vn -0.6236 -0.6613 -0.4170
vn -0.6735 -0.6673 -0.3180
vn -0.7543 -0.5615 -0.3403
vn -0.7137 -0.5901 -0.3774
vn -0.6773 -0.6989 -0.2297
vn -0.6449 -0.7563 -0.1104
vn -0.6693 -0.7128 -0.2097
vn -0.5848 -0.7958 -0.1570
vn -0.6536 -0.7379 -0.1683
vn -0.6745 -0.7298 0.1114
vn -0.5721 -0.8197 -0.0289
vn -0.2544 -0.9648 -0.0666
vn 0.3442 -0.9377 0.0464
vn 0.4356 -0.8563 0.2776
vn -0.2335 -0.9076 0.3488
vn 0.3838 -0.8998 0.2076
vn 0.2414 -0.9149 0.3234
vn 0.2738 -0.9249 0.2638
vn 0.4317 -0.8619 0.2659
vn 0.0632 -0.9535 0.2947
vn 0.2059 -0.9764 0.0650
vn -0.0268 -0.9785 0.2045
vn 0.0111 -0.9606 0.2776
vn 0.1877 -0.9721 -0.1410
vn 0.1468 -0.9724 -0.1811
vn 0.2145 -0.9767 -0.0118
vn 0.0613 -0.9965 0.0563
vn 0.2328 -0.9660 -0.1127
vn 0.0841 -0.9945 -0.0630
vn 0.0565 -0.9955 -0.0760
vn 0.2611 -0.9653 -0.0050
vn 0.0216 -0.9937 -0.1099
vn 0.1557 -0.9876 -0.0178
vn 0.4293 -0.8893 0.1576
vn 0.0951 -0.9951 -0.0277
vn 0.4306 -0.8746 0.2230
vn 0.5408 -0.6890 0.4825
vn 0.6572 -0.5939 0.4641
vn 0.6361 -0.6747 0.3744
vn 0.5818 -0.5473 0.6016
vn 0.5477 -0.6068 0.5760
vn 0.5452 -0.5647 0.6195
vn 0.6423 -0.5643 0.5187
vn 0.4341 -0.6849 0.5852
vn 0.5739 -0.5051 0.6446
vn 0.6245 -0.4729 0.6215
vn 0.4404 -0.6201 0.6493
vn 0.7233 -0.3047 0.6197
vn 0.7098 -0.3340 0.6202
vn 0.7343 -0.3583 0.5765
vn 0.7405 -0.3422 0.5784
vn -0.7373 -0.5025 -0.4515
vn -0.6557 -0.6064 -0.4499
vn -0.7631 -0.5271 -0.3739
vn -0.6819 -0.6528 -0.3299
vn -0.7643 -0.5298 -0.3676
vn -0.6730 -0.6153 -0.4105
vn -0.7516 -0.6096 -0.2521
vn -0.7054 -0.6874 -0.1731
vn -0.6931 -0.7022 -0.1628
vn -0.6507 -0.7241 -0.2286
vn -0.6256 -0.7605 -0.1742
vn -0.5770 -0.8028 -0.1503
vn -0.4842 -0.8702 -0.0907
vn -0.6669 -0.7261 -0.1674
vn -0.4421 -0.8969 -0.0073
vn -0.4519 -0.8478 0.2774
vn -0.1096 -0.9354 0.3362
vn -0.2610 -0.9618 0.0828
vn -0.1590 -0.8280 0.5378
vn 0.3127 -0.8507 0.4226
vn 0.0387 -0.8491 0.5268
vn -0.0026 -0.8051 0.5932
vn 0.4057 -0.8859 0.2251
vn 0.1885 -0.9677 0.1671
vn 0.1248 -0.9918 -0.0275
vn 0.1972 -0.9682 0.1538
vn 0.0150 -0.9964 0.0832
vn -0.0574 -0.9869 0.1505
vn 0.0857 -0.9935 0.0751
vn 0.0313 -0.9995 -0.0073
vn -0.0060 -0.9823 0.1870
vn 0.2590 -0.9504 0.1723
vn 0.2507 -0.9355 0.2490
vn 0.0543 -0.9789 0.1972
vn 0.2668 -0.9435 0.1964
vn 0.0407 -0.9713 0.2342
vn 0.1185 -0.8407 0.5283
vn 0.4069 -0.8546 0.3226
vn 0.2030 -0.9375 0.2827
vn 0.6058 -0.7510 0.2627
vn 0.5949 -0.6572 0.4628
vn 0.2212 -0.7736 0.5939
vn 0.7382 -0.5968 0.3145
vn 0.6774 -0.6249 0.3881
vn 0.7339 -0.5125 0.4458
vn 0.7687 -0.5489 0.3283
vn 0.7204 -0.5448 0.4292
vn 0.6590 -0.4405 0.6097
vn 0.7404 -0.4872 0.4631
vn 0.7374 -0.4402 0.5124
vn 0.3861 -0.5225 0.7602
vn 0.5604 -0.4300 0.7078
vn 0.5526 -0.3760 0.7438
vn 0.5494 -0.5717 0.6094
vn 0.7253 -0.3193 0.6099
vn 0.7155 -0.3075 0.6273
vn 0.6882 -0.2489 0.6815
vn 0.6313 -0.2524 0.7333
vn -0.7888 -0.5526 -0.2691
vn -0.7753 -0.5762 -0.2587
vn -0.6762 -0.7218 -0.1475
vn -0.6716 -0.7405 -0.0260
vn -0.7841 -0.6098 -0.1156
vn -0.8780 -0.4432 -0.1809
vn -0.6313 -0.7663 -0.1199
vn -0.6823 -0.7252 -0.0921
vn -0.6339 -0.7726 -0.0359
vn -0.6901 -0.7218 -0.0529
vn -0.7087 -0.7054 -0.0112
vn -0.4188 -0.8875 0.1922
vn -0.3504 -0.8833 0.3115
vn -0.6323 -0.7694 0.0903
vn -0.1130 -0.9309 0.3474
vn 0.0616 -0.8785 0.4737
vn 0.1342 -0.9211 0.3655
vn -0.0395 -0.9297 0.3661
vn 0.1258 -0.7981 0.5893
vn -0.1901 -0.7847 0.5900
vn -0.1757 -0.8761 0.4490
vn 0.1832 -0.9079 0.3771
vn -0.1677 -0.9025 0.3966
vn 0.0747 -0.9803 0.1829
vn -0.0457 -0.8438 0.5347
vn -0.2844 -0.7983 0.5309
vn 0.1459 -0.9728 0.1799
vn 0.1850 -0.9370 0.2963
vn 0.2375 -0.9101 0.3396
vn 0.1784 -0.9065 0.3826
vn 0.1247 -0.9373 0.3255
vn 0.2893 -0.8860 0.3623
vn 0.3510 -0.8634 0.3625
vn 0.1346 -0.9201 0.3678
vn 0.5525 -0.7213 0.4177
vn 0.2540 -0.7447 0.6172
vn 0.4241 -0.7261 0.5412
vn 0.6143 -0.7054 0.3535
vn 0.2310 -0.6800 0.6959
vn 0.5174 -0.5881 0.6216
vn 0.4767 -0.4324 0.7654
vn 0.3479 -0.5882 0.7300
vn 0.7017 -0.5308 0.4753
vn 0.8069 -0.4653 0.3639
vn 0.7714 -0.4375 0.4621
vn 0.6082 -0.4144 0.6770
vn 0.7570 -0.4915 0.4306
vn 0.6879 -0.6037 0.4029
vn 0.6594 -0.6159 0.4311
vn 0.7617 -0.5468 0.3475
vn 0.7229 -0.5789 0.3772
vn 0.7605 -0.3582 0.5416
vn 0.8845 -0.3102 0.3486
vn 0.7606 -0.4962 0.4188
vn 0.6435 -0.3319 0.6897
vn 0.6731 -0.3398 0.6568
vn 0.6528 -0.4101 0.6370
vn 0.7423 -0.4091 0.5307
vn -0.6389 -0.7494 -0.1738
vn -0.5618 -0.8076 -0.1794
vn -0.6583 -0.7456 -0.1035
vn -0.5387 -0.8249 -0.1711
vn -0.4430 -0.8752 -0.1944
vn -0.2672 -0.9564 -0.1179
vn -0.3869 -0.9215 -0.0327
vn -0.5488 -0.8355 -0.0265
vn -0.5871 -0.8095 -0.0074
vn -0.4949 -0.8689 -0.0004
vn -0.5212 -0.8513 -0.0600
vn -0.5839 -0.7954 -0.1626
vn -0.4289 -0.8656 -0.2582
vn -0.3602 -0.9002 -0.2445
vn -0.4267 -0.8820 -0.1998
vn -0.4093 -0.8708 -0.2724
vn -0.3489 -0.8681 -0.3531
vn -0.4609 -0.7907 -0.4030
vn -0.5794 -0.7216 -0.3789
vn -0.4029 -0.8127 -0.4210
vn -0.2280 -0.8555 -0.4649
vn -0.0507 -0.9431 -0.3286
vn 0.2437 -0.9690 -0.0411
vn 0.1925 -0.9793 0.0626
vn 0.1263 -0.9906 0.0521
vn 0.2250 -0.9708 0.0832
vn 0.2265 -0.9738 0.0195
vn 0.1843 -0.9706 -0.1551
vn 0.2646 -0.9314 -0.2501
vn 0.2252 -0.9549 -0.1936
vn 0.2029 -0.9775 -0.0575
vn 0.2819 -0.9581 0.0514
vn 0.3416 -0.9393 -0.0315
vn 0.4160 -0.9028 -0.1088
vn 0.4125 -0.8968 -0.1601
vn 0.3783 -0.9050 -0.1945
vn 0.4193 -0.9046 -0.0762
vn 0.3824 -0.9129 -0.1425
vn 0.2983 -0.9310 -0.2104
vn 0.2690 -0.9631 -0.0098
vn 0.1923 -0.9663 0.1714
vn 0.1526 -0.9482 0.2787
vn 0.1486 -0.8977 0.4149
vn 0.1663 -0.9283 0.3326
vn 0.1291 -0.9737 0.1879
vn 0.0543 -0.9763 0.2095
vn 0.0633 -0.9864 0.1516
vn 0.0550 -0.9731 0.2238
vn 0.0414 -0.9099 0.4128
vn 0.2459 -0.8115 0.5301
vn 0.4380 -0.5674 0.6973
vn 0.4230 -0.4617 0.7797
vn 0.4421 -0.4979 0.7461
vn 0.5006 -0.4855 0.7167
vn 0.5841 -0.4479 0.6769
vn 0.6249 -0.4277 0.6531
vn 0.6796 -0.3883 0.6224
vn 0.6919 -0.3054 0.6542
vn 0.6765 -0.3169 0.6648
vn 0.7184 -0.3537 0.5990
vn 0.7098 -0.2988 0.6379
vn 0.6880 -0.2632 0.6763
vn 0.7024 -0.3048 0.6432
vn 0.7847 -0.2962 0.5445
vn 0.8555 -0.1887 0.4822
vn 0.7793 -0.2750 0.5631
vn 0.7230 -0.4177 0.5504
vn 0.7467 -0.4222 0.5140
vn 0.6614 -0.4211 0.6207
vn 0.4693 -0.3975 0.7885
vn 0.4781 -0.3456 0.8075
vn 0.5768 -0.4609 0.6744
vn 0.5945 -0.6459 0.4790
vn 0.6573 -0.6780 0.3290
vn 0.3596 -0.8719 0.3324
vn 0.1446 -0.9353 0.3230
vn 0.2580 -0.9234 0.2841
vn 0.0174 -0.9213 0.3885
vn -0.1259 -0.8534 0.5058
vn -0.1600 -0.8829 0.4415
vn 0.0033 -0.9600 0.2799
vn 0.1842 -0.9629 0.1973
vn 0.1146 -0.9697 0.2158
vn -0.1363 -0.9509 0.2777
vn -0.3449 -0.8882 0.3035
vn -0.5508 -0.7822 0.2910
vn -0.7147 -0.6623 0.2247
vn -0.7689 -0.6092 0.1940
vn -0.6860 -0.7145 0.1377
vn -0.7374 -0.6744 0.0376
vn -0.9367 -0.3351 -0.1018
vn -0.9306 -0.3568 -0.0814
vn -0.9513 -0.2956 -0.0875
vn -0.6814 -0.6338 -0.3660
vn -0.8418 -0.5240 -0.1299
vn -0.6697 -0.5789 -0.4652
vn -0.6305 -0.6068 -0.4840
vn -0.7028 -0.6287 -0.3329
vn -0.6780 -0.6076 -0.4137
vn -0.6990 -0.7129 0.0560
vn -0.7048 -0.6934 -0.1498
vn -0.8605 -0.4912 -0.1349
vn -0.7969 -0.6033 0.0304
vn -0.8709 -0.3907 -0.2982
vn -0.8591 -0.4194 -0.2933
vn -0.8761 -0.2659 -0.4022
vn -0.8841 -0.3646 -0.2922
vn -0.9512 -0.2899 -0.1059
vn -0.9387 -0.2480 -0.2393
vn -0.8298 -0.4295 0.3564
vn -0.9295 -0.3634 0.0635
vn -0.8628 -0.4556 0.2189
vn -0.8256 -0.4846 0.2890
vn -0.7950 -0.4507 0.4061
vn -0.8159 -0.4046 0.4129
vn -0.7481 -0.4825 0.4556
vn -0.7678 -0.4529 0.4531
vn -0.7166 -0.6475 0.2591
vn -0.7458 -0.5668 0.3499
vn -0.7028 -0.7089 0.0585
vn 0.3456 0.9373 0.0443
vn 0.2949 0.9482 0.1182
vn 0.2214 0.9732 0.0616
vn 0.3656 0.9264 0.0899
vn 0.2929 0.9371 0.1899
vn 0.2141 0.9680 0.1308
vn 0.1715 0.9719 0.1613
vn 0.1966 0.9681 0.1554
vn 0.4013 0.8920 0.2080
vn 0.3784 0.8999 0.2168
vn 0.3398 0.9108 0.2346
vn 0.3407 0.9220 0.1837
vn 0.3435 0.9022 0.2608
vn 0.3123 0.9098 0.2736
vn 0.2579 0.9416 0.2163
vn 0.3684 0.9215 0.1231
vn 0.3911 0.8847 0.2536
vn 0.3726 0.9241 0.0850
vn 0.3759 0.9082 0.1842
vn 0.3781 0.8720 0.3108
vn 0.3810 0.8739 0.3020
vn 0.2021 0.9789 0.0303
vn 0.2951 0.9507 0.0952
vn -0.1475 0.9804 -0.1309
vn 0.0269 0.9955 -0.0909
vn 0.2350 0.9703 0.0576
vn 0.3653 0.8921 0.2659
vn -0.3651 0.8916 -0.2679
vn -0.3081 0.9254 -0.2207
vn -0.3948 0.8757 -0.2779
vn -0.4862 0.8625 -0.1402
vn -0.5549 0.8284 -0.0767
vn -0.2165 0.9707 -0.1047
vn -0.4908 0.8591 -0.1453
vn -0.5064 0.8609 -0.0491
vn -0.5174 0.8515 -0.0850
vn -0.5044 0.8624 -0.0435
vn -0.4737 0.8783 0.0641
vn -0.5208 0.8536 0.0138
vn -0.5521 0.8328 -0.0415
vn -0.5799 0.8123 -0.0628
vn -0.5017 0.8649 0.0156
vn -0.5628 0.8258 -0.0367
vn -0.5749 0.8169 0.0456
vn -0.5162 0.8546 0.0562
vn -0.4428 0.8957 0.0394
vn -0.4973 0.8640 0.0783
vn -0.4825 0.8731 0.0702
vn -0.4858 0.8566 0.1736
vn -0.5579 0.8289 0.0419
vn -0.5865 0.8088 0.0428
vn -0.3748 0.9196 0.1177
vn -0.3512 0.9204 0.1716
vn -0.3506 0.9297 0.1126
vn -0.3201 0.9340 0.1588
vn -0.3245 0.9394 0.1108
vn -0.3941 0.9154 0.0819
vn -0.4909 0.8656 0.0992
vn -0.4433 0.8829 0.1548
vn -0.4903 0.8654 0.1033
vn -0.4559 0.8857 0.0884
vn -0.4277 0.8990 0.0943
vn -0.4331 0.8948 0.1090
vn -0.3277 0.9413 0.0809
vn -0.3544 0.9308 0.0897
vn -0.2197 0.9722 0.0809
vn -0.2717 0.9530 0.1340
vn -0.3203 0.9463 0.0441
vn -0.3857 0.9184 0.0876
vn -0.1997 0.9739 0.1076
vn -0.1927 0.9721 0.1340
vn -0.2329 0.9669 0.1044
vn -0.2066 0.9709 0.1212
vn -0.1945 0.9791 0.0592
vn -0.2001 0.9781 0.0573
vn -0.2438 0.9595 0.1408
vn -0.3195 0.9328 0.1670
vn -0.2505 0.9542 0.1636
vn -0.3117 0.9224 0.2283
vn -0.4302 0.8933 0.1303
vn -0.3921 0.9152 0.0932
vn -0.2318 0.9606 0.1534
vn -0.1623 0.9628 0.2158
vn -0.2275 0.9726 0.0482
vn -0.0535 0.9914 0.1198
vn -0.0082 0.9921 0.1256
vn -0.1537 0.9777 0.1428
vn 0.1909 0.9497 0.2482
vn 0.3339 0.9213 0.1994
vn 0.1512 0.9537 0.2601
vn 0.0875 0.9572 0.2759
vn 0.1722 0.9539 0.2458
vn 0.2390 0.9417 0.2370
vn 0.1780 0.9394 0.2931
vn 0.2857 0.8982 0.3340
vn 0.3247 0.8986 0.2951
vn 0.1680 0.9399 0.2971
vn 0.3769 0.8653 0.3305
vn 0.3844 0.8663 0.3191
vn 0.4639 0.8560 0.2284
vn 0.4380 0.8608 0.2594
vn 0.3770 0.8696 0.3188
vn 0.3674 0.8746 0.3163
vn 0.3771 0.8989 0.2232
vn 0.4074 0.8903 0.2034
vn -0.1077 0.9767 0.1854
vn -0.5152 0.8530 0.0831
vn -0.4683 0.8832 0.0261
vn -0.0409 0.9770 0.2093
vn -0.5287 0.8475 0.0477
vn -0.4897 0.8707 0.0453
vn -0.5308 0.8451 -0.0640
vn -0.5392 0.8405 -0.0532
vn -0.5027 0.8632 0.0464
vn -0.5719 0.8202 0.0133
vn -0.5744 0.8181 0.0266
vn -0.5423 0.8394 -0.0352
vn -0.6044 0.7966 -0.0015
vn -0.5919 0.8060 0.0082
vn -0.5568 0.8252 0.0948
vn -0.5921 0.8013 0.0858
vn -0.4478 0.8940 0.0165
vn -0.3577 0.9324 0.0513
vn -0.3707 0.9233 0.1003
vn -0.4467 0.8892 0.0989
vn -0.4507 0.8856 0.1122
vn -0.4114 0.9017 0.1328
vn -0.4503 0.8828 0.1340
vn -0.4842 0.8690 0.1019
vn -0.3343 0.9375 0.0968
vn -0.2952 0.9552 0.0238
vn -0.2211 0.9578 0.1839
vn -0.3026 0.9356 0.1821
vn -0.2357 0.9717 0.0135
vn -0.2071 0.9772 0.0472
vn -0.2455 0.9598 0.1363
vn -0.2213 0.9664 0.1305
vn -0.3942 0.9167 0.0650
vn -0.4783 0.8764 0.0564
vn -0.4294 0.8978 0.0982
vn -0.3405 0.9295 0.1419
vn -0.2074 0.9760 0.0659
vn -0.0658 0.9889 0.1333
vn -0.1330 0.9870 0.0908
vn -0.2599 0.9643 0.0502
vn 0.1239 0.9464 0.2984
vn 0.2221 0.9339 0.2801
vn 0.0861 0.9425 0.3230
vn 0.1554 0.9232 0.3515
vn 0.0683 0.9311 0.3584
vn 0.1791 0.9199 0.3489
vn 0.2260 0.9316 0.2848
vn 0.3632 0.8958 0.2562
vn 0.3531 0.8865 0.2991
vn 0.3208 0.8894 0.3256
vn 0.4637 0.8500 0.2499
vn 0.4777 0.8416 0.2520
vn 0.4351 0.8260 0.3584
vn 0.3921 0.8557 0.3378
vn 0.4090 0.8773 0.2513
vn 0.3561 0.9033 0.2394
vn 0.4145 0.8769 0.2435
vn 0.4361 0.8450 0.3094
vn 0.0811 0.9879 0.1321
vn -0.3777 0.9237 -0.0636
vn -0.2153 0.9765 -0.0093
vn 0.2667 0.9515 0.1536
vn -0.5426 0.8284 -0.1388
vn -0.5663 0.8186 -0.0964
vn -0.6051 0.7960 -0.0164
vn -0.5422 0.8371 -0.0727
vn -0.5833 0.8122 0.0064
vn -0.5994 0.7981 0.0611
vn -0.5776 0.8123 0.0809
vn -0.6195 0.7817 0.0727
vn -0.6106 0.7890 0.0687
vn -0.5746 0.8113 0.1079
vn -0.6286 0.7738 0.0785
vn -0.6208 0.7825 0.0486
vn -0.4468 0.8814 0.1534
vn -0.3588 0.9180 0.1691
vn -0.3750 0.8968 0.2350
vn -0.4975 0.8519 0.1634
vn -0.4621 0.8694 0.1750
vn -0.4747 0.8611 0.1821
vn -0.4518 0.8525 0.2630
vn -0.4427 0.8578 0.2612
vn -0.3533 0.9148 0.1958
vn -0.2156 0.9528 0.2136
vn -0.2378 0.9326 0.2715
vn -0.3649 0.8947 0.2578
vn -0.1854 0.9534 0.2382
vn -0.2588 0.9321 0.2534
vn -0.2333 0.9311 0.2806
vn -0.1982 0.9382 0.2837
vn -0.2725 0.9340 0.2310
vn -0.2826 0.9490 0.1398
vn -0.1377 0.9865 0.0882
vn -0.1857 0.9603 0.2084
vn -0.2369 0.9706 0.0432
vn -0.1709 0.9850 0.0241
vn -0.1705 0.9797 -0.1054
vn -0.1398 0.9893 -0.0405
vn 0.0972 0.9140 0.3938
vn 0.1359 0.8968 0.4210
vn 0.2518 0.9026 0.3493
vn 0.3094 0.8907 0.3330
vn 0.2088 0.9206 0.3301
vn 0.1534 0.8997 0.4087
vn 0.3792 0.8727 0.3077
vn 0.3469 0.8887 0.2998
vn 0.3404 0.8589 0.3826
vn 0.3382 0.8689 0.3614
vn 0.3604 0.8835 0.2992
vn 0.4386 0.8382 0.3241
vn 0.4100 0.8423 0.3497
vn 0.3657 0.8580 0.3608
vn 0.5218 0.7995 0.2976
vn 0.5123 0.8368 0.1934
vn 0.5708 0.7606 0.3093
vn 0.5381 0.7686 0.3459
vn 0.3488 0.9260 0.1442
vn -0.1105 0.9903 0.0837
vn -0.0189 0.9932 0.1146
vn 0.3762 0.8984 0.2264
vn -0.5199 0.8542 0.0072
vn -0.6566 0.7531 0.0410
vn -0.7057 0.7078 -0.0321
vn -0.4784 0.8780 -0.0189
vn -0.6261 0.7711 0.1157
vn -0.5233 0.8438 0.1192
vn -0.5260 0.8503 0.0202
vn -0.6352 0.7723 0.0033
vn -0.6036 0.7943 0.0681
vn -0.6696 0.7393 0.0716
vn -0.6970 0.7163 0.0343
vn -0.6010 0.7987 0.0288
vn -0.5598 0.8195 0.1223
vn -0.4319 0.8869 0.1638
vn -0.4728 0.8789 0.0632
vn -0.5927 0.8039 0.0497
vn -0.4914 0.8486 0.1959
vn -0.4617 0.8625 0.2071
vn -0.4829 0.8742 0.0507
vn -0.5411 0.8381 0.0688
vn -0.3927 0.8902 0.2307
vn -0.2707 0.9317 0.2421
vn -0.3429 0.9354 0.0862
vn -0.4520 0.8910 0.0427
vn -0.1801 0.9550 0.2357
vn -0.1878 0.9649 0.1835
vn -0.0703 0.9965 -0.0462
vn -0.1123 0.9906 0.0783
vn -0.1126 0.9831 0.1444
vn -0.0309 0.9957 0.0872
vn 0.0006 0.9906 -0.1370
vn -0.0753 0.9865 -0.1454
vn -0.0344 0.9992 -0.0201
vn -0.2000 0.9777 -0.0643
vn -0.2760 0.9592 0.0616
vn -0.0203 0.9981 -0.0576
vn 0.2434 0.9305 0.2737
vn 0.1561 0.9556 0.2498
vn 0.3089 0.9065 0.2878
vn 0.3233 0.9250 0.1994
vn 0.2708 0.9391 0.2116
vn 0.1060 0.9782 0.1787
vn 0.2931 0.9113 0.2892
vn 0.3615 0.8816 0.3034
vn 0.4230 0.9054 0.0365
vn 0.3498 0.9282 0.1267
vn 0.4070 0.8600 0.3078
vn 0.4607 0.8454 0.2702
vn 0.5467 0.8373 -0.0081
vn 0.4531 0.8915 -0.0010
vn 0.5924 0.7746 0.2216
vn 0.6289 0.7449 0.2227
vn 0.6467 0.7620 0.0337
vn 0.6348 0.7727 0.0006
vn 0.4811 0.8512 0.2098
vn 0.1400 0.9867 0.0821
vn 0.1926 0.9761 0.1007
vn 0.5472 0.8357 0.0477
vn -0.3829 0.9210 -0.0713
vn -0.7114 0.6847 -0.1586
vn -0.5972 0.8013 -0.0343
vn -0.3031 0.9487 0.0897
vn -0.6710 0.7108 -0.2110
vn -0.5637 0.7973 -0.2156
vn -0.5810 0.7520 -0.3113
vn -0.6648 0.7074 -0.2402
vn -0.6256 0.7584 -0.1829
vn -0.7344 0.6656 -0.1328
vn -0.7399 0.6422 -0.2005
vn -0.6474 0.7185 -0.2541
vn -0.6331 0.7709 -0.0695
vn -0.5214 0.8533 0.0071
vn -0.5685 0.7682 -0.2944
vn -0.6525 0.7104 -0.2636
vn -0.5331 0.8452 0.0367
vn -0.4416 0.8971 -0.0146
vn -0.4254 0.8728 -0.2392
vn -0.5464 0.7973 -0.2563
vn -0.4419 0.8933 -0.0820
vn -0.3530 0.9215 -0.1617
vn -0.2384 0.8830 -0.4044
vn -0.3495 0.8919 -0.2870
vn -0.0577 0.9739 -0.2195
vn 0.0573 0.9575 -0.2825
vn 0.0267 0.9457 -0.3238
vn -0.0121 0.9087 -0.4173
vn -0.0604 0.9431 -0.3271
vn -0.0346 0.9648 -0.2608
vn -0.1291 0.9629 -0.2371
vn -0.0775 0.9571 -0.2792
vn -0.1744 0.9788 -0.1078
vn -0.3621 0.9321 0.0101
vn -0.3840 0.9193 -0.0860
vn -0.3268 0.9351 -0.1370
vn 0.2428 0.9701 -0.0062
vn 0.0932 0.9955 -0.0154
vn 0.3210 0.9458 0.0499
vn 0.2779 0.9588 -0.0583
vn 0.1659 0.9791 -0.1177
vn 0.1097 0.9847 -0.1355
vn 0.4279 0.9017 0.0620
vn 0.4899 0.8717 0.0124
vn 0.4803 0.8743 0.0699
vn 0.4102 0.9120 -0.0042
vn 0.4812 0.8753 -0.0478
vn 0.5526 0.8313 -0.0599
vn 0.5438 0.8386 0.0332
vn 0.5328 0.8431 0.0731
vn 0.6092 0.7927 -0.0219
vn 0.6516 0.7585 -0.0118
vn 0.6742 0.7381 -0.0262
vn 0.5990 0.8007 0.0096
vn 0.5049 0.8630 0.0164
vn 0.0223 0.9847 0.1728
vn -0.1989 0.9677 0.1550
vn 0.3981 0.9170 0.0261
vn -0.2915 0.9092 0.2973
vn -0.4247 0.8865 0.1839
vn -0.2420 0.9325 0.2682
vn -0.3569 0.8992 0.2529
vn -0.5336 0.8309 -0.1579
vn -0.5843 0.7492 -0.3119
vn -0.4916 0.8586 -0.1452
vn -0.2733 0.9560 0.1066
vn -0.6823 0.6821 -0.2632
vn -0.7149 0.6509 -0.2554
vn -0.6724 0.6128 -0.4151
vn -0.6286 0.6905 -0.3579
vn -0.6086 0.7163 -0.3415
vn -0.5210 0.7397 -0.4259
vn -0.4438 0.7700 -0.4584
vn -0.5848 0.6907 -0.4254
vn -0.5031 0.6963 -0.5119
vn -0.4060 0.7423 -0.5330
vn -0.4054 0.6671 -0.6250
vn -0.3743 0.7314 -0.5701
vn -0.3189 0.8034 -0.5028
vn -0.2026 0.8776 -0.4344
vn -0.2879 0.8262 -0.4844
vn -0.4057 0.7059 -0.5806
vn -0.0789 0.9340 -0.3484
vn -0.0234 0.9530 -0.3019
vn 0.0003 0.9275 -0.3739
vn -0.1501 0.9042 -0.3998
vn -0.0394 0.9381 -0.3442
vn -0.2175 0.9043 -0.3673
vn -0.2620 0.8443 -0.4675
vn 0.0071 0.9123 -0.4095
vn -0.4238 0.8581 -0.2900
vn -0.3521 0.9040 -0.2424
vn -0.3211 0.8357 -0.4456
vn -0.4373 0.7669 -0.4697
vn 0.1482 0.9837 -0.1017
vn 0.1382 0.9884 -0.0627
vn 0.2851 0.9464 -0.1519
vn 0.3121 0.9062 -0.2852
vn 0.2222 0.9545 -0.1987
vn 0.1750 0.9767 -0.1245
vn 0.3517 0.9226 -0.1587
vn 0.4122 0.9053 -0.1027
vn 0.3460 0.8908 -0.2947
vn 0.3210 0.8940 -0.3128
vn 0.5835 0.8074 -0.0880
vn 0.5847 0.7976 -0.1484
vn 0.6045 0.7332 -0.3114
vn 0.5824 0.7589 -0.2914
vn 0.6025 0.7761 -0.1864
vn 0.6489 0.7506 -0.1246
vn 0.5187 0.8300 -0.2049
vn 0.5710 0.7633 -0.3022
vn 0.2532 0.9671 0.0246
vn -0.3141 0.9379 0.1475
vn -0.3812 0.9025 0.2006
vn 0.0133 0.9993 0.0360
vn -0.4295 0.8761 0.2189
vn -0.2066 0.9279 0.3104
vn -0.2598 0.9430 0.2080
vn -0.4400 0.8773 0.1916
vn -0.0842 0.9498 0.3014
vn -0.2608 0.9600 0.1020
vn -0.0802 0.9693 0.2325
vn -0.0392 0.9658 0.2563
vn -0.4330 0.8851 -0.1708
vn -0.6415 0.6728 -0.3686
vn -0.4915 0.8578 -0.1506
vn -0.2082 0.9736 0.0932
vn -0.5786 0.6734 -0.4602
vn -0.3674 0.7617 -0.5337
vn -0.3892 0.8220 -0.4159
vn -0.5611 0.7409 -0.3691
vn -0.3377 0.7812 -0.5250
vn -0.4454 0.7469 -0.4938
vn -0.4656 0.7993 -0.3799
vn -0.4034 0.8278 -0.3899
vn -0.4608 0.7194 -0.5198
vn -0.3761 0.7654 -0.5223
vn -0.3921 0.8167 -0.4234
vn -0.4667 0.7957 -0.3861
vn -0.1869 0.8584 -0.4778
vn 0.0203 0.9062 -0.4223
vn -0.0953 0.9262 -0.3648
vn -0.1893 0.8713 -0.4527
vn -0.0075 0.9176 -0.3974
vn -0.2333 0.8631 -0.4480
vn -0.2118 0.9439 -0.2532
vn -0.0665 0.9661 -0.2496
vn -0.4288 0.7566 -0.4936
vn -0.3775 0.8036 -0.4601
vn -0.4193 0.8137 -0.4026
vn -0.4069 0.8471 -0.3418
vn 0.2667 0.9039 -0.3343
vn 0.1939 0.9288 -0.3157
vn 0.3727 0.8461 -0.3810
vn 0.4095 0.8003 -0.4379
vn 0.2655 0.8745 -0.4059
vn 0.3039 0.8949 -0.3269
vn 0.3136 0.8514 -0.4204
vn 0.3137 0.8472 -0.4288
vn 0.3151 0.8110 -0.4930
vn 0.3588 0.8120 -0.4605
vn 0.5568 0.7179 -0.4179
vn 0.5555 0.7235 -0.4099
vn 0.4878 0.7992 -0.3511
vn 0.5009 0.7312 -0.4632
vn 0.4817 0.8187 -0.3126
vn 0.2877 0.9545 -0.0789
vn -0.0015 0.9914 0.1307
vn 0.2456 0.9556 -0.1626
vn -0.2146 0.9689 0.1235
vn -0.3751 0.9158 0.1439
vn -0.3228 0.9404 0.1075
vn -0.2463 0.9484 0.1997
vn -0.3884 0.9193 0.0635
vn -0.3556 0.9312 0.0802
vn -0.4303 0.8984 0.0882
vn -0.3424 0.9366 0.0746
vn -0.1178 0.9675 0.2237
vn -0.0524 0.9511 0.3044
vn -0.0772 0.9796 0.1856
vn -0.1968 0.9697 0.1450
vn -0.0752 0.9540 0.2902
vn -0.2660 0.9524 0.1490
vn -0.1046 0.9611 0.2555
vn -0.1042 0.9642 0.2438
vn -0.4531 0.8827 -0.1246
vn -0.3880 0.8621 -0.3260
vn -0.1740 0.9375 -0.3012
vn -0.1490 0.9882 0.0341
vn -0.3693 0.8402 -0.3971
vn -0.4191 0.7877 -0.4516
vn -0.3327 0.7805 -0.5293
vn -0.2727 0.8393 -0.4704
vn -0.4507 0.7722 -0.4479
vn -0.3155 0.8269 -0.4655
vn -0.2736 0.7430 -0.6108
vn -0.3506 0.7253 -0.5924
vn -0.2078 0.8490 -0.4858
vn -0.2588 0.8857 -0.3854
vn -0.3171 0.8132 -0.4880
vn -0.3285 0.7751 -0.5398
vn -0.1587 0.9538 -0.2551
vn -0.1897 0.9584 -0.2133
vn -0.2475 0.8877 -0.3883
vn -0.2071 0.8638 -0.4593
vn -0.3351 0.9109 -0.2408
vn -0.4544 0.8565 -0.2447
vn -0.5696 0.8123 -0.1254
vn -0.3836 0.8793 -0.2822
vn 0.3011 0.9117 -0.2795
vn 0.3823 0.8813 -0.2778
vn 0.4404 0.8430 -0.3089
vn 0.4670 0.8430 -0.2670
vn 0.2902 0.9171 -0.2733
vn 0.3125 0.8720 -0.3768
vn 0.4691 0.8013 -0.3713
vn 0.3571 0.8303 -0.4278
vn 0.4296 0.8234 -0.3707
vn 0.5533 0.7661 -0.3271
vn 0.3926 0.8393 -0.3762
vn 0.3700 0.9026 -0.2200
vn 0.0853 0.9788 -0.1862
vn 0.2875 0.8832 -0.3705
vn -0.0081 1.0000 -0.0009
vn -0.1983 0.9571 0.2111
vn -0.2982 0.9195 0.2562
vn -0.2335 0.9687 0.0841
vn -0.2127 0.9341 0.2867
vn -0.2923 0.9155 0.2766
vn -0.2352 0.9036 0.3581
vn -0.2701 0.8967 0.3507
vn -0.3106 0.9219 0.2318
vn -0.3989 0.9099 0.1141
vn -0.3027 0.9476 0.1018
vn -0.1986 0.9516 0.2346
vn -0.2308 0.9705 0.0697
vn -0.1259 0.9855 0.1136
vn -0.1597 0.9857 0.0529
vn -0.2541 0.9661 0.0462
vn -0.1619 0.9747 0.1542
vn -0.0075 0.9944 0.1053
vn 0.0619 0.9980 -0.0150
vn -0.1399 0.9896 0.0329
vn 0.1397 0.9883 -0.0617
vn 0.0734 0.9597 -0.2713
vn 0.1658 0.9853 -0.0406
vn 0.2600 0.9647 -0.0408
vn -0.1685 0.9075 -0.3849
vn -0.2869 0.8316 -0.4755
vn -0.1960 0.9315 -0.3063
vn -0.0384 0.9878 -0.1512
vn -0.2792 0.8199 -0.4998
vn -0.4176 0.7798 -0.4663
vn -0.4634 0.7980 -0.3852
vn -0.2816 0.8815 -0.3791
vn -0.4137 0.7767 -0.4750
vn -0.2738 0.8279 -0.4895
vn -0.2175 0.8602 -0.4613
vn -0.3989 0.8192 -0.4121
vn -0.2741 0.8285 -0.4883
vn -0.3723 0.8234 -0.4282
vn -0.4396 0.7812 -0.4433
vn -0.3330 0.8150 -0.4743
vn -0.5069 0.7858 -0.3544
vn -0.6759 0.6879 -0.2644
vn -0.6347 0.6660 -0.3920
vn -0.5941 0.7021 -0.3925
vn 0.2574 0.8288 -0.4968
vn 0.2681 0.8284 -0.4919
vn 0.3890 0.7691 -0.5072
vn 0.3314 0.8232 -0.4610
vn 0.3073 0.8348 -0.4568
vn 0.3395 0.8336 -0.4358
vn 0.4693 0.7711 -0.4303
vn 0.4070 0.8503 -0.3336
vn 0.1371 0.9643 -0.2267
vn 0.3284 0.8381 -0.4356
vn 0.1526 0.9808 -0.1218
vn -0.1661 0.9840 0.0649
vn -0.2654 0.9335 0.2410
vn -0.1033 0.9852 0.1367
vn -0.3424 0.9247 0.1663
vn -0.3317 0.9307 0.1539
vn -0.2844 0.9557 0.0759
vn -0.2946 0.9418 0.1621
vn -0.3164 0.9358 0.1554
vn -0.1572 0.9756 0.1535
vn -0.2041 0.9690 0.1393
vn -0.3412 0.9379 0.0628
vn -0.1203 0.9828 0.1402
vn -0.2342 0.9654 0.1144
vn -0.1312 0.9820 0.1361
vn -0.1440 0.9674 0.2085
vn -0.2093 0.9772 0.0372
vn -0.1304 0.9906 -0.0411
vn -0.0892 0.9929 -0.0784
vn -0.0971 0.9952 -0.0107
vn -0.0734 0.9921 -0.1015
vn 0.0573 0.9931 -0.1026
vn -0.0253 0.9972 -0.0708
vn -0.0263 0.9944 -0.1028
vn 0.1994 0.9799 -0.0000
vn 0.1711 0.9811 0.0906
vn 0.1420 0.9863 0.0842
vn 0.0881 0.9957 0.0269
vn 0.1166 0.9922 0.0451
vn -0.0329 0.9929 -0.1144
vn 0.0800 0.9941 0.0738
vn 0.1681 0.9813 0.0939
vn -0.2248 0.9362 -0.2700
vn -0.3227 0.8501 -0.4163
vn -0.0793 0.9506 -0.3001
vn -0.0663 0.9964 -0.0520
vn -0.2677 0.8187 -0.5080
vn -0.2205 0.8050 -0.5508
vn -0.2722 0.8136 -0.5137
vn -0.0777 0.8853 -0.4585
vn -0.3654 0.7635 -0.5325
vn -0.4441 0.7277 -0.5226
vn -0.4320 0.7270 -0.5337
vn -0.4118 0.7334 -0.5409
vn -0.6007 0.6187 -0.5064
vn -0.5738 0.6675 -0.4746
vn -0.6846 0.5703 -0.4540
vn -0.6115 0.5899 -0.5272
vn 0.3483 0.8994 -0.2641
vn 0.4211 0.8764 -0.2338
vn 0.3551 0.8928 -0.2771
vn 0.3275 0.9306 -0.1636
vn 0.3836 0.9028 -0.1943
vn 0.4345 0.8827 -0.1790
vn 0.2526 0.9403 -0.2282
vn -0.0752 0.9919 -0.1026
vn -0.1638 0.9865 0.0030
vn 0.1586 0.9861 -0.0493
vn -0.2428 0.9687 0.0514
vn -0.2732 0.9534 0.1283
vn -0.3143 0.9491 -0.0220
vn -0.2677 0.9627 -0.0390
vn -0.2250 0.9629 0.1492
vn -0.1987 0.9762 0.0870
vn -0.1404 0.9887 0.0523
vn -0.2036 0.9777 0.0517
vn -0.3691 0.9285 0.0412
vn -0.2730 0.9510 0.1452
vn -0.3498 0.9357 -0.0460
vn -0.3178 0.9481 -0.0071
vn -0.1692 0.9635 0.2076
vn 0.0066 0.9865 0.1639
vn 0.0532 0.9929 0.1066
vn -0.2135 0.9762 0.0389
vn 0.0352 0.9978 0.0557
vn -0.0356 0.9977 -0.0582
vn 0.0610 0.9979 0.0217
vn 0.1099 0.9897 0.0921
vn -0.0304 0.9962 -0.0818
vn -0.1116 0.9930 -0.0375
vn -0.1059 0.9914 -0.0774
vn -0.0389 0.9985 -0.0387
vn 0.0466 0.9989 0.0032
vn 0.1356 0.9903 -0.0292
vn 0.1322 0.9734 -0.1870
vn 0.1047 0.9828 -0.1520
vn 0.1548 0.9874 -0.0311
vn 0.0801 0.9968 -0.0008
vn -0.0390 0.9921 -0.1194
vn 0.1270 0.9756 -0.1790
vn 0.0321 0.9994 0.0114
vn 0.1427 0.9895 -0.0235
vn 0.1224 0.9679 0.2194
vn -0.0346 0.9988 0.0360
vn -0.0258 0.9993 -0.0261
vn -0.2620 0.9620 -0.0772
vn -0.1176 0.9788 0.1677
vn 0.0316 0.9632 0.2669
vn -0.4004 0.8791 -0.2587
vn -0.4849 0.7964 -0.3615
vn -0.4592 0.8801 -0.1211
vn -0.2602 0.9655 0.0097
vn -0.6997 0.6207 -0.3537
vn -0.8438 0.4234 -0.3298
vn -0.9193 0.3468 -0.1862
vn -0.7348 0.6405 -0.2231
vn 0.3637 0.9192 -0.1511
vn 0.4060 0.8876 -0.2176
vn 0.2551 0.9634 -0.0825
vn 0.2501 0.9681 0.0117
vn 0.3024 0.9528 0.0266
vn 0.3873 0.9218 0.0174
vn 0.0827 0.9961 -0.0301
vn -0.1589 0.9873 0.0041
vn -0.1751 0.9840 0.0312
vn 0.0914 0.9957 0.0112
vn -0.2514 0.9678 0.0117
vn -0.3477 0.9373 0.0227
vn -0.3639 0.9278 0.0826
vn -0.2745 0.9592 0.0681
vn -0.2512 0.9675 0.0286
vn -0.1429 0.9883 0.0525
vn -0.1585 0.9863 0.0464
vn -0.2644 0.9623 0.0632
vn -0.2616 0.9641 0.0445
vn -0.3522 0.9359 -0.0002
vn -0.2873 0.9571 -0.0387
vn -0.2121 0.9770 0.0231
vn -0.2816 0.9593 -0.0194
vn 0.0313 0.9995 0.0009
vn -0.0006 0.9941 -0.1084
vn -0.2619 0.9607 -0.0921
vn 0.0990 0.9947 0.0278
vn 0.0967 0.9924 0.0764
vn 0.0074 0.9952 0.0977
vn 0.0024 0.9988 -0.0492
vn 0.0355 0.9982 0.0482
vn 0.0029 0.9963 -0.0862
vn 0.1561 0.9830 0.0965
vn 0.0978 0.9819 0.1621
vn 0.1772 0.9696 -0.1689
vn 0.1468 0.9657 -0.2140
vn 0.1402 0.9872 0.0761
vn 0.2592 0.9653 0.0312
vn 0.0166 0.9877 -0.1555
vn -0.2037 0.9790 -0.0105
vn -0.3221 0.9361 0.1417
vn -0.1133 0.9866 0.1172
vn -0.1657 0.9804 0.1061
vn 0.0074 0.9835 0.1808
vn -0.0411 0.9818 0.1852
vn -0.2032 0.9651 0.1649
vn 0.0744 0.9755 0.2072
vn -0.0837 0.9708 0.2246
vn -0.0948 0.9471 0.3065
vn 0.0560 0.9714 0.2308
vn -0.2319 0.9328 0.2757
vn -0.2800 0.9409 0.1906
vn -0.1343 0.9295 0.3434
vn -0.2921 0.8903 0.3494
vn -0.6408 0.7670 -0.0333
vn -0.9253 0.3311 -0.1852
vn -0.9305 0.3430 0.1287
vn -0.5007 0.8176 0.2843
vn 0.2809 0.9182 0.2792
vn 0.3691 0.8812 0.2952
vn 0.2776 0.9304 0.2392
vn 0.2783 0.8641 0.4194
vn 0.3181 0.8251 0.4668
vn 0.3152 0.8150 0.4862
vn 0.0966 0.9661 0.2394
vn -0.2005 0.9598 0.1962
vn -0.1473 0.9414 0.3033
vn 0.0774 0.9106 0.4059
vn -0.2829 0.9460 0.1579
vn -0.3464 0.9315 0.1108
vn -0.3241 0.9310 0.1676
vn -0.2577 0.9427 0.2117
vn -0.2715 0.9595 0.0749
vn -0.1818 0.9798 0.0832
vn -0.2274 0.9532 0.1991
vn -0.2975 0.9401 0.1667
vn -0.1831 0.9784 0.0962
vn -0.1818 0.9831 0.0190
vn -0.0930 0.9882 0.1216
vn -0.1532 0.9702 0.1875
vn -0.1382 0.9792 -0.1488
vn -0.0754 0.9767 -0.2007
vn -0.0946 0.9936 -0.0624
vn 0.0302 0.9995 0.0032
vn -0.0998 0.9874 -0.1225
vn -0.1006 0.9937 -0.0484
vn -0.1238 0.9906 -0.0588
vn -0.1711 0.9817 -0.0838
vn 0.0528 0.9977 0.0426
vn 0.1887 0.9762 0.1072
vn 0.1258 0.9906 0.0540
vn -0.0520 0.9984 -0.0231
vn 0.2693 0.9513 0.1500
vn 0.1208 0.9759 0.1820
vn 0.1043 0.9744 0.1993
vn 0.2051 0.9698 0.1322
vn -0.1029 0.9836 0.1483
vn -0.2732 0.9613 0.0366
vn -0.1819 0.9833 0.0117
vn 0.0261 0.9930 0.1148
vn -0.2122 0.9763 0.0417
vn -0.0826 0.9938 0.0747
vn -0.1905 0.9814 0.0235
vn -0.2210 0.9743 -0.0432
vn -0.0443 0.9856 0.1630
vn -0.1444 0.9620 0.2319
vn -0.2011 0.9270 0.3165
vn -0.2035 0.9655 0.1627
vn -0.3330 0.9007 0.2791
vn -0.1856 0.9027 0.3882
vn -0.2998 0.8723 0.3863
vn -0.3606 0.8661 0.3462
vn -0.4445 0.7228 0.5292
vn -0.8575 0.2380 0.4562
vn -0.8948 0.2740 0.3525
vn -0.5179 0.7330 0.4411
vn 0.3501 0.7507 0.5603
vn 0.2717 0.7928 0.5455
vn 0.2460 0.7813 0.5736
vn 0.1400 0.6475 0.7490
vn 0.2713 0.7122 0.6474
vn 0.2465 0.7862 0.5667
vn 0.1234 0.8344 0.5372
vn 0.0001 0.9307 0.3659
vn 0.1519 0.7212 0.6758
vn 0.2327 0.6320 0.7392
vn -0.2056 0.9434 0.2603
vn -0.2999 0.9310 0.2081
vn -0.2347 0.8872 0.3973
vn -0.1577 0.8001 0.5788
vn -0.3037 0.9362 0.1767
vn -0.2319 0.9568 0.1753
vn -0.2478 0.9496 0.1918
vn -0.2542 0.9327 0.2557
vn -0.0955 0.9853 0.1417
vn -0.0362 0.9953 0.0900
vn 0.0219 0.9949 0.0985
vn -0.0515 0.9858 0.1597
vn 0.0901 0.9911 0.0984
vn -0.0604 0.9900 0.1271
vn -0.0774 0.9798 0.1843
vn -0.0064 0.9936 0.1126
vn -0.1860 0.9810 0.0553
vn -0.1270 0.9918 0.0175
vn -0.1234 0.9827 0.1382
vn -0.1269 0.9761 0.1766
vn -0.0966 0.9950 0.0244
vn 0.0357 0.9958 0.0846
vn -0.1263 0.9699 0.2084
vn -0.1039 0.9861 0.1294
vn 0.0597 0.9648 0.2562
vn 0.1397 0.9343 0.3280
vn 0.1875 0.9298 0.3167
vn -0.0744 0.9517 0.2978
vn 0.1386 0.9559 0.2589
vn -0.1897 0.9534 0.2345
vn -0.2279 0.9128 0.3389
vn 0.1360 0.9383 0.3180
vn -0.2123 0.9582 0.1916
vn -0.1922 0.9751 0.1103
vn -0.1023 0.9528 0.2859
vn -0.1505 0.9267 0.3444
vn -0.3276 0.9373 0.1188
vn -0.2465 0.9540 0.1706
vn -0.3013 0.9431 0.1405
vn -0.3327 0.9264 0.1763
vn -0.2971 0.9479 0.1152
vn -0.3781 0.9212 0.0922
vn -0.5913 0.7627 0.2621
vn -0.2670 0.9438 0.1946
vn -0.6734 0.7101 0.2056
vn -0.9006 0.3801 0.2107
vn -0.8739 0.2714 0.4032
vn -0.8411 0.4367 0.3191
vn 0.4963 0.8672 0.0411
vn 0.4460 0.8817 0.1540
vn 0.4293 0.9031 -0.0082
vn 0.3739 0.9059 0.1986
vn 0.2548 0.9604 0.1123
vn 0.3834 0.9214 0.0629
vn 0.4126 0.9108 0.0162
vn 0.3352 0.9401 0.0615
vn 0.3861 0.9180 0.0907
vn 0.1068 0.9942 -0.0154
vn -0.2869 0.9406 -0.1815
vn -0.4326 0.8518 -0.2956
vn -0.3949 0.8432 -0.3648
vn -0.4244 0.8494 -0.3136
vn -0.4985 0.8504 -0.1685
vn -0.4975 0.8633 -0.0847
vn -0.4748 0.8800 -0.0150
vn -0.4373 0.8987 0.0349
vn -0.4339 0.8991 0.0587
vn -0.3772 0.9226 0.0809
vn -0.4264 0.9024 0.0619
vn -0.5099 0.8587 0.0504
vn -0.4893 0.8704 0.0551
vn -0.3566 0.9334 0.0403
vn -0.2162 0.9763 -0.0114
vn -0.2558 0.9656 -0.0476
vn -0.2552 0.9657 -0.0474
vn -0.2036 0.9782 -0.0401
vn -0.2860 0.9582 -0.0094
vn -0.2956 0.9547 -0.0333
vn -0.3309 0.9408 -0.0740
vn -0.5318 0.8377 -0.1242
vn -0.4006 0.9156 -0.0350
vn -0.2761 0.9611 -0.0120
vn -0.2047 0.9737 0.1004
vn -0.2072 0.9472 0.2447
vn -0.2305 0.9631 0.1385
vn -0.1995 0.9798 0.0149
vn -0.1865 0.9803 -0.0645
vn -0.2457 0.9688 -0.0321
vn -0.2665 0.9592 0.0944
vn -0.2367 0.9715 0.0161
vn -0.1873 0.9787 -0.0839
vn -0.2401 0.9523 -0.1886
vn -0.3647 0.8558 -0.3669
vn -0.4813 0.7832 -0.3937
vn -0.5245 0.7453 -0.4116
vn -0.5692 0.7866 -0.2395
vn -0.5589 0.8272 -0.0587
vn -0.5326 0.8221 -0.2012
vn -0.5221 0.7624 -0.3823
vn -0.6733 0.6179 -0.4060
vn -0.8156 0.5013 -0.2890
vn -0.9271 0.3247 -0.1871
vn -0.9889 0.1296 -0.0730
vn -0.9948 0.0243 -0.0989
vn -1.0000 0.0043 0.0017
vn -0.9590 -0.0772 0.2727
vn -0.9752 -0.0015 0.2212
vn -0.9894 0.1120 0.0924
vn -0.9394 0.0995 0.3280
vn -0.8589 -0.0907 0.5041
vn -0.8210 0.0799 0.5654
vn -0.8843 0.1351 0.4469
vn -0.7336 0.4673 0.4934
vn -0.4149 0.7954 0.4419
vn -0.3959 0.8742 0.2812
vn -0.2383 0.9117 0.3347
vn -0.0797 0.9202 0.3833
vn -0.1337 0.9403 0.3130
vn -0.2062 0.9293 0.3064
vn 0.0865 0.9290 0.3597
vn 0.1901 0.9238 0.3324
vn -0.0770 0.9336 0.3498
vn -0.2047 0.9072 0.3674
vn -0.1428 0.9323 0.3323
vn -0.0809 0.9301 0.3584
vn -0.0928 0.8988 0.4283
vn -0.1265 0.8973 0.4229
vn -0.1088 0.9188 0.3794
vn 0.0476 0.9505 0.3070
vn -0.0482 0.9664 0.2524
vn -0.2192 0.9335 0.2838
vn -0.1479 0.8985 0.4132
vn -0.0389 0.7898 0.6122
vn -0.0261 0.6313 0.7751
vn 0.1026 0.5599 0.8222
vn 0.2118 0.6364 0.7417
vn 0.1008 0.7141 0.6927
vn 0.1905 0.6736 0.7141
vn 0.2207 0.6455 0.7312
vn 0.1978 0.7652 0.6126
vn 0.2434 0.5122 0.8237
vn 0.3538 0.8285 0.4340
vn 0.2475 0.8409 0.4812
vn 0.4218 0.9025 0.0869
vn 0.4408 0.8512 0.2849
vn 0.3195 0.9238 -0.2111
vn 0.3272 0.9324 -0.1536
vn 0.4100 0.8154 -0.4087
vn 0.4037 0.8751 -0.2669
vn 0.3485 0.8336 -0.4286
vn 0.3604 0.8031 -0.4745
vn 0.3943 0.8804 -0.2636
vn 0.3941 0.8757 -0.2791
vn 0.1745 0.9825 -0.0651
vn 0.2965 0.9248 -0.2384
vn 0.0810 0.9935 -0.0796
vn 0.1228 0.9918 -0.0356
vn 0.1544 0.9833 0.0963
vn 0.0817 0.9966 -0.0115
vn 0.1589 0.8962 0.4142
vn 0.1789 0.9457 0.2715
vn 0.2782 0.9041 0.3243
vn 0.2285 0.8857 0.4042
vn 0.3229 0.9288 0.1821
vn 0.2820 0.9164 0.2839
vn 0.4439 0.8740 0.1978
vn 0.3844 0.9172 0.1047
vn 0.4307 0.8880 0.1612
vt 0.390625 0.015625
vt 0.398438 0.015625
vt 0.398438 0.023438
vt 0.390625 0.023438
vt 0.406250 0.015625
vt 0.406250 0.023438
vt 0.406250 0.031250
vt 0.398438 0.031250
vt 0.390625 0.031250
vt 0.414063 0.015625
vt 0.414062 0.023438
vt 0.421875 0.015625
vt 0.421875 0.023438
vt 0.421875 0.031250
vt 0.414063 0.031250
vt 0.429688 0.015625
vt 0.429688 0.023438
vt 0.437500 0.015625
vt 0.437500 0.023438
vt 0.437500 0.031250
vt 0.429688 0.031250
vt 0.445312 0.015625
vt 0.445312 0.023438
vt 0.453125 0.015625
vt 0.453125 0.023438
vt 0.453125 0.031250
vt 0.445312 0.031250
vt 0.460938 0.015625
vt 0.460938 0.023438
vt 0.468750 0.015625
vt 0.468750 0.023438
vt 0.468750 0.031250
vt 0.460938 0.031250
vt 0.476562 0.015625
vt 0.476562 0.023438
vt 0.484375 0.015625
vt 0.484375 0.023438
vt 0.484375 0.031250
vt 0.476563 0.031250
vt 0.492188 0.015625
vt 0.492188 0.023438
vt 0.500000 0.015625
vt 0.500000 0.023438
vt 0.500000 0.031250
vt 0.492188 0.031250
vt 0.507812 0.015625
vt 0.507812 0.023438
vt 0.515625 0.015625
vt 0.515625 0.023438
vt 0.515625 0.031250
vt 0.507813 0.031250
vt 0.523438 0.015625
vt 0.523438 0.023438
vt 0.531250 0.015625
vt 0.531250 0.023438
vt 0.531250 0.031250
vt 0.523438 0.031250
vt 0.539062 0.015625
vt 0.539062 0.023438
vt 0.546875 0.015625
vt 0.546875 0.023438
vt 0.546875 0.031250
vt 0.539062 0.031250
vt 0.554687 0.015625
vt 0.554688 0.023438
vt 0.562500 0.015625
vt 0.562500 0.023438
vt 0.562500 0.031250
vt 0.554687 0.031250
vt 0.570312 0.015625
vt 0.570312 0.023438
vt 0.578125 0.015625
vt 0.578125 0.023438
vt 0.578125 0.031250
vt 0.570312 0.031250
vt 0.585938 0.015625
vt 0.585938 0.023438
vt 0.593750 0.015625
vt 0.593750 0.023438
vt 0.593750 0.031250
vt 0.585938 0.031250
vt 0.601562 0.015625
vt 0.601562 0.023438
vt 0.609375 0.015625
vt 0.609375 0.023438
vt 0.609375 0.031250
vt 0.601563 0.031250
vt 0.398438 0.039062
vt 0.390625 0.039062
vt 0.406250 0.039062
vt 0.406250 0.046875
vt 0.398438 0.046875
vt 0.390625 0.046875
vt 0.414062 0.039062
vt 0.421875 0.039062
vt 0.421875 0.046875
vt 0.414063 0.046875
vt 0.429688 0.039062
vt 0.437500 0.039062
vt 0.437500 0.046875
vt 0.429688 0.046875
vt 0.445312 0.039062
vt 0.453125 0.039062
vt 0.453125 0.046875
vt 0.445312 0.046875
vt 0.460938 0.039062
vt 0.468750 0.039062
vt 0.468750 0.046875
vt 0.460938 0.046875
vt 0.476562 0.039062
vt 0.484375 0.039062
vt 0.484375 0.046875
vt 0.476562 0.046875
vt 0.492188 0.039062
vt 0.500000 0.039062
vt 0.500000 0.046875
vt 0.492188 0.046875
vt 0.507812 0.039062
vt 0.515625 0.039062
vt 0.515625 0.046875
vt 0.507812 0.046875
vt 0.523438 0.039062
vt 0.531250 0.039062
vt 0.531250 0.046875
vt 0.523437 0.046875
vt 0.539062 0.039062
vt 0.546875 0.039062
vt 0.546875 0.046875
vt 0.539062 0.046875
vt 0.554688 0.039062
vt 0.562500 0.039062
vt 0.562500 0.046875
vt 0.554688 0.046875
vt 0.570312 0.039062
vt 0.578125 0.039062
vt 0.578125 0.046875
vt 0.570312 0.046875
vt 0.585938 0.039062
vt 0.593750 0.039062
vt 0.593750 0.046875
vt 0.585938 0.046875
vt 0.601562 0.039062
vt 0.609375 0.039062
vt 0.609375 0.046875
vt 0.601562 0.046875
vt 0.398438 0.054688
vt 0.390625 0.054688
vt 0.406250 0.054688
vt 0.406250 0.062500
vt 0.398438 0.062500
vt 0.390625 0.062500
vt 0.414062 0.054688
vt 0.421875 0.054688
vt 0.421875 0.062500
vt 0.414063 0.062500
vt 0.429688 0.054688
vt 0.437500 0.054688
vt 0.437500 0.062500
vt 0.429688 0.062500
vt 0.445312 0.054688
vt 0.453125 0.054688
vt 0.453125 0.062500
vt 0.445312 0.062500
vt 0.460938 0.054688
vt 0.468750 0.054688
vt 0.468750 0.062500
vt 0.460938 0.062500
vt 0.476562 0.054688
vt 0.484375 0.054688
vt 0.484375 0.062500
vt 0.476562 0.062500
vt 0.492188 0.054688
vt 0.500000 0.054688
vt 0.500000 0.062500
vt 0.492188 0.062500
vt 0.507812 0.054688
vt 0.515625 0.054688
vt 0.515625 0.062500
vt 0.507812 0.062500
vt 0.523438 0.054688
vt 0.531250 0.054688
vt 0.531250 0.062500
vt 0.523438 0.062500
vt 0.539062 0.054688
vt 0.546875 0.054688
vt 0.546875 0.062500
vt 0.539062 0.062500
vt 0.554688 0.054688
vt 0.562500 0.054688
vt 0.562500 0.062500
vt 0.554687 0.062500
vt 0.570312 0.054688
vt 0.578125 0.054688
vt 0.578125 0.062500
vt 0.570312 0.062500
vt 0.585938 0.054688
vt 0.593750 0.054688
vt 0.593750 0.062500
vt 0.585938 0.062500
vt 0.601562 0.054688
vt 0.609375 0.054688
vt 0.609375 0.062500
vt 0.601562 0.062500
vt 0.398438 0.070312
vt 0.390625 0.070312
vt 0.406250 0.070312
vt 0.406250 0.078125
vt 0.398438 0.078125
vt 0.390625 0.078125
vt 0.414062 0.070312
vt 0.421875 0.070312
vt 0.421875 0.078125
vt 0.414063 0.078125
vt 0.429688 0.070312
vt 0.437500 0.070312
vt 0.437500 0.078125
vt 0.429688 0.078125
vt 0.445312 0.070312
vt 0.453125 0.070312
vt 0.453125 0.078125
vt 0.445312 0.078125
vt 0.460938 0.070312
vt 0.468750 0.070312
vt 0.468750 0.078125
vt 0.460938 0.078125
vt 0.476562 0.070312
vt 0.484375 0.070312
vt 0.484375 0.078125
vt 0.476562 0.078125
vt 0.492188 0.070312
vt 0.500000 0.070312
vt 0.500000 0.078125
vt 0.492188 0.078125
vt 0.507812 0.070312
vt 0.515625 0.070312
vt 0.515625 0.078125
vt 0.507812 0.078125
vt 0.523438 0.070312
vt 0.531250 0.070312
vt 0.531250 0.078125
vt 0.523438 0.078125
vt 0.539062 0.070312
vt 0.546875 0.070312
vt 0.546875 0.078125
vt 0.539062 0.078125
vt 0.554688 0.070312
vt 0.562500 0.070312
vt 0.562500 0.078125
vt 0.554687 0.078125
vt 0.570312 0.070312
vt 0.578125 0.070312
vt 0.578125 0.078125
vt 0.570312 0.078125
vt 0.585938 0.070312
vt 0.593750 0.070312
vt 0.593750 0.078125
vt 0.585938 0.078125
vt 0.601562 0.070312
vt 0.609375 0.070312
vt 0.609375 0.078125
vt 0.601562 0.078125
vt 0.398438 0.085938
vt 0.390625 0.085938
vt 0.406250 0.085938
vt 0.406250 0.093750
vt 0.398438 0.093750
vt 0.390625 0.093750
vt 0.414062 0.085938
vt 0.421875 0.085938
vt 0.421875 0.093750
vt 0.414063 0.093750
vt 0.429688 0.085938
vt 0.437500 0.085938
vt 0.437500 0.093750
vt 0.429688 0.093750
vt 0.445312 0.085938
vt 0.453125 0.085938
vt 0.453125 0.093750
vt 0.445312 0.093750
vt 0.460938 0.085938
vt 0.468750 0.085938
vt 0.468750 0.093750
vt 0.460938 0.093750
vt 0.476562 0.085938
vt 0.484375 0.085938
vt 0.484375 0.093750
vt 0.476562 0.093750
vt 0.492188 0.085938
vt 0.500000 0.085938
vt 0.500000 0.093750
vt 0.492188 0.093750
vt 0.507812 0.085938
vt 0.515625 0.085938
vt 0.515625 0.093750
vt 0.507812 0.093750
vt 0.523438 0.085938
vt 0.531250 0.085938
vt 0.531250 0.093750
vt 0.523438 0.093750
vt 0.539062 0.085938
vt 0.546875 0.085938
vt 0.546875 0.093750
vt 0.539062 0.093750
vt 0.554688 0.085938
vt 0.562500 0.085938
vt 0.562500 0.093750
vt 0.554687 0.093750
vt 0.570312 0.085938
vt 0.578125 0.085938
vt 0.578125 0.093750
vt 0.570312 0.093750
vt 0.585938 0.085938
vt 0.593750 0.085938
vt 0.593750 0.093750
vt 0.585938 0.093750
vt 0.601562 0.085938
vt 0.609375 0.085938
vt 0.609375 0.093750
vt 0.601562 0.093750
vt 0.398438 0.101562
vt 0.390625 0.101562
vt 0.406250 0.101562
vt 0.406250 0.109375
vt 0.398438 0.109375
vt 0.390625 0.109375
vt 0.414062 0.101562
vt 0.421875 0.101562
vt 0.421875 0.109375
vt 0.414063 0.109375
vt 0.429688 0.101562
vt 0.437500 0.101562
vt 0.437500 0.109375
vt 0.429688 0.109375
vt 0.445312 0.101562
vt 0.453125 0.101562
vt 0.453125 0.109375
vt 0.445312 0.109375
vt 0.460938 0.101562
vt 0.468750 0.101562
vt 0.468750 0.109375
vt 0.460938 0.109375
vt 0.476562 0.101562
vt 0.484375 0.101562
vt 0.484375 0.109375
vt 0.476563 0.109375
vt 0.492188 0.101562
vt 0.500000 0.101562
vt 0.500000 0.109375
vt 0.492188 0.109375
vt 0.507812 0.101562
vt 0.515625 0.101562
vt 0.515625 0.109375
vt 0.507812 0.109375
vt 0.523438 0.101562
vt 0.531250 0.101562
vt 0.531250 0.109375
vt 0.523438 0.109375
vt 0.539062 0.101562
vt 0.546875 0.101562
vt 0.546875 0.109375
vt 0.539062 0.109375
vt 0.554688 0.101562
vt 0.562500 0.101562
vt 0.562500 0.109375
vt 0.554687 0.109375
vt 0.570312 0.101562
vt 0.578125 0.101562
vt 0.578125 0.109375
vt 0.570312 0.109375
vt 0.585938 0.101562
vt 0.593750 0.101562
vt 0.593750 0.109375
vt 0.585938 0.109375
vt 0.601562 0.101562
vt 0.609375 0.101562
vt 0.609375 0.109375
vt 0.601563 0.109375
vt 0.398438 0.117188
vt 0.390625 0.117188
vt 0.406250 0.117188
vt 0.406250 0.125000
vt 0.398438 0.125000
vt 0.390625 0.125000
vt 0.414062 0.117188
vt 0.421875 0.117188
vt 0.421875 0.125000
vt 0.414063 0.125000
vt 0.429688 0.117188
vt 0.437500 0.117188
vt 0.437500 0.125000
vt 0.429688 0.125000
vt 0.445312 0.117188
vt 0.453125 0.117188
vt 0.453125 0.125000
vt 0.445312 0.125000
vt 0.460938 0.117188
vt 0.468750 0.117188
vt 0.468750 0.125000
vt 0.460938 0.125000
vt 0.476562 0.117188
vt 0.484375 0.117188
vt 0.484375 0.125000
vt 0.476562 0.125000
vt 0.492188 0.117188
vt 0.500000 0.117188
vt 0.500000 0.125000
vt 0.492188 0.125000
vt 0.507812 0.117188
vt 0.515625 0.117188
vt 0.515625 0.125000
vt 0.507812 0.125000
vt 0.523438 0.117188
vt 0.531250 0.117188
vt 0.531250 0.125000
vt 0.523438 0.125000
vt 0.539062 0.117188
vt 0.546875 0.117188
vt 0.546875 0.125000
vt 0.539062 0.125000
vt 0.554688 0.117188
vt 0.562500 0.117188
vt 0.562500 0.125000
vt 0.554688 0.125000
vt 0.570312 0.117188
vt 0.578125 0.117188
vt 0.578125 0.125000
vt 0.570312 0.125000
vt 0.585938 0.117188
vt 0.593750 0.117188
vt 0.593750 0.125000
vt 0.585938 0.125000
vt 0.601562 0.117188
vt 0.609375 0.117188
vt 0.609375 0.125000
vt 0.601562 0.125000
vt 0.398438 0.132812
vt 0.390625 0.132812
vt 0.406250 0.132812
vt 0.406250 0.140625
vt 0.398438 0.140625
vt 0.390625 0.140625
vt 0.414062 0.132812
vt 0.421875 0.132812
vt 0.421875 0.140625
vt 0.414063 0.140625
vt 0.429688 0.132812
vt 0.437500 0.132812
vt 0.437500 0.140625
vt 0.429688 0.140625
vt 0.445312 0.132812
vt 0.453125 0.132812
vt 0.453125 0.140625
vt 0.445312 0.140625
vt 0.460938 0.132812
vt 0.468750 0.132812
vt 0.468750 0.140625
vt 0.460938 0.140625
vt 0.476562 0.132812
vt 0.484375 0.132812
vt 0.484375 0.140625
vt 0.476562 0.140625
vt 0.492188 0.132812
vt 0.500000 0.132812
vt 0.500000 0.140625
vt 0.492188 0.140625
vt 0.507812 0.132812
vt 0.515625 0.132812
vt 0.515625 0.140625
vt 0.507812 0.140625
vt 0.523438 0.132812
vt 0.531250 0.132812
vt 0.531250 0.140625
vt 0.523438 0.140625
vt 0.539062 0.132812
vt 0.546875 0.132812
vt 0.546875 0.140625
vt 0.539062 0.140625
vt 0.554688 0.132812
vt 0.562500 0.132812
vt 0.562500 0.140625
vt 0.554687 0.140625
vt 0.570312 0.132812
vt 0.578125 0.132812
vt 0.578125 0.140625
vt 0.570312 0.140625
vt 0.585938 0.132812
vt 0.593750 0.132812
vt 0.593750 0.140625
vt 0.585938 0.140625
vt 0.601562 0.132812
vt 0.609375 0.132812
vt 0.609375 0.140625
vt 0.601562 0.140625
vt 0.398438 0.148438
vt 0.390625 0.148437
vt 0.406250 0.148438
vt 0.406250 0.156250
vt 0.398438 0.156250
vt 0.390625 0.156250
vt 0.414062 0.148438
vt 0.421875 0.148437
vt 0.421875 0.156250
vt 0.414063 0.156250
vt 0.429688 0.148438
vt 0.437500 0.148437
vt 0.437500 0.156250
vt 0.429688 0.156250
vt 0.445312 0.148438
vt 0.453125 0.148437
vt 0.453125 0.156250
vt 0.445312 0.156250
vt 0.460938 0.148438
vt 0.468750 0.148437
vt 0.468750 0.156250
vt 0.460938 0.156250
vt 0.476562 0.148438
vt 0.484375 0.148437
vt 0.484375 0.156250
vt 0.476562 0.156250
vt 0.492188 0.148438
vt 0.500000 0.148437
vt 0.500000 0.156250
vt 0.492188 0.156250
vt 0.507812 0.148438
vt 0.515625 0.148437
vt 0.515625 0.156250
vt 0.507812 0.156250
vt 0.523438 0.148438
vt 0.531250 0.148437
vt 0.531250 0.156250
vt 0.523438 0.156250
vt 0.539062 0.148438
vt 0.546875 0.148437
vt 0.546875 0.156250
vt 0.539062 0.156250
vt 0.554688 0.148438
vt 0.562500 0.148437
vt 0.562500 0.156250
vt 0.554687 0.156250
vt 0.570312 0.148438
vt 0.578125 0.148437
vt 0.578125 0.156250
vt 0.570312 0.156250
vt 0.585938 0.148438
vt 0.593750 0.148438
vt 0.593750 0.156250
vt 0.585938 0.156250
vt 0.601562 0.148438
vt 0.609375 0.148437
vt 0.609375 0.156250
vt 0.601563 0.156250
vt 0.398438 0.164062
vt 0.390625 0.164063
vt 0.406250 0.164063
vt 0.406250 0.171875
vt 0.398438 0.171875
vt 0.390625 0.171875
vt 0.414062 0.164062
vt 0.421875 0.164063
vt 0.421875 0.171875
vt 0.414063 0.171875
vt 0.429688 0.164062
vt 0.437500 0.164063
vt 0.437500 0.171875
vt 0.429688 0.171875
vt 0.445312 0.164062
vt 0.453125 0.164063
vt 0.453125 0.171875
vt 0.445312 0.171875
vt 0.460938 0.164062
vt 0.468750 0.164063
vt 0.468750 0.171875
vt 0.460938 0.171875
vt 0.476562 0.164062
vt 0.484375 0.164063
vt 0.484375 0.171875
vt 0.476562 0.171875
vt 0.492188 0.164062
vt 0.500000 0.164063
vt 0.500000 0.171875
vt 0.492188 0.171875
vt 0.507812 0.164062
vt 0.515625 0.164063
vt 0.515625 0.171875
vt 0.507812 0.171875
vt 0.523438 0.164062
vt 0.531250 0.164063
vt 0.531250 0.171875
vt 0.523438 0.171875
vt 0.539062 0.164062
vt 0.546875 0.164063
vt 0.546875 0.171875
vt 0.539062 0.171875
vt 0.554688 0.164062
vt 0.562500 0.164063
vt 0.562500 0.171875
vt 0.554687 0.171875
vt 0.570312 0.164062
vt 0.578125 0.164063
vt 0.578125 0.171875
vt 0.570312 0.171875
vt 0.585938 0.164062
vt 0.593750 0.164063
vt 0.593750 0.171875
vt 0.585938 0.171875
vt 0.601562 0.164062
vt 0.609375 0.164063
vt 0.609375 0.171875
vt 0.601562 0.171875
vt 0.398438 0.179688
vt 0.390625 0.179688
vt 0.406250 0.179688
vt 0.406250 0.187500
vt 0.398438 0.187500
vt 0.390625 0.187500
vt 0.414062 0.179688
vt 0.421875 0.179688
vt 0.421875 0.187500
vt 0.414063 0.187500
vt 0.429688 0.179688
vt 0.437500 0.179688
vt 0.437500 0.187500
vt 0.429688 0.187500
vt 0.445312 0.179688
vt 0.453125 0.179688
vt 0.453125 0.187500
vt 0.445312 0.187500
vt 0.460938 0.179688
vt 0.468750 0.179688
vt 0.468750 0.187500
vt 0.460938 0.187500
vt 0.476562 0.179688
vt 0.484375 0.179688
vt 0.484375 0.187500
vt 0.476563 0.187500
vt 0.492188 0.179688
vt 0.500000 0.179688
vt 0.500000 0.187500
vt 0.492188 0.187500
vt 0.507812 0.179688
vt 0.515625 0.179688
vt 0.515625 0.187500
vt 0.507812 0.187500
vt 0.523438 0.179688
vt 0.531250 0.179688
vt 0.531250 0.187500
vt 0.523437 0.187500
vt 0.539062 0.179688
vt 0.546875 0.179688
vt 0.546875 0.187500
vt 0.539062 0.187500
vt 0.554688 0.179688
vt 0.562500 0.179688
vt 0.562500 0.187500
vt 0.554687 0.187500
vt 0.570312 0.179688
vt 0.578125 0.179688
vt 0.578125 0.187500
vt 0.570312 0.187500
vt 0.585938 0.179688
vt 0.593750 0.179688
vt 0.593750 0.187500
vt 0.585938 0.187500
vt 0.601562 0.179688
vt 0.609375 0.179688
vt 0.609375 0.187500
vt 0.601563 0.187500
vt 0.398438 0.195312
vt 0.390625 0.195312
vt 0.406250 0.195312
vt 0.406250 0.203125
vt 0.398438 0.203125
vt 0.390625 0.203125
vt 0.414062 0.195312
vt 0.421875 0.195312
vt 0.421875 0.203125
vt 0.414063 0.203125
vt 0.429688 0.195312
vt 0.437500 0.195312
vt 0.437500 0.203125
vt 0.429688 0.203125
vt 0.445312 0.195312
vt 0.453125 0.195312
vt 0.453125 0.203125
vt 0.445312 0.203125
vt 0.460938 0.195312
vt 0.468750 0.195312
vt 0.468750 0.203125
vt 0.460938 0.203125
vt 0.476562 0.195312
vt 0.484375 0.195312
vt 0.484375 0.203125
vt 0.476562 0.203125
vt 0.492188 0.195312
vt 0.500000 0.195312
vt 0.500000 0.203125
vt 0.492188 0.203125
vt 0.507812 0.195312
vt 0.515625 0.195312
vt 0.515625 0.203125
vt 0.507812 0.203125
vt 0.523438 0.195312
vt 0.531250 0.195312
vt 0.531250 0.203125
vt 0.523438 0.203125
vt 0.539062 0.195312
vt 0.546875 0.195312
vt 0.546875 0.203125
vt 0.539062 0.203125
vt 0.554688 0.195312
vt 0.562500 0.195312
vt 0.562500 0.203125
vt 0.554687 0.203125
vt 0.570312 0.195312
vt 0.578125 0.195312
vt 0.578125 0.203125
vt 0.570312 0.203125
vt 0.585938 0.195312
vt 0.593750 0.195312
vt 0.593750 0.203125
vt 0.585938 0.203125
vt 0.601562 0.195312
vt 0.609375 0.195312
vt 0.609375 0.203125
vt 0.601562 0.203125
vt 0.398438 0.210938
vt 0.390625 0.210938
vt 0.406250 0.210938
vt 0.406250 0.218750
vt 0.398438 0.218750
vt 0.390625 0.218750
vt 0.414062 0.210938
vt 0.421875 0.210938
vt 0.421875 0.218750
vt 0.414063 0.218750
vt 0.429688 0.210938
vt 0.437500 0.210938
vt 0.437500 0.218750
vt 0.429688 0.218750
vt 0.445312 0.210938
vt 0.453125 0.210938
vt 0.453125 0.218750
vt 0.445312 0.218750
vt 0.460938 0.210938
vt 0.468750 0.210938
vt 0.468750 0.218750
vt 0.460938 0.218750
vt 0.476562 0.210938
vt 0.484375 0.210938
vt 0.484375 0.218750
vt 0.476562 0.218750
vt 0.492188 0.210938
vt 0.500000 0.210938
vt 0.500000 0.218750
vt 0.492188 0.218750
vt 0.507812 0.210938
vt 0.515625 0.210938
vt 0.515625 0.218750
vt 0.507812 0.218750
vt 0.523438 0.210938
vt 0.531250 0.210938
vt 0.531250 0.218750
vt 0.523438 0.218750
vt 0.539062 0.210938
vt 0.546875 0.210938
vt 0.546875 0.218750
vt 0.539062 0.218750
vt 0.554688 0.210938
vt 0.562500 0.210938
vt 0.562500 0.218750
vt 0.554687 0.218750
vt 0.570312 0.210938
vt 0.578125 0.210938
vt 0.578125 0.218750
vt 0.570312 0.218750
vt 0.585938 0.210938
vt 0.593750 0.210938
vt 0.593750 0.218750
vt 0.585938 0.218750
vt 0.601562 0.210938
vt 0.609375 0.210938
vt 0.609375 0.218750
vt 0.601562 0.218750
vt 0.398438 0.226562
vt 0.390625 0.226562
vt 0.406250 0.226562
vt 0.406250 0.234375
vt 0.398438 0.234375
vt 0.390625 0.234375
vt 0.414062 0.226562
vt 0.421875 0.226562
vt 0.421875 0.234375
vt 0.414063 0.234375
vt 0.429688 0.226562
vt 0.437500 0.226562
vt 0.437500 0.234375
vt 0.429688 0.234375
vt 0.445312 0.226562
vt 0.453125 0.226562
vt 0.453125 0.234375
vt 0.445312 0.234375
vt 0.460938 0.226562
vt 0.468750 0.226562
vt 0.468750 0.234375
vt 0.460938 0.234375
vt 0.476562 0.226562
vt 0.484375 0.226562
vt 0.484375 0.234375
vt 0.476562 0.234375
vt 0.492188 0.226562
vt 0.500000 0.226562
vt 0.500000 0.234375
vt 0.492188 0.234375
vt 0.507812 0.226562
vt 0.515625 0.226562
vt 0.515625 0.234375
vt 0.507812 0.234375
vt 0.523438 0.226562
vt 0.531250 0.226562
vt 0.531250 0.234375
vt 0.523438 0.234375
vt 0.539062 0.226562
vt 0.546875 0.226562
vt 0.546875 0.234375
vt 0.539062 0.234375
vt 0.554688 0.226562
vt 0.562500 0.226562
vt 0.562500 0.234375
vt 0.554687 0.234375
vt 0.570312 0.226562
vt 0.578125 0.226562
vt 0.578125 0.234375
vt 0.570312 0.234375
vt 0.585938 0.226562
vt 0.593750 0.226562
vt 0.593750 0.234375
vt 0.585938 0.234375
vt 0.601562 0.226562
vt 0.609375 0.226562
vt 0.609375 0.234375
vt 0.601563 0.234375
vt 0.375000 0.000000
vt 0.382812 0.000000
vt 0.382812 0.007812
vt 0.375000 0.007812
vt 0.390625 0.000000
vt 0.390625 0.007812
vt 0.382812 0.015625
vt 0.375000 0.015625
vt 0.398438 0.000000
vt 0.398438 0.007812
vt 0.406250 0.000000
vt 0.406250 0.007812
vt 0.414062 0.000000
vt 0.414062 0.007812
vt 0.421875 0.000000
vt 0.421875 0.007812
vt 0.429688 0.000000
vt 0.429688 0.007812
vt 0.437500 0.000000
vt 0.437500 0.007812
vt 0.445312 0.000000
vt 0.445312 0.007812
vt 0.453125 0.000000
vt 0.453125 0.007812
vt 0.460938 0.000000
vt 0.460938 0.007812
vt 0.468750 0.000000
vt 0.468750 0.007812
vt 0.476562 0.000000
vt 0.476562 0.007812
vt 0.484375 0.000000
vt 0.484375 0.007812
vt 0.492188 0.000000
vt 0.492188 0.007812
vt 0.500000 0.000000
vt 0.500000 0.007812
vt 0.507812 0.000000
vt 0.507812 0.007812
vt 0.515625 0.000000
vt 0.515625 0.007812
vt 0.523438 0.000000
vt 0.523438 0.007812
vt 0.531250 0.000000
vt 0.531250 0.007812
vt 0.539062 0.000000
vt 0.539062 0.007812
vt 0.546875 0.000000
vt 0.546875 0.007812
vt 0.554688 0.000000
vt 0.554688 0.007812
vt 0.562500 0.000000
vt 0.562500 0.007812
vt 0.570312 0.000000
vt 0.570312 0.007812
vt 0.578125 0.000000
vt 0.578125 0.007812
vt 0.585938 0.000000
vt 0.585938 0.007812
vt 0.593750 0.000000
vt 0.593750 0.007812
vt 0.601562 0.000000
vt 0.601562 0.007812
vt 0.609375 0.000000
vt 0.609375 0.007812
vt 0.617188 0.000000
vt 0.617188 0.007812
vt 0.625000 0.000000
vt 0.625000 0.007812
vt 0.625000 0.015625
vt 0.617188 0.015625
vt 0.617188 0.023438
vt 0.625000 0.023438
vt 0.625000 0.031250
vt 0.617188 0.031250
vt 0.617188 0.039062
vt 0.625000 0.039062
vt 0.625000 0.046875
vt 0.617188 0.046875
vt 0.617188 0.054688
vt 0.625000 0.054688
vt 0.625000 0.062500
vt 0.617188 0.062500
vt 0.617188 0.070312
vt 0.625000 0.070312
vt 0.625000 0.078125
vt 0.617188 0.078125
vt 0.617188 0.085938
vt 0.625000 0.085938
vt 0.625000 0.093750
vt 0.617188 0.093750
vt 0.617188 0.101562
vt 0.625000 0.101562
vt 0.625000 0.109375
vt 0.617188 0.109375
vt 0.617188 0.117188
vt 0.625000 0.117188
vt 0.625000 0.125000
vt 0.617188 0.125000
vt 0.617188 0.132812
vt 0.625000 0.132812
vt 0.625000 0.140625
vt 0.617188 0.140625
vt 0.617188 0.148438
vt 0.625000 0.148438
vt 0.625000 0.156250
vt 0.617188 0.156250
vt 0.617188 0.164062
vt 0.625000 0.164062
vt 0.625000 0.171875
vt 0.617188 0.171875
vt 0.617188 0.179688
vt 0.625000 0.179688
vt 0.625000 0.187500
vt 0.617188 0.187500
vt 0.617188 0.195312
vt 0.625000 0.195312
vt 0.625000 0.203125
vt 0.617188 0.203125
vt 0.617188 0.210938
vt 0.625000 0.210938
vt 0.625000 0.218750
vt 0.617188 0.218750
vt 0.617188 0.226562
vt 0.625000 0.226562
vt 0.625000 0.234375
vt 0.617188 0.234375
vt 0.617188 0.242188
vt 0.609375 0.242188
vt 0.625000 0.242188
vt 0.625000 0.250000
vt 0.617188 0.250000
vt 0.609375 0.250000
vt 0.601562 0.242188
vt 0.593750 0.242188
vt 0.601562 0.250000
vt 0.593750 0.250000
vt 0.585938 0.242188
vt 0.578125 0.242188
vt 0.585938 0.250000
vt 0.578125 0.250000
vt 0.570312 0.242188
vt 0.562500 0.242188
vt 0.570312 0.250000
vt 0.562500 0.250000
vt 0.554688 0.242188
vt 0.546875 0.242188
vt 0.554687 0.250000
vt 0.546875 0.250000
vt 0.539062 0.242188
vt 0.531250 0.242188
vt 0.539062 0.250000
vt 0.531250 0.250000
vt 0.523438 0.242188
vt 0.515625 0.242188
vt 0.523438 0.250000
vt 0.515625 0.250000
vt 0.507812 0.242188
vt 0.500000 0.242188
vt 0.507812 0.250000
vt 0.500000 0.250000
vt 0.492188 0.242188
vt 0.484375 0.242188
vt 0.492188 0.250000
vt 0.484375 0.250000
vt 0.476562 0.242188
vt 0.468750 0.242188
vt 0.476562 0.250000
vt 0.468750 0.250000
vt 0.460938 0.242188
vt 0.453125 0.242188
vt 0.460938 0.250000
vt 0.453125 0.250000
vt 0.445312 0.242188
vt 0.437500 0.242188
vt 0.445312 0.250000
vt 0.437500 0.250000
vt 0.429688 0.242188
vt 0.421875 0.242188
vt 0.429688 0.250000
vt 0.421875 0.250000
vt 0.414062 0.242188
vt 0.406250 0.242188
vt 0.414063 0.250000
vt 0.406250 0.250000
vt 0.398438 0.242188
vt 0.390625 0.242188
vt 0.398438 0.250000
vt 0.390625 0.250000
vt 0.375000 0.234375
vt 0.382812 0.234375
vt 0.382812 0.242188
vt 0.375000 0.242188
vt 0.382812 0.250000
vt 0.375000 0.250000
vt 0.375000 0.218750
vt 0.382812 0.218750
vt 0.382812 0.226562
vt 0.375000 0.226562
vt 0.375000 0.203125
vt 0.382812 0.203125
vt 0.382812 0.210938
vt 0.375000 0.210938
vt 0.375000 0.187500
vt 0.382812 0.187500
vt 0.382812 0.195312
vt 0.375000 0.195312
vt 0.375000 0.171875
vt 0.382812 0.171875
vt 0.382812 0.179688
vt 0.375000 0.179688
vt 0.375000 0.156250
vt 0.382812 0.156250
vt 0.382812 0.164062
vt 0.375000 0.164062
vt 0.375000 0.140625
vt 0.382812 0.140625
vt 0.382812 0.148438
vt 0.375000 0.148438
vt 0.375000 0.125000
vt 0.382812 0.125000
vt 0.382812 0.132812
vt 0.375000 0.132812
vt 0.375000 0.109375
vt 0.382812 0.109375
vt 0.382812 0.117188
vt 0.375000 0.117188
vt 0.375000 0.093750
vt 0.382812 0.093750
vt 0.382812 0.101562
vt 0.375000 0.101562
vt 0.375000 0.078125
vt 0.382812 0.078125
vt 0.382812 0.085938
vt 0.375000 0.085938
vt 0.375000 0.062500
vt 0.382812 0.062500
vt 0.382812 0.070312
vt 0.375000 0.070312
vt 0.375000 0.046875
vt 0.382812 0.046875
vt 0.382812 0.054688
vt 0.375000 0.054688
vt 0.375000 0.031250
vt 0.382812 0.031250
vt 0.382812 0.039062
vt 0.375000 0.039062
vt 0.382812 0.023438
vt 0.375000 0.023438
vt 0.390625 0.265625
vt 0.398438 0.265625
vt 0.398438 0.273438
vt 0.390625 0.273438
vt 0.406250 0.265625
vt 0.406250 0.273438
vt 0.406250 0.281250
vt 0.398438 0.281250
vt 0.390625 0.281250
vt 0.414063 0.265625
vt 0.414062 0.273438
vt 0.421875 0.265625
vt 0.421875 0.273438
vt 0.421875 0.281250
vt 0.414063 0.281250
vt 0.429688 0.265625
vt 0.429688 0.273438
vt 0.437500 0.265625
vt 0.437500 0.273438
vt 0.437500 0.281250
vt 0.429688 0.281250
vt 0.445312 0.265625
vt 0.445312 0.273438
vt 0.453125 0.265625
vt 0.453125 0.273438
vt 0.453125 0.281250
vt 0.445312 0.281250
vt 0.460938 0.265625
vt 0.460938 0.273438
vt 0.468750 0.265625
vt 0.468750 0.273438
vt 0.468750 0.281250
vt 0.460938 0.281250
vt 0.476562 0.265625
vt 0.476562 0.273438
vt 0.484375 0.265625
vt 0.484375 0.273438
vt 0.484375 0.281250
vt 0.476563 0.281250
vt 0.492188 0.265625
vt 0.492188 0.273438
vt 0.500000 0.265625
vt 0.500000 0.273438
vt 0.500000 0.281250
vt 0.492188 0.281250
vt 0.507812 0.265625
vt 0.507812 0.273438
vt 0.515625 0.265625
vt 0.515625 0.273438
vt 0.515625 0.281250
vt 0.507812 0.281250
vt 0.523438 0.265625
vt 0.523438 0.273438
vt 0.531250 0.265625
vt 0.531250 0.273438
vt 0.531250 0.281250
vt 0.523437 0.281250
vt 0.539062 0.265625
vt 0.539062 0.273438
vt 0.546875 0.265625
vt 0.546875 0.273438
vt 0.546875 0.281250
vt 0.539062 0.281250
vt 0.554687 0.265625
vt 0.554688 0.273438
vt 0.562500 0.265625
vt 0.562500 0.273438
vt 0.562500 0.281250
vt 0.554687 0.281250
vt 0.570312 0.265625
vt 0.570312 0.273438
vt 0.578125 0.265625
vt 0.578125 0.273438
vt 0.578125 0.281250
vt 0.570312 0.281250
vt 0.585938 0.265625
vt 0.585938 0.273438
vt 0.593750 0.265625
vt 0.593750 0.273438
vt 0.593750 0.281250
vt 0.585938 0.281250
vt 0.601563 0.265625
vt 0.601562 0.273438
vt 0.609375 0.265625
vt 0.609375 0.273438
vt 0.609375 0.281250
vt 0.601563 0.281250
vt 0.398437 0.289062
vt 0.390625 0.289062
vt 0.406250 0.289062
vt 0.406250 0.296875
vt 0.398438 0.296875
vt 0.390625 0.296875
vt 0.414062 0.289062
vt 0.421875 0.289062
vt 0.421875 0.296875
vt 0.414063 0.296875
vt 0.429688 0.289062
vt 0.437500 0.289062
vt 0.437500 0.296875
vt 0.429688 0.296875
vt 0.445312 0.289062
vt 0.453125 0.289062
vt 0.453125 0.296875
vt 0.445312 0.296875
vt 0.460938 0.289062
vt 0.468750 0.289062
vt 0.468750 0.296875
vt 0.460938 0.296875
vt 0.476562 0.289062
vt 0.484375 0.289062
vt 0.484375 0.296875
vt 0.476562 0.296875
vt 0.492188 0.289062
vt 0.500000 0.289062
vt 0.500000 0.296875
vt 0.492188 0.296875
vt 0.507812 0.289062
vt 0.515625 0.289062
vt 0.515625 0.296875
vt 0.507813 0.296875
vt 0.523438 0.289062
vt 0.531250 0.289062
vt 0.531250 0.296875
vt 0.523438 0.296875
vt 0.539062 0.289062
vt 0.546875 0.289062
vt 0.546875 0.296875
vt 0.539062 0.296875
vt 0.554688 0.289062
vt 0.562500 0.289062
vt 0.562500 0.296875
vt 0.554687 0.296875
vt 0.570312 0.289062
vt 0.578125 0.289062
vt 0.578125 0.296875
vt 0.570312 0.296875
vt 0.585938 0.289062
vt 0.593750 0.289062
vt 0.593750 0.296875
vt 0.585938 0.296875
vt 0.601562 0.289062
vt 0.609375 0.289062
vt 0.609375 0.296875
vt 0.601562 0.296875
vt 0.398438 0.304688
vt 0.390625 0.304688
vt 0.406250 0.304688
vt 0.406250 0.312500
vt 0.398438 0.312500
vt 0.390625 0.312500
vt 0.414062 0.304688
vt 0.421875 0.304688
vt 0.421875 0.312500
vt 0.414063 0.312500
vt 0.429688 0.304688
vt 0.437500 0.304688
vt 0.437500 0.312500
vt 0.429688 0.312500
vt 0.445312 0.304688
vt 0.453125 0.304688
vt 0.453125 0.312500
vt 0.445312 0.312500
vt 0.460938 0.304688
vt 0.468750 0.304688
vt 0.468750 0.312500
vt 0.460938 0.312500
vt 0.476562 0.304688
vt 0.484375 0.304688
vt 0.484375 0.312500
vt 0.476562 0.312500
vt 0.492188 0.304688
vt 0.500000 0.304688
vt 0.500000 0.312500
vt 0.492188 0.312500
vt 0.507812 0.304688
vt 0.515625 0.304688
vt 0.515625 0.312500
vt 0.507812 0.312500
vt 0.523438 0.304688
vt 0.531250 0.304688
vt 0.531250 0.312500
vt 0.523438 0.312500
vt 0.539062 0.304688
vt 0.546875 0.304688
vt 0.546875 0.312500
vt 0.539062 0.312500
vt 0.554688 0.304688
vt 0.562500 0.304687
vt 0.562500 0.312500
vt 0.554687 0.312500
vt 0.570312 0.304688
vt 0.578125 0.304688
vt 0.578125 0.312500
vt 0.570313 0.312500
vt 0.585938 0.304688
vt 0.593750 0.304687
vt 0.593750 0.312500
vt 0.585938 0.312500
vt 0.601562 0.304688
vt 0.609375 0.304688
vt 0.609375 0.312500
vt 0.601562 0.312500
vt 0.398438 0.320312
vt 0.390625 0.320312
vt 0.406250 0.320312
vt 0.406250 0.328125
vt 0.398438 0.328125
vt 0.390625 0.328125
vt 0.414062 0.320312
vt 0.421875 0.320312
vt 0.421875 0.328125
vt 0.414063 0.328125
vt 0.429688 0.320312
vt 0.437500 0.320312
vt 0.437500 0.328125
vt 0.429688 0.328125
vt 0.445312 0.320312
vt 0.453125 0.320312
vt 0.453125 0.328125
vt 0.445312 0.328125
vt 0.460938 0.320312
vt 0.468750 0.320312
vt 0.468750 0.328125
vt 0.460938 0.328125
vt 0.476562 0.320312
vt 0.484375 0.320312
vt 0.484375 0.328125
vt 0.476562 0.328125
vt 0.492188 0.320312
vt 0.500000 0.320312
vt 0.500000 0.328125
vt 0.492188 0.328125
vt 0.507812 0.320312
vt 0.515625 0.320312
vt 0.515625 0.328125
vt 0.507812 0.328125
vt 0.523438 0.320312
vt 0.531250 0.320312
vt 0.531250 0.328125
vt 0.523437 0.328125
vt 0.539062 0.320312
vt 0.546875 0.320312
vt 0.546875 0.328125
vt 0.539062 0.328125
vt 0.554688 0.320312
vt 0.562500 0.320312
vt 0.562500 0.328125
vt 0.554687 0.328125
vt 0.570312 0.320312
vt 0.578125 0.320313
vt 0.578125 0.328125
vt 0.570312 0.328125
vt 0.585938 0.320312
vt 0.593750 0.320312
vt 0.593750 0.328125
vt 0.585938 0.328125
vt 0.601562 0.320312
vt 0.609375 0.320312
vt 0.609375 0.328125
vt 0.601563 0.328125
vt 0.398438 0.335938
vt 0.390625 0.335938
vt 0.406250 0.335938
vt 0.406250 0.343750
vt 0.398438 0.343750
vt 0.390625 0.343750
vt 0.414062 0.335938
vt 0.421875 0.335938
vt 0.421875 0.343750
vt 0.414062 0.343750
vt 0.429688 0.335938
vt 0.437500 0.335938
vt 0.437500 0.343750
vt 0.429688 0.343750
vt 0.445312 0.335938
vt 0.453125 0.335938
vt 0.453125 0.343750
vt 0.445312 0.343750
vt 0.460938 0.335938
vt 0.468750 0.335938
vt 0.468750 0.343750
vt 0.460938 0.343750
vt 0.476562 0.335938
vt 0.484375 0.335938
vt 0.484375 0.343750
vt 0.476563 0.343750
vt 0.492188 0.335938
vt 0.500000 0.335938
vt 0.500000 0.343750
vt 0.492188 0.343750
vt 0.507812 0.335938
vt 0.515625 0.335938
vt 0.515625 0.343750
vt 0.507812 0.343750
vt 0.523438 0.335938
vt 0.531250 0.335938
vt 0.531250 0.343750
vt 0.523438 0.343750
vt 0.539062 0.335938
vt 0.546875 0.335938
vt 0.546875 0.343750
vt 0.539062 0.343750
vt 0.554688 0.335938
vt 0.562500 0.335938
vt 0.562500 0.343750
vt 0.554687 0.343750
vt 0.570312 0.335938
vt 0.578125 0.335938
vt 0.578125 0.343750
vt 0.570312 0.343750
vt 0.585938 0.335938
vt 0.593750 0.335938
vt 0.593750 0.343750
vt 0.585938 0.343750
vt 0.601562 0.335938
vt 0.609375 0.335938
vt 0.609375 0.343750
vt 0.601563 0.343750
vt 0.398438 0.351562
vt 0.390625 0.351562
vt 0.406250 0.351562
vt 0.406250 0.359375
vt 0.398438 0.359375
vt 0.390625 0.359375
vt 0.414062 0.351562
vt 0.421875 0.351562
vt 0.421875 0.359375
vt 0.414063 0.359375
vt 0.429688 0.351562
vt 0.437500 0.351563
vt 0.437500 0.359375
vt 0.429688 0.359375
vt 0.445312 0.351562
vt 0.453125 0.351562
vt 0.453125 0.359375
vt 0.445312 0.359375
vt 0.460938 0.351562
vt 0.468750 0.351562
vt 0.468750 0.359375
vt 0.460938 0.359375
vt 0.476562 0.351562
vt 0.484375 0.351563
vt 0.484375 0.359375
vt 0.476563 0.359375
vt 0.492188 0.351562
vt 0.500000 0.351562
vt 0.500000 0.359375
vt 0.492188 0.359375
vt 0.507812 0.351562
vt 0.515625 0.351563
vt 0.515625 0.359375
vt 0.507812 0.359375
vt 0.523438 0.351562
vt 0.531250 0.351562
vt 0.531250 0.359375
vt 0.523438 0.359375
vt 0.539062 0.351562
vt 0.546875 0.351562
vt 0.546875 0.359375
vt 0.539062 0.359375
vt 0.554688 0.351562
vt 0.562500 0.351563
vt 0.562500 0.359375
vt 0.554687 0.359375
vt 0.570312 0.351562
vt 0.578125 0.351562
vt 0.578125 0.359375
vt 0.570312 0.359375
vt 0.585938 0.351562
vt 0.593750 0.351563
vt 0.593750 0.359375
vt 0.585938 0.359375
vt 0.601562 0.351562
vt 0.609375 0.351562
vt 0.609375 0.359375
vt 0.601563 0.359375
vt 0.398438 0.367188
vt 0.390625 0.367188
vt 0.406250 0.367187
vt 0.406250 0.375000
vt 0.398438 0.375000
vt 0.390625 0.375000
vt 0.414062 0.367188
vt 0.421875 0.367188
vt 0.421875 0.375000
vt 0.414063 0.375000
vt 0.429688 0.367188
vt 0.437500 0.367188
vt 0.437500 0.375000
vt 0.429688 0.375000
vt 0.445312 0.367188
vt 0.453125 0.367188
vt 0.453125 0.375000
vt 0.445312 0.375000
vt 0.460938 0.367188
vt 0.468750 0.367187
vt 0.468750 0.375000
vt 0.460938 0.375000
vt 0.476562 0.367188
vt 0.484375 0.367188
vt 0.484375 0.375000
vt 0.476562 0.375000
vt 0.492188 0.367188
vt 0.500000 0.367187
vt 0.500000 0.375000
vt 0.492188 0.375000
vt 0.507812 0.367188
vt 0.515625 0.367188
vt 0.515625 0.375000
vt 0.507813 0.375000
vt 0.523438 0.367188
vt 0.531250 0.367187
vt 0.531250 0.375000
vt 0.523438 0.375000
vt 0.539062 0.367188
vt 0.546875 0.367188
vt 0.546875 0.375000
vt 0.539062 0.375000
vt 0.554688 0.367188
vt 0.562500 0.367188
vt 0.562500 0.375000
vt 0.554687 0.375000
vt 0.570312 0.367188
vt 0.578125 0.367187
vt 0.578125 0.375000
vt 0.570312 0.375000
vt 0.585938 0.367188
vt 0.593750 0.367187
vt 0.593750 0.375000
vt 0.585938 0.375000
vt 0.601562 0.367188
vt 0.609375 0.367188
vt 0.609375 0.375000
vt 0.601562 0.375000
vt 0.398438 0.382812
vt 0.390625 0.382812
vt 0.406250 0.382812
vt 0.406250 0.390625
vt 0.398438 0.390625
vt 0.390625 0.390625
vt 0.414062 0.382812
vt 0.421875 0.382812
vt 0.421875 0.390625
vt 0.414063 0.390625
vt 0.429688 0.382812
vt 0.437500 0.382812
vt 0.437500 0.390625
vt 0.429688 0.390625
vt 0.445312 0.382812
vt 0.453125 0.382812
vt 0.453125 0.390625
vt 0.445312 0.390625
vt 0.460938 0.382812
vt 0.468750 0.382812
vt 0.468750 0.390625
vt 0.460938 0.390625
vt 0.476562 0.382812
vt 0.484375 0.382812
vt 0.484375 0.390625
vt 0.476562 0.390625
vt 0.492188 0.382812
vt 0.500000 0.382812
vt 0.500000 0.390625
vt 0.492188 0.390625
vt 0.507812 0.382812
vt 0.515625 0.382812
vt 0.515625 0.390625
vt 0.507812 0.390625
vt 0.523438 0.382812
vt 0.531250 0.382812
vt 0.531250 0.390625
vt 0.523438 0.390625
vt 0.539062 0.382812
vt 0.546875 0.382812
vt 0.546875 0.390625
vt 0.539062 0.390625
vt 0.554688 0.382812
vt 0.562500 0.382812
vt 0.562500 0.390625
vt 0.554687 0.390625
vt 0.570312 0.382812
vt 0.578125 0.382812
vt 0.578125 0.390625
vt 0.570312 0.390625
vt 0.585938 0.382812
vt 0.593750 0.382812
vt 0.593750 0.390625
vt 0.585938 0.390625
vt 0.601562 0.382812
vt 0.609375 0.382812
vt 0.609375 0.390625
vt 0.601563 0.390625
vt 0.398438 0.398438
vt 0.390625 0.398438
vt 0.406250 0.398438
vt 0.406250 0.406250
vt 0.398438 0.406250
vt 0.390625 0.406250
vt 0.414062 0.398438
vt 0.421875 0.398438
vt 0.421875 0.406250
vt 0.414063 0.406250
vt 0.429688 0.398438
vt 0.437500 0.398438
vt 0.437500 0.406250
vt 0.429688 0.406250
vt 0.445312 0.398438
vt 0.453125 0.398438
vt 0.453125 0.406250
vt 0.445312 0.406250
vt 0.460938 0.398438
vt 0.468750 0.398438
vt 0.468750 0.406250
vt 0.460938 0.406250
vt 0.476562 0.398438
vt 0.484375 0.398438
vt 0.484375 0.406250
vt 0.476562 0.406250
vt 0.492188 0.398438
vt 0.500000 0.398438
vt 0.500000 0.406250
vt 0.492188 0.406250
vt 0.507812 0.398438
vt 0.515625 0.398438
vt 0.515625 0.406250
vt 0.507813 0.406250
vt 0.523438 0.398438
vt 0.531250 0.398438
vt 0.531250 0.406250
vt 0.523437 0.406250
vt 0.539062 0.398438
vt 0.546875 0.398438
vt 0.546875 0.406250
vt 0.539062 0.406250
vt 0.554688 0.398438
vt 0.562500 0.398438
vt 0.562500 0.406250
vt 0.554688 0.406250
vt 0.570312 0.398438
vt 0.578125 0.398438
vt 0.578125 0.406250
vt 0.570312 0.406250
vt 0.585937 0.398438
vt 0.593750 0.398438
vt 0.593750 0.406250
vt 0.585937 0.406250
vt 0.601562 0.398438
vt 0.609375 0.398438
vt 0.609375 0.406250
vt 0.601562 0.406250
vt 0.398438 0.414062
vt 0.390625 0.414063
vt 0.406250 0.414063
vt 0.406250 0.421875
vt 0.398438 0.421875
vt 0.390625 0.421875
vt 0.414062 0.414062
vt 0.421875 0.414063
vt 0.421875 0.421875
vt 0.414063 0.421875
vt 0.429688 0.414062
vt 0.437500 0.414063
vt 0.437500 0.421875
vt 0.429688 0.421875
vt 0.445312 0.414062
vt 0.453125 0.414063
vt 0.453125 0.421875
vt 0.445312 0.421875
vt 0.460938 0.414062
vt 0.468750 0.414063
vt 0.468750 0.421875
vt 0.460938 0.421875
vt 0.476562 0.414062
vt 0.484375 0.414063
vt 0.484375 0.421875
vt 0.476563 0.421875
vt 0.492188 0.414062
vt 0.500000 0.414063
vt 0.500000 0.421875
vt 0.492188 0.421875
vt 0.507812 0.414062
vt 0.515625 0.414063
vt 0.515625 0.421875
vt 0.507812 0.421875
vt 0.523438 0.414062
vt 0.531250 0.414063
vt 0.531250 0.421875
vt 0.523437 0.421875
vt 0.539062 0.414062
vt 0.546875 0.414063
vt 0.546875 0.421875
vt 0.539062 0.421875
vt 0.554688 0.414062
vt 0.562500 0.414063
vt 0.562500 0.421875
vt 0.554687 0.421875
vt 0.570312 0.414062
vt 0.578125 0.414063
vt 0.578125 0.421875
vt 0.570312 0.421875
vt 0.585937 0.414062
vt 0.593750 0.414063
vt 0.593750 0.421875
vt 0.585938 0.421875
vt 0.601562 0.414062
vt 0.609375 0.414063
vt 0.609375 0.421875
vt 0.601563 0.421875
vt 0.398438 0.429688
vt 0.390625 0.429688
vt 0.406250 0.429688
vt 0.406250 0.437500
vt 0.398438 0.437500
vt 0.390625 0.437500
vt 0.414062 0.429688
vt 0.421875 0.429688
vt 0.421875 0.437500
vt 0.414063 0.437500
vt 0.429688 0.429688
vt 0.437500 0.429688
vt 0.437500 0.437500
vt 0.429688 0.437500
vt 0.445312 0.429688
vt 0.453125 0.429688
vt 0.453125 0.437500
vt 0.445312 0.437500
vt 0.460938 0.429688
vt 0.468750 0.429688
vt 0.468750 0.437500
vt 0.460938 0.437500
vt 0.476562 0.429688
vt 0.484375 0.429688
vt 0.484375 0.437500
vt 0.476563 0.437500
vt 0.492188 0.429688
vt 0.500000 0.429688
vt 0.500000 0.437500
vt 0.492188 0.437500
vt 0.507812 0.429688
vt 0.515625 0.429688
vt 0.515625 0.437500
vt 0.507812 0.437500
vt 0.523438 0.429688
vt 0.531250 0.429688
vt 0.531250 0.437500
vt 0.523438 0.437500
vt 0.539062 0.429688
vt 0.546875 0.429688
vt 0.546875 0.437500
vt 0.539062 0.437500
vt 0.554688 0.429688
vt 0.562500 0.429688
vt 0.562500 0.437500
vt 0.554687 0.437500
vt 0.570312 0.429688
vt 0.578125 0.429688
vt 0.578125 0.437500
vt 0.570312 0.437500
vt 0.585938 0.429688
vt 0.593750 0.429688
vt 0.593750 0.437500
vt 0.585938 0.437500
vt 0.601562 0.429687
vt 0.609375 0.429688
vt 0.609375 0.437500
vt 0.601562 0.437500
vt 0.398438 0.445312
vt 0.390625 0.445312
vt 0.406250 0.445312
vt 0.406250 0.453125
vt 0.398438 0.453125
vt 0.390625 0.453125
vt 0.414062 0.445312
vt 0.421875 0.445312
vt 0.421875 0.453125
vt 0.414063 0.453125
vt 0.429688 0.445312
vt 0.437500 0.445312
vt 0.437500 0.453125
vt 0.429688 0.453125
vt 0.445312 0.445312
vt 0.453125 0.445312
vt 0.453125 0.453125
vt 0.445312 0.453125
vt 0.460938 0.445312
vt 0.468750 0.445312
vt 0.468750 0.453125
vt 0.460938 0.453125
vt 0.476562 0.445312
vt 0.484375 0.445312
vt 0.484375 0.453125
vt 0.476562 0.453125
vt 0.492188 0.445312
vt 0.500000 0.445312
vt 0.500000 0.453125
vt 0.492188 0.453125
vt 0.507812 0.445312
vt 0.515625 0.445312
vt 0.515625 0.453125
vt 0.507813 0.453125
vt 0.523438 0.445312
vt 0.531250 0.445312
vt 0.531250 0.453125
vt 0.523438 0.453125
vt 0.539062 0.445312
vt 0.546875 0.445312
vt 0.546875 0.453125
vt 0.539062 0.453125
vt 0.554688 0.445312
vt 0.562500 0.445312
vt 0.562500 0.453125
vt 0.554688 0.453125
vt 0.570312 0.445313
vt 0.578125 0.445312
vt 0.578125 0.453125
vt 0.570312 0.453125
vt 0.585938 0.445312
vt 0.593750 0.445312
vt 0.593750 0.453125
vt 0.585938 0.453125
vt 0.601562 0.445312
vt 0.609375 0.445312
vt 0.609375 0.453125
vt 0.601563 0.453125
vt 0.398438 0.460938
vt 0.390625 0.460938
vt 0.406250 0.460938
vt 0.406250 0.468750
vt 0.398438 0.468750
vt 0.390625 0.468750
vt 0.414062 0.460938
vt 0.421875 0.460938
vt 0.421875 0.468750
vt 0.414063 0.468750
vt 0.429688 0.460938
vt 0.437500 0.460937
vt 0.437500 0.468750
vt 0.429688 0.468750
vt 0.445312 0.460937
vt 0.453125 0.460938
vt 0.453125 0.468750
vt 0.445312 0.468750
vt 0.460938 0.460938
vt 0.468750 0.460938
vt 0.468750 0.468750
vt 0.460938 0.468750
vt 0.476562 0.460938
vt 0.484375 0.460938
vt 0.484375 0.468750
vt 0.476563 0.468750
vt 0.492188 0.460938
vt 0.500000 0.460938
vt 0.500000 0.468750
vt 0.492188 0.468750
vt 0.507812 0.460938
vt 0.515625 0.460938
vt 0.515625 0.468750
vt 0.507812 0.468750
vt 0.523438 0.460938
vt 0.531250 0.460938
vt 0.531250 0.468750
vt 0.523438 0.468750
vt 0.539062 0.460938
vt 0.546875 0.460938
vt 0.546875 0.468750
vt 0.539063 0.468750
vt 0.554688 0.460938
vt 0.562500 0.460937
vt 0.562500 0.468750
vt 0.554688 0.468750
vt 0.570312 0.460938
vt 0.578125 0.460938
vt 0.578125 0.468750
vt 0.570312 0.468750
vt 0.585938 0.460938
vt 0.593750 0.460938
vt 0.593750 0.468750
vt 0.585938 0.468750
vt 0.601562 0.460938
vt 0.609375 0.460938
vt 0.609375 0.468750
vt 0.601563 0.468750
vt 0.398438 0.476563
vt 0.390625 0.476563
vt 0.406250 0.476563
vt 0.406250 0.484375
vt 0.398438 0.484375
vt 0.390625 0.484375
vt 0.414062 0.476563
vt 0.421875 0.476563
vt 0.421875 0.484375
vt 0.414063 0.484375
vt 0.429688 0.476562
vt 0.437500 0.476562
vt 0.437500 0.484375
vt 0.429688 0.484375
vt 0.445312 0.476562
vt 0.453125 0.476562
vt 0.453125 0.484375
vt 0.445312 0.484375
vt 0.460938 0.476562
vt 0.468750 0.476563
vt 0.468750 0.484375
vt 0.460938 0.484375
vt 0.476562 0.476562
vt 0.484375 0.476562
vt 0.484375 0.484375
vt 0.476562 0.484375
vt 0.492188 0.476562
vt 0.500000 0.476562
vt 0.500000 0.484375
vt 0.492188 0.484375
vt 0.507812 0.476562
vt 0.515625 0.476563
vt 0.515625 0.484375
vt 0.507813 0.484375
vt 0.523438 0.476563
vt 0.531250 0.476563
vt 0.531250 0.484375
vt 0.523438 0.484375
vt 0.539063 0.476562
vt 0.546875 0.476563
vt 0.546875 0.484375
vt 0.539062 0.484375
vt 0.554688 0.476562
vt 0.562500 0.476562
vt 0.562500 0.484375
vt 0.554688 0.484375
vt 0.570312 0.476562
vt 0.578125 0.476563
vt 0.578125 0.484375
vt 0.570312 0.484375
vt 0.585938 0.476562
vt 0.593750 0.476562
vt 0.593750 0.484375
vt 0.585938 0.484375
vt 0.601563 0.476562
vt 0.609375 0.476563
vt 0.609375 0.484375
vt 0.601563 0.484375
vt 0.382812 0.257812
vt 0.375000 0.257812
vt 0.390625 0.257813
vt 0.382812 0.265625
vt 0.375000 0.265625
vt 0.398438 0.257812
vt 0.406250 0.257812
vt 0.414062 0.257812
vt 0.421875 0.257812
vt 0.429688 0.257812
vt 0.437500 0.257813
vt 0.445312 0.257812
vt 0.453125 0.257813
vt 0.460938 0.257812
vt 0.468750 0.257813
vt 0.476562 0.257812
vt 0.484375 0.257813
vt 0.492188 0.257812
vt 0.500000 0.257813
vt 0.507812 0.257812
vt 0.515625 0.257813
vt 0.523438 0.257812
vt 0.531250 0.257813
vt 0.539062 0.257812
vt 0.546875 0.257813
vt 0.554688 0.257812
vt 0.562500 0.257812
vt 0.570312 0.257812
vt 0.578125 0.257813
vt 0.585938 0.257812
vt 0.593750 0.257812
vt 0.601562 0.257812
vt 0.609375 0.257813
vt 0.617188 0.257812
vt 0.625000 0.257812
vt 0.625000 0.265625
vt 0.617188 0.265625
vt 0.617188 0.273438
vt 0.625000 0.273438
vt 0.625000 0.281250
vt 0.617188 0.281250
vt 0.617188 0.289062
vt 0.625000 0.289062
vt 0.625000 0.296875
vt 0.617188 0.296875
vt 0.617188 0.304688
vt 0.625000 0.304688
vt 0.625000 0.312500
vt 0.617188 0.312500
vt 0.617188 0.320312
vt 0.625000 0.320312
vt 0.625000 0.328125
vt 0.617188 0.328125
vt 0.617188 0.335938
vt 0.625000 0.335938
vt 0.625000 0.343750
vt 0.617188 0.343750
vt 0.617188 0.351562
vt 0.625000 0.351562
vt 0.625000 0.359375
vt 0.617188 0.359375
vt 0.617188 0.367188
vt 0.625000 0.367188
vt 0.625000 0.375000
vt 0.617188 0.375000
vt 0.617188 0.382812
vt 0.625000 0.382812
vt 0.625000 0.390625
vt 0.617188 0.390625
vt 0.617188 0.398438
vt 0.625000 0.398438
vt 0.625000 0.406250
vt 0.617188 0.406250
vt 0.617188 0.414062
vt 0.625000 0.414062
vt 0.625000 0.421875
vt 0.617188 0.421875
vt 0.617188 0.429688
vt 0.625000 0.429688
vt 0.625000 0.437500
vt 0.617188 0.437500
vt 0.617188 0.445312
vt 0.625000 0.445312
vt 0.625000 0.453125
vt 0.617188 0.453125
vt 0.617188 0.460938
vt 0.625000 0.460938
vt 0.625000 0.468750
vt 0.617188 0.468750
vt 0.617188 0.476562
vt 0.625000 0.476562
vt 0.625000 0.484375
vt 0.617188 0.484375
vt 0.617188 0.492188
vt 0.609375 0.492188
vt 0.625000 0.492188
vt 0.625000 0.500000
vt 0.617188 0.500000
vt 0.609375 0.500000
vt 0.601562 0.492188
vt 0.593750 0.492188
vt 0.601562 0.500000
vt 0.593750 0.500000
vt 0.585938 0.492188
vt 0.578125 0.492188
vt 0.585938 0.500000
vt 0.578125 0.500000
vt 0.570312 0.492188
vt 0.562500 0.492188
vt 0.570312 0.500000
vt 0.562500 0.500000
vt 0.554688 0.492188
vt 0.546875 0.492188
vt 0.554687 0.500000
vt 0.546875 0.500000
vt 0.539062 0.492188
vt 0.531250 0.492188
vt 0.539062 0.500000
vt 0.531250 0.500000
vt 0.523438 0.492188
vt 0.515625 0.492188
vt 0.523438 0.500000
vt 0.515625 0.500000
vt 0.507812 0.492188
vt 0.500000 0.492188
vt 0.507812 0.500000
vt 0.500000 0.500000
vt 0.492188 0.492188
vt 0.484375 0.492188
vt 0.492188 0.500000
vt 0.484375 0.500000
vt 0.476562 0.492188
vt 0.468750 0.492188
vt 0.476563 0.500000
vt 0.468750 0.500000
vt 0.460938 0.492188
vt 0.453125 0.492188
vt 0.460938 0.500000
vt 0.453125 0.500000
vt 0.445312 0.492188
vt 0.437500 0.492188
vt 0.445312 0.500000
vt 0.437500 0.500000
vt 0.429688 0.492188
vt 0.421875 0.492188
vt 0.429688 0.500000
vt 0.421875 0.500000
vt 0.414062 0.492188
vt 0.406250 0.492188
vt 0.414063 0.500000
vt 0.406250 0.500000
vt 0.398438 0.492188
vt 0.390625 0.492188
vt 0.398438 0.500000
vt 0.390625 0.500000
vt 0.375000 0.484375
vt 0.382812 0.484375
vt 0.382812 0.492188
vt 0.375000 0.492188
vt 0.382812 0.500000
vt 0.375000 0.500000
vt 0.375000 0.468750
vt 0.382812 0.468750
vt 0.382812 0.476562
vt 0.375000 0.476562
vt 0.375000 0.453125
vt 0.382812 0.453125
vt 0.382812 0.460938
vt 0.375000 0.460938
vt 0.375000 0.437500
vt 0.382812 0.437500
vt 0.382812 0.445312
vt 0.375000 0.445312
vt 0.375000 0.421875
vt 0.382812 0.421875
vt 0.382812 0.429688
vt 0.375000 0.429688
vt 0.375000 0.406250
vt 0.382812 0.406250
vt 0.382812 0.414062
vt 0.375000 0.414062
vt 0.375000 0.390625
vt 0.382812 0.390625
vt 0.382812 0.398438
vt 0.375000 0.398438
vt 0.375000 0.375000
vt 0.382812 0.375000
vt 0.382812 0.382812
vt 0.375000 0.382812
vt 0.375000 0.359375
vt 0.382812 0.359375
vt 0.382812 0.367188
vt 0.375000 0.367188
vt 0.375000 0.343750
vt 0.382812 0.343750
vt 0.382812 0.351562
vt 0.375000 0.351562
vt 0.375000 0.328125
vt 0.382812 0.328125
vt 0.382812 0.335938
vt 0.375000 0.335938
vt 0.375000 0.312500
vt 0.382812 0.312500
vt 0.382812 0.320312
vt 0.375000 0.320312
vt 0.375000 0.296875
vt 0.382812 0.296875
vt 0.382812 0.304688
vt 0.375000 0.304688
vt 0.375000 0.281250
vt 0.382812 0.281250
vt 0.382812 0.289062
vt 0.375000 0.289062
vt 0.382812 0.273438
vt 0.375000 0.273438
vt 0.390625 0.515625
vt 0.398438 0.515625
vt 0.398438 0.523438
vt 0.390625 0.523438
vt 0.406250 0.515625
vt 0.406250 0.523438
vt 0.406250 0.531250
vt 0.398438 0.531250
vt 0.390625 0.531250
vt 0.414063 0.515625
vt 0.414062 0.523438
vt 0.421875 0.515625
vt 0.421875 0.523438
vt 0.421875 0.531250
vt 0.414062 0.531250
vt 0.429688 0.515625
vt 0.429688 0.523438
vt 0.437500 0.515625
vt 0.437500 0.523438
vt 0.437500 0.531250
vt 0.429688 0.531250
vt 0.445312 0.515625
vt 0.445312 0.523438
vt 0.453125 0.515625
vt 0.453125 0.523438
vt 0.453125 0.531250
vt 0.445312 0.531250
vt 0.460938 0.515625
vt 0.460938 0.523438
vt 0.468750 0.515625
vt 0.468750 0.523438
vt 0.468750 0.531250
vt 0.460938 0.531250
vt 0.476562 0.515625
vt 0.476562 0.523438
vt 0.484375 0.515625
vt 0.484375 0.523438
vt 0.484375 0.531250
vt 0.476562 0.531250
vt 0.492188 0.515625
vt 0.492188 0.523438
vt 0.500000 0.515625
vt 0.500000 0.523438
vt 0.500000 0.531250
vt 0.492188 0.531250
vt 0.507812 0.515625
vt 0.507812 0.523438
vt 0.515625 0.515625
vt 0.515625 0.523438
vt 0.515625 0.531250
vt 0.507812 0.531250
vt 0.523438 0.515625
vt 0.523438 0.523438
vt 0.531250 0.515625
vt 0.531250 0.523438
vt 0.531250 0.531250
vt 0.523437 0.531250
vt 0.539062 0.515625
vt 0.539062 0.523438
vt 0.546875 0.515625
vt 0.546875 0.523438
vt 0.546875 0.531250
vt 0.539062 0.531250
vt 0.554688 0.515625
vt 0.554688 0.523438
vt 0.562500 0.515625
vt 0.562500 0.523438
vt 0.562500 0.531250
vt 0.554688 0.531250
vt 0.570312 0.515625
vt 0.570312 0.523438
vt 0.578125 0.515625
vt 0.578125 0.523438
vt 0.578125 0.531250
vt 0.570312 0.531250
vt 0.585938 0.515625
vt 0.585937 0.523438
vt 0.593750 0.515625
vt 0.593750 0.523438
vt 0.593750 0.531250
vt 0.585937 0.531250
vt 0.601562 0.515625
vt 0.601562 0.523438
vt 0.609375 0.515625
vt 0.609375 0.523438
vt 0.609375 0.531250
vt 0.601562 0.531250
vt 0.398438 0.539062
vt 0.390625 0.539063
vt 0.406250 0.539062
vt 0.406250 0.546875
vt 0.398438 0.546875
vt 0.390625 0.546875
vt 0.414062 0.539062
vt 0.421875 0.539062
vt 0.421875 0.546875
vt 0.414063 0.546875
vt 0.429688 0.539062
vt 0.437500 0.539063
vt 0.437500 0.546875
vt 0.429688 0.546875
vt 0.445313 0.539062
vt 0.453125 0.539062
vt 0.453125 0.546875
vt 0.445312 0.546875
vt 0.460938 0.539062
vt 0.468750 0.539062
vt 0.468750 0.546875
vt 0.460938 0.546875
vt 0.476562 0.539062
vt 0.484375 0.539062
vt 0.484375 0.546875
vt 0.476562 0.546875
vt 0.492188 0.539062
vt 0.500000 0.539062
vt 0.500000 0.546875
vt 0.492188 0.546875
vt 0.507812 0.539062
vt 0.515625 0.539062
vt 0.515625 0.546875
vt 0.507812 0.546875
vt 0.523438 0.539062
vt 0.531250 0.539062
vt 0.531250 0.546875
vt 0.523438 0.546875
vt 0.539062 0.539062
vt 0.546875 0.539062
vt 0.546875 0.546875
vt 0.539062 0.546875
vt 0.554688 0.539062
vt 0.562500 0.539062
vt 0.562500 0.546875
vt 0.554687 0.546875
vt 0.570312 0.539062
vt 0.578125 0.539062
vt 0.578125 0.546875
vt 0.570312 0.546875
vt 0.585937 0.539062
vt 0.593750 0.539062
vt 0.593750 0.546875
vt 0.585938 0.546875
vt 0.601562 0.539062
vt 0.609375 0.539062
vt 0.609375 0.546875
vt 0.601562 0.546875
vt 0.398438 0.554688
vt 0.390625 0.554688
vt 0.406250 0.554688
vt 0.406250 0.562500
vt 0.398438 0.562500
vt 0.390625 0.562500
vt 0.414062 0.554688
vt 0.421875 0.554687
vt 0.421875 0.562500
vt 0.414063 0.562500
vt 0.429688 0.554688
vt 0.437500 0.554688
vt 0.437500 0.562500
vt 0.429688 0.562500
vt 0.445312 0.554688
vt 0.453125 0.554687
vt 0.453125 0.562500
vt 0.445312 0.562500
vt 0.460938 0.554688
vt 0.468750 0.554687
vt 0.468750 0.562500
vt 0.460938 0.562500
vt 0.476562 0.554688
vt 0.484375 0.554688
vt 0.484375 0.562500
vt 0.476562 0.562500
vt 0.492188 0.554688
vt 0.500000 0.554687
vt 0.500000 0.562500
vt 0.492188 0.562500
vt 0.507812 0.554688
vt 0.515625 0.554687
vt 0.515625 0.562500
vt 0.507812 0.562500
vt 0.523438 0.554688
vt 0.531250 0.554687
vt 0.531250 0.562500
vt 0.523438 0.562500
vt 0.539062 0.554688
vt 0.546875 0.554687
vt 0.546875 0.562500
vt 0.539062 0.562500
vt 0.554688 0.554688
vt 0.562500 0.554688
vt 0.562500 0.562500
vt 0.554688 0.562500
vt 0.570312 0.554688
vt 0.578125 0.554687
vt 0.578125 0.562500
vt 0.570312 0.562500
vt 0.585938 0.554688
vt 0.593750 0.554688
vt 0.593750 0.562500
vt 0.585938 0.562500
vt 0.601562 0.554688
vt 0.609375 0.554687
vt 0.609375 0.562500
vt 0.601563 0.562500
vt 0.398438 0.570312
vt 0.390625 0.570312
vt 0.406250 0.570312
vt 0.406250 0.578125
vt 0.398438 0.578125
vt 0.390625 0.578125
vt 0.414062 0.570312
vt 0.421875 0.570312
vt 0.421875 0.578125
vt 0.414063 0.578125
vt 0.429688 0.570312
vt 0.437500 0.570312
vt 0.437500 0.578125
vt 0.429688 0.578125
vt 0.445312 0.570312
vt 0.453125 0.570312
vt 0.453125 0.578125
vt 0.445312 0.578125
vt 0.460938 0.570312
vt 0.468750 0.570312
vt 0.468750 0.578125
vt 0.460938 0.578125
vt 0.476562 0.570312
vt 0.484375 0.570312
vt 0.484375 0.578125
vt 0.476562 0.578125
vt 0.492187 0.570312
vt 0.500000 0.570312
vt 0.500000 0.578125
vt 0.492188 0.578125
vt 0.507812 0.570312
vt 0.515625 0.570312
vt 0.515625 0.578125
vt 0.507812 0.578125
vt 0.523438 0.570312
vt 0.531250 0.570312
vt 0.531250 0.578125
vt 0.523437 0.578125
vt 0.539062 0.570312
vt 0.546875 0.570312
vt 0.546875 0.578125
vt 0.539062 0.578125
vt 0.554688 0.570312
vt 0.562500 0.570312
vt 0.562500 0.578125
vt 0.554687 0.578125
vt 0.570312 0.570312
vt 0.578125 0.570312
vt 0.578125 0.578125
vt 0.570312 0.578125
vt 0.585938 0.570312
vt 0.593750 0.570312
vt 0.593750 0.578125
vt 0.585938 0.578125
vt 0.601562 0.570312
vt 0.609375 0.570312
vt 0.609375 0.578125
vt 0.601562 0.578125
vt 0.398438 0.585938
vt 0.390625 0.585938
vt 0.406250 0.585938
vt 0.406250 0.593750
vt 0.398438 0.593750
vt 0.390625 0.593750
vt 0.414062 0.585938
vt 0.421875 0.585938
vt 0.421875 0.593750
vt 0.414063 0.593750
vt 0.429688 0.585938
vt 0.437500 0.585938
vt 0.437500 0.593750
vt 0.429688 0.593750
vt 0.445312 0.585938
vt 0.453125 0.585938
vt 0.453125 0.593750
vt 0.445312 0.593750
vt 0.460938 0.585938
vt 0.468750 0.585938
vt 0.468750 0.593750
vt 0.460938 0.593750
vt 0.476562 0.585938
vt 0.484375 0.585938
vt 0.484375 0.593750
vt 0.476563 0.593750
vt 0.492188 0.585938
vt 0.500000 0.585938
vt 0.500000 0.593750
vt 0.492188 0.593750
vt 0.507812 0.585938
vt 0.515625 0.585938
vt 0.515625 0.593750
vt 0.507812 0.593750
vt 0.523438 0.585938
vt 0.531250 0.585938
vt 0.531250 0.593750
vt 0.523437 0.593750
vt 0.539062 0.585938
vt 0.546875 0.585938
vt 0.546875 0.593750
vt 0.539062 0.593750
vt 0.554688 0.585938
vt 0.562500 0.585938
vt 0.562500 0.593750
vt 0.554688 0.593750
vt 0.570312 0.585938
vt 0.578125 0.585938
vt 0.578125 0.593750
vt 0.570312 0.593750
vt 0.585938 0.585938
vt 0.593750 0.585938
vt 0.593750 0.593750
vt 0.585938 0.593750
vt 0.601562 0.585938
vt 0.609375 0.585938
vt 0.609375 0.593750
vt 0.601562 0.593750
vt 0.398438 0.601562
vt 0.390625 0.601562
vt 0.406250 0.601562
vt 0.406250 0.609375
vt 0.398438 0.609375
vt 0.390625 0.609375
vt 0.414062 0.601562
vt 0.421875 0.601562
vt 0.421875 0.609375
vt 0.414063 0.609375
vt 0.429688 0.601562
vt 0.437500 0.601562
vt 0.437500 0.609375
vt 0.429688 0.609375
vt 0.445312 0.601562
vt 0.453125 0.601563
vt 0.453125 0.609375
vt 0.445312 0.609375
vt 0.460938 0.601562
vt 0.468750 0.601562
vt 0.468750 0.609375
vt 0.460938 0.609375
vt 0.476562 0.601562
vt 0.484375 0.601562
vt 0.484375 0.609375
vt 0.476562 0.609375
vt 0.492188 0.601562
vt 0.500000 0.601563
vt 0.500000 0.609375
vt 0.492188 0.609375
vt 0.507812 0.601562
vt 0.515625 0.601563
vt 0.515625 0.609375
vt 0.507812 0.609375
vt 0.523438 0.601562
vt 0.531250 0.601562
vt 0.531250 0.609375
vt 0.523438 0.609375
vt 0.539062 0.601562
vt 0.546875 0.601563
vt 0.546875 0.609375
vt 0.539062 0.609375
vt 0.554688 0.601562
vt 0.562500 0.601562
vt 0.562500 0.609375
vt 0.554688 0.609375
vt 0.570312 0.601562
vt 0.578125 0.601562
vt 0.578125 0.609375
vt 0.570312 0.609375
vt 0.585938 0.601562
vt 0.593750 0.601562
vt 0.593750 0.609375
vt 0.585937 0.609375
vt 0.601562 0.601562
vt 0.609375 0.601562
vt 0.609375 0.609375
vt 0.601562 0.609375
vt 0.398438 0.617188
vt 0.390625 0.617188
vt 0.406250 0.617188
vt 0.406250 0.625000
vt 0.398438 0.625000
vt 0.390625 0.625000
vt 0.414062 0.617188
vt 0.421875 0.617188
vt 0.421875 0.625000
vt 0.414063 0.625000
vt 0.429688 0.617188
vt 0.437500 0.617188
vt 0.437500 0.625000
vt 0.429688 0.625000
vt 0.445312 0.617188
vt 0.453125 0.617188
vt 0.453125 0.625000
vt 0.445312 0.625000
vt 0.460938 0.617188
vt 0.468750 0.617188
vt 0.468750 0.625000
vt 0.460938 0.625000
vt 0.476562 0.617188
vt 0.484375 0.617188
vt 0.484375 0.625000
vt 0.476563 0.625000
vt 0.492188 0.617188
vt 0.500000 0.617188
vt 0.500000 0.625000
vt 0.492188 0.625000
vt 0.507812 0.617188
vt 0.515625 0.617188
vt 0.515625 0.625000
vt 0.507812 0.625000
vt 0.523438 0.617188
vt 0.531250 0.617188
vt 0.531250 0.625000
vt 0.523437 0.625000
vt 0.539062 0.617188
vt 0.546875 0.617188
vt 0.546875 0.625000
vt 0.539062 0.625000
vt 0.554688 0.617188
vt 0.562500 0.617188
vt 0.562500 0.625000
vt 0.554687 0.625000
vt 0.570312 0.617188
vt 0.578125 0.617188
vt 0.578125 0.625000
vt 0.570312 0.625000
vt 0.585938 0.617188
vt 0.593750 0.617188
vt 0.593750 0.625000
vt 0.585938 0.625000
vt 0.601562 0.617188
vt 0.609375 0.617188
vt 0.609375 0.625000
vt 0.601562 0.625000
vt 0.398438 0.632812
vt 0.390625 0.632812
vt 0.406250 0.632812
vt 0.406250 0.640625
vt 0.398438 0.640625
vt 0.390625 0.640625
vt 0.414062 0.632812
vt 0.421875 0.632812
vt 0.421875 0.640625
vt 0.414063 0.640625
vt 0.429688 0.632812
vt 0.437500 0.632812
vt 0.437500 0.640625
vt 0.429688 0.640625
vt 0.445312 0.632812
vt 0.453125 0.632812
vt 0.453125 0.640625
vt 0.445312 0.640625
vt 0.460938 0.632812
vt 0.468750 0.632812
vt 0.468750 0.640625
vt 0.460938 0.640625
vt 0.476562 0.632812
vt 0.484375 0.632812
vt 0.484375 0.640625
vt 0.476562 0.640625
vt 0.492188 0.632812
vt 0.500000 0.632812
vt 0.500000 0.640625
vt 0.492188 0.640625
vt 0.507812 0.632812
vt 0.515625 0.632812
vt 0.515625 0.640625
vt 0.507812 0.640625
vt 0.523438 0.632812
vt 0.531250 0.632812
vt 0.531250 0.640625
vt 0.523438 0.640625
vt 0.539062 0.632812
vt 0.546875 0.632812
vt 0.546875 0.640625
vt 0.539063 0.640625
vt 0.554688 0.632812
vt 0.562500 0.632812
vt 0.562500 0.640625
vt 0.554687 0.640625
vt 0.570312 0.632812
vt 0.578125 0.632812
vt 0.578125 0.640625
vt 0.570312 0.640625
vt 0.585938 0.632812
vt 0.593750 0.632812
vt 0.593750 0.640625
vt 0.585937 0.640625
vt 0.601562 0.632812
vt 0.609375 0.632812
vt 0.609375 0.640625
vt 0.601562 0.640625
vt 0.398438 0.648438
vt 0.390625 0.648438
vt 0.406250 0.648438
vt 0.406250 0.656250
vt 0.398438 0.656250
vt 0.390625 0.656250
vt 0.414062 0.648438
vt 0.421875 0.648438
vt 0.421875 0.656250
vt 0.414063 0.656250
vt 0.429688 0.648438
vt 0.437500 0.648438
vt 0.437500 0.656250
vt 0.429688 0.656250
vt 0.445312 0.648438
vt 0.453125 0.648437
vt 0.453125 0.656250
vt 0.445312 0.656250
vt 0.460938 0.648438
vt 0.468750 0.648438
vt 0.468750 0.656250
vt 0.460938 0.656250
vt 0.476562 0.648438
vt 0.484375 0.648438
vt 0.484375 0.656250
vt 0.476563 0.656250
vt 0.492188 0.648438
vt 0.500000 0.648438
vt 0.500000 0.656250
vt 0.492188 0.656250
vt 0.507812 0.648438
vt 0.515625 0.648438
vt 0.515625 0.656250
vt 0.507812 0.656250
vt 0.523438 0.648438
vt 0.531250 0.648438
vt 0.531250 0.656250
vt 0.523438 0.656250
vt 0.539062 0.648438
vt 0.546875 0.648437
vt 0.546875 0.656250
vt 0.539063 0.656250
vt 0.554688 0.648437
vt 0.562500 0.648437
vt 0.562500 0.656250
vt 0.554688 0.656250
vt 0.570312 0.648438
vt 0.578125 0.648438
vt 0.578125 0.656250
vt 0.570312 0.656250
vt 0.585938 0.648438
vt 0.593750 0.648438
vt 0.593750 0.656250
vt 0.585938 0.656250
vt 0.601562 0.648438
vt 0.609375 0.648438
vt 0.609375 0.656250
vt 0.601562 0.656250
vt 0.398438 0.664062
vt 0.390625 0.664062
vt 0.406250 0.664062
vt 0.406250 0.671875
vt 0.398438 0.671875
vt 0.390625 0.671875
vt 0.414062 0.664062
vt 0.421875 0.664062
vt 0.421875 0.671875
vt 0.414063 0.671875
vt 0.429687 0.664062
vt 0.437500 0.664062
vt 0.437500 0.671875
vt 0.429688 0.671875
vt 0.445312 0.664062
vt 0.453125 0.664062
vt 0.453125 0.671875
vt 0.445312 0.671875
vt 0.460938 0.664062
vt 0.468750 0.664062
vt 0.468750 0.671875
vt 0.460938 0.671875
vt 0.476562 0.664062
vt 0.484375 0.664062
vt 0.484375 0.671875
vt 0.476562 0.671875
vt 0.492188 0.664062
vt 0.500000 0.664062
vt 0.500000 0.671875
vt 0.492188 0.671875
vt 0.507812 0.664062
vt 0.515625 0.664062
vt 0.515625 0.671875
vt 0.507812 0.671875
vt 0.523438 0.664062
vt 0.531250 0.664062
vt 0.531250 0.671875
vt 0.523438 0.671875
vt 0.539062 0.664062
vt 0.546875 0.664062
vt 0.546875 0.671875
vt 0.539062 0.671875
vt 0.554688 0.664062
vt 0.562500 0.664062
vt 0.562500 0.671875
vt 0.554687 0.671875
vt 0.570312 0.664062
vt 0.578125 0.664063
vt 0.578125 0.671875
vt 0.570312 0.671875
vt 0.585938 0.664062
vt 0.593750 0.664062
vt 0.593750 0.671875
vt 0.585938 0.671875
vt 0.601562 0.664062
vt 0.609375 0.664062
vt 0.609375 0.671875
vt 0.601562 0.671875
vt 0.398438 0.679688
vt 0.390625 0.679688
vt 0.406250 0.679688
vt 0.406250 0.687500
vt 0.398438 0.687500
vt 0.390625 0.687500
vt 0.414062 0.679688
vt 0.421875 0.679688
vt 0.421875 0.687500
vt 0.414063 0.687500
vt 0.429688 0.679688
vt 0.437500 0.679688
vt 0.437500 0.687500
vt 0.429688 0.687500
vt 0.445312 0.679688
vt 0.453125 0.679687
vt 0.453125 0.687500
vt 0.445312 0.687500
vt 0.460938 0.679688
vt 0.468750 0.679688
vt 0.468750 0.687500
vt 0.460938 0.687500
vt 0.476562 0.679688
vt 0.484375 0.679688
vt 0.484375 0.687500
vt 0.476562 0.687500
vt 0.492188 0.679688
vt 0.500000 0.679687
vt 0.500000 0.687500
vt 0.492188 0.687500
vt 0.507812 0.679688
vt 0.515625 0.679688
vt 0.515625 0.687500
vt 0.507812 0.687500
vt 0.523438 0.679688
vt 0.531250 0.679687
vt 0.531250 0.687500
vt 0.523438 0.687500
vt 0.539062 0.679688
vt 0.546875 0.679688
vt 0.546875 0.687500
vt 0.539062 0.687500
vt 0.554687 0.679688
vt 0.562500 0.679688
vt 0.562500 0.687500
vt 0.554687 0.687500
vt 0.570312 0.679688
vt 0.578125 0.679688
vt 0.578125 0.687500
vt 0.570312 0.687500
vt 0.585938 0.679688
vt 0.593750 0.679688
vt 0.593750 0.687500
vt 0.585937 0.687500
vt 0.601562 0.679688
vt 0.609375 0.679688
vt 0.609375 0.687500
vt 0.601562 0.687500
vt 0.398438 0.695312
vt 0.390625 0.695313
vt 0.406250 0.695313
vt 0.406250 0.703125
vt 0.398438 0.703125
vt 0.390625 0.703125
vt 0.414062 0.695312
vt 0.421875 0.695312
vt 0.421875 0.703125
vt 0.414063 0.703125
vt 0.429688 0.695312
vt 0.437500 0.695312
vt 0.437500 0.703125
vt 0.429688 0.703125
vt 0.445312 0.695312
vt 0.453125 0.695312
vt 0.453125 0.703125
vt 0.445312 0.703125
vt 0.460938 0.695312
vt 0.468750 0.695312
vt 0.468750 0.703125
vt 0.460938 0.703125
vt 0.476562 0.695312
vt 0.484375 0.695312
vt 0.484375 0.703125
vt 0.476562 0.703125
vt 0.492188 0.695312
vt 0.500000 0.695312
vt 0.500000 0.703125
vt 0.492188 0.703125
vt 0.507812 0.695312
vt 0.515625 0.695312
vt 0.515625 0.703125
vt 0.507812 0.703125
vt 0.523438 0.695312
vt 0.531250 0.695312
vt 0.531250 0.703125
vt 0.523438 0.703125
vt 0.539062 0.695312
vt 0.546875 0.695313
vt 0.546875 0.703125
vt 0.539062 0.703125
vt 0.554688 0.695312
vt 0.562500 0.695312
vt 0.562500 0.703125
vt 0.554687 0.703125
vt 0.570312 0.695312
vt 0.578125 0.695312
vt 0.578125 0.703125
vt 0.570312 0.703125
vt 0.585938 0.695312
vt 0.593750 0.695313
vt 0.593750 0.703125
vt 0.585938 0.703125
vt 0.601562 0.695312
vt 0.609375 0.695312
vt 0.609375 0.703125
vt 0.601562 0.703125
vt 0.398438 0.710938
vt 0.390625 0.710938
vt 0.406250 0.710938
vt 0.406250 0.718750
vt 0.398438 0.718750
vt 0.390625 0.718750
vt 0.414062 0.710938
vt 0.421875 0.710938
vt 0.421875 0.718750
vt 0.414062 0.718750
vt 0.429688 0.710938
vt 0.437500 0.710938
vt 0.437500 0.718750
vt 0.429688 0.718750
vt 0.445312 0.710938
vt 0.453125 0.710938
vt 0.453125 0.718750
vt 0.445312 0.718750
vt 0.460938 0.710938
vt 0.468750 0.710938
vt 0.468750 0.718750
vt 0.460938 0.718750
vt 0.476562 0.710938
vt 0.484375 0.710938
vt 0.484375 0.718750
vt 0.476562 0.718750
vt 0.492188 0.710938
vt 0.500000 0.710937
vt 0.500000 0.718750
vt 0.492188 0.718750
vt 0.507812 0.710938
vt 0.515625 0.710938
vt 0.515625 0.718750
vt 0.507812 0.718750
vt 0.523438 0.710938
vt 0.531250 0.710938
vt 0.531250 0.718750
vt 0.523438 0.718750
vt 0.539062 0.710938
vt 0.546875 0.710937
vt 0.546875 0.718750
vt 0.539062 0.718750
vt 0.554688 0.710938
vt 0.562500 0.710938
vt 0.562500 0.718750
vt 0.554688 0.718750
vt 0.570312 0.710937
vt 0.578125 0.710937
vt 0.578125 0.718750
vt 0.570312 0.718750
vt 0.585938 0.710938
vt 0.593750 0.710938
vt 0.593750 0.718750
vt 0.585937 0.718750
vt 0.601562 0.710938
vt 0.609375 0.710937
vt 0.609375 0.718750
vt 0.601562 0.718750
vt 0.398438 0.726562
vt 0.390625 0.726562
vt 0.406250 0.726562
vt 0.406250 0.734375
vt 0.398438 0.734375
vt 0.390625 0.734375
vt 0.414062 0.726562
vt 0.421875 0.726563
vt 0.421875 0.734375
vt 0.414063 0.734375
vt 0.429688 0.726562
vt 0.437500 0.726562
vt 0.437500 0.734375
vt 0.429688 0.734375
vt 0.445312 0.726562
vt 0.453125 0.726562
vt 0.453125 0.734375
vt 0.445312 0.734375
vt 0.460938 0.726562
vt 0.468750 0.726563
vt 0.468750 0.734375
vt 0.460938 0.734375
vt 0.476562 0.726562
vt 0.484375 0.726562
vt 0.484375 0.734375
vt 0.476562 0.734375
vt 0.492188 0.726562
vt 0.500000 0.726563
vt 0.500000 0.734375
vt 0.492188 0.734375
vt 0.507812 0.726562
vt 0.515625 0.726562
vt 0.515625 0.734375
vt 0.507812 0.734375
vt 0.523438 0.726562
vt 0.531250 0.726562
vt 0.531250 0.734375
vt 0.523438 0.734375
vt 0.539062 0.726562
vt 0.546875 0.726562
vt 0.546875 0.734375
vt 0.539062 0.734375
vt 0.554688 0.726562
vt 0.562500 0.726562
vt 0.562500 0.734375
vt 0.554687 0.734375
vt 0.570312 0.726562
vt 0.578125 0.726562
vt 0.578125 0.734375
vt 0.570312 0.734375
vt 0.585938 0.726562
vt 0.593750 0.726562
vt 0.593750 0.734375
vt 0.585938 0.734375
vt 0.601562 0.726562
vt 0.609375 0.726562
vt 0.609375 0.734375
vt 0.601562 0.734375
vt 0.382812 0.507812
vt 0.375000 0.507812
vt 0.390625 0.507812
vt 0.382812 0.515625
vt 0.375000 0.515625
vt 0.398438 0.507812
vt 0.406250 0.507813
vt 0.414062 0.507812
vt 0.421875 0.507812
vt 0.429688 0.507812
vt 0.437500 0.507812
vt 0.445312 0.507812
vt 0.453125 0.507812
vt 0.460938 0.507812
vt 0.468750 0.507812
vt 0.476562 0.507812
vt 0.484375 0.507813
vt 0.492188 0.507812
vt 0.500000 0.507812
vt 0.507812 0.507812
vt 0.515625 0.507813
vt 0.523438 0.507812
vt 0.531250 0.507813
vt 0.539062 0.507812
vt 0.546875 0.507812
vt 0.554688 0.507812
vt 0.562500 0.507812
vt 0.570312 0.507812
vt 0.578125 0.507812
vt 0.585938 0.507812
vt 0.593750 0.507813
vt 0.601562 0.507812
vt 0.609375 0.507812
vt 0.617188 0.507812
vt 0.625000 0.507812
vt 0.625000 0.515625
vt 0.617188 0.515625
vt 0.617188 0.523438
vt 0.625000 0.523438
vt 0.625000 0.531250
vt 0.617188 0.531250
vt 0.617188 0.539062
vt 0.625000 0.539062
vt 0.625000 0.546875
vt 0.617188 0.546875
vt 0.617188 0.554688
vt 0.625000 0.554687
vt 0.625000 0.562500
vt 0.617188 0.562500
vt 0.617188 0.570312
vt 0.625000 0.570312
vt 0.625000 0.578125
vt 0.617188 0.578125
vt 0.617188 0.585938
vt 0.625000 0.585938
vt 0.625000 0.593750
vt 0.617188 0.593750
vt 0.617188 0.601562
vt 0.625000 0.601562
vt 0.625000 0.609375
vt 0.617188 0.609375
vt 0.617188 0.617188
vt 0.625000 0.617188
vt 0.625000 0.625000
vt 0.617188 0.625000
vt 0.617188 0.632812
vt 0.625000 0.632812
vt 0.625000 0.640625
vt 0.617188 0.640625
vt 0.617188 0.648438
vt 0.625000 0.648438
vt 0.625000 0.656250
vt 0.617188 0.656250
vt 0.617188 0.664062
vt 0.625000 0.664062
vt 0.625000 0.671875
vt 0.617188 0.671875
vt 0.617188 0.679688
vt 0.625000 0.679688
vt 0.625000 0.687500
vt 0.617188 0.687500
vt 0.617188 0.695312
vt 0.625000 0.695313
vt 0.625000 0.703125
vt 0.617188 0.703125
vt 0.617188 0.710938
vt 0.625000 0.710937
vt 0.625000 0.718750
vt 0.617188 0.718750
vt 0.617188 0.726562
vt 0.625000 0.726562
vt 0.625000 0.734375
vt 0.617188 0.734375
vt 0.617188 0.742188
vt 0.609375 0.742188
vt 0.625000 0.742188
vt 0.625000 0.750000
vt 0.617188 0.750000
vt 0.609375 0.750000
vt 0.601562 0.742188
vt 0.593750 0.742188
vt 0.601562 0.750000
vt 0.593750 0.750000
vt 0.585938 0.742188
vt 0.578125 0.742188
vt 0.585938 0.750000
vt 0.578125 0.750000
vt 0.570312 0.742188
vt 0.562500 0.742188
vt 0.570312 0.750000
vt 0.562500 0.750000
vt 0.554688 0.742188
vt 0.546875 0.742188
vt 0.554687 0.750000
vt 0.546875 0.750000
vt 0.539062 0.742188
vt 0.531250 0.742188
vt 0.539062 0.750000
vt 0.531250 0.750000
vt 0.523438 0.742188
vt 0.515625 0.742188
vt 0.523438 0.750000
vt 0.515625 0.750000
vt 0.507812 0.742188
vt 0.500000 0.742188
vt 0.507813 0.750000
vt 0.500000 0.750000
vt 0.492188 0.742188
vt 0.484375 0.742188
vt 0.492188 0.750000
vt 0.484375 0.750000
vt 0.476562 0.742188
vt 0.468750 0.742188
vt 0.476562 0.750000
vt 0.468750 0.750000
vt 0.460938 0.742188
vt 0.453125 0.742188
vt 0.460938 0.750000
vt 0.453125 0.750000
vt 0.445312 0.742188
vt 0.437500 0.742188
vt 0.445312 0.750000
vt 0.437500 0.750000
vt 0.429688 0.742188
vt 0.421875 0.742188
vt 0.429688 0.750000
vt 0.421875 0.750000
vt 0.414062 0.742188
vt 0.406250 0.742188
vt 0.414063 0.750000
vt 0.406250 0.750000
vt 0.398438 0.742188
vt 0.390625 0.742188
vt 0.398438 0.750000
vt 0.390625 0.750000
vt 0.375000 0.734375
vt 0.382812 0.734375
vt 0.382812 0.742188
vt 0.375000 0.742188
vt 0.382812 0.750000
vt 0.375000 0.750000
vt 0.375000 0.718750
vt 0.382812 0.718750
vt 0.382812 0.726562
vt 0.375000 0.726562
vt 0.375000 0.703125
vt 0.382812 0.703125
vt 0.382812 0.710938
vt 0.375000 0.710938
vt 0.375000 0.687500
vt 0.382812 0.687500
vt 0.382812 0.695312
vt 0.375000 0.695313
vt 0.375000 0.671875
vt 0.382812 0.671875
vt 0.382812 0.679688
vt 0.375000 0.679688
vt 0.375000 0.656250
vt 0.382812 0.656250
vt 0.382812 0.664062
vt 0.375000 0.664062
vt 0.375000 0.640625
vt 0.382812 0.640625
vt 0.382812 0.648438
vt 0.375000 0.648438
vt 0.375000 0.625000
vt 0.382812 0.625000
vt 0.382812 0.632812
vt 0.375000 0.632812
vt 0.375000 0.609375
vt 0.382812 0.609375
vt 0.382812 0.617188
vt 0.375000 0.617188
vt 0.375000 0.593750
vt 0.382812 0.593750
vt 0.382812 0.601562
vt 0.375000 0.601562
vt 0.375000 0.578125
vt 0.382812 0.578125
vt 0.382812 0.585938
vt 0.375000 0.585938
vt 0.375000 0.562500
vt 0.382812 0.562500
vt 0.382812 0.570312
vt 0.375000 0.570312
vt 0.375000 0.546875
vt 0.382812 0.546875
vt 0.382813 0.554688
vt 0.375000 0.554687
vt 0.375000 0.531250
vt 0.382812 0.531250
vt 0.382812 0.539062
vt 0.375000 0.539062
vt 0.382812 0.523438
vt 0.375000 0.523438
vt 0.390625 0.765625
vt 0.398438 0.765625
vt 0.398438 0.773438
vt 0.390625 0.773438
vt 0.406250 0.765625
vt 0.406250 0.773438
vt 0.406250 0.781250
vt 0.398438 0.781250
vt 0.390625 0.781250
vt 0.414063 0.765625
vt 0.414062 0.773438
vt 0.421875 0.765625
vt 0.421875 0.773438
vt 0.421875 0.781250
vt 0.414063 0.781250
vt 0.429688 0.765625
vt 0.429688 0.773438
vt 0.437500 0.765625
vt 0.437500 0.773438
vt 0.437500 0.781250
vt 0.429688 0.781250
vt 0.445312 0.765625
vt 0.445312 0.773438
vt 0.453125 0.765625
vt 0.453125 0.773438
vt 0.453125 0.781250
vt 0.445312 0.781250
vt 0.460938 0.765625
vt 0.460938 0.773438
vt 0.468750 0.765625
vt 0.468750 0.773438
vt 0.468750 0.781250
vt 0.460938 0.781250
vt 0.476562 0.765625
vt 0.476562 0.773438
vt 0.484375 0.765625
vt 0.484375 0.773438
vt 0.484375 0.781250
vt 0.476562 0.781250
vt 0.492188 0.765625
vt 0.492188 0.773438
vt 0.500000 0.765625
vt 0.500000 0.773438
vt 0.500000 0.781250
vt 0.492188 0.781250
vt 0.507812 0.765625
vt 0.507812 0.773438
vt 0.515625 0.765625
vt 0.515625 0.773438
vt 0.515625 0.781250
vt 0.507812 0.781250
vt 0.523438 0.765625
vt 0.523438 0.773438
vt 0.531250 0.765625
vt 0.531250 0.773438
vt 0.531250 0.781250
vt 0.523438 0.781250
vt 0.539062 0.765625
vt 0.539062 0.773438
vt 0.546875 0.765625
vt 0.546875 0.773438
vt 0.546875 0.781250
vt 0.539062 0.781250
vt 0.554687 0.765625
vt 0.554688 0.773438
vt 0.562500 0.765625
vt 0.562500 0.773438
vt 0.562500 0.781250
vt 0.554687 0.781250
vt 0.570312 0.765625
vt 0.570312 0.773438
vt 0.578125 0.765625
vt 0.578125 0.773438
vt 0.578125 0.781250
vt 0.570312 0.781250
vt 0.585938 0.765625
vt 0.585938 0.773438
vt 0.593750 0.765625
vt 0.593750 0.773438
vt 0.593750 0.781250
vt 0.585937 0.781250
vt 0.601563 0.765625
vt 0.601562 0.773438
vt 0.609375 0.765625
vt 0.609375 0.773438
vt 0.609375 0.781250
vt 0.601562 0.781250
vt 0.398438 0.789063
vt 0.390625 0.789062
vt 0.406250 0.789062
vt 0.406250 0.796875
vt 0.398438 0.796875
vt 0.390625 0.796875
vt 0.414062 0.789062
vt 0.421875 0.789062
vt 0.421875 0.796875
vt 0.414063 0.796875
vt 0.429688 0.789062
vt 0.437500 0.789062
vt 0.437500 0.796875
vt 0.429688 0.796875
vt 0.445312 0.789062
vt 0.453125 0.789062
vt 0.453125 0.796875
vt 0.445312 0.796875
vt 0.460938 0.789062
vt 0.468750 0.789062
vt 0.468750 0.796875
vt 0.460938 0.796875
vt 0.476562 0.789062
vt 0.484375 0.789062
vt 0.484375 0.796875
vt 0.476562 0.796875
vt 0.492188 0.789062
vt 0.500000 0.789062
vt 0.500000 0.796875
vt 0.492188 0.796875
vt 0.507812 0.789062
vt 0.515625 0.789062
vt 0.515625 0.796875
vt 0.507812 0.796875
vt 0.523438 0.789062
vt 0.531250 0.789062
vt 0.531250 0.796875
vt 0.523438 0.796875
vt 0.539062 0.789062
vt 0.546875 0.789062
vt 0.546875 0.796875
vt 0.539062 0.796875
vt 0.554688 0.789062
vt 0.562500 0.789062
vt 0.562500 0.796875
vt 0.554687 0.796875
vt 0.570312 0.789062
vt 0.578125 0.789062
vt 0.578125 0.796875
vt 0.570312 0.796875
vt 0.585938 0.789062
vt 0.593750 0.789062
vt 0.593750 0.796875
vt 0.585938 0.796875
vt 0.601562 0.789062
vt 0.609375 0.789062
vt 0.609375 0.796875
vt 0.601562 0.796875
vt 0.398438 0.804688
vt 0.390625 0.804688
vt 0.406250 0.804688
vt 0.406250 0.812500
vt 0.398438 0.812500
vt 0.390625 0.812500
vt 0.414062 0.804688
vt 0.421875 0.804688
vt 0.421875 0.812500
vt 0.414063 0.812500
vt 0.429688 0.804688
vt 0.437500 0.804688
vt 0.437500 0.812500
vt 0.429688 0.812500
vt 0.445312 0.804688
vt 0.453125 0.804688
vt 0.453125 0.812500
vt 0.445312 0.812500
vt 0.460938 0.804688
vt 0.468750 0.804688
vt 0.468750 0.812500
vt 0.460938 0.812500
vt 0.476562 0.804688
vt 0.484375 0.804688
vt 0.484375 0.812500
vt 0.476562 0.812500
vt 0.492188 0.804688
vt 0.500000 0.804688
vt 0.500000 0.812500
vt 0.492188 0.812500
vt 0.507812 0.804688
vt 0.515625 0.804688
vt 0.515625 0.812500
vt 0.507812 0.812500
vt 0.523438 0.804688
vt 0.531250 0.804688
vt 0.531250 0.812500
vt 0.523438 0.812500
vt 0.539062 0.804688
vt 0.546875 0.804688
vt 0.546875 0.812500
vt 0.539062 0.812500
vt 0.554688 0.804688
vt 0.562500 0.804688
vt 0.562500 0.812500
vt 0.554687 0.812500
vt 0.570312 0.804688
vt 0.578125 0.804688
vt 0.578125 0.812500
vt 0.570312 0.812500
vt 0.585938 0.804688
vt 0.593750 0.804688
vt 0.593750 0.812500
vt 0.585938 0.812500
vt 0.601562 0.804688
vt 0.609375 0.804688
vt 0.609375 0.812500
vt 0.601563 0.812500
vt 0.398438 0.820312
vt 0.390625 0.820313
vt 0.406250 0.820312
vt 0.406250 0.828125
vt 0.398438 0.828125
vt 0.390625 0.828125
vt 0.414062 0.820312
vt 0.421875 0.820313
vt 0.421875 0.828125
vt 0.414063 0.828125
vt 0.429688 0.820312
vt 0.437500 0.820312
vt 0.437500 0.828125
vt 0.429688 0.828125
vt 0.445312 0.820312
vt 0.453125 0.820312
vt 0.453125 0.828125
vt 0.445312 0.828125
vt 0.460938 0.820312
vt 0.468750 0.820312
vt 0.468750 0.828125
vt 0.460938 0.828125
vt 0.476562 0.820312
vt 0.484375 0.820312
vt 0.484375 0.828125
vt 0.476562 0.828125
vt 0.492188 0.820312
vt 0.500000 0.820313
vt 0.500000 0.828125
vt 0.492188 0.828125
vt 0.507812 0.820312
vt 0.515625 0.820312
vt 0.515625 0.828125
vt 0.507813 0.828125
vt 0.523438 0.820312
vt 0.531250 0.820312
vt 0.531250 0.828125
vt 0.523437 0.828125
vt 0.539062 0.820312
vt 0.546875 0.820312
vt 0.546875 0.828125
vt 0.539062 0.828125
vt 0.554688 0.820312
vt 0.562500 0.820312
vt 0.562500 0.828125
vt 0.554687 0.828125
vt 0.570312 0.820312
vt 0.578125 0.820313
vt 0.578125 0.828125
vt 0.570312 0.828125
vt 0.585938 0.820312
vt 0.593750 0.820312
vt 0.593750 0.828125
vt 0.585938 0.828125
vt 0.601562 0.820312
vt 0.609375 0.820313
vt 0.609375 0.828125
vt 0.601562 0.828125
vt 0.398438 0.835938
vt 0.390625 0.835938
vt 0.406250 0.835938
vt 0.406250 0.843750
vt 0.398438 0.843750
vt 0.390625 0.843750
vt 0.414062 0.835938
vt 0.421875 0.835938
vt 0.421875 0.843750
vt 0.414063 0.843750
vt 0.429688 0.835938
vt 0.437500 0.835938
vt 0.437500 0.843750
vt 0.429688 0.843750
vt 0.445312 0.835938
vt 0.453125 0.835938
vt 0.453125 0.843750
vt 0.445312 0.843750
vt 0.460938 0.835938
vt 0.468750 0.835938
vt 0.468750 0.843750
vt 0.460938 0.843750
vt 0.476562 0.835938
vt 0.484375 0.835938
vt 0.484375 0.843750
vt 0.476562 0.843750
vt 0.492188 0.835938
vt 0.500000 0.835938
vt 0.500000 0.843750
vt 0.492188 0.843750
vt 0.507812 0.835938
vt 0.515625 0.835938
vt 0.515625 0.843750
vt 0.507812 0.843750
vt 0.523438 0.835938
vt 0.531250 0.835937
vt 0.531250 0.843750
vt 0.523437 0.843750
vt 0.539062 0.835938
vt 0.546875 0.835938
vt 0.546875 0.843750
vt 0.539062 0.843750
vt 0.554688 0.835938
vt 0.562500 0.835938
vt 0.562500 0.843750
vt 0.554687 0.843750
vt 0.570312 0.835938
vt 0.578125 0.835938
vt 0.578125 0.843750
vt 0.570312 0.843750
vt 0.585938 0.835938
vt 0.593750 0.835938
vt 0.593750 0.843750
vt 0.585937 0.843750
vt 0.601562 0.835938
vt 0.609375 0.835938
vt 0.609375 0.843750
vt 0.601562 0.843750
vt 0.398438 0.851562
vt 0.390625 0.851563
vt 0.406250 0.851563
vt 0.406250 0.859375
vt 0.398438 0.859375
vt 0.390625 0.859375
vt 0.414062 0.851562
vt 0.421875 0.851563
vt 0.421875 0.859375
vt 0.414063 0.859375
vt 0.429688 0.851562
vt 0.437500 0.851563
vt 0.437500 0.859375
vt 0.429688 0.859375
vt 0.445312 0.851562
vt 0.453125 0.851563
vt 0.453125 0.859375
vt 0.445312 0.859375
vt 0.460938 0.851562
vt 0.468750 0.851563
vt 0.468750 0.859375
vt 0.460938 0.859375
vt 0.476562 0.851562
vt 0.484375 0.851563
vt 0.484375 0.859375
vt 0.476562 0.859375
vt 0.492188 0.851562
vt 0.500000 0.851562
vt 0.500000 0.859375
vt 0.492188 0.859375
vt 0.507812 0.851562
vt 0.515625 0.851562
vt 0.515625 0.859375
vt 0.507812 0.859375
vt 0.523438 0.851562
vt 0.531250 0.851562
vt 0.531250 0.859375
vt 0.523438 0.859375
vt 0.539062 0.851562
vt 0.546875 0.851563
vt 0.546875 0.859375
vt 0.539062 0.859375
vt 0.554688 0.851562
vt 0.562500 0.851563
vt 0.562500 0.859375
vt 0.554687 0.859375
vt 0.570312 0.851562
vt 0.578125 0.851563
vt 0.578125 0.859375
vt 0.570312 0.859375
vt 0.585938 0.851562
vt 0.593750 0.851563
vt 0.593750 0.859375
vt 0.585938 0.859375
vt 0.601562 0.851562
vt 0.609375 0.851563
vt 0.609375 0.859375
vt 0.601562 0.859375
vt 0.398438 0.867188
vt 0.390625 0.867188
vt 0.406250 0.867188
vt 0.406250 0.875000
vt 0.398438 0.875000
vt 0.390625 0.875000
vt 0.414062 0.867188
vt 0.421875 0.867188
vt 0.421875 0.875000
vt 0.414063 0.875000
vt 0.429688 0.867188
vt 0.437500 0.867188
vt 0.437500 0.875000
vt 0.429688 0.875000
vt 0.445312 0.867188
vt 0.453125 0.867188
vt 0.453125 0.875000
vt 0.445312 0.875000
vt 0.460938 0.867188
vt 0.468750 0.867188
vt 0.468750 0.875000
vt 0.460938 0.875000
vt 0.476562 0.867188
vt 0.484375 0.867188
vt 0.484375 0.875000
vt 0.476562 0.875000
vt 0.492188 0.867188
vt 0.500000 0.867187
vt 0.500000 0.875000
vt 0.492188 0.875000
vt 0.507812 0.867188
vt 0.515625 0.867188
vt 0.515625 0.875000
vt 0.507812 0.875000
vt 0.523438 0.867188
vt 0.531250 0.867188
vt 0.531250 0.875000
vt 0.523438 0.875000
vt 0.539062 0.867188
vt 0.546875 0.867188
vt 0.546875 0.875000
vt 0.539062 0.875000
vt 0.554688 0.867188
vt 0.562500 0.867188
vt 0.562500 0.875000
vt 0.554688 0.875000
vt 0.570312 0.867188
vt 0.578125 0.867187
vt 0.578125 0.875000
vt 0.570312 0.875000
vt 0.585938 0.867188
vt 0.593750 0.867188
vt 0.593750 0.875000
vt 0.585937 0.875000
vt 0.601562 0.867188
vt 0.609375 0.867187
vt 0.609375 0.875000
vt 0.601562 0.875000
vt 0.398438 0.882812
vt 0.390625 0.882813
vt 0.406250 0.882812
vt 0.406250 0.890625
vt 0.398438 0.890625
vt 0.390625 0.890625
vt 0.414062 0.882812
vt 0.421875 0.882812
vt 0.421875 0.890625
vt 0.414063 0.890625
vt 0.429688 0.882812
vt 0.437500 0.882812
vt 0.437500 0.890625
vt 0.429688 0.890625
vt 0.445312 0.882812
vt 0.453125 0.882812
vt 0.453125 0.890625
vt 0.445312 0.890625
vt 0.460938 0.882812
vt 0.468750 0.882812
vt 0.468750 0.890625
vt 0.460938 0.890625
vt 0.476562 0.882812
vt 0.484375 0.882812
vt 0.484375 0.890625
vt 0.476562 0.890625
vt 0.492188 0.882812
vt 0.500000 0.882812
vt 0.500000 0.890625
vt 0.492188 0.890625
vt 0.507812 0.882812
vt 0.515625 0.882812
vt 0.515625 0.890625
vt 0.507812 0.890625
vt 0.523438 0.882812
vt 0.531250 0.882812
vt 0.531250 0.890625
vt 0.523438 0.890625
vt 0.539062 0.882812
vt 0.546875 0.882812
vt 0.546875 0.890625
vt 0.539062 0.890625
vt 0.554688 0.882812
vt 0.562500 0.882812
vt 0.562500 0.890625
vt 0.554687 0.890625
vt 0.570312 0.882812
vt 0.578125 0.882812
vt 0.578125 0.890625
vt 0.570312 0.890625
vt 0.585938 0.882812
vt 0.593750 0.882812
vt 0.593750 0.890625
vt 0.585938 0.890625
vt 0.601562 0.882812
vt 0.609375 0.882812
vt 0.609375 0.890625
vt 0.601563 0.890625
vt 0.398438 0.898438
vt 0.390625 0.898438
vt 0.406250 0.898438
vt 0.406250 0.906250
vt 0.398438 0.906250
vt 0.390625 0.906250
vt 0.414062 0.898438
vt 0.421875 0.898438
vt 0.421875 0.906250
vt 0.414063 0.906250
vt 0.429688 0.898438
vt 0.437500 0.898438
vt 0.437500 0.906250
vt 0.429688 0.906250
vt 0.445312 0.898438
vt 0.453125 0.898438
vt 0.453125 0.906250
vt 0.445312 0.906250
vt 0.460938 0.898438
vt 0.468750 0.898438
vt 0.468750 0.906250
vt 0.460938 0.906250
vt 0.476562 0.898438
vt 0.484375 0.898438
vt 0.484375 0.906250
vt 0.476562 0.906250
vt 0.492188 0.898438
vt 0.500000 0.898438
vt 0.500000 0.906250
vt 0.492188 0.906250
vt 0.507812 0.898438
vt 0.515625 0.898438
vt 0.515625 0.906250
vt 0.507812 0.906250
vt 0.523438 0.898438
vt 0.531250 0.898438
vt 0.531250 0.906250
vt 0.523438 0.906250
vt 0.539062 0.898438
vt 0.546875 0.898438
vt 0.546875 0.906250
vt 0.539062 0.906250
vt 0.554688 0.898438
vt 0.562500 0.898438
vt 0.562500 0.906250
vt 0.554687 0.906250
vt 0.570312 0.898438
vt 0.578125 0.898438
vt 0.578125 0.906250
vt 0.570312 0.906250
vt 0.585938 0.898438
vt 0.593750 0.898438
vt 0.593750 0.906250
vt 0.585938 0.906250
vt 0.601562 0.898438
vt 0.609375 0.898438
vt 0.609375 0.906250
vt 0.601562 0.906250
vt 0.398438 0.914062
vt 0.390625 0.914063
vt 0.406250 0.914063
vt 0.406250 0.921875
vt 0.398438 0.921875
vt 0.390625 0.921875
vt 0.414062 0.914062
vt 0.421875 0.914063
vt 0.421875 0.921875
vt 0.414063 0.921875
vt 0.429688 0.914062
vt 0.437500 0.914063
vt 0.437500 0.921875
vt 0.429688 0.921875
vt 0.445312 0.914062
vt 0.453125 0.914063
vt 0.453125 0.921875
vt 0.445312 0.921875
vt 0.460938 0.914062
vt 0.468750 0.914063
vt 0.468750 0.921875
vt 0.460938 0.921875
vt 0.476562 0.914062
vt 0.484375 0.914063
vt 0.484375 0.921875
vt 0.476562 0.921875
vt 0.492188 0.914062
vt 0.500000 0.914063
vt 0.500000 0.921875
vt 0.492188 0.921875
vt 0.507812 0.914062
vt 0.515625 0.914063
vt 0.515625 0.921875
vt 0.507812 0.921875
vt 0.523438 0.914062
vt 0.531250 0.914063
vt 0.531250 0.921875
vt 0.523438 0.921875
vt 0.539062 0.914062
vt 0.546875 0.914063
vt 0.546875 0.921875
vt 0.539062 0.921875
vt 0.554688 0.914062
vt 0.562500 0.914063
vt 0.562500 0.921875
vt 0.554687 0.921875
vt 0.570312 0.914062
vt 0.578125 0.914063
vt 0.578125 0.921875
vt 0.570312 0.921875
vt 0.585938 0.914062
vt 0.593750 0.914063
vt 0.593750 0.921875
vt 0.585938 0.921875
vt 0.601562 0.914062
vt 0.609375 0.914063
vt 0.609375 0.921875
vt 0.601562 0.921875
vt 0.398438 0.929688
vt 0.390625 0.929688
vt 0.406250 0.929688
vt 0.406250 0.937500
vt 0.398438 0.937500
vt 0.390625 0.937500
vt 0.414062 0.929688
vt 0.421875 0.929688
vt 0.421875 0.937500
vt 0.414063 0.937500
vt 0.429688 0.929688
vt 0.437500 0.929688
vt 0.437500 0.937500
vt 0.429688 0.937500
vt 0.445312 0.929688
vt 0.453125 0.929688
vt 0.453125 0.937500
vt 0.445312 0.937500
vt 0.460938 0.929688
vt 0.468750 0.929688
vt 0.468750 0.937500
vt 0.460938 0.937500
vt 0.476562 0.929688
vt 0.484375 0.929688
vt 0.484375 0.937500
vt 0.476562 0.937500
vt 0.492188 0.929688
vt 0.500000 0.929688
vt 0.500000 0.937500
vt 0.492188 0.937500
vt 0.507812 0.929688
vt 0.515625 0.929688
vt 0.515625 0.937500
vt 0.507812 0.937500
vt 0.523438 0.929688
vt 0.531250 0.929688
vt 0.531250 0.937500
vt 0.523438 0.937500
vt 0.539062 0.929688
vt 0.546875 0.929688
vt 0.546875 0.937500
vt 0.539062 0.937500
vt 0.554688 0.929688
vt 0.562500 0.929688
vt 0.562500 0.937500
vt 0.554687 0.937500
vt 0.570312 0.929688
vt 0.578125 0.929688
vt 0.578125 0.937500
vt 0.570312 0.937500
vt 0.585938 0.929688
vt 0.593750 0.929688
vt 0.593750 0.937500
vt 0.585938 0.937500
vt 0.601562 0.929688
vt 0.609375 0.929688
vt 0.609375 0.937500
vt 0.601562 0.937500
vt 0.398438 0.945312
vt 0.390625 0.945312
vt 0.406250 0.945312
vt 0.406250 0.953125
vt 0.398438 0.953125
vt 0.390625 0.953125
vt 0.414062 0.945312
vt 0.421875 0.945312
vt 0.421875 0.953125
vt 0.414063 0.953125
vt 0.429688 0.945312
vt 0.437500 0.945312
vt 0.437500 0.953125
vt 0.429688 0.953125
vt 0.445312 0.945312
vt 0.453125 0.945312
vt 0.453125 0.953125
vt 0.445312 0.953125
vt 0.460938 0.945312
vt 0.468750 0.945312
vt 0.468750 0.953125
vt 0.460938 0.953125
vt 0.476562 0.945312
vt 0.484375 0.945312
vt 0.484375 0.953125
vt 0.476562 0.953125
vt 0.492188 0.945312
vt 0.500000 0.945312
vt 0.500000 0.953125
vt 0.492188 0.953125
vt 0.507812 0.945312
vt 0.515625 0.945312
vt 0.515625 0.953125
vt 0.507812 0.953125
vt 0.523438 0.945312
vt 0.531250 0.945312
vt 0.531250 0.953125
vt 0.523438 0.953125
vt 0.539062 0.945312
vt 0.546875 0.945312
vt 0.546875 0.953125
vt 0.539062 0.953125
vt 0.554688 0.945312
vt 0.562500 0.945312
vt 0.562500 0.953125
vt 0.554687 0.953125
vt 0.570312 0.945312
vt 0.578125 0.945312
vt 0.578125 0.953125
vt 0.570312 0.953125
vt 0.585938 0.945312
vt 0.593750 0.945312
vt 0.593750 0.953125
vt 0.585938 0.953125
vt 0.601562 0.945312
vt 0.609375 0.945312
vt 0.609375 0.953125
vt 0.601562 0.953125
vt 0.398438 0.960938
vt 0.390625 0.960938
vt 0.406250 0.960938
vt 0.406250 0.968750
vt 0.398438 0.968750
vt 0.390625 0.968750
vt 0.414062 0.960938
vt 0.421875 0.960938
vt 0.421875 0.968750
vt 0.414063 0.968750
vt 0.429688 0.960938
vt 0.437500 0.960938
vt 0.437500 0.968750
vt 0.429688 0.968750
vt 0.445312 0.960938
vt 0.453125 0.960938
vt 0.453125 0.968750
vt 0.445312 0.968750
vt 0.460938 0.960938
vt 0.468750 0.960938
vt 0.468750 0.968750
vt 0.460938 0.968750
vt 0.476562 0.960938
vt 0.484375 0.960938
vt 0.484375 0.968750
vt 0.476563 0.968750
vt 0.492188 0.960938
vt 0.500000 0.960938
vt 0.500000 0.968750
vt 0.492188 0.968750
vt 0.507812 0.960938
vt 0.515625 0.960938
vt 0.515625 0.968750
vt 0.507812 0.968750
vt 0.523438 0.960938
vt 0.531250 0.960938
vt 0.531250 0.968750
vt 0.523438 0.968750
vt 0.539062 0.960938
vt 0.546875 0.960938
vt 0.546875 0.968750
vt 0.539062 0.968750
vt 0.554688 0.960938
vt 0.562500 0.960938
vt 0.562500 0.968750
vt 0.554687 0.968750
vt 0.570312 0.960938
vt 0.578125 0.960938
vt 0.578125 0.968750
vt 0.570312 0.968750
vt 0.585938 0.960938
vt 0.593750 0.960938
vt 0.593750 0.968750
vt 0.585938 0.968750
vt 0.601562 0.960938
vt 0.609375 0.960938
vt 0.609375 0.968750
vt 0.601563 0.968750
vt 0.398438 0.976562
vt 0.390625 0.976563
vt 0.406250 0.976562
vt 0.406250 0.984375
vt 0.398438 0.984375
vt 0.390625 0.984375
vt 0.414062 0.976562
vt 0.421875 0.976563
vt 0.421875 0.984375
vt 0.414063 0.984375
vt 0.429688 0.976562
vt 0.437500 0.976562
vt 0.437500 0.984375
vt 0.429688 0.984375
vt 0.445312 0.976562
vt 0.453125 0.976562
vt 0.453125 0.984375
vt 0.445312 0.984375
vt 0.460938 0.976562
vt 0.468750 0.976563
vt 0.468750 0.984375
vt 0.460938 0.984375
vt 0.476562 0.976562
vt 0.484375 0.976562
vt 0.484375 0.984375
vt 0.476562 0.984375
vt 0.492188 0.976562
vt 0.500000 0.976563
vt 0.500000 0.984375
vt 0.492188 0.984375
vt 0.507812 0.976562
vt 0.515625 0.976562
vt 0.515625 0.984375
vt 0.507812 0.984375
vt 0.523438 0.976562
vt 0.531250 0.976562
vt 0.531250 0.984375
vt 0.523438 0.984375
vt 0.539062 0.976562
vt 0.546875 0.976562
vt 0.546875 0.984375
vt 0.539062 0.984375
vt 0.554688 0.976562
vt 0.562500 0.976562
vt 0.562500 0.984375
vt 0.554687 0.984375
vt 0.570312 0.976562
vt 0.578125 0.976562
vt 0.578125 0.984375
vt 0.570312 0.984375
vt 0.585938 0.976562
vt 0.593750 0.976562
vt 0.593750 0.984375
vt 0.585938 0.984375
vt 0.601562 0.976562
vt 0.609375 0.976563
vt 0.609375 0.984375
vt 0.601562 0.984375
vt 0.382812 0.757812
vt 0.375000 0.757812
vt 0.390625 0.757813
vt 0.382812 0.765625
vt 0.375000 0.765625
vt 0.398438 0.757812
vt 0.406250 0.757812
vt 0.414062 0.757812
vt 0.421875 0.757813
vt 0.429688 0.757812
vt 0.437500 0.757812
vt 0.445312 0.757812
vt 0.453125 0.757813
vt 0.460938 0.757812
vt 0.468750 0.757812
vt 0.476562 0.757812
vt 0.484375 0.757812
vt 0.492188 0.757812
vt 0.500000 0.757813
vt 0.507812 0.757812
vt 0.515625 0.757813
vt 0.523438 0.757812
vt 0.531250 0.757812
vt 0.539062 0.757812
vt 0.546875 0.757813
vt 0.554688 0.757812
vt 0.562500 0.757812
vt 0.570312 0.757812
vt 0.578125 0.757813
vt 0.585938 0.757812
vt 0.593750 0.757812
vt 0.601562 0.757812
vt 0.609375 0.757813
vt 0.617188 0.757812
vt 0.625000 0.757812
vt 0.625000 0.765625
vt 0.617188 0.765625
vt 0.617188 0.773438
vt 0.625000 0.773438
vt 0.625000 0.781250
vt 0.617188 0.781250
vt 0.617188 0.789062
vt 0.625000 0.789062
vt 0.625000 0.796875
vt 0.617188 0.796875
vt 0.617188 0.804688
vt 0.625000 0.804688
vt 0.625000 0.812500
vt 0.617188 0.812500
vt 0.617188 0.820312
vt 0.625000 0.820312
vt 0.625000 0.828125
vt 0.617188 0.828125
vt 0.617188 0.835938
vt 0.625000 0.835938
vt 0.625000 0.843750
vt 0.617188 0.843750
vt 0.617188 0.851562
vt 0.625000 0.851562
vt 0.625000 0.859375
vt 0.617188 0.859375
vt 0.617188 0.867188
vt 0.625000 0.867188
vt 0.625000 0.875000
vt 0.617188 0.875000
vt 0.617188 0.882812
vt 0.625000 0.882812
vt 0.625000 0.890625
vt 0.617188 0.890625
vt 0.617188 0.898438
vt 0.625000 0.898438
vt 0.625000 0.906250
vt 0.617188 0.906250
vt 0.617188 0.914062
vt 0.625000 0.914062
vt 0.625000 0.921875
vt 0.617188 0.921875
vt 0.617188 0.929688
vt 0.625000 0.929688
vt 0.625000 0.937500
vt 0.617188 0.937500
vt 0.617188 0.945312
vt 0.625000 0.945312
vt 0.625000 0.953125
vt 0.617188 0.953125
vt 0.617188 0.960938
vt 0.625000 0.960938
vt 0.625000 0.968750
vt 0.617188 0.968750
vt 0.617188 0.976562
vt 0.625000 0.976562
vt 0.625000 0.984375
vt 0.617188 0.984375
vt 0.617188 0.992188
vt 0.609375 0.992188
vt 0.625000 0.992188
vt 0.625000 1.000000
vt 0.617188 1.000000
vt 0.609375 1.000000
vt 0.601562 0.992188
vt 0.593750 0.992188
vt 0.601562 1.000000
vt 0.593750 1.000000
vt 0.585938 0.992188
vt 0.578125 0.992188
vt 0.585938 1.000000
vt 0.578125 1.000000
vt 0.570312 0.992188
vt 0.562500 0.992188
vt 0.570312 1.000000
vt 0.562500 1.000000
vt 0.554688 0.992188
vt 0.546875 0.992188
vt 0.554688 1.000000
vt 0.546875 1.000000
vt 0.539062 0.992188
vt 0.531250 0.992188
vt 0.539062 1.000000
vt 0.531250 1.000000
vt 0.523438 0.992188
vt 0.515625 0.992188
vt 0.523438 1.000000
vt 0.515625 1.000000
vt 0.507812 0.992188
vt 0.500000 0.992188
vt 0.507812 1.000000
vt 0.500000 1.000000
vt 0.492188 0.992188
vt 0.484375 0.992188
vt 0.492188 1.000000
vt 0.484375 1.000000
vt 0.476562 0.992188
vt 0.468750 0.992188
vt 0.476562 1.000000
vt 0.468750 1.000000
vt 0.460938 0.992188
vt 0.453125 0.992188
vt 0.460938 1.000000
vt 0.453125 1.000000
vt 0.445312 0.992188
vt 0.437500 0.992188
vt 0.445312 1.000000
vt 0.437500 1.000000
vt 0.429688 0.992188
vt 0.421875 0.992188
vt 0.429688 1.000000
vt 0.421875 1.000000
vt 0.414062 0.992188
vt 0.406250 0.992188
vt 0.414062 1.000000
vt 0.406250 1.000000
vt 0.398438 0.992188
vt 0.390625 0.992188
vt 0.398438 1.000000
vt 0.390625 1.000000
vt 0.375000 0.984375
vt 0.382812 0.984375
vt 0.382812 0.992188
vt 0.375000 0.992188
vt 0.382812 1.000000
vt 0.375000 1.000000
vt 0.375000 0.968750
vt 0.382812 0.968750
vt 0.382812 0.976562
vt 0.375000 0.976562
vt 0.375000 0.953125
vt 0.382812 0.953125
vt 0.382812 0.960938
vt 0.375000 0.960938
vt 0.375000 0.937500
vt 0.382812 0.937500
vt 0.382812 0.945312
vt 0.375000 0.945312
vt 0.375000 0.921875
vt 0.382812 0.921875
vt 0.382812 0.929688
vt 0.375000 0.929688
vt 0.375000 0.906250
vt 0.382812 0.906250
vt 0.382812 0.914062
vt 0.375000 0.914062
vt 0.375000 0.890625
vt 0.382812 0.890625
vt 0.382812 0.898438
vt 0.375000 0.898438
vt 0.375000 0.875000
vt 0.382812 0.875000
vt 0.382812 0.882812
vt 0.375000 0.882812
vt 0.375000 0.859375
vt 0.382812 0.859375
vt 0.382812 0.867188
vt 0.375000 0.867188
vt 0.375000 0.843750
vt 0.382812 0.843750
vt 0.382812 0.851562
vt 0.375000 0.851562
vt 0.375000 0.828125
vt 0.382812 0.828125
vt 0.382812 0.835938
vt 0.375000 0.835938
vt 0.375000 0.812500
vt 0.382812 0.812500
vt 0.382812 0.820312
vt 0.375000 0.820312
vt 0.375000 0.796875
vt 0.382812 0.796875
vt 0.382812 0.804688
vt 0.375000 0.804688
vt 0.375000 0.781250
vt 0.382812 0.781250
vt 0.382812 0.789062
vt 0.375000 0.789062
vt 0.382812 0.773438
vt 0.375000 0.773438
vt 0.140625 0.515625
vt 0.148437 0.515625
vt 0.148438 0.523438
vt 0.140625 0.523438
vt 0.156250 0.515625
vt 0.156250 0.523438
vt 0.156250 0.531250
vt 0.148437 0.531250
vt 0.140625 0.531250
vt 0.164063 0.515625
vt 0.164062 0.523438
vt 0.171875 0.515625
vt 0.171875 0.523438
vt 0.171875 0.531250
vt 0.164063 0.531250
vt 0.179688 0.515625
vt 0.179688 0.523438
vt 0.187500 0.515625
vt 0.187500 0.523438
vt 0.187500 0.531250
vt 0.179688 0.531250
vt 0.195312 0.515625
vt 0.195312 0.523438
vt 0.203125 0.515625
vt 0.203125 0.523438
vt 0.203125 0.531250
vt 0.195312 0.531250
vt 0.210938 0.515625
vt 0.210938 0.523438
vt 0.218750 0.515625
vt 0.218750 0.523438
vt 0.218750 0.531250
vt 0.210938 0.531250
vt 0.226562 0.515625
vt 0.226562 0.523438
vt 0.234375 0.515625
vt 0.234375 0.523438
vt 0.234375 0.531250
vt 0.226562 0.531250
vt 0.242188 0.515625
vt 0.242188 0.523438
vt 0.250000 0.515625
vt 0.250000 0.523438
vt 0.250000 0.531250
vt 0.242188 0.531250
vt 0.257812 0.515625
vt 0.257812 0.523438
vt 0.265625 0.515625
vt 0.265625 0.523438
vt 0.265625 0.531250
vt 0.257812 0.531250
vt 0.273438 0.515625
vt 0.273438 0.523438
vt 0.281250 0.515625
vt 0.281250 0.523438
vt 0.281250 0.531250
vt 0.273438 0.531250
vt 0.289062 0.515625
vt 0.289062 0.523438
vt 0.296875 0.515625
vt 0.296875 0.523438
vt 0.296875 0.531250
vt 0.289062 0.531250
vt 0.304688 0.515625
vt 0.304688 0.523438
vt 0.312500 0.515625
vt 0.312500 0.523438
vt 0.312500 0.531250
vt 0.304688 0.531250
vt 0.320313 0.515625
vt 0.320312 0.523438
vt 0.328125 0.515625
vt 0.328125 0.523438
vt 0.328125 0.531250
vt 0.320313 0.531250
vt 0.335938 0.515625
vt 0.335938 0.523438
vt 0.343750 0.515625
vt 0.343750 0.523438
vt 0.343750 0.531250
vt 0.335938 0.531250
vt 0.351562 0.515625
vt 0.351562 0.523438
vt 0.359375 0.515625
vt 0.359375 0.523438
vt 0.359375 0.531250
vt 0.351563 0.531250
vt 0.148438 0.539062
vt 0.140625 0.539062
vt 0.156250 0.539062
vt 0.156250 0.546875
vt 0.148437 0.546875
vt 0.140625 0.546875
vt 0.164062 0.539062
vt 0.171875 0.539062
vt 0.171875 0.546875
vt 0.164063 0.546875
vt 0.179688 0.539062
vt 0.187500 0.539062
vt 0.187500 0.546875
vt 0.179688 0.546875
vt 0.195312 0.539062
vt 0.203125 0.539062
vt 0.203125 0.546875
vt 0.195312 0.546875
vt 0.210938 0.539062
vt 0.218750 0.539062
vt 0.218750 0.546875
vt 0.210938 0.546875
vt 0.226562 0.539062
vt 0.234375 0.539062
vt 0.234375 0.546875
vt 0.226562 0.546875
vt 0.242188 0.539062
vt 0.250000 0.539062
vt 0.250000 0.546875
vt 0.242188 0.546875
vt 0.257812 0.539062
vt 0.265625 0.539062
vt 0.265625 0.546875
vt 0.257812 0.546875
vt 0.273438 0.539062
vt 0.281250 0.539062
vt 0.281250 0.546875
vt 0.273438 0.546875
vt 0.289062 0.539062
vt 0.296875 0.539062
vt 0.296875 0.546875
vt 0.289062 0.546875
vt 0.304688 0.539062
vt 0.312500 0.539062
vt 0.312500 0.546875
vt 0.304688 0.546875
vt 0.320312 0.539062
vt 0.328125 0.539062
vt 0.328125 0.546875
vt 0.320312 0.546875
vt 0.335938 0.539062
vt 0.343750 0.539062
vt 0.343750 0.546875
vt 0.335938 0.546875
vt 0.351562 0.539062
vt 0.359375 0.539063
vt 0.359375 0.546875
vt 0.351562 0.546875
vt 0.148438 0.554688
vt 0.140625 0.554687
vt 0.156250 0.554687
vt 0.156250 0.562500
vt 0.148437 0.562500
vt 0.140625 0.562500
vt 0.164062 0.554688
vt 0.171875 0.554687
vt 0.171875 0.562500
vt 0.164063 0.562500
vt 0.179688 0.554688
vt 0.187500 0.554687
vt 0.187500 0.562500
vt 0.179688 0.562500
vt 0.195312 0.554688
vt 0.203125 0.554687
vt 0.203125 0.562500
vt 0.195312 0.562500
vt 0.210938 0.554688
vt 0.218750 0.554687
vt 0.218750 0.562500
vt 0.210938 0.562500
vt 0.226562 0.554688
vt 0.234375 0.554687
vt 0.234375 0.562500
vt 0.226562 0.562500
vt 0.242188 0.554688
vt 0.250000 0.554687
vt 0.250000 0.562500
vt 0.242188 0.562500
vt 0.257812 0.554688
vt 0.265625 0.554687
vt 0.265625 0.562500
vt 0.257812 0.562500
vt 0.273438 0.554688
vt 0.281250 0.554688
vt 0.281250 0.562500
vt 0.273438 0.562500
vt 0.289062 0.554688
vt 0.296875 0.554687
vt 0.296875 0.562500
vt 0.289062 0.562500
vt 0.304688 0.554688
vt 0.312500 0.554687
vt 0.312500 0.562500
vt 0.304688 0.562500
vt 0.320312 0.554688
vt 0.328125 0.554688
vt 0.328125 0.562500
vt 0.320313 0.562500
vt 0.335938 0.554688
vt 0.343750 0.554687
vt 0.343750 0.562500
vt 0.335938 0.562500
vt 0.351562 0.554688
vt 0.359375 0.554688
vt 0.359375 0.562500
vt 0.351562 0.562500
vt 0.148438 0.570312
vt 0.140625 0.570312
vt 0.156250 0.570312
vt 0.156250 0.578125
vt 0.148437 0.578125
vt 0.140625 0.578125
vt 0.164062 0.570312
vt 0.171875 0.570312
vt 0.171875 0.578125
vt 0.164063 0.578125
vt 0.179688 0.570312
vt 0.187500 0.570312
vt 0.187500 0.578125
vt 0.179688 0.578125
vt 0.195312 0.570312
vt 0.203125 0.570312
vt 0.203125 0.578125
vt 0.195312 0.578125
vt 0.210938 0.570312
vt 0.218750 0.570312
vt 0.218750 0.578125
vt 0.210938 0.578125
vt 0.226562 0.570312
vt 0.234375 0.570312
vt 0.234375 0.578125
vt 0.226562 0.578125
vt 0.242188 0.570312
vt 0.250000 0.570312
vt 0.250000 0.578125
vt 0.242188 0.578125
vt 0.257812 0.570312
vt 0.265625 0.570312
vt 0.265625 0.578125
vt 0.257812 0.578125
vt 0.273438 0.570312
vt 0.281250 0.570312
vt 0.281250 0.578125
vt 0.273438 0.578125
vt 0.289062 0.570312
vt 0.296875 0.570312
vt 0.296875 0.578125
vt 0.289062 0.578125
vt 0.304688 0.570312
vt 0.312500 0.570312
vt 0.312500 0.578125
vt 0.304688 0.578125
vt 0.320312 0.570312
vt 0.328125 0.570312
vt 0.328125 0.578125
vt 0.320312 0.578125
vt 0.335938 0.570312
vt 0.343750 0.570312
vt 0.343750 0.578125
vt 0.335938 0.578125
vt 0.351562 0.570312
vt 0.359375 0.570312
vt 0.359375 0.578125
vt 0.351562 0.578125
vt 0.148438 0.585938
vt 0.140625 0.585938
vt 0.156250 0.585938
vt 0.156250 0.593750
vt 0.148437 0.593750
vt 0.140625 0.593750
vt 0.164062 0.585938
vt 0.171875 0.585938
vt 0.171875 0.593750
vt 0.164063 0.593750
vt 0.179688 0.585938
vt 0.187500 0.585938
vt 0.187500 0.593750
vt 0.179688 0.593750
vt 0.195312 0.585938
vt 0.203125 0.585938
vt 0.203125 0.593750
vt 0.195312 0.593750
vt 0.210938 0.585938
vt 0.218750 0.585938
vt 0.218750 0.593750
vt 0.210938 0.593750
vt 0.226562 0.585938
vt 0.234375 0.585938
vt 0.234375 0.593750
vt 0.226562 0.593750
vt 0.242188 0.585938
vt 0.250000 0.585938
vt 0.250000 0.593750
vt 0.242188 0.593750
vt 0.257812 0.585938
vt 0.265625 0.585938
vt 0.265625 0.593750
vt 0.257812 0.593750
vt 0.273438 0.585938
vt 0.281250 0.585938
vt 0.281250 0.593750
vt 0.273438 0.593750
vt 0.289062 0.585938
vt 0.296875 0.585938
vt 0.296875 0.593750
vt 0.289062 0.593750
vt 0.304688 0.585938
vt 0.312500 0.585938
vt 0.312500 0.593750
vt 0.304688 0.593750
vt 0.320312 0.585938
vt 0.328125 0.585938
vt 0.328125 0.593750
vt 0.320312 0.593750
vt 0.335938 0.585938
vt 0.343750 0.585938
vt 0.343750 0.593750
vt 0.335938 0.593750
vt 0.351562 0.585938
vt 0.359375 0.585938
vt 0.359375 0.593750
vt 0.351562 0.593750
vt 0.148438 0.601562
vt 0.140625 0.601562
vt 0.156250 0.601562
vt 0.156250 0.609375
vt 0.148437 0.609375
vt 0.140625 0.609375
vt 0.164062 0.601562
vt 0.171875 0.601562
vt 0.171875 0.609375
vt 0.164062 0.609375
vt 0.179688 0.601562
vt 0.187500 0.601562
vt 0.187500 0.609375
vt 0.179688 0.609375
vt 0.195312 0.601562
vt 0.203125 0.601562
vt 0.203125 0.609375
vt 0.195312 0.609375
vt 0.210938 0.601562
vt 0.218750 0.601562
vt 0.218750 0.609375
vt 0.210938 0.609375
vt 0.226562 0.601562
vt 0.234375 0.601562
vt 0.234375 0.609375
vt 0.226562 0.609375
vt 0.242188 0.601562
vt 0.250000 0.601562
vt 0.250000 0.609375
vt 0.242188 0.609375
vt 0.257812 0.601562
vt 0.265625 0.601562
vt 0.265625 0.609375
vt 0.257812 0.609375
vt 0.273438 0.601562
vt 0.281250 0.601562
vt 0.281250 0.609375
vt 0.273438 0.609375
vt 0.289062 0.601562
vt 0.296875 0.601563
vt 0.296875 0.609375
vt 0.289062 0.609375
vt 0.304688 0.601562
vt 0.312500 0.601562
vt 0.312500 0.609375
vt 0.304688 0.609375
vt 0.320312 0.601562
vt 0.328125 0.601562
vt 0.328125 0.609375
vt 0.320312 0.609375
vt 0.335938 0.601562
vt 0.343750 0.601562
vt 0.343750 0.609375
vt 0.335938 0.609375
vt 0.351562 0.601562
vt 0.359375 0.601562
vt 0.359375 0.609375
vt 0.351563 0.609375
vt 0.148438 0.617188
vt 0.140625 0.617188
vt 0.156250 0.617188
vt 0.156250 0.625000
vt 0.148437 0.625000
vt 0.140625 0.625000
vt 0.164062 0.617188
vt 0.171875 0.617188
vt 0.171875 0.625000
vt 0.164063 0.625000
vt 0.179688 0.617188
vt 0.187500 0.617188
vt 0.187500 0.625000
vt 0.179688 0.625000
vt 0.195312 0.617188
vt 0.203125 0.617188
vt 0.203125 0.625000
vt 0.195312 0.625000
vt 0.210938 0.617188
vt 0.218750 0.617188
vt 0.218750 0.625000
vt 0.210938 0.625000
vt 0.226562 0.617188
vt 0.234375 0.617188
vt 0.234375 0.625000
vt 0.226562 0.625000
vt 0.242188 0.617188
vt 0.250000 0.617188
vt 0.250000 0.625000
vt 0.242188 0.625000
vt 0.257812 0.617188
vt 0.265625 0.617188
vt 0.265625 0.625000
vt 0.257812 0.625000
vt 0.273438 0.617188
vt 0.281250 0.617188
vt 0.281250 0.625000
vt 0.273438 0.625000
vt 0.289062 0.617188
vt 0.296875 0.617188
vt 0.296875 0.625000
vt 0.289062 0.625000
vt 0.304688 0.617188
vt 0.312500 0.617188
vt 0.312500 0.625000
vt 0.304688 0.625000
vt 0.320312 0.617188
vt 0.328125 0.617188
vt 0.328125 0.625000
vt 0.320312 0.625000
vt 0.335938 0.617188
vt 0.343750 0.617188
vt 0.343750 0.625000
vt 0.335938 0.625000
vt 0.351562 0.617188
vt 0.359375 0.617188
vt 0.359375 0.625000
vt 0.351562 0.625000
vt 0.148438 0.632812
vt 0.140625 0.632812
vt 0.156250 0.632812
vt 0.156250 0.640625
vt 0.148437 0.640625
vt 0.140625 0.640625
vt 0.164062 0.632812
vt 0.171875 0.632812
vt 0.171875 0.640625
vt 0.164063 0.640625
vt 0.179688 0.632812
vt 0.187500 0.632812
vt 0.187500 0.640625
vt 0.179688 0.640625
vt 0.195312 0.632812
vt 0.203125 0.632812
vt 0.203125 0.640625
vt 0.195312 0.640625
vt 0.210938 0.632812
vt 0.218750 0.632812
vt 0.218750 0.640625
vt 0.210938 0.640625
vt 0.226562 0.632812
vt 0.234375 0.632812
vt 0.234375 0.640625
vt 0.226562 0.640625
vt 0.242188 0.632812
vt 0.250000 0.632812
vt 0.250000 0.640625
vt 0.242188 0.640625
vt 0.257812 0.632812
vt 0.265625 0.632812
vt 0.265625 0.640625
vt 0.257812 0.640625
vt 0.273438 0.632812
vt 0.281250 0.632812
vt 0.281250 0.640625
vt 0.273438 0.640625
vt 0.289062 0.632812
vt 0.296875 0.632812
vt 0.296875 0.640625
vt 0.289062 0.640625
vt 0.304688 0.632812
vt 0.312500 0.632812
vt 0.312500 0.640625
vt 0.304688 0.640625
vt 0.320312 0.632812
vt 0.328125 0.632812
vt 0.328125 0.640625
vt 0.320312 0.640625
vt 0.335938 0.632812
vt 0.343750 0.632812
vt 0.343750 0.640625
vt 0.335938 0.640625
vt 0.351562 0.632812
vt 0.359375 0.632812
vt 0.359375 0.640625
vt 0.351563 0.640625
vt 0.148438 0.648438
vt 0.140625 0.648438
vt 0.156250 0.648438
vt 0.156250 0.656250
vt 0.148437 0.656250
vt 0.140625 0.656250
vt 0.164062 0.648438
vt 0.171875 0.648438
vt 0.171875 0.656250
vt 0.164063 0.656250
vt 0.179688 0.648438
vt 0.187500 0.648438
vt 0.187500 0.656250
vt 0.179688 0.656250
vt 0.195312 0.648438
vt 0.203125 0.648438
vt 0.203125 0.656250
vt 0.195312 0.656250
vt 0.210938 0.648438
vt 0.218750 0.648438
vt 0.218750 0.656250
vt 0.210938 0.656250
vt 0.226562 0.648438
vt 0.234375 0.648438
vt 0.234375 0.656250
vt 0.226562 0.656250
vt 0.242188 0.648438
vt 0.250000 0.648438
vt 0.250000 0.656250
vt 0.242188 0.656250
vt 0.257812 0.648438
vt 0.265625 0.648438
vt 0.265625 0.656250
vt 0.257812 0.656250
vt 0.273438 0.648438
vt 0.281250 0.648438
vt 0.281250 0.656250
vt 0.273438 0.656250
vt 0.289062 0.648438
vt 0.296875 0.648438
vt 0.296875 0.656250
vt 0.289062 0.656250
vt 0.304688 0.648438
vt 0.312500 0.648438
vt 0.312500 0.656250
vt 0.304688 0.656250
vt 0.320312 0.648438
vt 0.328125 0.648438
vt 0.328125 0.656250
vt 0.320312 0.656250
vt 0.335938 0.648438
vt 0.343750 0.648438
vt 0.343750 0.656250
vt 0.335938 0.656250
vt 0.351562 0.648438
vt 0.359375 0.648438
vt 0.359375 0.656250
vt 0.351563 0.656250
vt 0.148438 0.664062
vt 0.140625 0.664062
vt 0.156250 0.664062
vt 0.156250 0.671875
vt 0.148437 0.671875
vt 0.140625 0.671875
vt 0.164062 0.664062
vt 0.171875 0.664062
vt 0.171875 0.671875
vt 0.164063 0.671875
vt 0.179688 0.664062
vt 0.187500 0.664062
vt 0.187500 0.671875
vt 0.179688 0.671875
vt 0.195312 0.664062
vt 0.203125 0.664062
vt 0.203125 0.671875
vt 0.195312 0.671875
vt 0.210938 0.664062
vt 0.218750 0.664062
vt 0.218750 0.671875
vt 0.210938 0.671875
vt 0.226562 0.664062
vt 0.234375 0.664062
vt 0.234375 0.671875
vt 0.226562 0.671875
vt 0.242188 0.664062
vt 0.250000 0.664062
vt 0.250000 0.671875
vt 0.242188 0.671875
vt 0.257812 0.664062
vt 0.265625 0.664062
vt 0.265625 0.671875
vt 0.257812 0.671875
vt 0.273438 0.664062
vt 0.281250 0.664062
vt 0.281250 0.671875
vt 0.273438 0.671875
vt 0.289062 0.664062
vt 0.296875 0.664062
vt 0.296875 0.671875
vt 0.289062 0.671875
vt 0.304688 0.664062
vt 0.312500 0.664062
vt 0.312500 0.671875
vt 0.304688 0.671875
vt 0.320312 0.664062
vt 0.328125 0.664062
vt 0.328125 0.671875
vt 0.320312 0.671875
vt 0.335938 0.664062
vt 0.343750 0.664062
vt 0.343750 0.671875
vt 0.335938 0.671875
vt 0.351562 0.664062
vt 0.359375 0.664062
vt 0.359375 0.671875
vt 0.351562 0.671875
vt 0.148438 0.679688
vt 0.140625 0.679688
vt 0.156250 0.679688
vt 0.156250 0.687500
vt 0.148437 0.687500
vt 0.140625 0.687500
vt 0.164062 0.679688
vt 0.171875 0.679688
vt 0.171875 0.687500
vt 0.164063 0.687500
vt 0.179688 0.679688
vt 0.187500 0.679688
vt 0.187500 0.687500
vt 0.179688 0.687500
vt 0.195312 0.679688
vt 0.203125 0.679688
vt 0.203125 0.687500
vt 0.195312 0.687500
vt 0.210938 0.679688
vt 0.218750 0.679688
vt 0.218750 0.687500
vt 0.210938 0.687500
vt 0.226562 0.679688
vt 0.234375 0.679688
vt 0.234375 0.687500
vt 0.226562 0.687500
vt 0.242188 0.679688
vt 0.250000 0.679688
vt 0.250000 0.687500
vt 0.242188 0.687500
vt 0.257812 0.679688
vt 0.265625 0.679688
vt 0.265625 0.687500
vt 0.257812 0.687500
vt 0.273438 0.679688
vt 0.281250 0.679688
vt 0.281250 0.687500
vt 0.273438 0.687500
vt 0.289062 0.679688
vt 0.296875 0.679688
vt 0.296875 0.687500
vt 0.289062 0.687500
vt 0.304688 0.679688
vt 0.312500 0.679688
vt 0.312500 0.687500
vt 0.304688 0.687500
vt 0.320312 0.679688
vt 0.328125 0.679688
vt 0.328125 0.687500
vt 0.320313 0.687500
vt 0.335938 0.679688
vt 0.343750 0.679688
vt 0.343750 0.687500
vt 0.335938 0.687500
vt 0.351562 0.679688
vt 0.359375 0.679688
vt 0.359375 0.687500
vt 0.351562 0.687500
vt 0.148438 0.695312
vt 0.140625 0.695313
vt 0.156250 0.695313
vt 0.156250 0.703125
vt 0.148437 0.703125
vt 0.140625 0.703125
vt 0.164062 0.695312
vt 0.171875 0.695313
vt 0.171875 0.703125
vt 0.164063 0.703125
vt 0.179688 0.695312
vt 0.187500 0.695313
vt 0.187500 0.703125
vt 0.179688 0.703125
vt 0.195312 0.695312
vt 0.203125 0.695313
vt 0.203125 0.703125
vt 0.195312 0.703125
vt 0.210938 0.695312
vt 0.218750 0.695313
vt 0.218750 0.703125
vt 0.210938 0.703125
vt 0.226562 0.695312
vt 0.234375 0.695313
vt 0.234375 0.703125
vt 0.226562 0.703125
vt 0.242188 0.695312
vt 0.250000 0.695313
vt 0.250000 0.703125
vt 0.242188 0.703125
vt 0.257812 0.695312
vt 0.265625 0.695313
vt 0.265625 0.703125
vt 0.257812 0.703125
vt 0.273438 0.695312
vt 0.281250 0.695312
vt 0.281250 0.703125
vt 0.273438 0.703125
vt 0.289062 0.695312
vt 0.296875 0.695313
vt 0.296875 0.703125
vt 0.289062 0.703125
vt 0.304688 0.695312
vt 0.312500 0.695313
vt 0.312500 0.703125
vt 0.304688 0.703125
vt 0.320312 0.695312
vt 0.328125 0.695313
vt 0.328125 0.703125
vt 0.320313 0.703125
vt 0.335938 0.695312
vt 0.343750 0.695312
vt 0.343750 0.703125
vt 0.335938 0.703125
vt 0.351562 0.695312
vt 0.359375 0.695312
vt 0.359375 0.703125
vt 0.351562 0.703125
vt 0.148438 0.710938
vt 0.140625 0.710938
vt 0.156250 0.710938
vt 0.156250 0.718750
vt 0.148437 0.718750
vt 0.140625 0.718750
vt 0.164062 0.710938
vt 0.171875 0.710938
vt 0.171875 0.718750
vt 0.164063 0.718750
vt 0.179688 0.710938
vt 0.187500 0.710938
vt 0.187500 0.718750
vt 0.179688 0.718750
vt 0.195312 0.710938
vt 0.203125 0.710938
vt 0.203125 0.718750
vt 0.195312 0.718750
vt 0.210938 0.710938
vt 0.218750 0.710938
vt 0.218750 0.718750
vt 0.210938 0.718750
vt 0.226562 0.710938
vt 0.234375 0.710938
vt 0.234375 0.718750
vt 0.226562 0.718750
vt 0.242188 0.710938
vt 0.250000 0.710938
vt 0.250000 0.718750
vt 0.242188 0.718750
vt 0.257812 0.710938
vt 0.265625 0.710938
vt 0.265625 0.718750
vt 0.257812 0.718750
vt 0.273438 0.710938
vt 0.281250 0.710938
vt 0.281250 0.718750
vt 0.273438 0.718750
vt 0.289062 0.710938
vt 0.296875 0.710938
vt 0.296875 0.718750
vt 0.289062 0.718750
vt 0.304688 0.710938
vt 0.312500 0.710938
vt 0.312500 0.718750
vt 0.304688 0.718750
vt 0.320312 0.710938
vt 0.328125 0.710938
vt 0.328125 0.718750
vt 0.320313 0.718750
vt 0.335938 0.710938
vt 0.343750 0.710938
vt 0.343750 0.718750
vt 0.335938 0.718750
vt 0.351562 0.710938
vt 0.359375 0.710938
vt 0.359375 0.718750
vt 0.351563 0.718750
vt 0.148438 0.726562
vt 0.140625 0.726562
vt 0.156250 0.726562
vt 0.156250 0.734375
vt 0.148437 0.734375
vt 0.140625 0.734375
vt 0.164062 0.726562
vt 0.171875 0.726562
vt 0.171875 0.734375
vt 0.164063 0.734375
vt 0.179688 0.726562
vt 0.187500 0.726562
vt 0.187500 0.734375
vt 0.179688 0.734375
vt 0.195312 0.726562
vt 0.203125 0.726562
vt 0.203125 0.734375
vt 0.195312 0.734375
vt 0.210938 0.726562
vt 0.218750 0.726562
vt 0.218750 0.734375
vt 0.210938 0.734375
vt 0.226562 0.726562
vt 0.234375 0.726562
vt 0.234375 0.734375
vt 0.226562 0.734375
vt 0.242188 0.726562
vt 0.250000 0.726562
vt 0.250000 0.734375
vt 0.242188 0.734375
vt 0.257812 0.726562
vt 0.265625 0.726562
vt 0.265625 0.734375
vt 0.257812 0.734375
vt 0.273438 0.726562
vt 0.281250 0.726562
vt 0.281250 0.734375
vt 0.273438 0.734375
vt 0.289062 0.726562
vt 0.296875 0.726562
vt 0.296875 0.734375
vt 0.289062 0.734375
vt 0.304688 0.726562
vt 0.312500 0.726562
vt 0.312500 0.734375
vt 0.304687 0.734375
vt 0.320312 0.726562
vt 0.328125 0.726562
vt 0.328125 0.734375
vt 0.320312 0.734375
vt 0.335938 0.726562
vt 0.343750 0.726563
vt 0.343750 0.734375
vt 0.335938 0.734375
vt 0.351562 0.726562
vt 0.359375 0.726562
vt 0.359375 0.734375
vt 0.351562 0.734375
vt 0.125000 0.500000
vt 0.132812 0.500000
vt 0.132812 0.507812
vt 0.125000 0.507812
vt 0.140625 0.500000
vt 0.140625 0.507812
vt 0.132813 0.515625
vt 0.125000 0.515625
vt 0.148438 0.500000
vt 0.148438 0.507812
vt 0.156250 0.500000
vt 0.156250 0.507812
vt 0.164062 0.500000
vt 0.164062 0.507812
vt 0.171875 0.500000
vt 0.171875 0.507812
vt 0.179688 0.500000
vt 0.179688 0.507812
vt 0.187500 0.500000
vt 0.187500 0.507812
vt 0.195312 0.500000
vt 0.195312 0.507812
vt 0.203125 0.500000
vt 0.203125 0.507812
vt 0.210938 0.500000
vt 0.210938 0.507812
vt 0.218750 0.500000
vt 0.218750 0.507812
vt 0.226562 0.500000
vt 0.226562 0.507812
vt 0.234375 0.500000
vt 0.234375 0.507812
vt 0.242188 0.500000
vt 0.242188 0.507812
vt 0.250000 0.500000
vt 0.250000 0.507812
vt 0.257812 0.500000
vt 0.257812 0.507812
vt 0.265625 0.500000
vt 0.265625 0.507812
vt 0.273438 0.500000
vt 0.273438 0.507812
vt 0.281250 0.500000
vt 0.281250 0.507812
vt 0.289062 0.500000
vt 0.289062 0.507812
vt 0.296875 0.500000
vt 0.296875 0.507812
vt 0.304688 0.500000
vt 0.304688 0.507812
vt 0.312500 0.500000
vt 0.312500 0.507812
vt 0.320312 0.500000
vt 0.320312 0.507812
vt 0.328125 0.500000
vt 0.328125 0.507813
vt 0.335938 0.500000
vt 0.335938 0.507812
vt 0.343750 0.500000
vt 0.343750 0.507812
vt 0.351562 0.500000
vt 0.351562 0.507812
vt 0.359375 0.500000
vt 0.359375 0.507812
vt 0.367188 0.500000
vt 0.367188 0.507812
vt 0.367188 0.515625
vt 0.367188 0.523438
vt 0.367188 0.531250
vt 0.367188 0.539062
vt 0.367188 0.546875
vt 0.367188 0.554688
vt 0.367187 0.562500
vt 0.367188 0.570312
vt 0.367187 0.578125
vt 0.367188 0.585938
vt 0.367188 0.593750
vt 0.367188 0.601562
vt 0.367188 0.609375
vt 0.367188 0.617188
vt 0.367188 0.625000
vt 0.367188 0.632812
vt 0.367188 0.640625
vt 0.367188 0.648438
vt 0.367188 0.656250
vt 0.367188 0.664062
vt 0.367188 0.671875
vt 0.367188 0.679688
vt 0.367187 0.687500
vt 0.367188 0.695312
vt 0.367188 0.703125
vt 0.367188 0.710938
vt 0.367188 0.718750
vt 0.367188 0.726562
vt 0.367188 0.734375
vt 0.367188 0.742188
vt 0.359375 0.742188
vt 0.367188 0.750000
vt 0.359375 0.750000
vt 0.351562 0.742188
vt 0.343750 0.742188
vt 0.351562 0.750000
vt 0.343750 0.750000
vt 0.335938 0.742188
vt 0.328125 0.742188
vt 0.335938 0.750000
vt 0.328125 0.750000
vt 0.320312 0.742188
vt 0.312500 0.742188
vt 0.320312 0.750000
vt 0.312500 0.750000
vt 0.304688 0.742187
vt 0.296875 0.742188
vt 0.304688 0.750000
vt 0.296875 0.750000
vt 0.289062 0.742188
vt 0.281250 0.742188
vt 0.289062 0.750000
vt 0.281250 0.750000
vt 0.273438 0.742188
vt 0.265625 0.742188
vt 0.273438 0.750000
vt 0.265625 0.750000
vt 0.257812 0.742188
vt 0.250000 0.742188
vt 0.257812 0.750000
vt 0.250000 0.750000
vt 0.242188 0.742188
vt 0.234375 0.742188
vt 0.242188 0.750000
vt 0.234375 0.750000
vt 0.226562 0.742188
vt 0.218750 0.742188
vt 0.226562 0.750000
vt 0.218750 0.750000
vt 0.210938 0.742188
vt 0.203125 0.742188
vt 0.210938 0.750000
vt 0.203125 0.750000
vt 0.195312 0.742188
vt 0.187500 0.742188
vt 0.195312 0.750000
vt 0.187500 0.750000
vt 0.179688 0.742188
vt 0.171875 0.742188
vt 0.179688 0.750000
vt 0.171875 0.750000
vt 0.164062 0.742188
vt 0.156250 0.742188
vt 0.164062 0.750000
vt 0.156250 0.750000
vt 0.148438 0.742188
vt 0.140625 0.742188
vt 0.148438 0.750000
vt 0.140625 0.750000
vt 0.125000 0.734375
vt 0.132812 0.734375
vt 0.132812 0.742188
vt 0.125000 0.742188
vt 0.132812 0.750000
vt 0.125000 0.750000
vt 0.125000 0.718750
vt 0.132812 0.718750
vt 0.132812 0.726562
vt 0.125000 0.726562
vt 0.125000 0.703125
vt 0.132812 0.703125
vt 0.132812 0.710938
vt 0.125000 0.710938
vt 0.125000 0.687500
vt 0.132812 0.687500
vt 0.132812 0.695312
vt 0.125000 0.695312
vt 0.125000 0.671875
vt 0.132812 0.671875
vt 0.132812 0.679688
vt 0.125000 0.679688
vt 0.125000 0.656250
vt 0.132812 0.656250
vt 0.132812 0.664062
vt 0.125000 0.664062
vt 0.125000 0.640625
vt 0.132812 0.640625
vt 0.132812 0.648438
vt 0.125000 0.648438
vt 0.125000 0.625000
vt 0.132812 0.625000
vt 0.132812 0.632812
vt 0.125000 0.632812
vt 0.125000 0.609375
vt 0.132812 0.609375
vt 0.132812 0.617188
vt 0.125000 0.617188
vt 0.125000 0.593750
vt 0.132812 0.593750
vt 0.132812 0.601562
vt 0.125000 0.601562
vt 0.125000 0.578125
vt 0.132812 0.578125
vt 0.132812 0.585938
vt 0.125000 0.585938
vt 0.125000 0.562500
vt 0.132812 0.562500
vt 0.132812 0.570312
vt 0.125000 0.570312
vt 0.125000 0.546875
vt 0.132812 0.546875
vt 0.132812 0.554688
vt 0.125000 0.554688
vt 0.125000 0.531250
vt 0.132812 0.531250
vt 0.132812 0.539062
vt 0.125000 0.539062
vt 0.132812 0.523438
vt 0.125000 0.523438
vt 0.640625 0.515625
vt 0.648438 0.515625
vt 0.648438 0.523438
vt 0.640625 0.523438
vt 0.656250 0.515625
vt 0.656250 0.523438
vt 0.656250 0.531250
vt 0.648438 0.531250
vt 0.640625 0.531250
vt 0.664062 0.515625
vt 0.664062 0.523438
vt 0.671875 0.515625
vt 0.671875 0.523438
vt 0.671875 0.531250
vt 0.664062 0.531250
vt 0.679688 0.515625
vt 0.679688 0.523438
vt 0.687500 0.515625
vt 0.687500 0.523438
vt 0.687500 0.531250
vt 0.679688 0.531250
vt 0.695313 0.515625
vt 0.695312 0.523438
vt 0.703125 0.515625
vt 0.703125 0.523438
vt 0.703125 0.531250
vt 0.695313 0.531250
vt 0.710938 0.515625
vt 0.710938 0.523438
vt 0.718750 0.515625
vt 0.718750 0.523438
vt 0.718750 0.531250
vt 0.710937 0.531250
vt 0.726562 0.515625
vt 0.726562 0.523438
vt 0.734375 0.515625
vt 0.734375 0.523438
vt 0.734375 0.531250
vt 0.726562 0.531250
vt 0.742188 0.515625
vt 0.742188 0.523438
vt 0.750000 0.515625
vt 0.750000 0.523438
vt 0.750000 0.531250
vt 0.742188 0.531250
vt 0.757813 0.515625
vt 0.757812 0.523438
vt 0.765625 0.515625
vt 0.765625 0.523438
vt 0.765625 0.531250
vt 0.757813 0.531250
vt 0.773438 0.515625
vt 0.773438 0.523438
vt 0.781250 0.515625
vt 0.781250 0.523438
vt 0.781250 0.531250
vt 0.773438 0.531250
vt 0.789062 0.515625
vt 0.789062 0.523438
vt 0.796875 0.515625
vt 0.796875 0.523438
vt 0.796875 0.531250
vt 0.789062 0.531250
vt 0.804688 0.515625
vt 0.804688 0.523438
vt 0.812500 0.515625
vt 0.812500 0.523438
vt 0.812500 0.531250
vt 0.804688 0.531250
vt 0.820312 0.515625
vt 0.820312 0.523438
vt 0.828125 0.515625
vt 0.828125 0.523438
vt 0.828125 0.531250
vt 0.820312 0.531250
vt 0.835938 0.515625
vt 0.835938 0.523438
vt 0.843750 0.515625
vt 0.843750 0.523438
vt 0.843750 0.531250
vt 0.835938 0.531250
vt 0.851563 0.515625
vt 0.851562 0.523438
vt 0.859375 0.515625
vt 0.859375 0.523438
vt 0.859375 0.531250
vt 0.851562 0.531250
vt 0.648438 0.539062
vt 0.640625 0.539062
vt 0.656250 0.539062
vt 0.656250 0.546875
vt 0.648438 0.546875
vt 0.640625 0.546875
vt 0.664062 0.539062
vt 0.671875 0.539062
vt 0.671875 0.546875
vt 0.664062 0.546875
vt 0.679688 0.539062
vt 0.687500 0.539062
vt 0.687500 0.546875
vt 0.679688 0.546875
vt 0.695312 0.539062
vt 0.703125 0.539063
vt 0.703125 0.546875
vt 0.695313 0.546875
vt 0.710938 0.539062
vt 0.718750 0.539062
vt 0.718750 0.546875
vt 0.710938 0.546875
vt 0.726562 0.539062
vt 0.734375 0.539062
vt 0.734375 0.546875
vt 0.726562 0.546875
vt 0.742188 0.539062
vt 0.750000 0.539062
vt 0.750000 0.546875
vt 0.742188 0.546875
vt 0.757812 0.539062
vt 0.765625 0.539062
vt 0.765625 0.546875
vt 0.757813 0.546875
vt 0.773438 0.539062
vt 0.781250 0.539062
vt 0.781250 0.546875
vt 0.773438 0.546875
vt 0.789062 0.539062
vt 0.796875 0.539062
vt 0.796875 0.546875
vt 0.789062 0.546875
vt 0.804688 0.539062
vt 0.812500 0.539062
vt 0.812500 0.546875
vt 0.804688 0.546875
vt 0.820312 0.539062
vt 0.828125 0.539062
vt 0.828125 0.546875
vt 0.820312 0.546875
vt 0.835938 0.539062
vt 0.843750 0.539062
vt 0.843750 0.546875
vt 0.835938 0.546875
vt 0.851562 0.539062
vt 0.859375 0.539062
vt 0.859375 0.546875
vt 0.851563 0.546875
vt 0.648438 0.554688
vt 0.640625 0.554688
vt 0.656250 0.554687
vt 0.656250 0.562500
vt 0.648438 0.562500
vt 0.640625 0.562500
vt 0.664062 0.554688
vt 0.671875 0.554687
vt 0.671875 0.562500
vt 0.664062 0.562500
vt 0.679688 0.554688
vt 0.687500 0.554687
vt 0.687500 0.562500
vt 0.679688 0.562500
vt 0.695312 0.554688
vt 0.703125 0.554688
vt 0.703125 0.562500
vt 0.695312 0.562500
vt 0.710938 0.554688
vt 0.718750 0.554688
vt 0.718750 0.562500
vt 0.710937 0.562500
vt 0.726562 0.554688
vt 0.734375 0.554687
vt 0.734375 0.562500
vt 0.726562 0.562500
vt 0.742188 0.554688
vt 0.750000 0.554687
vt 0.750000 0.562500
vt 0.742188 0.562500
vt 0.757812 0.554688
vt 0.765625 0.554687
vt 0.765625 0.562500
vt 0.757813 0.562500
vt 0.773438 0.554688
vt 0.781250 0.554687
vt 0.781250 0.562500
vt 0.773438 0.562500
vt 0.789062 0.554688
vt 0.796875 0.554687
vt 0.796875 0.562500
vt 0.789062 0.562500
vt 0.804688 0.554688
vt 0.812500 0.554687
vt 0.812500 0.562500
vt 0.804688 0.562500
vt 0.820312 0.554688
vt 0.828125 0.554687
vt 0.828125 0.562500
vt 0.820312 0.562500
vt 0.835938 0.554688
vt 0.843750 0.554688
vt 0.843750 0.562500
vt 0.835938 0.562500
vt 0.851562 0.554688
vt 0.859375 0.554687
vt 0.859375 0.562500
vt 0.851562 0.562500
vt 0.648438 0.570312
vt 0.640625 0.570312
vt 0.656250 0.570312
vt 0.656250 0.578125
vt 0.648438 0.578125
vt 0.640625 0.578125
vt 0.664062 0.570312
vt 0.671875 0.570312
vt 0.671875 0.578125
vt 0.664062 0.578125
vt 0.679688 0.570312
vt 0.687500 0.570312
vt 0.687500 0.578125
vt 0.679688 0.578125
vt 0.695312 0.570312
vt 0.703125 0.570312
vt 0.703125 0.578125
vt 0.695313 0.578125
vt 0.710938 0.570312
vt 0.718750 0.570312
vt 0.718750 0.578125
vt 0.710938 0.578125
vt 0.726562 0.570312
vt 0.734375 0.570312
vt 0.734375 0.578125
vt 0.726562 0.578125
vt 0.742188 0.570312
vt 0.750000 0.570312
vt 0.750000 0.578125
vt 0.742188 0.578125
vt 0.757812 0.570312
vt 0.765625 0.570312
vt 0.765625 0.578125
vt 0.757813 0.578125
vt 0.773438 0.570312
vt 0.781250 0.570312
vt 0.781250 0.578125
vt 0.773438 0.578125
vt 0.789062 0.570312
vt 0.796875 0.570312
vt 0.796875 0.578125
vt 0.789062 0.578125
vt 0.804688 0.570312
vt 0.812500 0.570312
vt 0.812500 0.578125
vt 0.804688 0.578125
vt 0.820312 0.570312
vt 0.828125 0.570312
vt 0.828125 0.578125
vt 0.820312 0.578125
vt 0.835938 0.570312
vt 0.843750 0.570312
vt 0.843750 0.578125
vt 0.835938 0.578125
vt 0.851562 0.570312
vt 0.859375 0.570312
vt 0.859375 0.578125
vt 0.851562 0.578125
vt 0.648437 0.585938
vt 0.640625 0.585938
vt 0.656250 0.585938
vt 0.656250 0.593750
vt 0.648437 0.593750
vt 0.640625 0.593750
vt 0.664062 0.585938
vt 0.671875 0.585938
vt 0.671875 0.593750
vt 0.664062 0.593750
vt 0.679688 0.585938
vt 0.687500 0.585938
vt 0.687500 0.593750
vt 0.679688 0.593750
vt 0.695312 0.585938
vt 0.703125 0.585938
vt 0.703125 0.593750
vt 0.695313 0.593750
vt 0.710938 0.585938
vt 0.718750 0.585938
vt 0.718750 0.593750
vt 0.710938 0.593750
vt 0.726562 0.585938
vt 0.734375 0.585938
vt 0.734375 0.593750
vt 0.726562 0.593750
vt 0.742188 0.585938
vt 0.750000 0.585938
vt 0.750000 0.593750
vt 0.742188 0.593750
vt 0.757812 0.585938
vt 0.765625 0.585938
vt 0.765625 0.593750
vt 0.757813 0.593750
vt 0.773438 0.585938
vt 0.781250 0.585938
vt 0.781250 0.593750
vt 0.773438 0.593750
vt 0.789062 0.585938
vt 0.796875 0.585938
vt 0.796875 0.593750
vt 0.789062 0.593750
vt 0.804688 0.585938
vt 0.812500 0.585938
vt 0.812500 0.593750
vt 0.804688 0.593750
vt 0.820312 0.585938
vt 0.828125 0.585938
vt 0.828125 0.593750
vt 0.820312 0.593750
vt 0.835938 0.585938
vt 0.843750 0.585938
vt 0.843750 0.593750
vt 0.835938 0.593750
vt 0.851562 0.585938
vt 0.859375 0.585938
vt 0.859375 0.593750
vt 0.851563 0.593750
vt 0.648437 0.601562
vt 0.640625 0.601562
vt 0.656250 0.601562
vt 0.656250 0.609375
vt 0.648438 0.609375
vt 0.640625 0.609375
vt 0.664062 0.601562
vt 0.671875 0.601562
vt 0.671875 0.609375
vt 0.664062 0.609375
vt 0.679688 0.601562
vt 0.687500 0.601562
vt 0.687500 0.609375
vt 0.679688 0.609375
vt 0.695312 0.601562
vt 0.703125 0.601563
vt 0.703125 0.609375
vt 0.695312 0.609375
vt 0.710938 0.601562
vt 0.718750 0.601562
vt 0.718750 0.609375
vt 0.710938 0.609375
vt 0.726562 0.601562
vt 0.734375 0.601562
vt 0.734375 0.609375
vt 0.726562 0.609375
vt 0.742188 0.601562
vt 0.750000 0.601562
vt 0.750000 0.609375
vt 0.742188 0.609375
vt 0.757812 0.601562
vt 0.765625 0.601562
vt 0.765625 0.609375
vt 0.757812 0.609375
vt 0.773438 0.601562
vt 0.781250 0.601562
vt 0.781250 0.609375
vt 0.773438 0.609375
vt 0.789062 0.601562
vt 0.796875 0.601562
vt 0.796875 0.609375
vt 0.789062 0.609375
vt 0.804688 0.601562
vt 0.812500 0.601562
vt 0.812500 0.609375
vt 0.804688 0.609375
vt 0.820312 0.601562
vt 0.828125 0.601562
vt 0.828125 0.609375
vt 0.820312 0.609375
vt 0.835938 0.601562
vt 0.843750 0.601562
vt 0.843750 0.609375
vt 0.835938 0.609375
vt 0.851562 0.601562
vt 0.859375 0.601562
vt 0.859375 0.609375
vt 0.851562 0.609375
vt 0.648438 0.617188
vt 0.640625 0.617188
vt 0.656250 0.617188
vt 0.656250 0.625000
vt 0.648438 0.625000
vt 0.640625 0.625000
vt 0.664062 0.617188
vt 0.671875 0.617188
vt 0.671875 0.625000
vt 0.664062 0.625000
vt 0.679688 0.617188
vt 0.687500 0.617188
vt 0.687500 0.625000
vt 0.679688 0.625000
vt 0.695312 0.617188
vt 0.703125 0.617188
vt 0.703125 0.625000
vt 0.695312 0.625000
vt 0.710938 0.617188
vt 0.718750 0.617188
vt 0.718750 0.625000
vt 0.710937 0.625000
vt 0.726562 0.617188
vt 0.734375 0.617188
vt 0.734375 0.625000
vt 0.726562 0.625000
vt 0.742188 0.617188
vt 0.750000 0.617188
vt 0.750000 0.625000
vt 0.742188 0.625000
vt 0.757812 0.617188
vt 0.765625 0.617188
vt 0.765625 0.625000
vt 0.757813 0.625000
vt 0.773438 0.617188
vt 0.781250 0.617188
vt 0.781250 0.625000
vt 0.773438 0.625000
vt 0.789062 0.617188
vt 0.796875 0.617188
vt 0.796875 0.625000
vt 0.789062 0.625000
vt 0.804688 0.617188
vt 0.812500 0.617188
vt 0.812500 0.625000
vt 0.804688 0.625000
vt 0.820312 0.617188
vt 0.828125 0.617188
vt 0.828125 0.625000
vt 0.820312 0.625000
vt 0.835938 0.617188
vt 0.843750 0.617188
vt 0.843750 0.625000
vt 0.835938 0.625000
vt 0.851562 0.617188
vt 0.859375 0.617188
vt 0.859375 0.625000
vt 0.851563 0.625000
vt 0.648438 0.632812
vt 0.640625 0.632812
vt 0.656250 0.632812
vt 0.656250 0.640625
vt 0.648438 0.640625
vt 0.640625 0.640625
vt 0.664062 0.632812
vt 0.671875 0.632812
vt 0.671875 0.640625
vt 0.664062 0.640625
vt 0.679688 0.632812
vt 0.687500 0.632812
vt 0.687500 0.640625
vt 0.679688 0.640625
vt 0.695312 0.632812
vt 0.703125 0.632812
vt 0.703125 0.640625
vt 0.695313 0.640625
vt 0.710938 0.632812
vt 0.718750 0.632812
vt 0.718750 0.640625
vt 0.710938 0.640625
vt 0.726562 0.632812
vt 0.734375 0.632812
vt 0.734375 0.640625
vt 0.726562 0.640625
vt 0.742188 0.632812
vt 0.750000 0.632812
vt 0.750000 0.640625
vt 0.742188 0.640625
vt 0.757812 0.632812
vt 0.765625 0.632812
vt 0.765625 0.640625
vt 0.757813 0.640625
vt 0.773438 0.632812
vt 0.781250 0.632812
vt 0.781250 0.640625
vt 0.773438 0.640625
vt 0.789062 0.632812
vt 0.796875 0.632812
vt 0.796875 0.640625
vt 0.789062 0.640625
vt 0.804688 0.632812
vt 0.812500 0.632812
vt 0.812500 0.640625
vt 0.804688 0.640625
vt 0.820312 0.632812
vt 0.828125 0.632812
vt 0.828125 0.640625
vt 0.820312 0.640625
vt 0.835938 0.632812
vt 0.843750 0.632812
vt 0.843750 0.640625
vt 0.835938 0.640625
vt 0.851562 0.632812
vt 0.859375 0.632812
vt 0.859375 0.640625
vt 0.851562 0.640625
vt 0.648438 0.648438
vt 0.640625 0.648438
vt 0.656250 0.648438
vt 0.656250 0.656250
vt 0.648438 0.656250
vt 0.640625 0.656250
vt 0.664062 0.648438
vt 0.671875 0.648438
vt 0.671875 0.656250
vt 0.664062 0.656250
vt 0.679688 0.648438
vt 0.687500 0.648438
vt 0.687500 0.656250
vt 0.679688 0.656250
vt 0.695312 0.648438
vt 0.703125 0.648438
vt 0.703125 0.656250
vt 0.695312 0.656250
vt 0.710938 0.648438
vt 0.718750 0.648438
vt 0.718750 0.656250
vt 0.710937 0.656250
vt 0.726562 0.648438
vt 0.734375 0.648438
vt 0.734375 0.656250
vt 0.726562 0.656250
vt 0.742188 0.648438
vt 0.750000 0.648438
vt 0.750000 0.656250
vt 0.742188 0.656250
vt 0.757812 0.648438
vt 0.765625 0.648438
vt 0.765625 0.656250
vt 0.757813 0.656250
vt 0.773438 0.648438
vt 0.781250 0.648438
vt 0.781250 0.656250
vt 0.773438 0.656250
vt 0.789062 0.648438
vt 0.796875 0.648438
vt 0.796875 0.656250
vt 0.789062 0.656250
vt 0.804688 0.648438
vt 0.812500 0.648438
vt 0.812500 0.656250
vt 0.804688 0.656250
vt 0.820312 0.648438
vt 0.828125 0.648438
vt 0.828125 0.656250
vt 0.820312 0.656250
vt 0.835938 0.648438
vt 0.843750 0.648438
vt 0.843750 0.656250
vt 0.835938 0.656250
vt 0.851562 0.648438
vt 0.859375 0.648438
vt 0.859375 0.656250
vt 0.851563 0.656250
vt 0.648438 0.664062
vt 0.640625 0.664062
vt 0.656250 0.664062
vt 0.656250 0.671875
vt 0.648438 0.671875
vt 0.640625 0.671875
vt 0.664062 0.664062
vt 0.671875 0.664062
vt 0.671875 0.671875
vt 0.664062 0.671875
vt 0.679688 0.664062
vt 0.687500 0.664062
vt 0.687500 0.671875
vt 0.679688 0.671875
vt 0.695312 0.664062
vt 0.703125 0.664062
vt 0.703125 0.671875
vt 0.695313 0.671875
vt 0.710938 0.664062
vt 0.718750 0.664062
vt 0.718750 0.671875
vt 0.710938 0.671875
vt 0.726562 0.664062
vt 0.734375 0.664062
vt 0.734375 0.671875
vt 0.726562 0.671875
vt 0.742188 0.664062
vt 0.750000 0.664062
vt 0.750000 0.671875
vt 0.742188 0.671875
vt 0.757812 0.664062
vt 0.765625 0.664062
vt 0.765625 0.671875
vt 0.757813 0.671875
vt 0.773438 0.664062
vt 0.781250 0.664062
vt 0.781250 0.671875
vt 0.773438 0.671875
vt 0.789062 0.664062
vt 0.796875 0.664062
vt 0.796875 0.671875
vt 0.789062 0.671875
vt 0.804688 0.664062
vt 0.812500 0.664062
vt 0.812500 0.671875
vt 0.804688 0.671875
vt 0.820312 0.664062
vt 0.828125 0.664062
vt 0.828125 0.671875
vt 0.820312 0.671875
vt 0.835938 0.664062
vt 0.843750 0.664062
vt 0.843750 0.671875
vt 0.835938 0.671875
vt 0.851562 0.664062
vt 0.859375 0.664062
vt 0.859375 0.671875
vt 0.851562 0.671875
vt 0.648438 0.679688
vt 0.640625 0.679688
vt 0.656250 0.679687
vt 0.656250 0.687500
vt 0.648438 0.687500
vt 0.640625 0.687500
vt 0.664062 0.679688
vt 0.671875 0.679688
vt 0.671875 0.687500
vt 0.664062 0.687500
vt 0.679688 0.679688
vt 0.687500 0.679688
vt 0.687500 0.687500
vt 0.679688 0.687500
vt 0.695312 0.679688
vt 0.703125 0.679688
vt 0.703125 0.687500
vt 0.695313 0.687500
vt 0.710938 0.679688
vt 0.718750 0.679688
vt 0.718750 0.687500
vt 0.710938 0.687500
vt 0.726562 0.679688
vt 0.734375 0.679688
vt 0.734375 0.687500
vt 0.726562 0.687500
vt 0.742188 0.679688
vt 0.750000 0.679688
vt 0.750000 0.687500
vt 0.742188 0.687500
vt 0.757812 0.679688
vt 0.765625 0.679688
vt 0.765625 0.687500
vt 0.757812 0.687500
vt 0.773438 0.679688
vt 0.781250 0.679688
vt 0.781250 0.687500
vt 0.773438 0.687500
vt 0.789062 0.679688
vt 0.796875 0.679688
vt 0.796875 0.687500
vt 0.789062 0.687500
vt 0.804688 0.679688
vt 0.812500 0.679688
vt 0.812500 0.687500
vt 0.804688 0.687500
vt 0.820312 0.679688
vt 0.828125 0.679688
vt 0.828125 0.687500
vt 0.820312 0.687500
vt 0.835938 0.679688
vt 0.843750 0.679688
vt 0.843750 0.687500
vt 0.835938 0.687500
vt 0.851562 0.679688
vt 0.859375 0.679688
vt 0.859375 0.687500
vt 0.851562 0.687500
vt 0.648438 0.695312
vt 0.640625 0.695312
vt 0.656250 0.695312
vt 0.656250 0.703125
vt 0.648438 0.703125
vt 0.640625 0.703125
vt 0.664062 0.695312
vt 0.671875 0.695313
vt 0.671875 0.703125
vt 0.664062 0.703125
vt 0.679688 0.695312
vt 0.687500 0.695313
vt 0.687500 0.703125
vt 0.679688 0.703125
vt 0.695312 0.695313
vt 0.703125 0.695313
vt 0.703125 0.703125
vt 0.695312 0.703125
vt 0.710938 0.695312
vt 0.718750 0.695313
vt 0.718750 0.703125
vt 0.710938 0.703125
vt 0.726562 0.695312
vt 0.734375 0.695313
vt 0.734375 0.703125
vt 0.726562 0.703125
vt 0.742188 0.695312
vt 0.750000 0.695313
vt 0.750000 0.703125
vt 0.742188 0.703125
vt 0.757812 0.695312
vt 0.765625 0.695313
vt 0.765625 0.703125
vt 0.757813 0.703125
vt 0.773438 0.695312
vt 0.781250 0.695313
vt 0.781250 0.703125
vt 0.773438 0.703125
vt 0.789062 0.695312
vt 0.796875 0.695313
vt 0.796875 0.703125
vt 0.789062 0.703125
vt 0.804688 0.695312
vt 0.812500 0.695313
vt 0.812500 0.703125
vt 0.804688 0.703125
vt 0.820312 0.695312
vt 0.828125 0.695313
vt 0.828125 0.703125
vt 0.820312 0.703125
vt 0.835938 0.695312
vt 0.843750 0.695313
vt 0.843750 0.703125
vt 0.835938 0.703125
vt 0.851562 0.695312
vt 0.859375 0.695313
vt 0.859375 0.703125
vt 0.851563 0.703125
vt 0.648438 0.710938
vt 0.640625 0.710938
vt 0.656250 0.710938
vt 0.656250 0.718750
vt 0.648438 0.718750
vt 0.640625 0.718750
vt 0.664062 0.710938
vt 0.671875 0.710938
vt 0.671875 0.718750
vt 0.664062 0.718750
vt 0.679688 0.710938
vt 0.687500 0.710938
vt 0.687500 0.718750
vt 0.679688 0.718750
vt 0.695312 0.710938
vt 0.703125 0.710938
vt 0.703125 0.718750
vt 0.695313 0.718750
vt 0.710938 0.710938
vt 0.718750 0.710938
vt 0.718750 0.718750
vt 0.710937 0.718750
vt 0.726562 0.710938
vt 0.734375 0.710938
vt 0.734375 0.718750
vt 0.726562 0.718750
vt 0.742188 0.710938
vt 0.750000 0.710938
vt 0.750000 0.718750
vt 0.742188 0.718750
vt 0.757812 0.710938
vt 0.765625 0.710938
vt 0.765625 0.718750
vt 0.757812 0.718750
vt 0.773438 0.710938
vt 0.781250 0.710938
vt 0.781250 0.718750
vt 0.773438 0.718750
vt 0.789062 0.710938
vt 0.796875 0.710938
vt 0.796875 0.718750
vt 0.789062 0.718750
vt 0.804688 0.710938
vt 0.812500 0.710938
vt 0.812500 0.718750
vt 0.804688 0.718750
vt 0.820312 0.710938
vt 0.828125 0.710938
vt 0.828125 0.718750
vt 0.820312 0.718750
vt 0.835938 0.710938
vt 0.843750 0.710938
vt 0.843750 0.718750
vt 0.835938 0.718750
vt 0.851562 0.710938
vt 0.859375 0.710938
vt 0.859375 0.718750
vt 0.851562 0.718750
vt 0.648438 0.726562
vt 0.640625 0.726562
vt 0.656250 0.726563
vt 0.656250 0.734375
vt 0.648438 0.734375
vt 0.640625 0.734375
vt 0.664062 0.726562
vt 0.671875 0.726562
vt 0.671875 0.734375
vt 0.664062 0.734375
vt 0.679688 0.726562
vt 0.687500 0.726562
vt 0.687500 0.734375
vt 0.679688 0.734375
vt 0.695312 0.726562
vt 0.703125 0.726562
vt 0.703125 0.734375
vt 0.695313 0.734375
vt 0.710938 0.726562
vt 0.718750 0.726562
vt 0.718750 0.734375
vt 0.710938 0.734375
vt 0.726562 0.726562
vt 0.734375 0.726562
vt 0.734375 0.734375
vt 0.726562 0.734375
vt 0.742188 0.726562
vt 0.750000 0.726562
vt 0.750000 0.734375
vt 0.742188 0.734375
vt 0.757812 0.726562
vt 0.765625 0.726562
vt 0.765625 0.734375
vt 0.757813 0.734375
vt 0.773438 0.726562
vt 0.781250 0.726562
vt 0.781250 0.734375
vt 0.773438 0.734375
vt 0.789062 0.726562
vt 0.796875 0.726562
vt 0.796875 0.734375
vt 0.789062 0.734375
vt 0.804688 0.726562
vt 0.812500 0.726562
vt 0.812500 0.734375
vt 0.804688 0.734375
vt 0.820312 0.726562
vt 0.828125 0.726562
vt 0.828125 0.734375
vt 0.820312 0.734375
vt 0.835938 0.726562
vt 0.843750 0.726562
vt 0.843750 0.734375
vt 0.835938 0.734375
vt 0.851562 0.726562
vt 0.859375 0.726562
vt 0.859375 0.734375
vt 0.851563 0.734375
vt 0.632812 0.500000
vt 0.632812 0.507812
vt 0.640625 0.500000
vt 0.640625 0.507812
vt 0.632812 0.515625
vt 0.648438 0.500000
vt 0.648438 0.507812
vt 0.656250 0.500000
vt 0.656250 0.507812
vt 0.664062 0.500000
vt 0.664062 0.507812
vt 0.671875 0.500000
vt 0.671875 0.507812
vt 0.679688 0.500000
vt 0.679688 0.507812
vt 0.687500 0.500000
vt 0.687500 0.507812
vt 0.695312 0.500000
vt 0.695312 0.507812
vt 0.703125 0.500000
vt 0.703125 0.507813
vt 0.710938 0.500000
vt 0.710938 0.507812
vt 0.718750 0.500000
vt 0.718750 0.507812
vt 0.726562 0.500000
vt 0.726562 0.507812
vt 0.734375 0.500000
vt 0.734375 0.507812
vt 0.742188 0.500000
vt 0.742188 0.507812
vt 0.750000 0.500000
vt 0.750000 0.507812
vt 0.757812 0.500000
vt 0.757812 0.507812
vt 0.765625 0.500000
vt 0.765625 0.507812
vt 0.773438 0.500000
vt 0.773438 0.507812
vt 0.781250 0.500000
vt 0.781250 0.507812
vt 0.789062 0.500000
vt 0.789062 0.507812
vt 0.796875 0.500000
vt 0.796875 0.507812
vt 0.804688 0.500000
vt 0.804688 0.507812
vt 0.812500 0.500000
vt 0.812500 0.507812
vt 0.820312 0.500000
vt 0.820312 0.507812
vt 0.828125 0.500000
vt 0.828125 0.507812
vt 0.835938 0.500000
vt 0.835938 0.507812
vt 0.843750 0.500000
vt 0.843750 0.507813
vt 0.851562 0.500000
vt 0.851562 0.507812
vt 0.859375 0.500000
vt 0.859375 0.507812
vt 0.867188 0.500000
vt 0.867188 0.507812
vt 0.875000 0.500000
vt 0.875000 0.507812
vt 0.875000 0.515625
vt 0.867188 0.515625
vt 0.867188 0.523438
vt 0.875000 0.523438
vt 0.875000 0.531250
vt 0.867188 0.531250
vt 0.867188 0.539062
vt 0.875000 0.539062
vt 0.875000 0.546875
vt 0.867188 0.546875
vt 0.867188 0.554688
vt 0.875000 0.554688
vt 0.875000 0.562500
vt 0.867188 0.562500
vt 0.867188 0.570312
vt 0.875000 0.570312
vt 0.875000 0.578125
vt 0.867188 0.578125
vt 0.867188 0.585938
vt 0.875000 0.585938
vt 0.875000 0.593750
vt 0.867188 0.593750
vt 0.867188 0.601562
vt 0.875000 0.601562
vt 0.875000 0.609375
vt 0.867188 0.609375
vt 0.867188 0.617188
vt 0.875000 0.617188
vt 0.875000 0.625000
vt 0.867188 0.625000
vt 0.867188 0.632812
vt 0.875000 0.632812
vt 0.875000 0.640625
vt 0.867188 0.640625
vt 0.867188 0.648438
vt 0.875000 0.648438
vt 0.875000 0.656250
vt 0.867188 0.656250
vt 0.867188 0.664062
vt 0.875000 0.664062
vt 0.875000 0.671875
vt 0.867188 0.671875
vt 0.867188 0.679688
vt 0.875000 0.679688
vt 0.875000 0.687500
vt 0.867188 0.687500
vt 0.867188 0.695312
vt 0.875000 0.695312
vt 0.875000 0.703125
vt 0.867188 0.703125
vt 0.867188 0.710938
vt 0.875000 0.710938
vt 0.875000 0.718750
vt 0.867188 0.718750
vt 0.867188 0.726562
vt 0.875000 0.726562
vt 0.875000 0.734375
vt 0.867188 0.734375
vt 0.867188 0.742188
vt 0.859375 0.742188
vt 0.875000 0.742188
vt 0.875000 0.750000
vt 0.867188 0.750000
vt 0.859375 0.750000
vt 0.851562 0.742188
vt 0.843750 0.742188
vt 0.851562 0.750000
vt 0.843750 0.750000
vt 0.835938 0.742188
vt 0.828125 0.742188
vt 0.835938 0.750000
vt 0.828125 0.750000
vt 0.820312 0.742188
vt 0.812500 0.742188
vt 0.820312 0.750000
vt 0.812500 0.750000
vt 0.804688 0.742188
vt 0.796875 0.742188
vt 0.804688 0.750000
vt 0.796875 0.750000
vt 0.789062 0.742188
vt 0.781250 0.742188
vt 0.789062 0.750000
vt 0.781250 0.750000
vt 0.773438 0.742188
vt 0.765625 0.742188
vt 0.773438 0.750000
vt 0.765625 0.750000
vt 0.757812 0.742188
vt 0.750000 0.742188
vt 0.757812 0.750000
vt 0.750000 0.750000
vt 0.742188 0.742188
vt 0.734375 0.742188
vt 0.742188 0.750000
vt 0.734375 0.750000
vt 0.726562 0.742188
vt 0.718750 0.742188
vt 0.726562 0.750000
vt 0.718750 0.750000
vt 0.710938 0.742188
vt 0.703125 0.742188
vt 0.710938 0.750000
vt 0.703125 0.750000
vt 0.695312 0.742188
vt 0.687500 0.742188
vt 0.695312 0.750000
vt 0.687500 0.750000
vt 0.679688 0.742188
vt 0.671875 0.742188
vt 0.679688 0.750000
vt 0.671875 0.750000
vt 0.664062 0.742188
vt 0.656250 0.742188
vt 0.664062 0.750000
vt 0.656250 0.750000
vt 0.648438 0.742188
vt 0.640625 0.742188
vt 0.648438 0.750000
vt 0.640625 0.750000
vt 0.632812 0.734375
vt 0.632812 0.742188
vt 0.632812 0.750000
vt 0.632812 0.718750
vt 0.632812 0.726562
vt 0.632812 0.703125
vt 0.632812 0.710938
vt 0.632812 0.687500
vt 0.632812 0.695312
vt 0.632812 0.671875
vt 0.632812 0.679688
vt 0.632812 0.656250
vt 0.632812 0.664062
vt 0.632812 0.640625
vt 0.632812 0.648438
vt 0.632812 0.625000
vt 0.632812 0.632812
vt 0.632812 0.609375
vt 0.632812 0.617188
vt 0.632812 0.593750
vt 0.632812 0.601562
vt 0.632812 0.578125
vt 0.632812 0.585938
vt 0.632812 0.562500
vt 0.632812 0.570312
vt 0.632812 0.546875
vt 0.632812 0.554688
vt 0.632812 0.531250
vt 0.632812 0.539062
vt 0.632812 0.523438
s 1
usemtl Rock_Material
f 189/1/1 1731/2/2 4611/3/3 1745/4/4
f 1731/2/2 190/5/5 1746/6/6 4611/3/3
f 4611/3/3 1746/6/6 205/7/7 1760/8/8
f 1745/4/4 4611/3/3 1760/8/8 204/9/9
f 190/5/5 1732/10/10 4612/11/11 1746/6/6
f 1732/10/10 191/12/12 1747/13/13 4612/11/11
f 4612/11/11 1747/13/13 206/14/14 1761/15/15
f 1746/6/6 4612/11/11 1761/15/15 205/7/7
f 191/12/12 1733/16/16 4613/17/17 1747/13/13
f 1733/16/16 192/18/18 1748/19/19 4613/17/17
f 4613/17/17 1748/19/19 207/20/20 1762/21/21
f 1747/13/13 4613/17/17 1762/21/21 206/14/14
f 192/18/18 1734/22/22 4614/23/23 1748/19/19
f 1734/22/22 193/24/24 1749/25/25 4614/23/23
f 4614/23/23 1749/25/25 208/26/26 1763/27/27
f 1748/19/19 4614/23/23 1763/27/27 207/20/20
f 193/24/24 1735/28/28 4615/29/29 1749/25/25
f 1735/28/28 194/30/30 1750/31/31 4615/29/29
f 4615/29/29 1750/31/31 209/32/32 1764/33/33
f 1749/25/25 4615/29/29 1764/33/33 208/26/26
f 194/30/30 1736/34/34 4616/35/35 1750/31/31
f 1736/34/34 195/36/36 1751/37/37 4616/35/35
f 4616/35/35 1751/37/37 210/38/38 1765/39/39
f 1750/31/31 4616/35/35 1765/39/39 209/32/32
f 195/36/36 1737/40/40 4617/41/41 1751/37/37
f 1737/40/40 196/42/42 1752/43/43 4617/41/41
f 4617/41/41 1752/43/43 211/44/44 1766/45/45
f 1751/37/37 4617/41/41 1766/45/45 210/38/38
f 196/42/42 1738/46/46 4618/47/47 1752/43/43
f 1738/46/46 197/48/48 1753/49/49 4618/47/47
f 4618/47/47 1753/49/49 212/50/50 1767/51/51
f 1752/43/43 4618/47/47 1767/51/51 211/44/44
f 197/48/48 1739/52/52 4619/53/53 1753/49/49
f 1739/52/52 198/54/54 1754/55/55 4619/53/53
f 4619/53/53 1754/55/55 213/56/56 1768/57/57
f 1753/49/49 4619/53/53 1768/57/57 212/50/50
f 198/54/54 1740/58/58 4620/59/59 1754/55/55
f 1740/58/58 199/60/60 1755/61/61 4620/59/59
f 4620/59/59 1755/61/61 214/62/62 1769/63/63
f 1754/55/55 4620/59/59 1769/63/63 213/56/56
f 199/60/60 1741/64/64 4621/65/65 1755/61/61
f 1741/64/64 200/66/66 1756/67/67 4621/65/65
f 4621/65/65 1756/67/67 215/68/68 1770/69/69
f 1755/61/61 4621/65/65 1770/69/69 214/62/62
f 200/66/66 1742/70/70 4622/71/71 1756/67/67
f 1742/70/70 201/72/72 1757/73/73 4622/71/71
f 4622/71/71 1757/73/73 216/74/74 1771/75/75
f 1756/67/67 4622/71/71 1771/75/75 215/68/68
f 201/72/72 1743/76/76 4623/77/77 1757/73/73
f 1743/76/76 202/78/78 1758/79/79 4623/77/77
f 4623/77/77 1758/79/79 217/80/80 1772/81/81
f 1757/73/73 4623/77/77 1772/81/81 216/74/74
f 202/78/78 1744/82/82 4624/83/83 1758/79/79
f 1744/82/82 203/84/84 1759/85/85 4624/83/83
f 4624/83/83 1759/85/85 218/86/86 1773/87/87
f 1758/79/79 4624/83/83 1773/87/87 217/80/80
f 204/9/9 1760/8/8 4625/88/88 1774/89/89
f 1760/8/8 205/7/7 1775/90/90 4625/88/88
f 4625/88/88 1775/90/90 220/91/91 1789/92/92
f 1774/89/89 4625/88/88 1789/92/92 219/93/93
f 205/7/7 1761/15/15 4626/94/94 1775/90/90
f 1761/15/15 206/14/14 1776/95/95 4626/94/94
f 4626/94/94 1776/95/95 221/96/96 1790/97/97
f 1775/90/90 4626/94/94 1790/97/97 220/91/91
f 206/14/14 1762/21/21 4627/98/98 1776/95/95
f 1762/21/21 207/20/20 1777/99/99 4627/98/98
f 4627/98/98 1777/99/99 222/100/100 1791/101/101
f 1776/95/95 4627/98/98 1791/101/101 221/96/96
f 207/20/20 1763/27/27 4628/102/102 1777/99/99
f 1763/27/27 208/26/26 1778/103/103 4628/102/102
f 4628/102/102 1778/103/103 223/104/104 1792/105/105
f 1777/99/99 4628/102/102 1792/105/105 222/100/100
f 208/26/26 1764/33/33 4629/106/106 1778/103/103
f 1764/33/33 209/32/32 1779/107/107 4629/106/106
f 4629/106/106 1779/107/107 224/108/108 1793/109/109
f 1778/103/103 4629/106/106 1793/109/109 223/104/104
f 209/32/32 1765/39/39 4630/110/110 1779/107/107
f 1765/39/39 210/38/38 1780/111/111 4630/110/110
f 4630/110/110 1780/111/111 225/112/112 1794/113/113
f 1779/107/107 4630/110/110 1794/113/113 224/108/108
f 210/38/38 1766/45/45 4631/114/114 1780/111/111
f 1766/45/45 211/44/44 1781/115/115 4631/114/114
f 4631/114/114 1781/115/115 226/116/116 1795/117/117
f 1780/111/111 4631/114/114 1795/117/117 225/112/112
f 211/44/44 1767/51/51 4632/118/118 1781/115/115
f 1767/51/51 212/50/50 1782/119/119 4632/118/118
f 4632/118/118 1782/119/119 227/120/120 1796/121/121
f 1781/115/115 4632/118/118 1796/121/121 226/116/116
f 212/50/50 1768/57/57 4633/122/122 1782/119/119
f 1768/57/57 213/56/56 1783/123/123 4633/122/122
f 4633/122/122 1783/123/123 228/124/124 1797/125/125
f 1782/119/119 4633/122/122 1797/125/125 227/120/120
f 213/56/56 1769/63/63 4634/126/126 1783/123/123
f 1769/63/63 214/62/62 1784/127/127 4634/126/126
f 4634/126/126 1784/127/127 229/128/128 1798/129/129
f 1783/123/123 4634/126/126 1798/129/129 228/124/124
f 214/62/62 1770/69/69 4635/130/130 1784/127/127
f 1770/69/69 215/68/68 1785/131/131 4635/130/130
f 4635/130/130 1785/131/131 230/132/132 1799/133/133
f 1784/127/127 4635/130/130 1799/133/133 229/128/128
f 215/68/68 1771/75/75 4636/134/134 1785/131/131
f 1771/75/75 216/74/74 1786/135/135 4636/134/134
f 4636/134/134 1786/135/135 231/136/136 1800/137/137
f 1785/131/131 4636/134/134 1800/137/137 230/132/132
f 216/74/74 1772/81/81 4637/138/138 1786/135/135
f 1772/81/81 217/80/80 1787/139/139 4637/138/138
f 4637/138/138 1787/139/139 232/140/140 1801/141/141
f 1786/135/135 4637/138/138 1801/141/141 231/136/136
f 217/80/80 1773/87/87 4638/142/142 1787/139/139
f 1773/87/87 218/86/86 1788/143/143 4638/142/142
f 4638/142/142 1788/143/143 233/144/144 1802/145/145
f 1787/139/139 4638/142/142 1802/145/145 232/140/140
f 219/93/93 1789/92/92 4639/146/146 1803/147/147
f 1789/92/92 220/91/91 1804/148/148 4639/146/146
f 4639/146/146 1804/148/148 235/149/149 1818/150/150
f 1803/147/147 4639/146/146 1818/150/150 234/151/151
f 220/91/91 1790/97/97 4640/152/152 1804/148/148
f 1790/97/97 221/96/96 1805/153/153 4640/152/152
f 4640/152/152 1805/153/153 236/154/154 1819/155/155
f 1804/148/148 4640/152/152 1819/155/155 235/149/149
f 221/96/96 1791/101/101 4641/156/156 1805/153/153
f 1791/101/101 222/100/100 1806/157/157 4641/156/156
f 4641/156/156 1806/157/157 237/158/158 1820/159/159
f 1805/153/153 4641/156/156 1820/159/159 236/154/154
f 222/100/100 1792/105/105 4642/160/160 1806/157/157
f 1792/105/105 223/104/104 1807/161/161 4642/160/160
f 4642/160/160 1807/161/161 238/162/162 1821/163/163
f 1806/157/157 4642/160/160 1821/163/163 237/158/158
f 223/104/104 1793/109/109 4643/164/164 1807/161/161
f 1793/109/109 224/108/108 1808/165/165 4643/164/164
f 4643/164/164 1808/165/165 239/166/166 1822/167/167
f 1807/161/161 4643/164/164 1822/167/167 238/162/162
f 224/108/108 1794/113/113 4644/168/168 1808/165/165
f 1794/113/113 225/112/112 1809/169/169 4644/168/168
f 4644/168/168 1809/169/169 240/170/170 1823/171/171
f 1808/165/165 4644/168/168 1823/171/171 239/166/166
f 225/112/112 1795/117/117 4645/172/172 1809/169/169
f 1795/117/117 226/116/116 1810/173/173 4645/172/172
f 4645/172/172 1810/173/173 241/174/174 1824/175/175
f 1809/169/169 4645/172/172 1824/175/175 240/170/170
f 226/116/116 1796/121/121 4646/176/176 1810/173/173
f 1796/121/121 227/120/120 1811/177/177 4646/176/176
f 4646/176/176 1811/177/177 242/178/178 1825/179/179
f 1810/173/173 4646/176/176 1825/179/179 241/174/174
f 227/120/120 1797/125/125 4647/180/180 1811/177/177
f 1797/125/125 228/124/124 1812/181/181 4647/180/180
f 4647/180/180 1812/181/181 243/182/182 1826/183/183
f 1811/177/177 4647/180/180 1826/183/183 242/178/178
f 228/124/124 1798/129/129 4648/184/184 1812/181/181
f 1798/129/129 229/128/128 1813/185/185 4648/184/184
f 4648/184/184 1813/185/185 244/186/186 1827/187/187
f 1812/181/181 4648/184/184 1827/187/187 243/182/182
f 229/128/128 1799/133/133 4649/188/188 1813/185/185
f 1799/133/133 230/132/132 1814/189/189 4649/188/188
f 4649/188/188 1814/189/189 245/190/190 1828/191/191
f 1813/185/185 4649/188/188 1828/191/191 244/186/186
f 230/132/132 1800/137/137 4650/192/192 1814/189/189
f 1800/137/137 231/136/136 1815/193/193 4650/192/192
f 4650/192/192 1815/193/193 246/194/194 1829/195/195
f 1814/189/189 4650/192/192 1829/195/195 245/190/190
f 231/136/136 1801/141/141 4651/196/196 1815/193/193
f 1801/141/141 232/140/140 1816/197/197 4651/196/196
f 4651/196/196 1816/197/197 247/198/198 1830/199/199
f 1815/193/193 4651/196/196 1830/199/199 246/194/194
f 232/140/140 1802/145/145 4652/200/200 1816/197/197
f 1802/145/145 233/144/144 1817/201/201 4652/200/200
f 4652/200/200 1817/201/201 248/202/202 1831/203/203
f 1816/197/197 4652/200/200 1831/203/203 247/198/198
f 234/151/151 1818/150/150 4653/204/204 1832/205/205
f 1818/150/150 235/149/149 1833/206/206 4653/204/204
f 4653/204/204 1833/206/206 250/207/207 1847/208/208
f 1832/205/205 4653/204/204 1847/208/208 249/209/209
f 235/149/149 1819/155/155 4654/210/210 1833/206/206
f 1819/155/155 236/154/154 1834/211/211 4654/210/210
f 4654/210/210 1834/211/211 251/212/212 1848/213/213
f 1833/206/206 4654/210/210 1848/213/213 250/207/207
f 236/154/154 1820/159/159 4655/214/214 1834/211/211
f 1820/159/159 237/158/158 1835/215/215 4655/214/214
f 4655/214/214 1835/215/215 252/216/216 1849/217/217
f 1834/211/211 4655/214/214 1849/217/217 251/212/212
f 237/158/158 1821/163/163 4656/218/218 1835/215/215
f 1821/163/163 238/162/162 1836/219/219 4656/218/218
f 4656/218/218 1836/219/219 253/220/220 1850/221/221
f 1835/215/215 4656/218/218 1850/221/221 252/216/216
f 238/162/162 1822/167/167 4657/222/222 1836/219/219
f 1822/167/167 239/166/166 1837/223/223 4657/222/222
f 4657/222/222 1837/223/223 254/224/224 1851/225/225
f 1836/219/219 4657/222/222 1851/225/225 253/220/220
f 239/166/166 1823/171/171 4658/226/226 1837/223/223
f 1823/171/171 240/170/170 1838/227/227 4658/226/226
f 4658/226/226 1838/227/227 255/228/228 1852/229/229
f 1837/223/223 4658/226/226 1852/229/229 254/224/224
f 240/170/170 1824/175/175 4659/230/230 1838/227/227
f 1824/175/175 241/174/174 1839/231/231 4659/230/230
f 4659/230/230 1839/231/231 256/232/232 1853/233/233
f 1838/227/227 4659/230/230 1853/233/233 255/228/228
f 241/174/174 1825/179/179 4660/234/234 1839/231/231
f 1825/179/179 242/178/178 1840/235/235 4660/234/234
f 4660/234/234 1840/235/235 257/236/236 1854/237/237
f 1839/231/231 4660/234/234 1854/237/237 256/232/232
f 242/178/178 1826/183/183 4661/238/238 1840/235/235
f 1826/183/183 243/182/182 1841/239/239 4661/238/238
f 4661/238/238 1841/239/239 258/240/240 1855/241/241
f 1840/235/235 4661/238/238 1855/241/241 257/236/236
f 243/182/182 1827/187/187 4662/242/242 1841/239/239
f 1827/187/187 244/186/186 1842/243/243 4662/242/242
f 4662/242/242 1842/243/243 259/244/244 1856/245/245
f 1841/239/239 4662/242/242 1856/245/245 258/240/240
f 244/186/186 1828/191/191 4663/246/246 1842/243/243
f 1828/191/191 245/190/190 1843/247/247 4663/246/246
f 4663/246/246 1843/247/247 260/248/248 1857/249/249
f 1842/243/243 4663/246/246 1857/249/249 259/244/244
f 245/190/190 1829/195/195 4664/250/250 1843/247/247
f 1829/195/195 246/194/194 1844/251/251 4664/250/250
f 4664/250/250 1844/251/251 261/252/252 1858/253/253
f 1843/247/247 4664/250/250 1858/253/253 260/248/248
f 246/194/194 1830/199/199 4665/254/254 1844/251/251
f 1830/199/199 247/198/198 1845/255/255 4665/254/254
f 4665/254/254 1845/255/255 262/256/256 1859/257/257
f 1844/251/251 4665/254/254 1859/257/257 261/252/252
f 247/198/198 1831/203/203 4666/258/258 1845/255/255
f 1831/203/203 248/202/202 1846/259/259 4666/258/258
f 4666/258/258 1846/259/259 263/260/260 1860/261/261
f 1845/255/255 4666/258/258 1860/261/261 262/256/256
f 249/209/209 1847/208/208 4667/262/262 1861/263/263
f 1847/208/208 250/207/207 1862/264/264 4667/262/262
f 4667/262/262 1862/264/264 265/265/265 1876/266/266
f 1861/263/263 4667/262/262 1876/266/266 264/267/267
f 250/207/207 1848/213/213 4668/268/268 1862/264/264
f 1848/213/213 251/212/212 1863/269/269 4668/268/268
f 4668/268/268 1863/269/269 266/270/270 1877/271/271
f 1862/264/264 4668/268/268 1877/271/271 265/265/265
f 251/212/212 1849/217/217 4669/272/272 1863/269/269
f 1849/217/217 252/216/216 1864/273/273 4669/272/272
f 4669/272/272 1864/273/273 267/274/274 1878/275/275
f 1863/269/269 4669/272/272 1878/275/275 266/270/270
f 252/216/216 1850/221/221 4670/276/276 1864/273/273
f 1850/221/221 253/220/220 1865/277/277 4670/276/276
f 4670/276/276 1865/277/277 268/278/278 1879/279/279
f 1864/273/273 4670/276/276 1879/279/279 267/274/274
f 253/220/220 1851/225/225 4671/280/280 1865/277/277
f 1851/225/225 254/224/224 1866/281/281 4671/280/280
f 4671/280/280 1866/281/281 269/282/282 1880/283/283
f 1865/277/277 4671/280/280 1880/283/283 268/278/278
f 254/224/224 1852/229/229 4672/284/284 1866/281/281
f 1852/229/229 255/228/228 1867/285/285 4672/284/284
f 4672/284/284 1867/285/285 270/286/286 1881/287/287
f 1866/281/281 4672/284/284 1881/287/287 269/282/282
f 255/228/228 1853/233/233 4673/288/288 1867/285/285
f 1853/233/233 256/232/232 1868/289/289 4673/288/288
f 4673/288/288 1868/289/289 271/290/290 1882/291/291
f 1867/285/285 4673/288/288 1882/291/291 270/286/286
f 256/232/232 1854/237/237 4674/292/292 1868/289/289
f 1854/237/237 257/236/236 1869/293/293 4674/292/292
f 4674/292/292 1869/293/293 272/294/294 1883/295/295
f 1868/289/289 4674/292/292 1883/295/295 271/290/290
f 257/236/236 1855/241/241 4675/296/296 1869/293/293
f 1855/241/241 258/240/240 1870/297/297 4675/296/296
f 4675/296/296 1870/297/297 273/298/298 1884/299/299
f 1869/293/293 4675/296/296 1884/299/299 272/294/294
f 258/240/240 1856/245/245 4676/300/300 1870/297/297
f 1856/245/245 259/244/244 1871/301/301 4676/300/300
f 4676/300/300 1871/301/301 274/302/302 1885/303/303
f 1870/297/297 4676/300/300 1885/303/303 273/298/298
f 259/244/244 1857/249/249 4677/304/304 1871/301/301
f 1857/249/249 260/248/248 1872/305/305 4677/304/304
f 4677/304/304 1872/305/305 275/306/306 1886/307/307
f 1871/301/301 4677/304/304 1886/307/307 274/302/302
f 260/248/248 1858/253/253 4678/308/308 1872/305/305
f 1858/253/253 261/252/252 1873/309/309 4678/308/308
f 4678/308/308 1873/309/309 276/310/310 1887/311/311
f 1872/305/305 4678/308/308 1887/311/311 275/306/306
f 261/252/252 1859/257/257 4679/312/312 1873/309/309
f 1859/257/257 262/256/256 1874/313/313 4679/312/312
f 4679/312/312 1874/313/313 277/314/314 1888/315/315
f 1873/309/309 4679/312/312 1888/315/315 276/310/310
f 262/256/256 1860/261/261 4680/316/316 1874/313/313
f 1860/261/261 263/260/260 1875/317/317 4680/316/316
f 4680/316/316 1875/317/317 278/318/318 1889/319/319
f 1874/313/313 4680/316/316 1889/319/319 277/314/314
f 264/267/267 1876/266/266 4681/320/320 1890/321/321
f 1876/266/266 265/265/265 1891/322/322 4681/320/320
f 4681/320/320 1891/322/322 280/323/323 1905/324/324
f 1890/321/321 4681/320/320 1905/324/324 279/325/325
f 265/265/265 1877/271/271 4682/326/326 1891/322/322
f 1877/271/271 266/270/270 1892/327/327 4682/326/326
f 4682/326/326 1892/327/327 281/328/328 1906/329/329
f 1891/322/322 4682/326/326 1906/329/329 280/323/323
f 266/270/270 1878/275/275 4683/330/330 1892/327/327
f 1878/275/275 267/274/274 1893/331/331 4683/330/330
f 4683/330/330 1893/331/331 282/332/332 1907/333/333
f 1892/327/327 4683/330/330 1907/333/333 281/328/328
f 267/274/274 1879/279/279 4684/334/334 1893/331/331
f 1879/279/279 268/278/278 1894/335/335 4684/334/334
f 4684/334/334 1894/335/335 283/336/336 1908/337/337
f 1893/331/331 4684/334/334 1908/337/337 282/332/332
f 268/278/278 1880/283/283 4685/338/338 1894/335/335
f 1880/283/283 269/282/282 1895/339/339 4685/338/338
f 4685/338/338 1895/339/339 284/340/340 1909/341/341
f 1894/335/335 4685/338/338 1909/341/341 283/336/336
f 269/282/282 1881/287/287 4686/342/342 1895/339/339
f 1881/287/287 270/286/286 1896/343/343 4686/342/342
f 4686/342/342 1896/343/343 285/344/344 1910/345/345
f 1895/339/339 4686/342/342 1910/345/345 284/340/340
f 270/286/286 1882/291/291 4687/346/346 1896/343/343
f 1882/291/291 271/290/290 1897/347/347 4687/346/346
f 4687/346/346 1897/347/347 286/348/348 1911/349/349
f 1896/343/343 4687/346/346 1911/349/349 285/344/344
f 271/290/290 1883/295/295 4688/350/350 1897/347/347
f 1883/295/295 272/294/294 1898/351/351 4688/350/350
f 4688/350/350 1898/351/351 287/352/352 1912/353/353
f 1897/347/347 4688/350/350 1912/353/353 286/348/348
f 272/294/294 1884/299/299 4689/354/354 1898/351/351
f 1884/299/299 273/298/298 1899/355/355 4689/354/354
f 4689/354/354 1899/355/355 288/356/356 1913/357/357
f 1898/351/351 4689/354/354 1913/357/357 287/352/352
f 273/298/298 1885/303/303 4690/358/358 1899/355/355
f 1885/303/303 274/302/302 1900/359/359 4690/358/358
f 4690/358/358 1900/359/359 289/360/360 1914/361/361
f 1899/355/355 4690/358/358 1914/361/361 288/356/356
f 274/302/302 1886/307/307 4691/362/362 1900/359/359
f 1886/307/307 275/306/306 1901/363/363 4691/362/362
f 4691/362/362 1901/363/363 290/364/364 1915/365/365
f 1900/359/359 4691/362/362 1915/365/365 289/360/360
f 275/306/306 1887/311/311 4692/366/366 1901/363/363
f 1887/311/311 276/310/310 1902/367/367 4692/366/366
f 4692/366/366 1902/367/367 291/368/368 1916/369/369
f 1901/363/363 4692/366/366 1916/369/369 290/364/364
f 276/310/310 1888/315/315 4693/370/370 1902/367/367
f 1888/315/315 277/314/314 1903/371/371 4693/370/370
f 4693/370/370 1903/371/371 292/372/372 1917/373/373
f 1902/367/367 4693/370/370 1917/373/373 291/368/368
f 277/314/314 1889/319/319 4694/374/374 1903/371/371
f 1889/319/319 278/318/318 1904/375/375 4694/374/374
f 4694/374/374 1904/375/375 293/376/376 1918/377/377
f 1903/371/371 4694/374/374 1918/377/377 292/372/372
f 279/325/325 1905/324/324 4695/378/378 1919/379/379
f 1905/324/324 280/323/323 1920/380/380 4695/378/378
f 4695/378/378 1920/380/380 295/381/381 1934/382/382
f 1919/379/379 4695/378/378 1934/382/382 294/383/383
f 280/323/323 1906/329/329 4696/384/384 1920/380/380
f 1906/329/329 281/328/328 1921/385/385 4696/384/384
f 4696/384/384 1921/385/385 296/386/386 1935/387/387
f 1920/380/380 4696/384/384 1935/387/387 295/381/381
f 281/328/328 1907/333/333 4697/388/388 1921/385/385
f 1907/333/333 282/332/332 1922/389/389 4697/388/388
f 4697/388/388 1922/389/389 297/390/390 1936/391/391
f 1921/385/385 4697/388/388 1936/391/391 296/386/386
f 282/332/332 1908/337/337 4698/392/392 1922/389/389
f 1908/337/337 283/336/336 1923/393/393 4698/392/392
f 4698/392/392 1923/393/393 298/394/394 1937/395/395
f 1922/389/389 4698/392/392 1937/395/395 297/390/390
f 283/336/336 1909/341/341 4699/396/396 1923/393/393
f 1909/341/341 284/340/340 1924/397/397 4699/396/396
f 4699/396/396 1924/397/397 299/398/398 1938/399/399
f 1923/393/393 4699/396/396 1938/399/399 298/394/394
f 284/340/340 1910/345/345 4700/400/400 1924/397/397
f 1910/345/345 285/344/344 1925/401/401 4700/400/400
f 4700/400/400 1925/401/401 300/402/402 1939/403/403
f 1924/397/397 4700/400/400 1939/403/403 299/398/398
f 285/344/344 1911/349/349 4701/404/404 1925/401/401
f 1911/349/349 286/348/348 1926/405/405 4701/404/404
f 4701/404/404 1926/405/405 301/406/406 1940/407/407
f 1925/401/401 4701/404/404 1940/407/407 300/402/402
f 286/348/348 1912/353/353 4702/408/408 1926/405/405
f 1912/353/353 287/352/352 1927/409/409 4702/408/408
f 4702/408/408 1927/409/409 302/410/410 1941/411/411
f 1926/405/405 4702/408/408 1941/411/411 301/406/406
f 287/352/352 1913/357/357 4703/412/412 1927/409/409
f 1913/357/357 288/356/356 1928/413/413 4703/412/412
f 4703/412/412 1928/413/413 303/414/414 1942/415/415
f 1927/409/409 4703/412/412 1942/415/415 302/410/410
f 288/356/356 1914/361/361 4704/416/416 1928/413/413
f 1914/361/361 289/360/360 1929/417/417 4704/416/416
f 4704/416/416 1929/417/417 304/418/418 1943/419/419
f 1928/413/413 4704/416/416 1943/419/419 303/414/414
f 289/360/360 1915/365/365 4705/420/420 1929/417/417
f 1915/365/365 290/364/364 1930/421/421 4705/420/420
f 4705/420/420 1930/421/421 305/422/422 1944/423/423
f 1929/417/417 4705/420/420 1944/423/423 304/418/418
f 290/364/364 1916/369/369 4706/424/424 1930/421/421
f 1916/369/369 291/368/368 1931/425/425 4706/424/424
f 4706/424/424 1931/425/425 306/426/426 1945/427/427
f 1930/421/421 4706/424/424 1945/427/427 305/422/422
f 291/368/368 1917/373/373 4707/428/428 1931/425/425
f 1917/373/373 292/372/372 1932/429/429 4707/428/428
f 4707/428/428 1932/429/429 307/430/430 1946/431/431
f 1931/425/425 4707/428/428 1946/431/431 306/426/426
f 292/372/372 1918/377/377 4708/432/432 1932/429/429
f 1918/377/377 293/376/376 1933/433/433 4708/432/432
f 4708/432/432 1933/433/433 308/434/434 1947/435/435
f 1932/429/429 4708/432/432 1947/435/435 307/430/430
f 294/383/383 1934/382/382 4709/436/436 1948/437/437
f 1934/382/382 295/381/381 1949/438/438 4709/436/436
f 4709/436/436 1949/438/438 310/439/439 1963/440/440
f 1948/437/437 4709/436/436 1963/440/440 309/441/441
f 295/381/381 1935/387/387 4710/442/442 1949/438/438
f 1935/387/387 296/386/386 1950/443/443 4710/442/442
f 4710/442/442 1950/443/443 311/444/444 1964/445/445
f 1949/438/438 4710/442/442 1964/445/445 310/439/439
f 296/386/386 1936/391/391 4711/446/446 1950/443/443
f 1936/391/391 297/390/390 1951/447/447 4711/446/446
f 4711/446/446 1951/447/447 312/448/448 1965/449/449
f 1950/443/443 4711/446/446 1965/449/449 311/444/444
f 297/390/390 1937/395/395 4712/450/450 1951/447/447
f 1937/395/395 298/394/394 1952/451/451 4712/450/450
f 4712/450/450 1952/451/451 313/452/452 1966/453/453
f 1951/447/447 4712/450/450 1966/453/453 312/448/448
f 298/394/394 1938/399/399 4713/454/454 1952/451/451
f 1938/399/399 299/398/398 1953/455/455 4713/454/454
f 4713/454/454 1953/455/455 314/456/456 1967/457/457
f 1952/451/451 4713/454/454 1967/457/457 313/452/452
f 299/398/398 1939/403/403 4714/458/458 1953/455/455
f 1939/403/403 300/402/402 1954/459/459 4714/458/458
f 4714/458/458 1954/459/459 315/460/460 1968/461/461
f 1953/455/455 4714/458/458 1968/461/461 314/456/456
f 300/402/402 1940/407/407 4715/462/462 1954/459/459
f 1940/407/407 301/406/406 1955/463/463 4715/462/462
f 4715/462/462 1955/463/463 316/464/464 1969/465/465
f 1954/459/459 4715/462/462 1969/465/465 315/460/460
f 301/406/406 1941/411/411 4716/466/466 1955/463/463
f 1941/411/411 302/410/410 1956/467/467 4716/466/466
f 4716/466/466 1956/467/467 317/468/468 1970/469/469
f 1955/463/463 4716/466/466 1970/469/469 316/464/464
f 302/410/410 1942/415/415 4717/470/470 1956/467/467
f 1942/415/415 303/414/414 1957/471/471 4717/470/470
f 4717/470/470 1957/471/471 318/472/472 1971/473/473
f 1956/467/467 4717/470/470 1971/473/473 317/468/468
f 303/414/414 1943/419/419 4718/474/474 1957/471/471
f 1943/419/419 304/418/418 1958/475/475 4718/474/474
f 4718/474/474 1958/475/475 319/476/476 1972/477/477
f 1957/471/471 4718/474/474 1972/477/477 318/472/472
f 304/418/418 1944/423/423 4719/478/478 1958/475/475
f 1944/423/423 305/422/422 1959/479/479 4719/478/478
f 4719/478/478 1959/479/479 320/480/480 1973/481/481
f 1958/475/475 4719/478/478 1973/481/481 319/476/476
f 305/422/422 1945/427/427 4720/482/482 1959/479/479
f 1945/427/427 306/426/426 1960/483/483 4720/482/482
f 4720/482/482 1960/483/483 321/484/484 1974/485/485
f 1959/479/479 4720/482/482 1974/485/485 320/480/480
f 306/426/426 1946/431/431 4721/486/486 1960/483/483
f 1946/431/431 307/430/430 1961/487/487 4721/486/486
f 4721/486/486 1961/487/487 322/488/488 1975/489/489
f 1960/483/483 4721/486/486 1975/489/489 321/484/484
f 307/430/430 1947/435/435 4722/490/490 1961/487/487
f 1947/435/435 308/434/434 1962/491/491 4722/490/490
f 4722/490/490 1962/491/491 323/492/492 1976/493/493
f 1961/487/487 4722/490/490 1976/493/493 322/488/488
f 309/441/441 1963/440/440 4723/494/494 1977/495/495
f 1963/440/440 310/439/439 1978/496/496 4723/494/494
f 4723/494/494 1978/496/496 325/497/497 1992/498/498
f 1977/495/495 4723/494/494 1992/498/498 324/499/499
f 310/439/439 1964/445/445 4724/500/500 1978/496/496
f 1964/445/445 311/444/444 1979/501/501 4724/500/500
f 4724/500/500 1979/501/501 326/502/502 1993/503/503
f 1978/496/496 4724/500/500 1993/503/503 325/497/497
f 311/444/444 1965/449/449 4725/504/504 1979/501/501
f 1965/449/449 312/448/448 1980/505/505 4725/504/504
f 4725/504/504 1980/505/505 327/506/506 1994/507/507
f 1979/501/501 4725/504/504 1994/507/507 326/502/502
f 312/448/448 1966/453/453 4726/508/508 1980/505/505
f 1966/453/453 313/452/452 1981/509/509 4726/508/508
f 4726/508/508 1981/509/509 328/510/510 1995/511/511
f 1980/505/505 4726/508/508 1995/511/511 327/506/506
f 313/452/452 1967/457/457 4727/512/512 1981/509/509
f 1967/457/457 314/456/456 1982/513/513 4727/512/512
f 4727/512/512 1982/513/513 329/514/514 1996/515/515
f 1981/509/509 4727/512/512 1996/515/515 328/510/510
f 314/456/456 1968/461/461 4728/516/516 1982/513/513
f 1968/461/461 315/460/460 1983/517/517 4728/516/516
f 4728/516/516 1983/517/517 330/518/518 1997/519/519
f 1982/513/513 4728/516/516 1997/519/519 329/514/514
f 315/460/460 1969/465/465 4729/520/520 1983/517/517
f 1969/465/465 316/464/464 1984/521/521 4729/520/520
f 4729/520/520 1984/521/521 331/522/522 1998/523/523
f 1983/517/517 4729/520/520 1998/523/523 330/518/518
f 316/464/464 1970/469/469 4730/524/524 1984/521/521
f 1970/469/469 317/468/468 1985/525/525 4730/524/524
f 4730/524/524 1985/525/525 332/526/526 1999/527/527
f 1984/521/521 4730/524/524 1999/527/527 331/522/522
f 317/468/468 1971/473/473 4731/528/528 1985/525/525
f 1971/473/473 318/472/472 1986/529/529 4731/528/528
f 4731/528/528 1986/529/529 333/530/530 2000/531/531
f 1985/525/525 4731/528/528 2000/531/531 332/526/526
f 318/472/472 1972/477/477 4732/532/532 1986/529/529
f 1972/477/477 319/476/476 1987/533/533 4732/532/532
f 4732/532/532 1987/533/533 334/534/534 2001/535/535
f 1986/529/529 4732/532/532 2001/535/535 333/530/530
f 319/476/476 1973/481/481 4733/536/536 1987/533/533
f 1973/481/481 320/480/480 1988/537/537 4733/536/536
f 4733/536/536 1988/537/537 335/538/538 2002/539/539
f 1987/533/533 4733/536/536 2002/539/539 334/534/534
f 320/480/480 1974/485/485 4734/540/540 1988/537/537
f 1974/485/485 321/484/484 1989/541/541 4734/540/540
f 4734/540/540 1989/541/541 336/542/542 2003/543/543
f 1988/537/537 4734/540/540 2003/543/543 335/538/538
f 321/484/484 1975/489/489 4735/544/544 1989/541/541
f 1975/489/489 322/488/488 1990/545/545 4735/544/544
f 4735/544/544 1990/545/545 337/546/546 2004/547/547
f 1989/541/541 4735/544/544 2004/547/547 336/542/542
f 322/488/488 1976/493/493 4736/548/548 1990/545/545
f 1976/493/493 323/492/492 1991/549/549 4736/548/548
f 4736/548/548 1991/549/549 338/550/550 2005/551/551
f 1990/545/545 4736/548/548 2005/551/551 337/546/546
f 324/499/499 1992/498/498 4737/552/552 2006/553/553
f 1992/498/498 325/497/497 2007/554/554 4737/552/552
f 4737/552/552 2007/554/554 340/555/555 2021/556/556
f 2006/553/553 4737/552/552 2021/556/556 339/557/557
f 325/497/497 1993/503/503 4738/558/558 2007/554/554
f 1993/503/503 326/502/502 2008/559/559 4738/558/558
f 4738/558/558 2008/559/559 341/560/560 2022/561/561
f 2007/554/554 4738/558/558 2022/561/561 340/555/555
f 326/502/502 1994/507/507 4739/562/562 2008/559/559
f 1994/507/507 327/506/506 2009/563/563 4739/562/562
f 4739/562/562 2009/563/563 342/564/564 2023/565/565
f 2008/559/559 4739/562/562 2023/565/565 341/560/560
f 327/506/506 1995/511/511 4740/566/566 2009/563/563
f 1995/511/511 328/510/510 2010/567/567 4740/566/566
f 4740/566/566 2010/567/567 343/568/568 2024/569/569
f 2009/563/563 4740/566/566 2024/569/569 342/564/564
f 328/510/510 1996/515/515 4741/570/570 2010/567/567
f 1996/515/515 329/514/514 2011/571/571 4741/570/570
f 4741/570/570 2011/571/571 344/572/572 2025/573/573
f 2010/567/567 4741/570/570 2025/573/573 343/568/568
f 329/514/514 1997/519/519 4742/574/574 2011/571/571
f 1997/519/519 330/518/518 2012/575/575 4742/574/574
f 4742/574/574 2012/575/575 345/576/576 2026/577/577
f 2011/571/571 4742/574/574 2026/577/577 344/572/572
f 330/518/518 1998/523/523 4743/578/578 2012/575/575
f 1998/523/523 331/522/522 2013/579/579 4743/578/578
f 4743/578/578 2013/579/579 346/580/580 2027/581/581
f 2012/575/575 4743/578/578 2027/581/581 345/576/576
f 331/522/522 1999/527/527 4744/582/582 2013/579/579
f 1999/527/527 332/526/526 2014/583/583 4744/582/582
f 4744/582/582 2014/583/583 347/584/584 2028/585/585
f 2013/579/579 4744/582/582 2028/585/585 346/580/580
f 332/526/526 2000/531/531 4745/586/586 2014/583/583
f 2000/531/531 333/530/530 2015/587/587 4745/586/586
f 4745/586/586 2015/587/587 348/588/588 2029/589/589
f 2014/583/583 4745/586/586 2029/589/589 347/584/584
f 333/530/530 2001/535/535 4746/590/590 2015/587/587
f 2001/535/535 334/534/534 2016/591/591 4746/590/590
f 4746/590/590 2016/591/591 349/592/592 2030/593/593
f 2015/587/587 4746/590/590 2030/593/593 348/588/588
f 334/534/534 2002/539/539 4747/594/594 2016/591/591
f 2002/539/539 335/538/538 2017/595/595 4747/594/594
f 4747/594/594 2017/595/595 350/596/596 2031/597/597
f 2016/591/591 4747/594/594 2031/597/597 349/592/592
f 335/538/538 2003/543/543 4748/598/598 2017/595/595
f 2003/543/543 336/542/542 2018/599/599 4748/598/598
f 4748/598/598 2018/599/599 351/600/600 2032/601/601
f 2017/595/595 4748/598/598 2032/601/601 350/596/596
f 336/542/542 2004/547/547 4749/602/602 2018/599/599
f 2004/547/547 337/546/546 2019/603/603 4749/602/602
f 4749/602/602 2019/603/603 352/604/604 2033/605/605
f 2018/599/599 4749/602/602 2033/605/605 351/600/600
f 337/546/546 2005/551/551 4750/606/606 2019/603/603
f 2005/551/551 338/550/550 2020/607/607 4750/606/606
f 4750/606/606 2020/607/607 353/608/608 2034/609/609
f 2019/603/603 4750/606/606 2034/609/609 352/604/604
f 339/557/557 2021/556/556 4751/610/610 2035/611/611
f 2021/556/556 340/555/555 2036/612/612 4751/610/610
f 4751/610/610 2036/612/612 355/613/613 2050/614/614
f 2035/611/611 4751/610/610 2050/614/614 354/615/615
f 340/555/555 2022/561/561 4752/616/616 2036/612/612
f 2022/561/561 341/560/560 2037/617/617 4752/616/616
f 4752/616/616 2037/617/617 356/618/618 2051/619/619
f 2036/612/612 4752/616/616 2051/619/619 355/613/613
f 341/560/560 2023/565/565 4753/620/620 2037/617/617
f 2023/565/565 342/564/564 2038/621/621 4753/620/620
f 4753/620/620 2038/621/621 357/622/622 2052/623/623
f 2037/617/617 4753/620/620 2052/623/623 356/618/618
f 342/564/564 2024/569/569 4754/624/624 2038/621/621
f 2024/569/569 343/568/568 2039/625/625 4754/624/624
f 4754/624/624 2039/625/625 358/626/626 2053/627/627
f 2038/621/621 4754/624/624 2053/627/627 357/622/622
f 343/568/568 2025/573/573 4755/628/628 2039/625/625
f 2025/573/573 344/572/572 2040/629/629 4755/628/628
f 4755/628/628 2040/629/629 359/630/630 2054/631/631
f 2039/625/625 4755/628/628 2054/631/631 358/626/626
f 344/572/572 2026/577/577 4756/632/632 2040/629/629
f 2026/577/577 345/576/576 2041/633/633 4756/632/632
f 4756/632/632 2041/633/633 360/634/634 2055/635/635
f 2040/629/629 4756/632/632 2055/635/635 359/630/630
f 345/576/576 2027/581/581 4757/636/636 2041/633/633
f 2027/581/581 346/580/580 2042/637/637 4757/636/636
f 4757/636/636 2042/637/637 361/638/638 2056/639/639
f 2041/633/633 4757/636/636 2056/639/639 360/634/634
f 346/580/580 2028/585/585 4758/640/640 2042/637/637
f 2028/585/585 347/584/584 2043/641/641 4758/640/640
f 4758/640/640 2043/641/641 362/642/642 2057/643/643
f 2042/637/637 4758/640/640 2057/643/643 361/638/638
f 347/584/584 2029/589/589 4759/644/644 2043/641/641
f 2029/589/589 348/588/588 2044/645/645 4759/644/644
f 4759/644/644 2044/645/645 363/646/646 2058/647/647
f 2043/641/641 4759/644/644 2058/647/647 362/642/642
f 348/588/588 2030/593/593 4760/648/648 2044/645/645
f 2030/593/593 349/592/592 2045/649/649 4760/648/648
f 4760/648/648 2045/649/649 364/650/650 2059/651/651
f 2044/645/645 4760/648/648 2059/651/651 363/646/646
f 349/592/592 2031/597/597 4761/652/652 2045/649/649
f 2031/597/597 350/596/596 2046/653/653 4761/652/652
f 4761/652/652 2046/653/653 365/654/654 2060/655/655
f 2045/649/649 4761/652/652 2060/655/655 364/650/650
f 350/596/596 2032/601/601 4762/656/656 2046/653/653
f 2032/601/601 351/600/600 2047/657/657 4762/656/656
f 4762/656/656 2047/657/657 366/658/658 2061/659/659
f 2046/653/653 4762/656/656 2061/659/659 365/654/654
f 351/600/600 2033/605/605 4763/660/660 2047/657/657
f 2033/605/605 352/604/604 2048/661/661 4763/660/660
f 4763/660/660 2048/661/661 367/662/662 2062/663/663
f 2047/657/657 4763/660/660 2062/663/663 366/658/658
f 352/604/604 2034/609/609 4764/664/664 2048/661/661
f 2034/609/609 353/608/608 2049/665/665 4764/664/664
f 4764/664/664 2049/665/665 368/666/666 2063/667/667
f 2048/661/661 4764/664/664 2063/667/667 367/662/662
f 354/615/615 2050/614/614 4765/668/668 2064/669/669
f 2050/614/614 355/613/613 2065/670/670 4765/668/668
f 4765/668/668 2065/670/670 370/671/671 2079/672/672
f 2064/669/669 4765/668/668 2079/672/672 369/673/673
f 355/613/613 2051/619/619 4766/674/674 2065/670/670
f 2051/619/619 356/618/618 2066/675/675 4766/674/674
f 4766/674/674 2066/675/675 371/676/676 2080/677/677
f 2065/670/670 4766/674/674 2080/677/677 370/671/671
f 356/618/618 2052/623/623 4767/678/678 2066/675/675
f 2052/623/623 357/622/622 2067/679/679 4767/678/678
f 4767/678/678 2067/679/679 372/680/680 2081/681/681
f 2066/675/675 4767/678/678 2081/681/681 371/676/676
f 357/622/622 2053/627/627 4768/682/682 2067/679/679
f 2053/627/627 358/626/626 2068/683/683 4768/682/682
f 4768/682/682 2068/683/683 373/684/684 2082/685/685
f 2067/679/679 4768/682/682 2082/685/685 372/680/680
f 358/626/626 2054/631/631 4769/686/686 2068/683/683
f 2054/631/631 359/630/630 2069/687/687 4769/686/686
f 4769/686/686 2069/687/687 374/688/688 2083/689/689
f 2068/683/683 4769/686/686 2083/689/689 373/684/684
f 359/630/630 2055/635/635 4770/690/690 2069/687/687
f 2055/635/635 360/634/634 2070/691/691 4770/690/690
f 4770/690/690 2070/691/691 375/692/692 2084/693/693
f 2069/687/687 4770/690/690 2084/693/693 374/688/688
f 360/634/634 2056/639/639 4771/694/694 2070/691/691
f 2056/639/639 361/638/638 2071/695/695 4771/694/694
f 4771/694/694 2071/695/695 376/696/696 2085/697/697
f 2070/691/691 4771/694/694 2085/697/697 375/692/692
f 361/638/638 2057/643/643 4772/698/698 2071/695/695
f 2057/643/643 362/642/642 2072/699/699 4772/698/698
f 4772/698/698 2072/699/699 377/700/700 2086/701/701
f 2071/695/695 4772/698/698 2086/701/701 376/696/696
f 362/642/642 2058/647/647 4773/702/702 2072/699/699
f 2058/647/647 363/646/646 2073/703/703 4773/702/702
f 4773/702/702 2073/703/703 378/704/704 2087/705/705
f 2072/699/699 4773/702/702 2087/705/705 377/700/700
f 363/646/646 2059/651/651 4774/706/706 2073/703/703
f 2059/651/651 364/650/650 2074/707/707 4774/706/706
f 4774/706/706 2074/707/707 379/708/708 2088/709/709
f 2073/703/703 4774/706/706 2088/709/709 378/704/704
f 364/650/650 2060/655/655 4775/710/710 2074/707/707
f 2060/655/655 365/654/654 2075/711/711 4775/710/710
f 4775/710/710 2075/711/711 380/712/712 2089/713/713
f 2074/707/707 4775/710/710 2089/713/713 379/708/708
f 365/654/654 2061/659/659 4776/714/714 2075/711/711
f 2061/659/659 366/658/658 2076/715/715 4776/714/714
f 4776/714/714 2076/715/715 381/716/716 2090/717/717
f 2075/711/711 4776/714/714 2090/717/717 380/712/712
f 366/658/658 2062/663/663 4777/718/718 2076/715/715
f 2062/663/663 367/662/662 2077/719/719 4777/718/718
f 4777/718/718 2077/719/719 382/720/720 2091/721/721
f 2076/715/715 4777/718/718 2091/721/721 381/716/716
f 367/662/662 2063/667/667 4778/722/722 2077/719/719
f 2063/667/667 368/666/666 2078/723/723 4778/722/722
f 4778/722/722 2078/723/723 383/724/724 2092/725/725
f 2077/719/719 4778/722/722 2092/725/725 382/720/720
f 369/673/673 2079/672/672 4779/726/726 2093/727/727
f 2079/672/672 370/671/671 2094/728/728 4779/726/726
f 4779/726/726 2094/728/728 385/729/729 2108/730/730
f 2093/727/727 4779/726/726 2108/730/730 384/731/731
f 370/671/671 2080/677/677 4780/732/732 2094/728/728
f 2080/677/677 371/676/676 2095/733/733 4780/732/732
f 4780/732/732 2095/733/733 386/734/734 2109/735/735
f 2094/728/728 4780/732/732 2109/735/735 385/729/729
f 371/676/676 2081/681/681 4781/736/736 2095/733/733
f 2081/681/681 372/680/680 2096/737/737 4781/736/736
f 4781/736/736 2096/737/737 387/738/738 2110/739/739
f 2095/733/733 4781/736/736 2110/739/739 386/734/734
f 372/680/680 2082/685/685 4782/740/740 2096/737/737
f 2082/685/685 373/684/684 2097/741/741 4782/740/740
f 4782/740/740 2097/741/741 388/742/742 2111/743/743
f 2096/737/737 4782/740/740 2111/743/743 387/738/738
f 373/684/684 2083/689/689 4783/744/744 2097/741/741
f 2083/689/689 374/688/688 2098/745/745 4783/744/744
f 4783/744/744 2098/745/745 389/746/746 2112/747/747
f 2097/741/741 4783/744/744 2112/747/747 388/742/742
f 374/688/688 2084/693/693 4784/748/748 2098/745/745
f 2084/693/693 375/692/692 2099/749/749 4784/748/748
f 4784/748/748 2099/749/749 390/750/750 2113/751/751
f 2098/745/745 4784/748/748 2113/751/751 389/746/746
f 375/692/692 2085/697/697 4785/752/752 2099/749/749
f 2085/697/697 376/696/696 2100/753/753 4785/752/752
f 4785/752/752 2100/753/753 391/754/754 2114/755/755
f 2099/749/749 4785/752/752 2114/755/755 390/750/750
f 376/696/696 2086/701/701 4786/756/756 2100/753/753
f 2086/701/701 377/700/700 2101/757/757 4786/756/756
f 4786/756/756 2101/757/757 392/758/758 2115/759/759
f 2100/753/753 4786/756/756 2115/759/759 391/754/754
f 377/700/700 2087/705/705 4787/760/760 2101/757/757
f 2087/705/705 378/704/704 2102/761/761 4787/760/760
f 4787/760/760 2102/761/761 393/762/762 2116/763/763
f 2101/757/757 4787/760/760 2116/763/763 392/758/758
f 378/704/704 2088/709/709 4788/764/764 2102/761/761
f 2088/709/709 379/708/708 2103/765/765 4788/764/764
f 4788/764/764 2103/765/765 394/766/766 2117/767/767
f 2102/761/761 4788/764/764 2117/767/767 393/762/762
f 379/708/708 2089/713/713 4789/768/768 2103/765/765
f 2089/713/713 380/712/712 2104/769/769 4789/768/768
f 4789/768/768 2104/769/769 395/770/770 2118/771/771
f 2103/765/765 4789/768/768 2118/771/771 394/766/766
f 380/712/712 2090/717/717 4790/772/772 2104/769/769
f 2090/717/717 381/716/716 2105/773/773 4790/772/772
f 4790/772/772 2105/773/773 396/774/774 2119/775/775
f 2104/769/769 4790/772/772 2119/775/775 395/770/770
f 381/716/716 2091/721/721 4791/776/776 2105/773/773
f 2091/721/721 382/720/720 2106/777/777 4791/776/776
f 4791/776/776 2106/777/777 397/778/778 2120/779/779
f 2105/773/773 4791/776/776 2120/779/779 396/774/774
f 382/720/720 2092/725/725 4792/780/780 2106/777/777
f 2092/725/725 383/724/724 2107/781/781 4792/780/780
f 4792/780/780 2107/781/781 398/782/782 2121/783/783
f 2106/777/777 4792/780/780 2121/783/783 397/778/778
f 384/731/731 2108/730/730 4793/784/784 2122/785/785
f 2108/730/730 385/729/729 2123/786/786 4793/784/784
f 4793/784/784 2123/786/786 400/787/787 2137/788/788
f 2122/785/785 4793/784/784 2137/788/788 399/789/789
f 385/729/729 2109/735/735 4794/790/790 2123/786/786
f 2109/735/735 386/734/734 2124/791/791 4794/790/790
f 4794/790/790 2124/791/791 401/792/792 2138/793/793
f 2123/786/786 4794/790/790 2138/793/793 400/787/787
f 386/734/734 2110/739/739 4795/794/794 2124/791/791
f 2110/739/739 387/738/738 2125/795/795 4795/794/794
f 4795/794/794 2125/795/795 402/796/796 2139/797/797
f 2124/791/791 4795/794/794 2139/797/797 401/792/792
f 387/738/738 2111/743/743 4796/798/798 2125/795/795
f 2111/743/743 388/742/742 2126/799/799 4796/798/798
f 4796/798/798 2126/799/799 403/800/800 2140/801/801
f 2125/795/795 4796/798/798 2140/801/801 402/796/796
f 388/742/742 2112/747/747 4797/802/802 2126/799/799
f 2112/747/747 389/746/746 2127/803/803 4797/802/802
f 4797/802/802 2127/803/803 404/804/804 2141/805/805
f 2126/799/799 4797/802/802 2141/805/805 403/800/800
f 389/746/746 2113/751/751 4798/806/806 2127/803/803
f 2113/751/751 390/750/750 2128/807/807 4798/806/806
f 4798/806/806 2128/807/807 405/808/808 2142/809/809
f 2127/803/803 4798/806/806 2142/809/809 404/804/804
f 390/750/750 2114/755/755 4799/810/810 2128/807/807
f 2114/755/755 391/754/754 2129/811/811 4799/810/810
f 4799/810/810 2129/811/811 406/812/812 2143/813/813
f 2128/807/807 4799/810/810 2143/813/813 405/808/808
f 391/754/754 2115/759/759 4800/814/814 2129/811/811
f 2115/759/759 392/758/758 2130/815/815 4800/814/814
f 4800/814/814 2130/815/815 407/816/816 2144/817/817
f 2129/811/811 4800/814/814 2144/817/817 406/812/812
f 392/758/758 2116/763/763 4801/818/818 2130/815/815
f 2116/763/763 393/762/762 2131/819/819 4801/818/818
f 4801/818/818 2131/819/819 408/820/820 2145/821/821
f 2130/815/815 4801/818/818 2145/821/821 407/816/816
f 393/762/762 2117/767/767 4802/822/822 2131/819/819
f 2117/767/767 394/766/766 2132/823/823 4802/822/822
f 4802/822/822 2132/823/823 409/824/824 2146/825/825
f 2131/819/819 4802/822/822 2146/825/825 408/820/820
f 394/766/766 2118/771/771 4803/826/826 2132/823/823
f 2118/771/771 395/770/770 2133/827/827 4803/826/826
f 4803/826/826 2133/827/827 410/828/828 2147/829/829
f 2132/823/823 4803/826/826 2147/829/829 409/824/824
f 395/770/770 2119/775/775 4804/830/830 2133/827/827
f 2119/775/775 396/774/774 2134/831/831 4804/830/830
f 4804/830/830 2134/831/831 411/832/832 2148/833/833
f 2133/827/827 4804/830/830 2148/833/833 410/828/828
f 396/774/774 2120/779/779 4805/834/834 2134/831/831
f 2120/779/779 397/778/778 2135/835/835 4805/834/834
f 4805/834/834 2135/835/835 412/836/836 2149/837/837
f 2134/831/831 4805/834/834 2149/837/837 411/832/832
f 397/778/778 2121/783/783 4806/838/838 2135/835/835
f 2121/783/783 398/782/782 2136/839/839 4806/838/838
f 4806/838/838 2136/839/839 413/840/840 2150/841/841
f 2135/835/835 4806/838/838 2150/841/841 412/836/836
f 1/842/842 1555/843/843 4807/844/844 1554/845/845
f 1555/843/843 24/846/846 2151/847/847 4807/844/844
f 4807/844/844 2151/847/847 189/1/1 2210/848/848
f 1554/845/845 4807/844/844 2210/848/848 23/849/849
f 24/846/846 1556/850/850 4808/851/851 2151/847/847
f 1556/850/850 25/852/852 2152/853/853 4808/851/851
f 4808/851/851 2152/853/853 190/5/5 1731/2/2
f 2151/847/847 4808/851/851 1731/2/2 189/1/1
f 25/852/852 1557/854/854 4809/855/855 2152/853/853
f 1557/854/854 26/856/856 2153/857/857 4809/855/855
f 4809/855/855 2153/857/857 191/12/12 1732/10/10
f 2152/853/853 4809/855/855 1732/10/10 190/5/5
f 26/856/856 1558/858/858 4810/859/859 2153/857/857
f 1558/858/858 27/860/860 2154/861/861 4810/859/859
f 4810/859/859 2154/861/861 192/18/18 1733/16/16
f 2153/857/857 4810/859/859 1733/16/16 191/12/12
f 27/860/860 1559/862/862 4811/863/863 2154/861/861
f 1559/862/862 28/864/864 2155/865/865 4811/863/863
f 4811/863/863 2155/865/865 193/24/24 1734/22/22
f 2154/861/861 4811/863/863 1734/22/22 192/18/18
f 28/864/864 1560/866/866 4812/867/867 2155/865/865
f 1560/866/866 29/868/868 2156/869/869 4812/867/867
f 4812/867/867 2156/869/869 194/30/30 1735/28/28
f 2155/865/865 4812/867/867 1735/28/28 193/24/24
f 29/868/868 1561/870/870 4813/871/871 2156/869/869
f 1561/870/870 30/872/872 2157/873/873 4813/871/871
f 4813/871/871 2157/873/873 195/36/36 1736/34/34
f 2156/869/869 4813/871/871 1736/34/34 194/30/30
f 30/872/872 1562/874/874 4814/875/875 2157/873/873
f 1562/874/874 31/876/876 2158/877/877 4814/875/875
f 4814/875/875 2158/877/877 196/42/42 1737/40/40
f 2157/873/873 4814/875/875 1737/40/40 195/36/36
f 31/876/876 1563/878/878 4815/879/879 2158/877/877
f 1563/878/878 32/880/880 2159/881/881 4815/879/879
f 4815/879/879 2159/881/881 197/48/48 1738/46/46
f 2158/877/877 4815/879/879 1738/46/46 196/42/42
f 32/880/880 1564/882/882 4816/883/883 2159/881/881
f 1564/882/882 33/884/884 2160/885/885 4816/883/883
f 4816/883/883 2160/885/885 198/54/54 1739/52/52
f 2159/881/881 4816/883/883 1739/52/52 197/48/48
f 33/884/884 1565/886/886 4817/887/887 2160/885/885
f 1565/886/886 34/888/888 2161/889/889 4817/887/887
f 4817/887/887 2161/889/889 199/60/60 1740/58/58
f 2160/885/885 4817/887/887 1740/58/58 198/54/54
f 34/888/888 1566/890/890 4818/891/891 2161/889/889
f 1566/890/890 35/892/892 2162/893/893 4818/891/891
f 4818/891/891 2162/893/893 200/66/66 1741/64/64
f 2161/889/889 4818/891/891 1741/64/64 199/60/60
f 35/892/892 1567/894/894 4819/895/895 2162/893/893
f 1567/894/894 36/896/896 2163/897/897 4819/895/895
f 4819/895/895 2163/897/897 201/72/72 1742/70/70
f 2162/893/893 4819/895/895 1742/70/70 200/66/66
f 36/896/896 1568/898/898 4820/899/899 2163/897/897
f 1568/898/898 37/900/900 2164/901/901 4820/899/899
f 4820/899/899 2164/901/901 202/78/78 1743/76/76
f 2163/897/897 4820/899/899 1743/76/76 201/72/72
f 37/900/900 1569/902/902 4821/903/903 2164/901/901
f 1569/902/902 38/904/904 2165/905/905 4821/903/903
f 4821/903/903 2165/905/905 203/84/84 1744/82/82
f 2164/901/901 4821/903/903 1744/82/82 202/78/78
f 38/904/904 1570/906/906 4822/907/907 2165/905/905
f 1570/906/906 2/908/908 1571/909/909 4822/907/907
f 4822/907/907 1571/909/909 39/910/910 2166/911/911
f 2165/905/905 4822/907/907 2166/911/911 203/84/84
f 203/84/84 2166/911/911 4823/912/912 1759/85/85
f 2166/911/911 39/910/910 1572/913/913 4823/912/912
f 4823/912/912 1572/913/913 40/914/914 2167/915/915
f 1759/85/85 4823/912/912 2167/915/915 218/86/86
f 218/86/86 2167/915/915 4824/916/916 1788/143/143
f 2167/915/915 40/914/914 1573/917/917 4824/916/916
f 4824/916/916 1573/917/917 41/918/918 2168/919/919
f 1788/143/143 4824/916/916 2168/919/919 233/144/144
f 233/144/144 2168/919/919 4825/920/920 1817/201/201
f 2168/919/919 41/918/918 1574/921/921 4825/920/920
f 4825/920/920 1574/921/921 42/922/922 2169/923/923
f 1817/201/201 4825/920/920 2169/923/923 248/202/202
f 248/202/202 2169/923/923 4826/924/924 1846/259/259
f 2169/923/923 42/922/922 1575/925/925 4826/924/924
f 4826/924/924 1575/925/925 43/926/926 2170/927/927
f 1846/259/259 4826/924/924 2170/927/927 263/260/260
f 263/260/260 2170/927/927 4827/928/928 1875/317/317
f 2170/927/927 43/926/926 1576/929/929 4827/928/928
f 4827/928/928 1576/929/929 44/930/930 2171/931/931
f 1875/317/317 4827/928/928 2171/931/931 278/318/318
f 278/318/318 2171/931/931 4828/932/932 1904/375/375
f 2171/931/931 44/930/930 1577/933/933 4828/932/932
f 4828/932/932 1577/933/933 45/934/934 2172/935/935
f 1904/375/375 4828/932/932 2172/935/935 293/376/376
f 293/376/376 2172/935/935 4829/936/936 1933/433/433
f 2172/935/935 45/934/934 1578/937/937 4829/936/936
f 4829/936/936 1578/937/937 46/938/938 2173/939/939
f 1933/433/433 4829/936/936 2173/939/939 308/434/434
f 308/434/434 2173/939/939 4830/940/940 1962/491/491
f 2173/939/939 46/938/938 1579/941/941 4830/940/940
f 4830/940/940 1579/941/941 47/942/942 2174/943/943
f 1962/491/491 4830/940/940 2174/943/943 323/492/492
f 323/492/492 2174/943/943 4831/944/944 1991/549/549
f 2174/943/943 47/942/942 1580/945/945 4831/944/944
f 4831/944/944 1580/945/945 48/946/946 2175/947/947
f 1991/549/549 4831/944/944 2175/947/947 338/550/550
f 338/550/550 2175/947/947 4832/948/948 2020/607/607
f 2175/947/947 48/946/946 1581/949/949 4832/948/948
f 4832/948/948 1581/949/949 49/950/950 2176/951/951
f 2020/607/607 4832/948/948 2176/951/951 353/608/608
f 353/608/608 2176/951/951 4833/952/952 2049/665/665
f 2176/951/951 49/950/950 1582/953/953 4833/952/952
f 4833/952/952 1582/953/953 50/954/954 2177/955/955
f 2049/665/665 4833/952/952 2177/955/955 368/666/666
f 368/666/666 2177/955/955 4834/956/956 2078/723/723
f 2177/955/955 50/954/954 1583/957/957 4834/956/956
f 4834/956/956 1583/957/957 51/958/958 2178/959/959
f 2078/723/723 4834/956/956 2178/959/959 383/724/724
f 383/724/724 2178/959/959 4835/960/960 2107/781/781
f 2178/959/959 51/958/958 1584/961/961 4835/960/960
f 4835/960/960 1584/961/961 52/962/962 2179/963/963
f 2107/781/781 4835/960/960 2179/963/963 398/782/782
f 398/782/782 2179/963/963 4836/964/964 2136/839/839
f 2179/963/963 52/962/962 1585/965/965 4836/964/964
f 4836/964/964 1585/965/965 53/966/966 2180/967/967
f 2136/839/839 4836/964/964 2180/967/967 413/840/840
f 413/840/840 2180/967/967 4837/968/968 2181/969/969
f 2180/967/967 53/966/966 1586/970/970 4837/968/968
f 4837/968/968 1586/970/970 4/971/971 1587/972/972
f 2181/969/969 4837/968/968 1587/972/972 54/973/973
f 412/836/836 2150/841/841 4838/974/974 2182/975/975
f 2150/841/841 413/840/840 2181/969/969 4838/974/974
f 4838/974/974 2181/969/969 54/973/973 1588/976/976
f 2182/975/975 4838/974/974 1588/976/976 55/977/977
f 411/832/832 2149/837/837 4839/978/978 2183/979/979
f 2149/837/837 412/836/836 2182/975/975 4839/978/978
f 4839/978/978 2182/975/975 55/977/977 1589/980/980
f 2183/979/979 4839/978/978 1589/980/980 56/981/981
f 410/828/828 2148/833/833 4840/982/982 2184/983/983
f 2148/833/833 411/832/832 2183/979/979 4840/982/982
f 4840/982/982 2183/979/979 56/981/981 1590/984/984
f 2184/983/983 4840/982/982 1590/984/984 57/985/985
f 409/824/824 2147/829/829 4841/986/986 2185/987/987
f 2147/829/829 410/828/828 2184/983/983 4841/986/986
f 4841/986/986 2184/983/983 57/985/985 1591/988/988
f 2185/987/987 4841/986/986 1591/988/988 58/989/989
f 408/820/820 2146/825/825 4842/990/990 2186/991/991
f 2146/825/825 409/824/824 2185/987/987 4842/990/990
f 4842/990/990 2185/987/987 58/989/989 1592/992/992
f 2186/991/991 4842/990/990 1592/992/992 59/993/993
f 407/816/816 2145/821/821 4843/994/994 2187/995/995
f 2145/821/821 408/820/820 2186/991/991 4843/994/994
f 4843/994/994 2186/991/991 59/993/993 1593/996/996
f 2187/995/995 4843/994/994 1593/996/996 60/997/997
f 406/812/812 2144/817/817 4844/998/998 2188/999/999
f 2144/817/817 407/816/816 2187/995/995 4844/998/998
f 4844/998/998 2187/995/995 60/997/997 1594/1000/1000
f 2188/999/999 4844/998/998 1594/1000/1000 61/1001/1001
f 405/808/808 2143/813/813 4845/1002/1002 2189/1003/1003
f 2143/813/813 406/812/812 2188/999/999 4845/1002/1002
f 4845/1002/1002 2188/999/999 61/1001/1001 1595/1004/1004
f 2189/1003/1003 4845/1002/1002 1595/1004/1004 62/1005/1005
f 404/804/804 2142/809/809 4846/1006/1006 2190/1007/1007
f 2142/809/809 405/808/808 2189/1003/1003 4846/1006/1006
f 4846/1006/1006 2189/1003/1003 62/1005/1005 1596/1008/1008
f 2190/1007/1007 4846/1006/1006 1596/1008/1008 63/1009/1009
f 403/800/800 2141/805/805 4847/1010/1010 2191/1011/1011
f 2141/805/805 404/804/804 2190/1007/1007 4847/1010/1010
f 4847/1010/1010 2190/1007/1007 63/1009/1009 1597/1012/1012
f 2191/1011/1011 4847/1010/1010 1597/1012/1012 64/1013/1013
f 402/796/796 2140/801/801 4848/1014/1014 2192/1015/1015
f 2140/801/801 403/800/800 2191/1011/1011 4848/1014/1014
f 4848/1014/1014 2191/1011/1011 64/1013/1013 1598/1016/1016
f 2192/1015/1015 4848/1014/1014 1598/1016/1016 65/1017/1017
f 401/792/792 2139/797/797 4849/1018/1018 2193/1019/1019
f 2139/797/797 402/796/796 2192/1015/1015 4849/1018/1018
f 4849/1018/1018 2192/1015/1015 65/1017/1017 1599/1020/1020
f 2193/1019/1019 4849/1018/1018 1599/1020/1020 66/1021/1021
f 400/787/787 2138/793/793 4850/1022/1022 2194/1023/1023
f 2138/793/793 401/792/792 2193/1019/1019 4850/1022/1022
f 4850/1022/1022 2193/1019/1019 66/1021/1021 1600/1024/1024
f 2194/1023/1023 4850/1022/1022 1600/1024/1024 67/1025/1025
f 399/789/789 2137/788/788 4851/1026/1026 2195/1027/1027
f 2137/788/788 400/787/787 2194/1023/1023 4851/1026/1026
f 4851/1026/1026 2194/1023/1023 67/1025/1025 1601/1028/1028
f 2195/1027/1027 4851/1026/1026 1601/1028/1028 68/1029/1029
f 9/1030/1030 2196/1031/1031 4852/1032/1032 1539/1033/1033
f 2196/1031/1031 399/789/789 2195/1027/1027 4852/1032/1032
f 4852/1032/1032 2195/1027/1027 68/1029/1029 1602/1034/1034
f 1539/1033/1033 4852/1032/1032 1602/1034/1034 3/1035/1035
f 10/1036/1036 2197/1037/1037 4853/1038/1038 1540/1039/1039
f 2197/1037/1037 384/731/731 2122/785/785 4853/1038/1038
f 4853/1038/1038 2122/785/785 399/789/789 2196/1031/1031
f 1540/1039/1039 4853/1038/1038 2196/1031/1031 9/1030/1030
f 11/1040/1040 2198/1041/1041 4854/1042/1042 1541/1043/1043
f 2198/1041/1041 369/673/673 2093/727/727 4854/1042/1042
f 4854/1042/1042 2093/727/727 384/731/731 2197/1037/1037
f 1541/1043/1043 4854/1042/1042 2197/1037/1037 10/1036/1036
f 12/1044/1044 2199/1045/1045 4855/1046/1046 1542/1047/1047
f 2199/1045/1045 354/615/615 2064/669/669 4855/1046/1046
f 4855/1046/1046 2064/669/669 369/673/673 2198/1041/1041
f 1542/1047/1047 4855/1046/1046 2198/1041/1041 11/1040/1040
f 13/1048/1048 2200/1049/1049 4856/1050/1050 1543/1051/1051
f 2200/1049/1049 339/557/557 2035/611/611 4856/1050/1050
f 4856/1050/1050 2035/611/611 354/615/615 2199/1045/1045
f 1543/1051/1051 4856/1050/1050 2199/1045/1045 12/1044/1044
f 14/1052/1052 2201/1053/1053 4857/1054/1054 1544/1055/1055
f 2201/1053/1053 324/499/499 2006/553/553 4857/1054/1054
f 4857/1054/1054 2006/553/553 339/557/557 2200/1049/1049
f 1544/1055/1055 4857/1054/1054 2200/1049/1049 13/1048/1048
f 15/1056/1056 2202/1057/1057 4858/1058/1058 1545/1059/1059
f 2202/1057/1057 309/441/441 1977/495/495 4858/1058/1058
f 4858/1058/1058 1977/495/495 324/499/499 2201/1053/1053
f 1545/1059/1059 4858/1058/1058 2201/1053/1053 14/1052/1052
f 16/1060/1060 2203/1061/1061 4859/1062/1062 1546/1063/1063
f 2203/1061/1061 294/383/383 1948/437/437 4859/1062/1062
f 4859/1062/1062 1948/437/437 309/441/441 2202/1057/1057
f 1546/1063/1063 4859/1062/1062 2202/1057/1057 15/1056/1056
f 17/1064/1064 2204/1065/1065 4860/1066/1066 1547/1067/1067
f 2204/1065/1065 279/325/325 1919/379/379 4860/1066/1066
f 4860/1066/1066 1919/379/379 294/383/383 2203/1061/1061
f 1547/1067/1067 4860/1066/1066 2203/1061/1061 16/1060/1060
f 18/1068/1068 2205/1069/1069 4861/1070/1070 1548/1071/1071
f 2205/1069/1069 264/267/267 1890/321/321 4861/1070/1070
f 4861/1070/1070 1890/321/321 279/325/325 2204/1065/1065
f 1548/1071/1071 4861/1070/1070 2204/1065/1065 17/1064/1064
f 19/1072/1072 2206/1073/1073 4862/1074/1074 1549/1075/1075
f 2206/1073/1073 249/209/209 1861/263/263 4862/1074/1074
f 4862/1074/1074 1861/263/263 264/267/267 2205/1069/1069
f 1549/1075/1075 4862/1074/1074 2205/1069/1069 18/1068/1068
f 20/1076/1076 2207/1077/1077 4863/1078/1078 1550/1079/1079
f 2207/1077/1077 234/151/151 1832/205/205 4863/1078/1078
f 4863/1078/1078 1832/205/205 249/209/209 2206/1073/1073
f 1550/1079/1079 4863/1078/1078 2206/1073/1073 19/1072/1072
f 21/1080/1080 2208/1081/1081 4864/1082/1082 1551/1083/1083
f 2208/1081/1081 219/93/93 1803/147/147 4864/1082/1082
f 4864/1082/1082 1803/147/147 234/151/151 2207/1077/1077
f 1551/1083/1083 4864/1082/1082 2207/1077/1077 20/1076/1076
f 22/1084/1084 2209/1085/1085 4865/1086/1086 1552/1087/1087
f 2209/1085/1085 204/9/9 1774/89/89 4865/1086/1086
f 4865/1086/1086 1774/89/89 219/93/93 2208/1081/1081
f 1552/1087/1087 4865/1086/1086 2208/1081/1081 21/1080/1080
f 23/849/849 2210/848/848 4866/1088/1088 1553/1089/1089
f 2210/848/848 189/1/1 1745/4/4 4866/1088/1088
f 4866/1088/1088 1745/4/4 204/9/9 2209/1085/1085
f 1553/1089/1089 4866/1088/1088 2209/1085/1085 22/1084/1084
f 414/1090/1090 2211/1091/1091 4867/1092/1092 2225/1093/1093
f 2211/1091/1091 415/1094/1094 2226/1095/1095 4867/1092/1092
f 4867/1092/1092 2226/1095/1095 430/1096/1096 2240/1097/1097
f 2225/1093/1093 4867/1092/1092 2240/1097/1097 429/1098/1098
f 415/1094/1094 2212/1099/1099 4868/1100/1100 2226/1095/1095
f 2212/1099/1099 416/1101/1101 2227/1102/1102 4868/1100/1100
f 4868/1100/1100 2227/1102/1102 431/1103/1103 2241/1104/1104
f 2226/1095/1095 4868/1100/1100 2241/1104/1104 430/1096/1096
f 416/1101/1101 2213/1105/1105 4869/1106/1106 2227/1102/1102
f 2213/1105/1105 417/1107/1107 2228/1108/1108 4869/1106/1106
f 4869/1106/1106 2228/1108/1108 432/1109/1109 2242/1110/1110
f 2227/1102/1102 4869/1106/1106 2242/1110/1110 431/1103/1103
f 417/1107/1107 2214/1111/1111 4870/1112/1112 2228/1108/1108
f 2214/1111/1111 418/1113/1113 2229/1114/1114 4870/1112/1112
f 4870/1112/1112 2229/1114/1114 433/1115/1115 2243/1116/1116
f 2228/1108/1108 4870/1112/1112 2243/1116/1116 432/1109/1109
f 418/1113/1113 2215/1117/1117 4871/1118/1118 2229/1114/1114
f 2215/1117/1117 419/1119/1119 2230/1120/1120 4871/1118/1118
f 4871/1118/1118 2230/1120/1120 434/1121/1121 2244/1122/1122
f 2229/1114/1114 4871/1118/1118 2244/1122/1122 433/1115/1115
f 419/1119/1119 2216/1123/1123 4872/1124/1124 2230/1120/1120
f 2216/1123/1123 420/1125/1125 2231/1126/1126 4872/1124/1124
f 4872/1124/1124 2231/1126/1126 435/1127/1127 2245/1128/1128
f 2230/1120/1120 4872/1124/1124 2245/1128/1128 434/1121/1121
f 420/1125/1125 2217/1129/1129 4873/1130/1130 2231/1126/1126
f 2217/1129/1129 421/1131/1131 2232/1132/1132 4873/1130/1130
f 4873/1130/1130 2232/1132/1132 436/1133/1133 2246/1134/1134
f 2231/1126/1126 4873/1130/1130 2246/1134/1134 435/1127/1127
f 421/1131/1131 2218/1135/1135 4874/1136/1136 2232/1132/1132
f 2218/1135/1135 422/1137/1137 2233/1138/1138 4874/1136/1136
f 4874/1136/1136 2233/1138/1138 437/1139/1139 2247/1140/1140
f 2232/1132/1132 4874/1136/1136 2247/1140/1140 436/1133/1133
f 422/1137/1137 2219/1141/1141 4875/1142/1142 2233/1138/1138
f 2219/1141/1141 423/1143/1143 2234/1144/1144 4875/1142/1142
f 4875/1142/1142 2234/1144/1144 438/1145/1145 2248/1146/1146
f 2233/1138/1138 4875/1142/1142 2248/1146/1146 437/1139/1139
f 423/1143/1143 2220/1147/1147 4876/1148/1148 2234/1144/1144
f 2220/1147/1147 424/1149/1149 2235/1150/1150 4876/1148/1148
f 4876/1148/1148 2235/1150/1150 439/1151/1151 2249/1152/1152
f 2234/1144/1144 4876/1148/1148 2249/1152/1152 438/1145/1145
f 424/1149/1149 2221/1153/1153 4877/1154/1154 2235/1150/1150
f 2221/1153/1153 425/1155/1155 2236/1156/1156 4877/1154/1154
f 4877/1154/1154 2236/1156/1156 440/1157/1157 2250/1158/1158
f 2235/1150/1150 4877/1154/1154 2250/1158/1158 439/1151/1151
f 425/1155/1155 2222/1159/1159 4878/1160/1160 2236/1156/1156
f 2222/1159/1159 426/1161/1161 2237/1162/1162 4878/1160/1160
f 4878/1160/1160 2237/1162/1162 441/1163/1163 2251/1164/1164
f 2236/1156/1156 4878/1160/1160 2251/1164/1164 440/1157/1157
f 426/1161/1161 2223/1165/1165 4879/1166/1166 2237/1162/1162
f 2223/1165/1165 427/1167/1167 2238/1168/1168 4879/1166/1166
f 4879/1166/1166 2238/1168/1168 442/1169/1169 2252/1170/1170
f 2237/1162/1162 4879/1166/1166 2252/1170/1170 441/1163/1163
f 427/1167/1167 2224/1171/1171 4880/1172/1172 2238/1168/1168
f 2224/1171/1171 428/1173/1173 2239/1174/1174 4880/1172/1172
f 4880/1172/1172 2239/1174/1174 443/1175/1175 2253/1176/1176
f 2238/1168/1168 4880/1172/1172 2253/1176/1176 442/1169/1169
f 429/1098/1098 2240/1097/1097 4881/1177/1177 2254/1178/1178
f 2240/1097/1097 430/1096/1096 2255/1179/1179 4881/1177/1177
f 4881/1177/1177 2255/1179/1179 445/1180/1180 2269/1181/1181
f 2254/1178/1178 4881/1177/1177 2269/1181/1181 444/1182/1182
f 430/1096/1096 2241/1104/1104 4882/1183/1183 2255/1179/1179
f 2241/1104/1104 431/1103/1103 2256/1184/1184 4882/1183/1183
f 4882/1183/1183 2256/1184/1184 446/1185/1185 2270/1186/1186
f 2255/1179/1179 4882/1183/1183 2270/1186/1186 445/1180/1180
f 431/1103/1103 2242/1110/1110 4883/1187/1187 2256/1184/1184
f 2242/1110/1110 432/1109/1109 2257/1188/1188 4883/1187/1187
f 4883/1187/1187 2257/1188/1188 447/1189/1189 2271/1190/1190
f 2256/1184/1184 4883/1187/1187 2271/1190/1190 446/1185/1185
f 432/1109/1109 2243/1116/1116 4884/1191/1191 2257/1188/1188
f 2243/1116/1116 433/1115/1115 2258/1192/1192 4884/1191/1191
f 4884/1191/1191 2258/1192/1192 448/1193/1193 2272/1194/1194
f 2257/1188/1188 4884/1191/1191 2272/1194/1194 447/1189/1189
f 433/1115/1115 2244/1122/1122 4885/1195/1195 2258/1192/1192
f 2244/1122/1122 434/1121/1121 2259/1196/1196 4885/1195/1195
f 4885/1195/1195 2259/1196/1196 449/1197/1197 2273/1198/1198
f 2258/1192/1192 4885/1195/1195 2273/1198/1198 448/1193/1193
f 434/1121/1121 2245/1128/1128 4886/1199/1199 2259/1196/1196
f 2245/1128/1128 435/1127/1127 2260/1200/1200 4886/1199/1199
f 4886/1199/1199 2260/1200/1200 450/1201/1201 2274/1202/1202
f 2259/1196/1196 4886/1199/1199 2274/1202/1202 449/1197/1197
f 435/1127/1127 2246/1134/1134 4887/1203/1203 2260/1200/1200
f 2246/1134/1134 436/1133/1133 2261/1204/1204 4887/1203/1203
f 4887/1203/1203 2261/1204/1204 451/1205/1205 2275/1206/1206
f 2260/1200/1200 4887/1203/1203 2275/1206/1206 450/1201/1201
f 436/1133/1133 2247/1140/1140 4888/1207/1207 2261/1204/1204
f 2247/1140/1140 437/1139/1139 2262/1208/1208 4888/1207/1207
f 4888/1207/1207 2262/1208/1208 452/1209/1209 2276/1210/1210
f 2261/1204/1204 4888/1207/1207 2276/1210/1210 451/1205/1205
f 437/1139/1139 2248/1146/1146 4889/1211/1211 2262/1208/1208
f 2248/1146/1146 438/1145/1145 2263/1212/1212 4889/1211/1211
f 4889/1211/1211 2263/1212/1212 453/1213/1213 2277/1214/1214
f 2262/1208/1208 4889/1211/1211 2277/1214/1214 452/1209/1209
f 438/1145/1145 2249/1152/1152 4890/1215/1215 2263/1212/1212
f 2249/1152/1152 439/1151/1151 2264/1216/1216 4890/1215/1215
f 4890/1215/1215 2264/1216/1216 454/1217/1217 2278/1218/1218
f 2263/1212/1212 4890/1215/1215 2278/1218/1218 453/1213/1213
f 439/1151/1151 2250/1158/1158 4891/1219/1219 2264/1216/1216
f 2250/1158/1158 440/1157/1157 2265/1220/1220 4891/1219/1219
f 4891/1219/1219 2265/1220/1220 455/1221/1221 2279/1222/1222
f 2264/1216/1216 4891/1219/1219 2279/1222/1222 454/1217/1217
f 440/1157/1157 2251/1164/1164 4892/1223/1223 2265/1220/1220
f 2251/1164/1164 441/1163/1163 2266/1224/1224 4892/1223/1223
f 4892/1223/1223 2266/1224/1224 456/1225/1225 2280/1226/1226
f 2265/1220/1220 4892/1223/1223 2280/1226/1226 455/1221/1221
f 441/1163/1163 2252/1170/1170 4893/1227/1227 2266/1224/1224
f 2252/1170/1170 442/1169/1169 2267/1228/1228 4893/1227/1227
f 4893/1227/1227 2267/1228/1228 457/1229/1229 2281/1230/1230
f 2266/1224/1224 4893/1227/1227 2281/1230/1230 456/1225/1225
f 442/1169/1169 2253/1176/1176 4894/1231/1231 2267/1228/1228
f 2253/1176/1176 443/1175/1175 2268/1232/1232 4894/1231/1231
f 4894/1231/1231 2268/1232/1232 458/1233/1233 2282/1234/1234
f 2267/1228/1228 4894/1231/1231 2282/1234/1234 457/1229/1229
f 444/1182/1182 2269/1181/1181 4895/1235/1235 2283/1236/1236
f 2269/1181/1181 445/1180/1180 2284/1237/1237 4895/1235/1235
f 4895/1235/1235 2284/1237/1237 460/1238/1238 2298/1239/1239
f 2283/1236/1236 4895/1235/1235 2298/1239/1239 459/1240/1240
f 445/1180/1180 2270/1186/1186 4896/1241/1241 2284/1237/1237
f 2270/1186/1186 446/1185/1185 2285/1242/1242 4896/1241/1241
f 4896/1241/1241 2285/1242/1242 461/1243/1243 2299/1244/1244
f 2284/1237/1237 4896/1241/1241 2299/1244/1244 460/1238/1238
f 446/1185/1185 2271/1190/1190 4897/1245/1245 2285/1242/1242
f 2271/1190/1190 447/1189/1189 2286/1246/1246 4897/1245/1245
f 4897/1245/1245 2286/1246/1246 462/1247/1247 2300/1248/1248
f 2285/1242/1242 4897/1245/1245 2300/1248/1248 461/1243/1243
f 447/1189/1189 2272/1194/1194 4898/1249/1249 2286/1246/1246
f 2272/1194/1194 448/1193/1193 2287/1250/1250 4898/1249/1249
f 4898/1249/1249 2287/1250/1250 463/1251/1251 2301/1252/1252
f 2286/1246/1246 4898/1249/1249 2301/1252/1252 462/1247/1247
f 448/1193/1193 2273/1198/1198 4899/1253/1253 2287/1250/1250
f 2273/1198/1198 449/1197/1197 2288/1254/1254 4899/1253/1253
f 4899/1253/1253 2288/1254/1254 464/1255/1255 2302/1256/1256
f 2287/1250/1250 4899/1253/1253 2302/1256/1256 463/1251/1251
f 449/1197/1197 2274/1202/1202 4900/1257/1257 2288/1254/1254
f 2274/1202/1202 450/1201/1201 2289/1258/1258 4900/1257/1257
f 4900/1257/1257 2289/1258/1258 465/1259/1259 2303/1260/1260
f 2288/1254/1254 4900/1257/1257 2303/1260/1260 464/1255/1255
f 450/1201/1201 2275/1206/1206 4901/1261/1261 2289/1258/1258
f 2275/1206/1206 451/1205/1205 2290/1262/1262 4901/1261/1261
f 4901/1261/1261 2290/1262/1262 466/1263/1263 2304/1264/1264
f 2289/1258/1258 4901/1261/1261 2304/1264/1264 465/1259/1259
f 451/1205/1205 2276/1210/1210 4902/1265/1265 2290/1262/1262
f 2276/1210/1210 452/1209/1209 2291/1266/1266 4902/1265/1265
f 4902/1265/1265 2291/1266/1266 467/1267/1267 2305/1268/1268
f 2290/1262/1262 4902/1265/1265 2305/1268/1268 466/1263/1263
f 452/1209/1209 2277/1214/1214 4903/1269/1269 2291/1266/1266
f 2277/1214/1214 453/1213/1213 2292/1270/1270 4903/1269/1269
f 4903/1269/1269 2292/1270/1270 468/1271/1271 2306/1272/1272
f 2291/1266/1266 4903/1269/1269 2306/1272/1272 467/1267/1267
f 453/1213/1213 2278/1218/1218 4904/1273/1273 2292/1270/1270
f 2278/1218/1218 454/1217/1217 2293/1274/1274 4904/1273/1273
f 4904/1273/1273 2293/1274/1274 469/1275/1275 2307/1276/1276
f 2292/1270/1270 4904/1273/1273 2307/1276/1276 468/1271/1271
f 454/1217/1217 2279/1222/1222 4905/1277/1277 2293/1274/1274
f 2279/1222/1222 455/1221/1221 2294/1278/1278 4905/1277/1277
f 4905/1277/1277 2294/1278/1278 470/1279/1279 2308/1280/1280
f 2293/1274/1274 4905/1277/1277 2308/1280/1280 469/1275/1275
f 455/1221/1221 2280/1226/1226 4906/1281/1281 2294/1278/1278
f 2280/1226/1226 456/1225/1225 2295/1282/1282 4906/1281/1281
f 4906/1281/1281 2295/1282/1282 471/1283/1283 2309/1284/1284
f 2294/1278/1278 4906/1281/1281 2309/1284/1284 470/1279/1279
f 456/1225/1225 2281/1230/1230 4907/1285/1285 2295/1282/1282
f 2281/1230/1230 457/1229/1229 2296/1286/1286 4907/1285/1285
f 4907/1285/1285 2296/1286/1286 472/1287/1287 2310/1288/1288
f 2295/1282/1282 4907/1285/1285 2310/1288/1288 471/1283/1283
f 457/1229/1229 2282/1234/1234 4908/1289/1289 2296/1286/1286
f 2282/1234/1234 458/1233/1233 2297/1290/1290 4908/1289/1289
f 4908/1289/1289 2297/1290/1290 473/1291/1291 2311/1292/1292
f 2296/1286/1286 4908/1289/1289 2311/1292/1292 472/1287/1287
f 459/1240/1240 2298/1239/1239 4909/1293/1293 2312/1294/1294
f 2298/1239/1239 460/1238/1238 2313/1295/1295 4909/1293/1293
f 4909/1293/1293 2313/1295/1295 475/1296/1296 2327/1297/1297
f 2312/1294/1294 4909/1293/1293 2327/1297/1297 474/1298/1298
f 460/1238/1238 2299/1244/1244 4910/1299/1299 2313/1295/1295
f 2299/1244/1244 461/1243/1243 2314/1300/1300 4910/1299/1299
f 4910/1299/1299 2314/1300/1300 476/1301/1301 2328/1302/1302
f 2313/1295/1295 4910/1299/1299 2328/1302/1302 475/1296/1296
f 461/1243/1243 2300/1248/1248 4911/1303/1303 2314/1300/1300
f 2300/1248/1248 462/1247/1247 2315/1304/1304 4911/1303/1303
f 4911/1303/1303 2315/1304/1304 477/1305/1305 2329/1306/1306
f 2314/1300/1300 4911/1303/1303 2329/1306/1306 476/1301/1301
f 462/1247/1247 2301/1252/1252 4912/1307/1307 2315/1304/1304
f 2301/1252/1252 463/1251/1251 2316/1308/1308 4912/1307/1307
f 4912/1307/1307 2316/1308/1308 478/1309/1309 2330/1310/1310
f 2315/1304/1304 4912/1307/1307 2330/1310/1310 477/1305/1305
f 463/1251/1251 2302/1256/1256 4913/1311/1311 2316/1308/1308
f 2302/1256/1256 464/1255/1255 2317/1312/1312 4913/1311/1311
f 4913/1311/1311 2317/1312/1312 479/1313/1313 2331/1314/1314
f 2316/1308/1308 4913/1311/1311 2331/1314/1314 478/1309/1309
f 464/1255/1255 2303/1260/1260 4914/1315/1315 2317/1312/1312
f 2303/1260/1260 465/1259/1259 2318/1316/1316 4914/1315/1315
f 4914/1315/1315 2318/1316/1316 480/1317/1317 2332/1318/1318
f 2317/1312/1312 4914/1315/1315 2332/1318/1318 479/1313/1313
f 465/1259/1259 2304/1264/1264 4915/1319/1319 2318/1316/1316
f 2304/1264/1264 466/1263/1263 2319/1320/1320 4915/1319/1319
f 4915/1319/1319 2319/1320/1320 481/1321/1321 2333/1322/1322
f 2318/1316/1316 4915/1319/1319 2333/1322/1322 480/1317/1317
f 466/1263/1263 2305/1268/1268 4916/1323/1323 2319/1320/1320
f 2305/1268/1268 467/1267/1267 2320/1324/1324 4916/1323/1323
f 4916/1323/1323 2320/1324/1324 482/1325/1325 2334/1326/1326
f 2319/1320/1320 4916/1323/1323 2334/1326/1326 481/1321/1321
f 467/1267/1267 2306/1272/1272 4917/1327/1327 2320/1324/1324
f 2306/1272/1272 468/1271/1271 2321/1328/1328 4917/1327/1327
f 4917/1327/1327 2321/1328/1328 483/1329/1329 2335/1330/1330
f 2320/1324/1324 4917/1327/1327 2335/1330/1330 482/1325/1325
f 468/1271/1271 2307/1276/1276 4918/1331/1331 2321/1328/1328
f 2307/1276/1276 469/1275/1275 2322/1332/1332 4918/1331/1331
f 4918/1331/1331 2322/1332/1332 484/1333/1333 2336/1334/1334
f 2321/1328/1328 4918/1331/1331 2336/1334/1334 483/1329/1329
f 469/1275/1275 2308/1280/1280 4919/1335/1335 2322/1332/1332
f 2308/1280/1280 470/1279/1279 2323/1336/1336 4919/1335/1335
f 4919/1335/1335 2323/1336/1336 485/1337/1337 2337/1338/1338
f 2322/1332/1332 4919/1335/1335 2337/1338/1338 484/1333/1333
f 470/1279/1279 2309/1284/1284 4920/1339/1339 2323/1336/1336
f 2309/1284/1284 471/1283/1283 2324/1340/1340 4920/1339/1339
f 4920/1339/1339 2324/1340/1340 486/1341/1341 2338/1342/1342
f 2323/1336/1336 4920/1339/1339 2338/1342/1342 485/1337/1337
f 471/1283/1283 2310/1288/1288 4921/1343/1343 2324/1340/1340
f 2310/1288/1288 472/1287/1287 2325/1344/1344 4921/1343/1343
f 4921/1343/1343 2325/1344/1344 487/1345/1345 2339/1346/1346
f 2324/1340/1340 4921/1343/1343 2339/1346/1346 486/1341/1341
f 472/1287/1287 2311/1292/1292 4922/1347/1347 2325/1344/1344
f 2311/1292/1292 473/1291/1291 2326/1348/1348 4922/1347/1347
f 4922/1347/1347 2326/1348/1348 488/1349/1349 2340/1350/1350
f 2325/1344/1344 4922/1347/1347 2340/1350/1350 487/1345/1345
f 474/1298/1298 2327/1297/1297 4923/1351/1351 2341/1352/1352
f 2327/1297/1297 475/1296/1296 2342/1353/1353 4923/1351/1351
f 4923/1351/1351 2342/1353/1353 490/1354/1354 2356/1355/1355
f 2341/1352/1352 4923/1351/1351 2356/1355/1355 489/1356/1356
f 475/1296/1296 2328/1302/1302 4924/1357/1357 2342/1353/1353
f 2328/1302/1302 476/1301/1301 2343/1358/1358 4924/1357/1357
f 4924/1357/1357 2343/1358/1358 491/1359/1359 2357/1360/1360
f 2342/1353/1353 4924/1357/1357 2357/1360/1360 490/1354/1354
f 476/1301/1301 2329/1306/1306 4925/1361/1361 2343/1358/1358
f 2329/1306/1306 477/1305/1305 2344/1362/1362 4925/1361/1361
f 4925/1361/1361 2344/1362/1362 492/1363/1363 2358/1364/1364
f 2343/1358/1358 4925/1361/1361 2358/1364/1364 491/1359/1359
f 477/1305/1305 2330/1310/1310 4926/1365/1365 2344/1362/1362
f 2330/1310/1310 478/1309/1309 2345/1366/1366 4926/1365/1365
f 4926/1365/1365 2345/1366/1366 493/1367/1367 2359/1368/1368
f 2344/1362/1362 4926/1365/1365 2359/1368/1368 492/1363/1363
f 478/1309/1309 2331/1314/1314 4927/1369/1369 2345/1366/1366
f 2331/1314/1314 479/1313/1313 2346/1370/1370 4927/1369/1369
f 4927/1369/1369 2346/1370/1370 494/1371/1371 2360/1372/1372
f 2345/1366/1366 4927/1369/1369 2360/1372/1372 493/1367/1367
f 479/1313/1313 2332/1318/1318 4928/1373/1373 2346/1370/1370
f 2332/1318/1318 480/1317/1317 2347/1374/1374 4928/1373/1373
f 4928/1373/1373 2347/1374/1374 495/1375/1375 2361/1376/1376
f 2346/1370/1370 4928/1373/1373 2361/1376/1376 494/1371/1371
f 480/1317/1317 2333/1322/1322 4929/1377/1377 2347/1374/1374
f 2333/1322/1322 481/1321/1321 2348/1378/1378 4929/1377/1377
f 4929/1377/1377 2348/1378/1378 496/1379/1379 2362/1380/1380
f 2347/1374/1374 4929/1377/1377 2362/1380/1380 495/1375/1375
f 481/1321/1321 2334/1326/1326 4930/1381/1381 2348/1378/1378
f 2334/1326/1326 482/1325/1325 2349/1382/1382 4930/1381/1381
f 4930/1381/1381 2349/1382/1382 497/1383/1383 2363/1384/1384
f 2348/1378/1378 4930/1381/1381 2363/1384/1384 496/1379/1379
f 482/1325/1325 2335/1330/1330 4931/1385/1385 2349/1382/1382
f 2335/1330/1330 483/1329/1329 2350/1386/1386 4931/1385/1385
f 4931/1385/1385 2350/1386/1386 498/1387/1387 2364/1388/1388
f 2349/1382/1382 4931/1385/1385 2364/1388/1388 497/1383/1383
f 483/1329/1329 2336/1334/1334 4932/1389/1389 2350/1386/1386
f 2336/1334/1334 484/1333/1333 2351/1390/1390 4932/1389/1389
f 4932/1389/1389 2351/1390/1390 499/1391/1391 2365/1392/1392
f 2350/1386/1386 4932/1389/1389 2365/1392/1392 498/1387/1387
f 484/1333/1333 2337/1338/1338 4933/1393/1393 2351/1390/1390
f 2337/1338/1338 485/1337/1337 2352/1394/1394 4933/1393/1393
f 4933/1393/1393 2352/1394/1394 500/1395/1395 2366/1396/1396
f 2351/1390/1390 4933/1393/1393 2366/1396/1396 499/1391/1391
f 485/1337/1337 2338/1342/1342 4934/1397/1397 2352/1394/1394
f 2338/1342/1342 486/1341/1341 2353/1398/1398 4934/1397/1397
f 4934/1397/1397 2353/1398/1398 501/1399/1399 2367/1400/1400
f 2352/1394/1394 4934/1397/1397 2367/1400/1400 500/1395/1395
f 486/1341/1341 2339/1346/1346 4935/1401/1401 2353/1398/1398
f 2339/1346/1346 487/1345/1345 2354/1402/1402 4935/1401/1401
f 4935/1401/1401 2354/1402/1402 502/1403/1403 2368/1404/1404
f 2353/1398/1398 4935/1401/1401 2368/1404/1404 501/1399/1399
f 487/1345/1345 2340/1350/1350 4936/1405/1405 2354/1402/1402
f 2340/1350/1350 488/1349/1349 2355/1406/1406 4936/1405/1405
f 4936/1405/1405 2355/1406/1406 503/1407/1407 2369/1408/1408
f 2354/1402/1402 4936/1405/1405 2369/1408/1408 502/1403/1403
f 489/1356/1356 2356/1355/1355 4937/1409/1409 2370/1410/1410
f 2356/1355/1355 490/1354/1354 2371/1411/1411 4937/1409/1409
f 4937/1409/1409 2371/1411/1411 505/1412/1412 2385/1413/1413
f 2370/1410/1410 4937/1409/1409 2385/1413/1413 504/1414/1414
f 490/1354/1354 2357/1360/1360 4938/1415/1415 2371/1411/1411
f 2357/1360/1360 491/1359/1359 2372/1416/1416 4938/1415/1415
f 4938/1415/1415 2372/1416/1416 506/1417/1417 2386/1418/1418
f 2371/1411/1411 4938/1415/1415 2386/1418/1418 505/1412/1412
f 491/1359/1359 2358/1364/1364 4939/1419/1419 2372/1416/1416
f 2358/1364/1364 492/1363/1363 2373/1420/1420 4939/1419/1419
f 4939/1419/1419 2373/1420/1420 507/1421/1421 2387/1422/1422
f 2372/1416/1416 4939/1419/1419 2387/1422/1422 506/1417/1417
f 492/1363/1363 2359/1368/1368 4940/1423/1423 2373/1420/1420
f 2359/1368/1368 493/1367/1367 2374/1424/1424 4940/1423/1423
f 4940/1423/1423 2374/1424/1424 508/1425/1425 2388/1426/1426
f 2373/1420/1420 4940/1423/1423 2388/1426/1426 507/1421/1421
f 493/1367/1367 2360/1372/1372 4941/1427/1427 2374/1424/1424
f 2360/1372/1372 494/1371/1371 2375/1428/1428 4941/1427/1427
f 4941/1427/1427 2375/1428/1428 509/1429/1429 2389/1430/1430
f 2374/1424/1424 4941/1427/1427 2389/1430/1430 508/1425/1425
f 494/1371/1371 2361/1376/1376 4942/1431/1431 2375/1428/1428
f 2361/1376/1376 495/1375/1375 2376/1432/1432 4942/1431/1431
f 4942/1431/1431 2376/1432/1432 510/1433/1433 2390/1434/1434
f 2375/1428/1428 4942/1431/1431 2390/1434/1434 509/1429/1429
f 495/1375/1375 2362/1380/1380 4943/1435/1435 2376/1432/1432
f 2362/1380/1380 496/1379/1379 2377/1436/1436 4943/1435/1435
f 4943/1435/1435 2377/1436/1436 511/1437/1437 2391/1438/1438
f 2376/1432/1432 4943/1435/1435 2391/1438/1438 510/1433/1433
f 496/1379/1379 2363/1384/1384 4944/1439/1439 2377/1436/1436
f 2363/1384/1384 497/1383/1383 2378/1440/1440 4944/1439/1439
f 4944/1439/1439 2378/1440/1440 512/1441/1441 2392/1442/1442
f 2377/1436/1436 4944/1439/1439 2392/1442/1442 511/1437/1437
f 497/1383/1383 2364/1388/1388 4945/1443/1443 2378/1440/1440
f 2364/1388/1388 498/1387/1387 2379/1444/1444 4945/1443/1443
f 4945/1443/1443 2379/1444/1444 513/1445/1445 2393/1446/1446
f 2378/1440/1440 4945/1443/1443 2393/1446/1446 512/1441/1441
f 498/1387/1387 2365/1392/1392 4946/1447/1447 2379/1444/1444
f 2365/1392/1392 499/1391/1391 2380/1448/1448 4946/1447/1447
f 4946/1447/1447 2380/1448/1448 514/1449/1449 2394/1450/1450
f 2379/1444/1444 4946/1447/1447 2394/1450/1450 513/1445/1445
f 499/1391/1391 2366/1396/1396 4947/1451/1451 2380/1448/1448
f 2366/1396/1396 500/1395/1395 2381/1452/1452 4947/1451/1451
f 4947/1451/1451 2381/1452/1452 515/1453/1453 2395/1454/1454
f 2380/1448/1448 4947/1451/1451 2395/1454/1454 514/1449/1449
f 500/1395/1395 2367/1400/1400 4948/1455/1455 2381/1452/1452
f 2367/1400/1400 501/1399/1399 2382/1456/1456 4948/1455/1455
f 4948/1455/1455 2382/1456/1456 516/1457/1457 2396/1458/1458
f 2381/1452/1452 4948/1455/1455 2396/1458/1458 515/1453/1453
f 501/1399/1399 2368/1404/1404 4949/1459/1459 2382/1456/1456
f 2368/1404/1404 502/1403/1403 2383/1460/1460 4949/1459/1459
f 4949/1459/1459 2383/1460/1460 517/1461/1461 2397/1462/1462
f 2382/1456/1456 4949/1459/1459 2397/1462/1462 516/1457/1457
f 502/1403/1403 2369/1408/1408 4950/1463/1463 2383/1460/1460
f 2369/1408/1408 503/1407/1407 2384/1464/1464 4950/1463/1463
f 4950/1463/1463 2384/1464/1464 518/1465/1465 2398/1466/1466
f 2383/1460/1460 4950/1463/1463 2398/1466/1466 517/1461/1461
f 504/1414/1414 2385/1413/1413 4951/1467/1467 2399/1468/1468
f 2385/1413/1413 505/1412/1412 2400/1469/1469 4951/1467/1467
f 4951/1467/1467 2400/1469/1469 520/1470/1470 2414/1471/1471
f 2399/1468/1468 4951/1467/1467 2414/1471/1471 519/1472/1472
f 505/1412/1412 2386/1418/1418 4952/1473/1473 2400/1469/1469
f 2386/1418/1418 506/1417/1417 2401/1474/1474 4952/1473/1473
f 4952/1473/1473 2401/1474/1474 521/1475/1475 2415/1476/1476
f 2400/1469/1469 4952/1473/1473 2415/1476/1476 520/1470/1470
f 506/1417/1417 2387/1422/1422 4953/1477/1477 2401/1474/1474
f 2387/1422/1422 507/1421/1421 2402/1478/1478 4953/1477/1477
f 4953/1477/1477 2402/1478/1478 522/1479/1479 2416/1480/1480
f 2401/1474/1474 4953/1477/1477 2416/1480/1480 521/1475/1475
f 507/1421/1421 2388/1426/1426 4954/1481/1481 2402/1478/1478
f 2388/1426/1426 508/1425/1425 2403/1482/1482 4954/1481/1481
f 4954/1481/1481 2403/1482/1482 523/1483/1483 2417/1484/1484
f 2402/1478/1478 4954/1481/1481 2417/1484/1484 522/1479/1479
f 508/1425/1425 2389/1430/1430 4955/1485/1485 2403/1482/1482
f 2389/1430/1430 509/1429/1429 2404/1486/1486 4955/1485/1485
f 4955/1485/1485 2404/1486/1486 524/1487/1487 2418/1488/1488
f 2403/1482/1482 4955/1485/1485 2418/1488/1488 523/1483/1483
f 509/1429/1429 2390/1434/1434 4956/1489/1489 2404/1486/1486
f 2390/1434/1434 510/1433/1433 2405/1490/1490 4956/1489/1489
f 4956/1489/1489 2405/1490/1490 525/1491/1491 2419/1492/1492
f 2404/1486/1486 4956/1489/1489 2419/1492/1492 524/1487/1487
f 510/1433/1433 2391/1438/1438 4957/1493/1493 2405/1490/1490
f 2391/1438/1438 511/1437/1437 2406/1494/1494 4957/1493/1493
f 4957/1493/1493 2406/1494/1494 526/1495/1495 2420/1496/1496
f 2405/1490/1490 4957/1493/1493 2420/1496/1496 525/1491/1491
f 511/1437/1437 2392/1442/1442 4958/1497/1497 2406/1494/1494
f 2392/1442/1442 512/1441/1441 2407/1498/1498 4958/1497/1497
f 4958/1497/1497 2407/1498/1498 527/1499/1499 2421/1500/1500
f 2406/1494/1494 4958/1497/1497 2421/1500/1500 526/1495/1495
f 512/1441/1441 2393/1446/1446 4959/1501/1501 2407/1498/1498
f 2393/1446/1446 513/1445/1445 2408/1502/1502 4959/1501/1501
f 4959/1501/1501 2408/1502/1502 528/1503/1503 2422/1504/1504
f 2407/1498/1498 4959/1501/1501 2422/1504/1504 527/1499/1499
f 513/1445/1445 2394/1450/1450 4960/1505/1505 2408/1502/1502
f 2394/1450/1450 514/1449/1449 2409/1506/1506 4960/1505/1505
f 4960/1505/1505 2409/1506/1506 529/1507/1507 2423/1508/1508
f 2408/1502/1502 4960/1505/1505 2423/1508/1508 528/1503/1503
f 514/1449/1449 2395/1454/1454 4961/1509/1509 2409/1506/1506
f 2395/1454/1454 515/1453/1453 2410/1510/1510 4961/1509/1509
f 4961/1509/1509 2410/1510/1510 530/1511/1511 2424/1512/1512
f 2409/1506/1506 4961/1509/1509 2424/1512/1512 529/1507/1507
f 515/1453/1453 2396/1458/1458 4962/1513/1513 2410/1510/1510
f 2396/1458/1458 516/1457/1457 2411/1514/1514 4962/1513/1513
f 4962/1513/1513 2411/1514/1514 531/1515/1515 2425/1516/1516
f 2410/1510/1510 4962/1513/1513 2425/1516/1516 530/1511/1511
f 516/1457/1457 2397/1462/1462 4963/1517/1517 2411/1514/1514
f 2397/1462/1462 517/1461/1461 2412/1518/1518 4963/1517/1517
f 4963/1517/1517 2412/1518/1518 532/1519/1519 2426/1520/1520
f 2411/1514/1514 4963/1517/1517 2426/1520/1520 531/1515/1515
f 517/1461/1461 2398/1466/1466 4964/1521/1521 2412/1518/1518
f 2398/1466/1466 518/1465/1465 2413/1522/1522 4964/1521/1521
f 4964/1521/1521 2413/1522/1522 533/1523/1523 2427/1524/1524
f 2412/1518/1518 4964/1521/1521 2427/1524/1524 532/1519/1519
f 519/1472/1472 2414/1471/1471 4965/1525/1525 2428/1526/1526
f 2414/1471/1471 520/1470/1470 2429/1527/1527 4965/1525/1525
f 4965/1525/1525 2429/1527/1527 535/1528/1528 2443/1529/1529
f 2428/1526/1526 4965/1525/1525 2443/1529/1529 534/1530/1530
f 520/1470/1470 2415/1476/1476 4966/1531/1531 2429/1527/1527
f 2415/1476/1476 521/1475/1475 2430/1532/1532 4966/1531/1531
f 4966/1531/1531 2430/1532/1532 536/1533/1533 2444/1534/1534
f 2429/1527/1527 4966/1531/1531 2444/1534/1534 535/1528/1528
f 521/1475/1475 2416/1480/1480 4967/1535/1535 2430/1532/1532
f 2416/1480/1480 522/1479/1479 2431/1536/1536 4967/1535/1535
f 4967/1535/1535 2431/1536/1536 537/1537/1537 2445/1538/1538
f 2430/1532/1532 4967/1535/1535 2445/1538/1538 536/1533/1533
f 522/1479/1479 2417/1484/1484 4968/1539/1539 2431/1536/1536
f 2417/1484/1484 523/1483/1483 2432/1540/1540 4968/1539/1539
f 4968/1539/1539 2432/1540/1540 538/1541/1541 2446/1542/1542
f 2431/1536/1536 4968/1539/1539 2446/1542/1542 537/1537/1537
f 523/1483/1483 2418/1488/1488 4969/1543/1543 2432/1540/1540
f 2418/1488/1488 524/1487/1487 2433/1544/1544 4969/1543/1543
f 4969/1543/1543 2433/1544/1544 539/1545/1545 2447/1546/1546
f 2432/1540/1540 4969/1543/1543 2447/1546/1546 538/1541/1541
f 524/1487/1487 2419/1492/1492 4970/1547/1547 2433/1544/1544
f 2419/1492/1492 525/1491/1491 2434/1548/1548 4970/1547/1547
f 4970/1547/1547 2434/1548/1548 540/1549/1549 2448/1550/1550
f 2433/1544/1544 4970/1547/1547 2448/1550/1550 539/1545/1545
f 525/1491/1491 2420/1496/1496 4971/1551/1551 2434/1548/1548
f 2420/1496/1496 526/1495/1495 2435/1552/1552 4971/1551/1551
f 4971/1551/1551 2435/1552/1552 541/1553/1553 2449/1554/1554
f 2434/1548/1548 4971/1551/1551 2449/1554/1554 540/1549/1549
f 526/1495/1495 2421/1500/1500 4972/1555/1555 2435/1552/1552
f 2421/1500/1500 527/1499/1499 2436/1556/1556 4972/1555/1555
f 4972/1555/1555 2436/1556/1556 542/1557/1557 2450/1558/1558
f 2435/1552/1552 4972/1555/1555 2450/1558/1558 541/1553/1553
f 527/1499/1499 2422/1504/1504 4973/1559/1559 2436/1556/1556
f 2422/1504/1504 528/1503/1503 2437/1560/1560 4973/1559/1559
f 4973/1559/1559 2437/1560/1560 543/1561/1561 2451/1562/1562
f 2436/1556/1556 4973/1559/1559 2451/1562/1562 542/1557/1557
f 528/1503/1503 2423/1508/1508 4974/1563/1563 2437/1560/1560
f 2423/1508/1508 529/1507/1507 2438/1564/1564 4974/1563/1563
f 4974/1563/1563 2438/1564/1564 544/1565/1565 2452/1566/1566
f 2437/1560/1560 4974/1563/1563 2452/1566/1566 543/1561/1561
f 529/1507/1507 2424/1512/1512 4975/1567/1567 2438/1564/1564
f 2424/1512/1512 530/1511/1511 2439/1568/1568 4975/1567/1567
f 4975/1567/1567 2439/1568/1568 545/1569/1569 2453/1570/1570
f 2438/1564/1564 4975/1567/1567 2453/1570/1570 544/1565/1565
f 530/1511/1511 2425/1516/1516 4976/1571/1571 2439/1568/1568
f 2425/1516/1516 531/1515/1515 2440/1572/1572 4976/1571/1571
f 4976/1571/1571 2440/1572/1572 546/1573/1573 2454/1574/1574
f 2439/1568/1568 4976/1571/1571 2454/1574/1574 545/1569/1569
f 531/1515/1515 2426/1520/1520 4977/1575/1575 2440/1572/1572
f 2426/1520/1520 532/1519/1519 2441/1576/1576 4977/1575/1575
f 4977/1575/1575 2441/1576/1576 547/1577/1577 2455/1578/1578
f 2440/1572/1572 4977/1575/1575 2455/1578/1578 546/1573/1573
f 532/1519/1519 2427/1524/1524 4978/1579/1579 2441/1576/1576
f 2427/1524/1524 533/1523/1523 2442/1580/1580 4978/1579/1579
f 4978/1579/1579 2442/1580/1580 548/1581/1581 2456/1582/1582
f 2441/1576/1576 4978/1579/1579 2456/1582/1582 547/1577/1577
f 534/1530/1530 2443/1529/1529 4979/1583/1583 2457/1584/1584
f 2443/1529/1529 535/1528/1528 2458/1585/1585 4979/1583/1583
f 4979/1583/1583 2458/1585/1585 550/1586/1586 2472/1587/1587
f 2457/1584/1584 4979/1583/1583 2472/1587/1587 549/1588/1588
f 535/1528/1528 2444/1534/1534 4980/1589/1589 2458/1585/1585
f 2444/1534/1534 536/1533/1533 2459/1590/1590 4980/1589/1589
f 4980/1589/1589 2459/1590/1590 551/1591/1591 2473/1592/1592
f 2458/1585/1585 4980/1589/1589 2473/1592/1592 550/1586/1586
f 536/1533/1533 2445/1538/1538 4981/1593/1593 2459/1590/1590
f 2445/1538/1538 537/1537/1537 2460/1594/1594 4981/1593/1593
f 4981/1593/1593 2460/1594/1594 552/1595/1595 2474/1596/1596
f 2459/1590/1590 4981/1593/1593 2474/1596/1596 551/1591/1591
f 537/1537/1537 2446/1542/1542 4982/1597/1597 2460/1594/1594
f 2446/1542/1542 538/1541/1541 2461/1598/1598 4982/1597/1597
f 4982/1597/1597 2461/1598/1598 553/1599/1599 2475/1600/1600
f 2460/1594/1594 4982/1597/1597 2475/1600/1600 552/1595/1595
f 538/1541/1541 2447/1546/1546 4983/1601/1601 2461/1598/1598
f 2447/1546/1546 539/1545/1545 2462/1602/1602 4983/1601/1601
f 4983/1601/1601 2462/1602/1602 554/1603/1603 2476/1604/1604
f 2461/1598/1598 4983/1601/1601 2476/1604/1604 553/1599/1599
f 539/1545/1545 2448/1550/1550 4984/1605/1605 2462/1602/1602
f 2448/1550/1550 540/1549/1549 2463/1606/1606 4984/1605/1605
f 4984/1605/1605 2463/1606/1606 555/1607/1607 2477/1608/1608
f 2462/1602/1602 4984/1605/1605 2477/1608/1608 554/1603/1603
f 540/1549/1549 2449/1554/1554 4985/1609/1609 2463/1606/1606
f 2449/1554/1554 541/1553/1553 2464/1610/1610 4985/1609/1609
f 4985/1609/1609 2464/1610/1610 556/1611/1611 2478/1612/1612
f 2463/1606/1606 4985/1609/1609 2478/1612/1612 555/1607/1607
f 541/1553/1553 2450/1558/1558 4986/1613/1613 2464/1610/1610
f 2450/1558/1558 542/1557/1557 2465/1614/1614 4986/1613/1613
f 4986/1613/1613 2465/1614/1614 557/1615/1615 2479/1616/1616
f 2464/1610/1610 4986/1613/1613 2479/1616/1616 556/1611/1611
f 542/1557/1557 2451/1562/1562 4987/1617/1617 2465/1614/1614
f 2451/1562/1562 543/1561/1561 2466/1618/1618 4987/1617/1617
f 4987/1617/1617 2466/1618/1618 558/1619/1619 2480/1620/1620
f 2465/1614/1614 4987/1617/1617 2480/1620/1620 557/1615/1615
f 543/1561/1561 2452/1566/1566 4988/1621/1621 2466/1618/1618
f 2452/1566/1566 544/1565/1565 2467/1622/1622 4988/1621/1621
f 4988/1621/1621 2467/1622/1622 559/1623/1623 2481/1624/1624
f 2466/1618/1618 4988/1621/1621 2481/1624/1624 558/1619/1619
f 544/1565/1565 2453/1570/1570 4989/1625/1625 2467/1622/1622
f 2453/1570/1570 545/1569/1569 2468/1626/1626 4989/1625/1625
f 4989/1625/1625 2468/1626/1626 560/1627/1627 2482/1628/1628
f 2467/1622/1622 4989/1625/1625 2482/1628/1628 559/1623/1623
f 545/1569/1569 2454/1574/1574 4990/1629/1629 2468/1626/1626
f 2454/1574/1574 546/1573/1573 2469/1630/1630 4990/1629/1629
f 4990/1629/1629 2469/1630/1630 561/1631/1631 2483/1632/1632
f 2468/1626/1626 4990/1629/1629 2483/1632/1632 560/1627/1627
f 546/1573/1573 2455/1578/1578 4991/1633/1633 2469/1630/1630
f 2455/1578/1578 547/1577/1577 2470/1634/1634 4991/1633/1633
f 4991/1633/1633 2470/1634/1634 562/1635/1635 2484/1636/1636
f 2469/1630/1630 4991/1633/1633 2484/1636/1636 561/1631/1631
f 547/1577/1577 2456/1582/1582 4992/1637/1637 2470/1634/1634
f 2456/1582/1582 548/1581/1581 2471/1638/1638 4992/1637/1637
f 4992/1637/1637 2471/1638/1638 563/1639/1639 2485/1640/1640
f 2470/1634/1634 4992/1637/1637 2485/1640/1640 562/1635/1635
f 549/1588/1588 2472/1587/1587 4993/1641/1641 2486/1642/1642
f 2472/1587/1587 550/1586/1586 2487/1643/1643 4993/1641/1641
f 4993/1641/1641 2487/1643/1643 565/1644/1644 2501/1645/1645
f 2486/1642/1642 4993/1641/1641 2501/1645/1645 564/1646/1646
f 550/1586/1586 2473/1592/1592 4994/1647/1647 2487/1643/1643
f 2473/1592/1592 551/1591/1591 2488/1648/1648 4994/1647/1647
f 4994/1647/1647 2488/1648/1648 566/1649/1649 2502/1650/1650
f 2487/1643/1643 4994/1647/1647 2502/1650/1650 565/1644/1644
f 551/1591/1591 2474/1596/1596 4995/1651/1651 2488/1648/1648
f 2474/1596/1596 552/1595/1595 2489/1652/1652 4995/1651/1651
f 4995/1651/1651 2489/1652/1652 567/1653/1653 2503/1654/1654
f 2488/1648/1648 4995/1651/1651 2503/1654/1654 566/1649/1649
f 552/1595/1595 2475/1600/1600 4996/1655/1655 2489/1652/1652
f 2475/1600/1600 553/1599/1599 2490/1656/1656 4996/1655/1655
f 4996/1655/1655 2490/1656/1656 568/1657/1657 2504/1658/1658
f 2489/1652/1652 4996/1655/1655 2504/1658/1658 567/1653/1653
f 553/1599/1599 2476/1604/1604 4997/1659/1659 2490/1656/1656
f 2476/1604/1604 554/1603/1603 2491/1660/1660 4997/1659/1659
f 4997/1659/1659 2491/1660/1660 569/1661/1661 2505/1662/1662
f 2490/1656/1656 4997/1659/1659 2505/1662/1662 568/1657/1657
f 554/1603/1603 2477/1608/1608 4998/1663/1663 2491/1660/1660
f 2477/1608/1608 555/1607/1607 2492/1664/1664 4998/1663/1663
f 4998/1663/1663 2492/1664/1664 570/1665/1665 2506/1666/1666
f 2491/1660/1660 4998/1663/1663 2506/1666/1666 569/1661/1661
f 555/1607/1607 2478/1612/1612 4999/1667/1667 2492/1664/1664
f 2478/1612/1612 556/1611/1611 2493/1668/1668 4999/1667/1667
f 4999/1667/1667 2493/1668/1668 571/1669/1669 2507/1670/1670
f 2492/1664/1664 4999/1667/1667 2507/1670/1670 570/1665/1665
f 556/1611/1611 2479/1616/1616 5000/1671/1671 2493/1668/1668
f 2479/1616/1616 557/1615/1615 2494/1672/1672 5000/1671/1671
f 5000/1671/1671 2494/1672/1672 572/1673/1673 2508/1674/1674
f 2493/1668/1668 5000/1671/1671 2508/1674/1674 571/1669/1669
f 557/1615/1615 2480/1620/1620 5001/1675/1675 2494/1672/1672
f 2480/1620/1620 558/1619/1619 2495/1676/1676 5001/1675/1675
f 5001/1675/1675 2495/1676/1676 573/1677/1677 2509/1678/1678
f 2494/1672/1672 5001/1675/1675 2509/1678/1678 572/1673/1673
f 558/1619/1619 2481/1624/1624 5002/1679/1679 2495/1676/1676
f 2481/1624/1624 559/1623/1623 2496/1680/1680 5002/1679/1679
f 5002/1679/1679 2496/1680/1680 574/1681/1681 2510/1682/1682
f 2495/1676/1676 5002/1679/1679 2510/1682/1682 573/1677/1677
f 559/1623/1623 2482/1628/1628 5003/1683/1683 2496/1680/1680
f 2482/1628/1628 560/1627/1627 2497/1684/1684 5003/1683/1683
f 5003/1683/1683 2497/1684/1684 575/1685/1685 2511/1686/1686
f 2496/1680/1680 5003/1683/1683 2511/1686/1686 574/1681/1681
f 560/1627/1627 2483/1632/1632 5004/1687/1687 2497/1684/1684
f 2483/1632/1632 561/1631/1631 2498/1688/1688 5004/1687/1687
f 5004/1687/1687 2498/1688/1688 576/1689/1689 2512/1690/1690
f 2497/1684/1684 5004/1687/1687 2512/1690/1690 575/1685/1685
f 561/1631/1631 2484/1636/1636 5005/1691/1691 2498/1688/1688
f 2484/1636/1636 562/1635/1635 2499/1692/1692 5005/1691/1691
f 5005/1691/1691 2499/1692/1692 577/1693/1693 2513/1694/1694
f 2498/1688/1688 5005/1691/1691 2513/1694/1694 576/1689/1689
f 562/1635/1635 2485/1640/1640 5006/1695/1695 2499/1692/1692
f 2485/1640/1640 563/1639/1639 2500/1696/1696 5006/1695/1695
f 5006/1695/1695 2500/1696/1696 578/1697/1697 2514/1698/1698
f 2499/1692/1692 5006/1695/1695 2514/1698/1698 577/1693/1693
f 564/1646/1646 2501/1645/1645 5007/1699/1699 2515/1700/1700
f 2501/1645/1645 565/1644/1644 2516/1701/1701 5007/1699/1699
f 5007/1699/1699 2516/1701/1701 580/1702/1702 2530/1703/1703
f 2515/1700/1700 5007/1699/1699 2530/1703/1703 579/1704/1704
f 565/1644/1644 2502/1650/1650 5008/1705/1705 2516/1701/1701
f 2502/1650/1650 566/1649/1649 2517/1706/1706 5008/1705/1705
f 5008/1705/1705 2517/1706/1706 581/1707/1707 2531/1708/1708
f 2516/1701/1701 5008/1705/1705 2531/1708/1708 580/1702/1702
f 566/1649/1649 2503/1654/1654 5009/1709/1709 2517/1706/1706
f 2503/1654/1654 567/1653/1653 2518/1710/1710 5009/1709/1709
f 5009/1709/1709 2518/1710/1710 582/1711/1711 2532/1712/1712
f 2517/1706/1706 5009/1709/1709 2532/1712/1712 581/1707/1707
f 567/1653/1653 2504/1658/1658 5010/1713/1713 2518/1710/1710
f 2504/1658/1658 568/1657/1657 2519/1714/1714 5010/1713/1713
f 5010/1713/1713 2519/1714/1714 583/1715/1715 2533/1716/1716
f 2518/1710/1710 5010/1713/1713 2533/1716/1716 582/1711/1711
f 568/1657/1657 2505/1662/1662 5011/1717/1717 2519/1714/1714
f 2505/1662/1662 569/1661/1661 2520/1718/1718 5011/1717/1717
f 5011/1717/1717 2520/1718/1718 584/1719/1719 2534/1720/1720
f 2519/1714/1714 5011/1717/1717 2534/1720/1720 583/1715/1715
f 569/1661/1661 2506/1666/1666 5012/1721/1721 2520/1718/1718
f 2506/1666/1666 570/1665/1665 2521/1722/1722 5012/1721/1721
f 5012/1721/1721 2521/1722/1722 585/1723/1723 2535/1724/1724
f 2520/1718/1718 5012/1721/1721 2535/1724/1724 584/1719/1719
f 570/1665/1665 2507/1670/1670 5013/1725/1725 2521/1722/1722
f 2507/1670/1670 571/1669/1669 2522/1726/1726 5013/1725/1725
f 5013/1725/1725 2522/1726/1726 586/1727/1727 2536/1728/1728
f 2521/1722/1722 5013/1725/1725 2536/1728/1728 585/1723/1723
f 571/1669/1669 2508/1674/1674 5014/1729/1729 2522/1726/1726
f 2508/1674/1674 572/1673/1673 2523/1730/1730 5014/1729/1729
f 5014/1729/1729 2523/1730/1730 587/1731/1731 2537/1732/1732
f 2522/1726/1726 5014/1729/1729 2537/1732/1732 586/1727/1727
f 572/1673/1673 2509/1678/1678 5015/1733/1733 2523/1730/1730
f 2509/1678/1678 573/1677/1677 2524/1734/1734 5015/1733/1733
f 5015/1733/1733 2524/1734/1734 588/1735/1735 2538/1736/1736
f 2523/1730/1730 5015/1733/1733 2538/1736/1736 587/1731/1731
f 573/1677/1677 2510/1682/1682 5016/1737/1737 2524/1734/1734
f 2510/1682/1682 574/1681/1681 2525/1738/1738 5016/1737/1737
f 5016/1737/1737 2525/1738/1738 589/1739/1739 2539/1740/1740
f 2524/1734/1734 5016/1737/1737 2539/1740/1740 588/1735/1735
f 574/1681/1681 2511/1686/1686 5017/1741/1741 2525/1738/1738
f 2511/1686/1686 575/1685/1685 2526/1742/1742 5017/1741/1741
f 5017/1741/1741 2526/1742/1742 590/1743/1743 2540/1744/1744
f 2525/1738/1738 5017/1741/1741 2540/1744/1744 589/1739/1739
f 575/1685/1685 2512/1690/1690 5018/1745/1745 2526/1742/1742
f 2512/1690/1690 576/1689/1689 2527/1746/1746 5018/1745/1745
f 5018/1745/1745 2527/1746/1746 591/1747/1747 2541/1748/1748
f 2526/1742/1742 5018/1745/1745 2541/1748/1748 590/1743/1743
f 576/1689/1689 2513/1694/1694 5019/1749/1749 2527/1746/1746
f 2513/1694/1694 577/1693/1693 2528/1750/1750 5019/1749/1749
f 5019/1749/1749 2528/1750/1750 592/1751/1751 2542/1752/1752
f 2527/1746/1746 5019/1749/1749 2542/1752/1752 591/1747/1747
f 577/1693/1693 2514/1698/1698 5020/1753/1753 2528/1750/1750
f 2514/1698/1698 578/1697/1697 2529/1754/1754 5020/1753/1753
f 5020/1753/1753 2529/1754/1754 593/1755/1755 2543/1756/1756
f 2528/1750/1750 5020/1753/1753 2543/1756/1756 592/1751/1751
f 579/1704/1704 2530/1703/1703 5021/1757/1757 2544/1758/1758
f 2530/1703/1703 580/1702/1702 2545/1759/1759 5021/1757/1757
f 5021/1757/1757 2545/1759/1759 595/1760/1760 2559/1761/1761
f 2544/1758/1758 5021/1757/1757 2559/1761/1761 594/1762/1762
f 580/1702/1702 2531/1708/1708 5022/1763/1763 2545/1759/1759
f 2531/1708/1708 581/1707/1707 2546/1764/1764 5022/1763/1763
f 5022/1763/1763 2546/1764/1764 596/1765/1765 2560/1766/1766
f 2545/1759/1759 5022/1763/1763 2560/1766/1766 595/1760/1760
f 581/1707/1707 2532/1712/1712 5023/1767/1767 2546/1764/1764
f 2532/1712/1712 582/1711/1711 2547/1768/1768 5023/1767/1767
f 5023/1767/1767 2547/1768/1768 597/1769/1769 2561/1770/1770
f 2546/1764/1764 5023/1767/1767 2561/1770/1770 596/1765/1765
f 582/1711/1711 2533/1716/1716 5024/1771/1771 2547/1768/1768
f 2533/1716/1716 583/1715/1715 2548/1772/1772 5024/1771/1771
f 5024/1771/1771 2548/1772/1772 598/1773/1773 2562/1774/1774
f 2547/1768/1768 5024/1771/1771 2562/1774/1774 597/1769/1769
f 583/1715/1715 2534/1720/1720 5025/1775/1775 2548/1772/1772
f 2534/1720/1720 584/1719/1719 2549/1776/1776 5025/1775/1775
f 5025/1775/1775 2549/1776/1776 599/1777/1777 2563/1778/1778
f 2548/1772/1772 5025/1775/1775 2563/1778/1778 598/1773/1773
f 584/1719/1719 2535/1724/1724 5026/1779/1779 2549/1776/1776
f 2535/1724/1724 585/1723/1723 2550/1780/1780 5026/1779/1779
f 5026/1779/1779 2550/1780/1780 600/1781/1781 2564/1782/1782
f 2549/1776/1776 5026/1779/1779 2564/1782/1782 599/1777/1777
f 585/1723/1723 2536/1728/1728 5027/1783/1783 2550/1780/1780
f 2536/1728/1728 586/1727/1727 2551/1784/1784 5027/1783/1783
f 5027/1783/1783 2551/1784/1784 601/1785/1785 2565/1786/1786
f 2550/1780/1780 5027/1783/1783 2565/1786/1786 600/1781/1781
f 586/1727/1727 2537/1732/1732 5028/1787/1787 2551/1784/1784
f 2537/1732/1732 587/1731/1731 2552/1788/1788 5028/1787/1787
f 5028/1787/1787 2552/1788/1788 602/1789/1789 2566/1790/1790
f 2551/1784/1784 5028/1787/1787 2566/1790/1790 601/1785/1785
f 587/1731/1731 2538/1736/1736 5029/1791/1791 2552/1788/1788
f 2538/1736/1736 588/1735/1735 2553/1792/1792 5029/1791/1791
f 5029/1791/1791 2553/1792/1792 603/1793/1793 2567/1794/1794
f 2552/1788/1788 5029/1791/1791 2567/1794/1794 602/1789/1789
f 588/1735/1735 2539/1740/1740 5030/1795/1795 2553/1792/1792
f 2539/1740/1740 589/1739/1739 2554/1796/1796 5030/1795/1795
f 5030/1795/1795 2554/1796/1796 604/1797/1797 2568/1798/1798
f 2553/1792/1792 5030/1795/1795 2568/1798/1798 603/1793/1793
f 589/1739/1739 2540/1744/1744 5031/1799/1799 2554/1796/1796
f 2540/1744/1744 590/1743/1743 2555/1800/1800 5031/1799/1799
f 5031/1799/1799 2555/1800/1800 605/1801/1801 2569/1802/1802
f 2554/1796/1796 5031/1799/1799 2569/1802/1802 604/1797/1797
f 590/1743/1743 2541/1748/1748 5032/1803/1803 2555/1800/1800
f 2541/1748/1748 591/1747/1747 2556/1804/1804 5032/1803/1803
f 5032/1803/1803 2556/1804/1804 606/1805/1805 2570/1806/1806
f 2555/1800/1800 5032/1803/1803 2570/1806/1806 605/1801/1801
f 591/1747/1747 2542/1752/1752 5033/1807/1807 2556/1804/1804
f 2542/1752/1752 592/1751/1751 2557/1808/1808 5033/1807/1807
f 5033/1807/1807 2557/1808/1808 607/1809/1809 2571/1810/1810
f 2556/1804/1804 5033/1807/1807 2571/1810/1810 606/1805/1805
f 592/1751/1751 2543/1756/1756 5034/1811/1811 2557/1808/1808
f 2543/1756/1756 593/1755/1755 2558/1812/1812 5034/1811/1811
f 5034/1811/1811 2558/1812/1812 608/1813/1813 2572/1814/1814
f 2557/1808/1808 5034/1811/1811 2572/1814/1814 607/1809/1809
f 594/1762/1762 2559/1761/1761 5035/1815/1815 2573/1816/1816
f 2559/1761/1761 595/1760/1760 2574/1817/1817 5035/1815/1815
f 5035/1815/1815 2574/1817/1817 610/1818/1818 2588/1819/1819
f 2573/1816/1816 5035/1815/1815 2588/1819/1819 609/1820/1820
f 595/1760/1760 2560/1766/1766 5036/1821/1821 2574/1817/1817
f 2560/1766/1766 596/1765/1765 2575/1822/1822 5036/1821/1821
f 5036/1821/1821 2575/1822/1822 611/1823/1823 2589/1824/1824
f 2574/1817/1817 5036/1821/1821 2589/1824/1824 610/1818/1818
f 596/1765/1765 2561/1770/1770 5037/1825/1825 2575/1822/1822
f 2561/1770/1770 597/1769/1769 2576/1826/1826 5037/1825/1825
f 5037/1825/1825 2576/1826/1826 612/1827/1827 2590/1828/1828
f 2575/1822/1822 5037/1825/1825 2590/1828/1828 611/1823/1823
f 597/1769/1769 2562/1774/1774 5038/1829/1829 2576/1826/1826
f 2562/1774/1774 598/1773/1773 2577/1830/1830 5038/1829/1829
f 5038/1829/1829 2577/1830/1830 613/1831/1831 2591/1832/1832
f 2576/1826/1826 5038/1829/1829 2591/1832/1832 612/1827/1827
f 598/1773/1773 2563/1778/1778 5039/1833/1833 2577/1830/1830
f 2563/1778/1778 599/1777/1777 2578/1834/1834 5039/1833/1833
f 5039/1833/1833 2578/1834/1834 614/1835/1835 2592/1836/1836
f 2577/1830/1830 5039/1833/1833 2592/1836/1836 613/1831/1831
f 599/1777/1777 2564/1782/1782 5040/1837/1837 2578/1834/1834
f 2564/1782/1782 600/1781/1781 2579/1838/1838 5040/1837/1837
f 5040/1837/1837 2579/1838/1838 615/1839/1839 2593/1840/1840
f 2578/1834/1834 5040/1837/1837 2593/1840/1840 614/1835/1835
f 600/1781/1781 2565/1786/1786 5041/1841/1841 2579/1838/1838
f 2565/1786/1786 601/1785/1785 2580/1842/1842 5041/1841/1841
f 5041/1841/1841 2580/1842/1842 616/1843/1843 2594/1844/1844
f 2579/1838/1838 5041/1841/1841 2594/1844/1844 615/1839/1839
f 601/1785/1785 2566/1790/1790 5042/1845/1845 2580/1842/1842
f 2566/1790/1790 602/1789/1789 2581/1846/1846 5042/1845/1845
f 5042/1845/1845 2581/1846/1846 617/1847/1847 2595/1848/1848
f 2580/1842/1842 5042/1845/1845 2595/1848/1848 616/1843/1843
f 602/1789/1789 2567/1794/1794 5043/1849/1849 2581/1846/1846
f 2567/1794/1794 603/1793/1793 2582/1850/1850 5043/1849/1849
f 5043/1849/1849 2582/1850/1850 618/1851/1851 2596/1852/1852
f 2581/1846/1846 5043/1849/1849 2596/1852/1852 617/1847/1847
f 603/1793/1793 2568/1798/1798 5044/1853/1853 2582/1850/1850
f 2568/1798/1798 604/1797/1797 2583/1854/1854 5044/1853/1853
f 5044/1853/1853 2583/1854/1854 619/1855/1855 2597/1856/1856
f 2582/1850/1850 5044/1853/1853 2597/1856/1856 618/1851/1851
f 604/1797/1797 2569/1802/1802 5045/1857/1857 2583/1854/1854
f 2569/1802/1802 605/1801/1801 2584/1858/1858 5045/1857/1857
f 5045/1857/1857 2584/1858/1858 620/1859/1859 2598/1860/1860
f 2583/1854/1854 5045/1857/1857 2598/1860/1860 619/1855/1855
f 605/1801/1801 2570/1806/1806 5046/1861/1861 2584/1858/1858
f 2570/1806/1806 606/1805/1805 2585/1862/1862 5046/1861/1861
f 5046/1861/1861 2585/1862/1862 621/1863/1863 2599/1864/1864
f 2584/1858/1858 5046/1861/1861 2599/1864/1864 620/1859/1859
f 606/1805/1805 2571/1810/1810 5047/1865/1865 2585/1862/1862
f 2571/1810/1810 607/1809/1809 2586/1866/1866 5047/1865/1865
f 5047/1865/1865 2586/1866/1866 622/1867/1867 2600/1868/1868
f 2585/1862/1862 5047/1865/1865 2600/1868/1868 621/1863/1863
f 607/1809/1809 2572/1814/1814 5048/1869/1869 2586/1866/1866
f 2572/1814/1814 608/1813/1813 2587/1870/1870 5048/1869/1869
f 5048/1869/1869 2587/1870/1870 623/1871/1871 2601/1872/1872
f 2586/1866/1866 5048/1869/1869 2601/1872/1872 622/1867/1867
f 609/1820/1820 2588/1819/1819 5049/1873/1873 2602/1874/1874
f 2588/1819/1819 610/1818/1818 2603/1875/1875 5049/1873/1873
f 5049/1873/1873 2603/1875/1875 625/1876/1876 2617/1877/1877
f 2602/1874/1874 5049/1873/1873 2617/1877/1877 624/1878/1878
f 610/1818/1818 2589/1824/1824 5050/1879/1879 2603/1875/1875
f 2589/1824/1824 611/1823/1823 2604/1880/1880 5050/1879/1879
f 5050/1879/1879 2604/1880/1880 626/1881/1881 2618/1882/1882
f 2603/1875/1875 5050/1879/1879 2618/1882/1882 625/1876/1876
f 611/1823/1823 2590/1828/1828 5051/1883/1883 2604/1880/1880
f 2590/1828/1828 612/1827/1827 2605/1884/1884 5051/1883/1883
f 5051/1883/1883 2605/1884/1884 627/1885/1885 2619/1886/1886
f 2604/1880/1880 5051/1883/1883 2619/1886/1886 626/1881/1881
f 612/1827/1827 2591/1832/1832 5052/1887/1887 2605/1884/1884
f 2591/1832/1832 613/1831/1831 2606/1888/1888 5052/1887/1887
f 5052/1887/1887 2606/1888/1888 628/1889/1889 2620/1890/1890
f 2605/1884/1884 5052/1887/1887 2620/1890/1890 627/1885/1885
f 613/1831/1831 2592/1836/1836 5053/1891/1891 2606/1888/1888
f 2592/1836/1836 614/1835/1835 2607/1892/1892 5053/1891/1891
f 5053/1891/1891 2607/1892/1892 629/1893/1893 2621/1894/1894
f 2606/1888/1888 5053/1891/1891 2621/1894/1894 628/1889/1889
f 614/1835/1835 2593/1840/1840 5054/1895/1895 2607/1892/1892
f 2593/1840/1840 615/1839/1839 2608/1896/1896 5054/1895/1895
f 5054/1895/1895 2608/1896/1896 630/1897/1897 2622/1898/1898
f 2607/1892/1892 5054/1895/1895 2622/1898/1898 629/1893/1893
f 615/1839/1839 2594/1844/1844 5055/1899/1899 2608/1896/1896
f 2594/1844/1844 616/1843/1843 2609/1900/1900 5055/1899/1899
f 5055/1899/1899 2609/1900/1900 631/1901/1901 2623/1902/1902
f 2608/1896/1896 5055/1899/1899 2623/1902/1902 630/1897/1897
f 616/1843/1843 2595/1848/1848 5056/1903/1903 2609/1900/1900
f 2595/1848/1848 617/1847/1847 2610/1904/1904 5056/1903/1903
f 5056/1903/1903 2610/1904/1904 632/1905/1905 2624/1906/1906
f 2609/1900/1900 5056/1903/1903 2624/1906/1906 631/1901/1901
f 617/1847/1847 2596/1852/1852 5057/1907/1907 2610/1904/1904
f 2596/1852/1852 618/1851/1851 2611/1908/1908 5057/1907/1907
f 5057/1907/1907 2611/1908/1908 633/1909/1909 2625/1910/1910
f 2610/1904/1904 5057/1907/1907 2625/1910/1910 632/1905/1905
f 618/1851/1851 2597/1856/1856 5058/1911/1911 2611/1908/1908
f 2597/1856/1856 619/1855/1855 2612/1912/1912 5058/1911/1911
f 5058/1911/1911 2612/1912/1912 634/1913/1913 2626/1914/1914
f 2611/1908/1908 5058/1911/1911 2626/1914/1914 633/1909/1909
f 619/1855/1855 2598/1860/1860 5059/1915/1915 2612/1912/1912
f 2598/1860/1860 620/1859/1859 2613/1916/1916 5059/1915/1915
f 5059/1915/1915 2613/1916/1916 635/1917/1917 2627/1918/1918
f 2612/1912/1912 5059/1915/1915 2627/1918/1918 634/1913/1913
f 620/1859/1859 2599/1864/1864 5060/1919/1919 2613/1916/1916
f 2599/1864/1864 621/1863/1863 2614/1920/1920 5060/1919/1919
f 5060/1919/1919 2614/1920/1920 636/1921/1921 2628/1922/1922
f 2613/1916/1916 5060/1919/1919 2628/1922/1922 635/1917/1917
f 621/1863/1863 2600/1868/1868 5061/1923/1923 2614/1920/1920
f 2600/1868/1868 622/1867/1867 2615/1924/1924 5061/1923/1923
f 5061/1923/1923 2615/1924/1924 637/1925/1925 2629/1926/1926
f 2614/1920/1920 5061/1923/1923 2629/1926/1926 636/1921/1921
f 622/1867/1867 2601/1872/1872 5062/1927/1927 2615/1924/1924
f 2601/1872/1872 623/1871/1871 2616/1928/1928 5062/1927/1927
f 5062/1927/1927 2616/1928/1928 638/1929/1929 2630/1930/1930
f 2615/1924/1924 5062/1927/1927 2630/1930/1930 637/1925/1925
f 3/1035/1035 1602/1034/1034 5063/1931/1931 1618/1932/1932
f 1602/1034/1034 68/1029/1029 2631/1933/1933 5063/1931/1931
f 5063/1931/1931 2631/1933/1933 414/1090/1090 2690/1934/1934
f 1618/1932/1932 5063/1931/1931 2690/1934/1934 83/1935/1935
f 68/1029/1029 1601/1028/1028 5064/1936/1936 2631/1933/1933
f 1601/1028/1028 67/1025/1025 2632/1937/1937 5064/1936/1936
f 5064/1936/1936 2632/1937/1937 415/1094/1094 2211/1091/1091
f 2631/1933/1933 5064/1936/1936 2211/1091/1091 414/1090/1090
f 67/1025/1025 1600/1024/1024 5065/1938/1938 2632/1937/1937
f 1600/1024/1024 66/1021/1021 2633/1939/1939 5065/1938/1938
f 5065/1938/1938 2633/1939/1939 416/1101/1101 2212/1099/1099
f 2632/1937/1937 5065/1938/1938 2212/1099/1099 415/1094/1094
f 66/1021/1021 1599/1020/1020 5066/1940/1940 2633/1939/1939
f 1599/1020/1020 65/1017/1017 2634/1941/1941 5066/1940/1940
f 5066/1940/1940 2634/1941/1941 417/1107/1107 2213/1105/1105
f 2633/1939/1939 5066/1940/1940 2213/1105/1105 416/1101/1101
f 65/1017/1017 1598/1016/1016 5067/1942/1942 2634/1941/1941
f 1598/1016/1016 64/1013/1013 2635/1943/1943 5067/1942/1942
f 5067/1942/1942 2635/1943/1943 418/1113/1113 2214/1111/1111
f 2634/1941/1941 5067/1942/1942 2214/1111/1111 417/1107/1107
f 64/1013/1013 1597/1012/1012 5068/1944/1944 2635/1943/1943
f 1597/1012/1012 63/1009/1009 2636/1945/1945 5068/1944/1944
f 5068/1944/1944 2636/1945/1945 419/1119/1119 2215/1117/1117
f 2635/1943/1943 5068/1944/1944 2215/1117/1117 418/1113/1113
f 63/1009/1009 1596/1008/1008 5069/1946/1946 2636/1945/1945
f 1596/1008/1008 62/1005/1005 2637/1947/1947 5069/1946/1946
f 5069/1946/1946 2637/1947/1947 420/1125/1125 2216/1123/1123
f 2636/1945/1945 5069/1946/1946 2216/1123/1123 419/1119/1119
f 62/1005/1005 1595/1004/1004 5070/1948/1948 2637/1947/1947
f 1595/1004/1004 61/1001/1001 2638/1949/1949 5070/1948/1948
f 5070/1948/1948 2638/1949/1949 421/1131/1131 2217/1129/1129
f 2637/1947/1947 5070/1948/1948 2217/1129/1129 420/1125/1125
f 61/1001/1001 1594/1000/1000 5071/1950/1950 2638/1949/1949
f 1594/1000/1000 60/997/997 2639/1951/1951 5071/1950/1950
f 5071/1950/1950 2639/1951/1951 422/1137/1137 2218/1135/1135
f 2638/1949/1949 5071/1950/1950 2218/1135/1135 421/1131/1131
f 60/997/997 1593/996/996 5072/1952/1952 2639/1951/1951
f 1593/996/996 59/993/993 2640/1953/1953 5072/1952/1952
f 5072/1952/1952 2640/1953/1953 423/1143/1143 2219/1141/1141
f 2639/1951/1951 5072/1952/1952 2219/1141/1141 422/1137/1137
f 59/993/993 1592/992/992 5073/1954/1954 2640/1953/1953
f 1592/992/992 58/989/989 2641/1955/1955 5073/1954/1954
f 5073/1954/1954 2641/1955/1955 424/1149/1149 2220/1147/1147
f 2640/1953/1953 5073/1954/1954 2220/1147/1147 423/1143/1143
f 58/989/989 1591/988/988 5074/1956/1956 2641/1955/1955
f 1591/988/988 57/985/985 2642/1957/1957 5074/1956/1956
f 5074/1956/1956 2642/1957/1957 425/1155/1155 2221/1153/1153
f 2641/1955/1955 5074/1956/1956 2221/1153/1153 424/1149/1149
f 57/985/985 1590/984/984 5075/1958/1958 2642/1957/1957
f 1590/984/984 56/981/981 2643/1959/1959 5075/1958/1958
f 5075/1958/1958 2643/1959/1959 426/1161/1161 2222/1159/1159
f 2642/1957/1957 5075/1958/1958 2222/1159/1159 425/1155/1155
f 56/981/981 1589/980/980 5076/1960/1960 2643/1959/1959
f 1589/980/980 55/977/977 2644/1961/1961 5076/1960/1960
f 5076/1960/1960 2644/1961/1961 427/1167/1167 2223/1165/1165
f 2643/1959/1959 5076/1960/1960 2223/1165/1165 426/1161/1161
f 55/977/977 1588/976/976 5077/1962/1962 2644/1961/1961
f 1588/976/976 54/973/973 2645/1963/1963 5077/1962/1962
f 5077/1962/1962 2645/1963/1963 428/1173/1173 2224/1171/1171
f 2644/1961/1961 5077/1962/1962 2224/1171/1171 427/1167/1167
f 54/973/973 1587/972/972 5078/1964/1964 2645/1963/1963
f 1587/972/972 4/971/971 1619/1965/1965 5078/1964/1964
f 5078/1964/1964 1619/1965/1965 84/1966/1966 2646/1967/1967
f 2645/1963/1963 5078/1964/1964 2646/1967/1967 428/1173/1173
f 428/1173/1173 2646/1967/1967 5079/1968/1968 2239/1174/1174
f 2646/1967/1967 84/1966/1966 1620/1969/1969 5079/1968/1968
f 5079/1968/1968 1620/1969/1969 85/1970/1970 2647/1971/1971
f 2239/1174/1174 5079/1968/1968 2647/1971/1971 443/1175/1175
f 443/1175/1175 2647/1971/1971 5080/1972/1972 2268/1232/1232
f 2647/1971/1971 85/1970/1970 1621/1973/1973 5080/1972/1972
f 5080/1972/1972 1621/1973/1973 86/1974/1974 2648/1975/1975
f 2268/1232/1232 5080/1972/1972 2648/1975/1975 458/1233/1233
f 458/1233/1233 2648/1975/1975 5081/1976/1976 2297/1290/1290
f 2648/1975/1975 86/1974/1974 1622/1977/1977 5081/1976/1976
f 5081/1976/1976 1622/1977/1977 87/1978/1978 2649/1979/1979
f 2297/1290/1290 5081/1976/1976 2649/1979/1979 473/1291/1291
f 473/1291/1291 2649/1979/1979 5082/1980/1980 2326/1348/1348
f 2649/1979/1979 87/1978/1978 1623/1981/1981 5082/1980/1980
f 5082/1980/1980 1623/1981/1981 88/1982/1982 2650/1983/1983
f 2326/1348/1348 5082/1980/1980 2650/1983/1983 488/1349/1349
f 488/1349/1349 2650/1983/1983 5083/1984/1984 2355/1406/1406
f 2650/1983/1983 88/1982/1982 1624/1985/1985 5083/1984/1984
f 5083/1984/1984 1624/1985/1985 89/1986/1986 2651/1987/1987
f 2355/1406/1406 5083/1984/1984 2651/1987/1987 503/1407/1407
f 503/1407/1407 2651/1987/1987 5084/1988/1988 2384/1464/1464
f 2651/1987/1987 89/1986/1986 1625/1989/1989 5084/1988/1988
f 5084/1988/1988 1625/1989/1989 90/1990/1990 2652/1991/1991
f 2384/1464/1464 5084/1988/1988 2652/1991/1991 518/1465/1465
f 518/1465/1465 2652/1991/1991 5085/1992/1992 2413/1522/1522
f 2652/1991/1991 90/1990/1990 1626/1993/1993 5085/1992/1992
f 5085/1992/1992 1626/1993/1993 91/1994/1994 2653/1995/1995
f 2413/1522/1522 5085/1992/1992 2653/1995/1995 533/1523/1523
f 533/1523/1523 2653/1995/1995 5086/1996/1996 2442/1580/1580
f 2653/1995/1995 91/1994/1994 1627/1997/1997 5086/1996/1996
f 5086/1996/1996 1627/1997/1997 92/1998/1998 2654/1999/1999
f 2442/1580/1580 5086/1996/1996 2654/1999/1999 548/1581/1581
f 548/1581/1581 2654/1999/1999 5087/2000/2000 2471/1638/1638
f 2654/1999/1999 92/1998/1998 1628/2001/2001 5087/2000/2000
f 5087/2000/2000 1628/2001/2001 93/2002/2002 2655/2003/2003
f 2471/1638/1638 5087/2000/2000 2655/2003/2003 563/1639/1639
f 563/1639/1639 2655/2003/2003 5088/2004/2004 2500/1696/1696
f 2655/2003/2003 93/2002/2002 1629/2005/2005 5088/2004/2004
f 5088/2004/2004 1629/2005/2005 94/2006/2006 2656/2007/2007
f 2500/1696/1696 5088/2004/2004 2656/2007/2007 578/1697/1697
f 578/1697/1697 2656/2007/2007 5089/2008/2008 2529/1754/1754
f 2656/2007/2007 94/2006/2006 1630/2009/2009 5089/2008/2008
f 5089/2008/2008 1630/2009/2009 95/2010/2010 2657/2011/2011
f 2529/1754/1754 5089/2008/2008 2657/2011/2011 593/1755/1755
f 593/1755/1755 2657/2011/2011 5090/2012/2012 2558/1812/1812
f 2657/2011/2011 95/2010/2010 1631/2013/2013 5090/2012/2012
f 5090/2012/2012 1631/2013/2013 96/2014/2014 2658/2015/2015
f 2558/1812/1812 5090/2012/2012 2658/2015/2015 608/1813/1813
f 608/1813/1813 2658/2015/2015 5091/2016/2016 2587/1870/1870
f 2658/2015/2015 96/2014/2014 1632/2017/2017 5091/2016/2016
f 5091/2016/2016 1632/2017/2017 97/2018/2018 2659/2019/2019
f 2587/1870/1870 5091/2016/2016 2659/2019/2019 623/1871/1871
f 623/1871/1871 2659/2019/2019 5092/2020/2020 2616/1928/1928
f 2659/2019/2019 97/2018/2018 1633/2021/2021 5092/2020/2020
f 5092/2020/2020 1633/2021/2021 98/2022/2022 2660/2023/2023
f 2616/1928/1928 5092/2020/2020 2660/2023/2023 638/1929/1929
f 638/1929/1929 2660/2023/2023 5093/2024/2024 2661/2025/2025
f 2660/2023/2023 98/2022/2022 1634/2026/2026 5093/2024/2024
f 5093/2024/2024 1634/2026/2026 8/2027/2027 1635/2028/2028
f 2661/2025/2025 5093/2024/2024 1635/2028/2028 99/2029/2029
f 637/1925/1925 2630/1930/1930 5094/2030/2030 2662/2031/2031
f 2630/1930/1930 638/1929/1929 2661/2025/2025 5094/2030/2030
f 5094/2030/2030 2661/2025/2025 99/2029/2029 1636/2032/2032
f 2662/2031/2031 5094/2030/2030 1636/2032/2032 100/2033/2033
f 636/1921/1921 2629/1926/1926 5095/2034/2034 2663/2035/2035
f 2629/1926/1926 637/1925/1925 2662/2031/2031 5095/2034/2034
f 5095/2034/2034 2662/2031/2031 100/2033/2033 1637/2036/2036
f 2663/2035/2035 5095/2034/2034 1637/2036/2036 101/2037/2037
f 635/1917/1917 2628/1922/1922 5096/2038/2038 2664/2039/2039
f 2628/1922/1922 636/1921/1921 2663/2035/2035 5096/2038/2038
f 5096/2038/2038 2663/2035/2035 101/2037/2037 1638/2040/2040
f 2664/2039/2039 5096/2038/2038 1638/2040/2040 102/2041/2041
f 634/1913/1913 2627/1918/1918 5097/2042/2042 2665/2043/2043
f 2627/1918/1918 635/1917/1917 2664/2039/2039 5097/2042/2042
f 5097/2042/2042 2664/2039/2039 102/2041/2041 1639/2044/2044
f 2665/2043/2043 5097/2042/2042 1639/2044/2044 103/2045/2045
f 633/1909/1909 2626/1914/1914 5098/2046/2046 2666/2047/2047
f 2626/1914/1914 634/1913/1913 2665/2043/2043 5098/2046/2046
f 5098/2046/2046 2665/2043/2043 103/2045/2045 1640/2048/2048
f 2666/2047/2047 5098/2046/2046 1640/2048/2048 104/2049/2049
f 632/1905/1905 2625/1910/1910 5099/2050/2050 2667/2051/2051
f 2625/1910/1910 633/1909/1909 2666/2047/2047 5099/2050/2050
f 5099/2050/2050 2666/2047/2047 104/2049/2049 1641/2052/2052
f 2667/2051/2051 5099/2050/2050 1641/2052/2052 105/2053/2053
f 631/1901/1901 2624/1906/1906 5100/2054/2054 2668/2055/2055
f 2624/1906/1906 632/1905/1905 2667/2051/2051 5100/2054/2054
f 5100/2054/2054 2667/2051/2051 105/2053/2053 1642/2056/2056
f 2668/2055/2055 5100/2054/2054 1642/2056/2056 106/2057/2057
f 630/1897/1897 2623/1902/1902 5101/2058/2058 2669/2059/2059
f 2623/1902/1902 631/1901/1901 2668/2055/2055 5101/2058/2058
f 5101/2058/2058 2668/2055/2055 106/2057/2057 1643/2060/2060
f 2669/2059/2059 5101/2058/2058 1643/2060/2060 107/2061/2061
f 629/1893/1893 2622/1898/1898 5102/2062/2062 2670/2063/2063
f 2622/1898/1898 630/1897/1897 2669/2059/2059 5102/2062/2062
f 5102/2062/2062 2669/2059/2059 107/2061/2061 1644/2064/2064
f 2670/2063/2063 5102/2062/2062 1644/2064/2064 108/2065/2065
f 628/1889/1889 2621/1894/1894 5103/2066/2066 2671/2067/2067
f 2621/1894/1894 629/1893/1893 2670/2063/2063 5103/2066/2066
f 5103/2066/2066 2670/2063/2063 108/2065/2065 1645/2068/2068
f 2671/2067/2067 5103/2066/2066 1645/2068/2068 109/2069/2069
f 627/1885/1885 2620/1890/1890 5104/2070/2070 2672/2071/2071
f 2620/1890/1890 628/1889/1889 2671/2067/2067 5104/2070/2070
f 5104/2070/2070 2671/2067/2067 109/2069/2069 1646/2072/2072
f 2672/2071/2071 5104/2070/2070 1646/2072/2072 110/2073/2073
f 626/1881/1881 2619/1886/1886 5105/2074/2074 2673/2075/2075
f 2619/1886/1886 627/1885/1885 2672/2071/2071 5105/2074/2074
f 5105/2074/2074 2672/2071/2071 110/2073/2073 1647/2076/2076
f 2673/2075/2075 5105/2074/2074 1647/2076/2076 111/2077/2077
f 625/1876/1876 2618/1882/1882 5106/2078/2078 2674/2079/2079
f 2618/1882/1882 626/1881/1881 2673/2075/2075 5106/2078/2078
f 5106/2078/2078 2673/2075/2075 111/2077/2077 1648/2080/2080
f 2674/2079/2079 5106/2078/2078 1648/2080/2080 112/2081/2081
f 624/1878/1878 2617/1877/1877 5107/2082/2082 2675/2083/2083
f 2617/1877/1877 625/1876/1876 2674/2079/2079 5107/2082/2082
f 5107/2082/2082 2674/2079/2079 112/2081/2081 1649/2084/2084
f 2675/2083/2083 5107/2082/2082 1649/2084/2084 113/2085/2085
f 69/2086/2086 2676/2087/2087 5108/2088/2088 1603/2089/2089
f 2676/2087/2087 624/1878/1878 2675/2083/2083 5108/2088/2088
f 5108/2088/2088 2675/2083/2083 113/2085/2085 1650/2090/2090
f 1603/2089/2089 5108/2088/2088 1650/2090/2090 7/2091/2091
f 70/2092/2092 2677/2093/2093 5109/2094/2094 1604/2095/2095
f 2677/2093/2093 609/1820/1820 2602/1874/1874 5109/2094/2094
f 5109/2094/2094 2602/1874/1874 624/1878/1878 2676/2087/2087
f 1604/2095/2095 5109/2094/2094 2676/2087/2087 69/2086/2086
f 71/2096/2096 2678/2097/2097 5110/2098/2098 1605/2099/2099
f 2678/2097/2097 594/1762/1762 2573/1816/1816 5110/2098/2098
f 5110/2098/2098 2573/1816/1816 609/1820/1820 2677/2093/2093
f 1605/2099/2099 5110/2098/2098 2677/2093/2093 70/2092/2092
f 72/2100/2100 2679/2101/2101 5111/2102/2102 1606/2103/2103
f 2679/2101/2101 579/1704/1704 2544/1758/1758 5111/2102/2102
f 5111/2102/2102 2544/1758/1758 594/1762/1762 2678/2097/2097
f 1606/2103/2103 5111/2102/2102 2678/2097/2097 71/2096/2096
f 73/2104/2104 2680/2105/2105 5112/2106/2106 1607/2107/2107
f 2680/2105/2105 564/1646/1646 2515/1700/1700 5112/2106/2106
f 5112/2106/2106 2515/1700/1700 579/1704/1704 2679/2101/2101
f 1607/2107/2107 5112/2106/2106 2679/2101/2101 72/2100/2100
f 74/2108/2108 2681/2109/2109 5113/2110/2110 1608/2111/2111
f 2681/2109/2109 549/1588/1588 2486/1642/1642 5113/2110/2110
f 5113/2110/2110 2486/1642/1642 564/1646/1646 2680/2105/2105
f 1608/2111/2111 5113/2110/2110 2680/2105/2105 73/2104/2104
f 75/2112/2112 2682/2113/2113 5114/2114/2114 1609/2115/2115
f 2682/2113/2113 534/1530/1530 2457/1584/1584 5114/2114/2114
f 5114/2114/2114 2457/1584/1584 549/1588/1588 2681/2109/2109
f 1609/2115/2115 5114/2114/2114 2681/2109/2109 74/2108/2108
f 76/2116/2116 2683/2117/2117 5115/2118/2118 1610/2119/2119
f 2683/2117/2117 519/1472/1472 2428/1526/1526 5115/2118/2118
f 5115/2118/2118 2428/1526/1526 534/1530/1530 2682/2113/2113
f 1610/2119/2119 5115/2118/2118 2682/2113/2113 75/2112/2112
f 77/2120/2120 2684/2121/2121 5116/2122/2122 1611/2123/2123
f 2684/2121/2121 504/1414/1414 2399/1468/1468 5116/2122/2122
f 5116/2122/2122 2399/1468/1468 519/1472/1472 2683/2117/2117
f 1611/2123/2123 5116/2122/2122 2683/2117/2117 76/2116/2116
f 78/2124/2124 2685/2125/2125 5117/2126/2126 1612/2127/2127
f 2685/2125/2125 489/1356/1356 2370/1410/1410 5117/2126/2126
f 5117/2126/2126 2370/1410/1410 504/1414/1414 2684/2121/2121
f 1612/2127/2127 5117/2126/2126 2684/2121/2121 77/2120/2120
f 79/2128/2128 2686/2129/2129 5118/2130/2130 1613/2131/2131
f 2686/2129/2129 474/1298/1298 2341/1352/1352 5118/2130/2130
f 5118/2130/2130 2341/1352/1352 489/1356/1356 2685/2125/2125
f 1613/2131/2131 5118/2130/2130 2685/2125/2125 78/2124/2124
f 80/2132/2132 2687/2133/2133 5119/2134/2134 1614/2135/2135
f 2687/2133/2133 459/1240/1240 2312/1294/1294 5119/2134/2134
f 5119/2134/2134 2312/1294/1294 474/1298/1298 2686/2129/2129
f 1614/2135/2135 5119/2134/2134 2686/2129/2129 79/2128/2128
f 81/2136/2136 2688/2137/2137 5120/2138/2138 1615/2139/2139
f 2688/2137/2137 444/1182/1182 2283/1236/1236 5120/2138/2138
f 5120/2138/2138 2283/1236/1236 459/1240/1240 2687/2133/2133
f 1615/2139/2139 5120/2138/2138 2687/2133/2133 80/2132/2132
f 82/2140/2140 2689/2141/2141 5121/2142/2142 1616/2143/2143
f 2689/2141/2141 429/1098/1098 2254/1178/1178 5121/2142/2142
f 5121/2142/2142 2254/1178/1178 444/1182/1182 2688/2137/2137
f 1616/2143/2143 5121/2142/2142 2688/2137/2137 81/2136/2136
f 83/1935/1935 2690/1934/1934 5122/2144/2144 1617/2145/2145
f 2690/1934/1934 414/1090/1090 2225/1093/1093 5122/2144/2144
f 5122/2144/2144 2225/1093/1093 429/1098/1098 2689/2141/2141
f 1617/2145/2145 5122/2144/2144 2689/2141/2141 82/2140/2140
f 639/2146/2146 2691/2147/2147 5123/2148/2148 2705/2149/2149
f 2691/2147/2147 640/2150/2150 2706/2151/2151 5123/2148/2148
f 5123/2148/2148 2706/2151/2151 655/2152/2152 2720/2153/2153
f 2705/2149/2149 5123/2148/2148 2720/2153/2153 654/2154/2154
f 640/2150/2150 2692/2155/2155 5124/2156/2156 2706/2151/2151
f 2692/2155/2155 641/2157/2157 2707/2158/2158 5124/2156/2156
f 5124/2156/2156 2707/2158/2158 656/2159/2159 2721/2160/2160
f 2706/2151/2151 5124/2156/2156 2721/2160/2160 655/2152/2152
f 641/2157/2157 2693/2161/2161 5125/2162/2162 2707/2158/2158
f 2693/2161/2161 642/2163/2163 2708/2164/2164 5125/2162/2162
f 5125/2162/2162 2708/2164/2164 657/2165/2165 2722/2166/2166
f 2707/2158/2158 5125/2162/2162 2722/2166/2166 656/2159/2159
f 642/2163/2163 2694/2167/2167 5126/2168/2168 2708/2164/2164
f 2694/2167/2167 643/2169/2169 2709/2170/2170 5126/2168/2168
f 5126/2168/2168 2709/2170/2170 658/2171/2171 2723/2172/2172
f 2708/2164/2164 5126/2168/2168 2723/2172/2172 657/2165/2165
f 643/2169/2169 2695/2173/2173 5127/2174/2174 2709/2170/2170
f 2695/2173/2173 644/2175/2175 2710/2176/2176 5127/2174/2174
f 5127/2174/2174 2710/2176/2176 659/2177/2177 2724/2178/2178
f 2709/2170/2170 5127/2174/2174 2724/2178/2178 658/2171/2171
f 644/2175/2175 2696/2179/2179 5128/2180/2180 2710/2176/2176
f 2696/2179/2179 645/2181/2181 2711/2182/2182 5128/2180/2180
f 5128/2180/2180 2711/2182/2182 660/2183/2183 2725/2184/2184
f 2710/2176/2176 5128/2180/2180 2725/2184/2184 659/2177/2177
f 645/2181/2181 2697/2185/2185 5129/2186/2186 2711/2182/2182
f 2697/2185/2185 646/2187/2187 2712/2188/2188 5129/2186/2186
f 5129/2186/2186 2712/2188/2188 661/2189/2189 2726/2190/2190
f 2711/2182/2182 5129/2186/2186 2726/2190/2190 660/2183/2183
f 646/2187/2187 2698/2191/2191 5130/2192/2192 2712/2188/2188
f 2698/2191/2191 647/2193/2193 2713/2194/2194 5130/2192/2192
f 5130/2192/2192 2713/2194/2194 662/2195/2195 2727/2196/2196
f 2712/2188/2188 5130/2192/2192 2727/2196/2196 661/2189/2189
f 647/2193/2193 2699/2197/2197 5131/2198/2198 2713/2194/2194
f 2699/2197/2197 648/2199/2199 2714/2200/2200 5131/2198/2198
f 5131/2198/2198 2714/2200/2200 663/2201/2201 2728/2202/2202
f 2713/2194/2194 5131/2198/2198 2728/2202/2202 662/2195/2195
f 648/2199/2199 2700/2203/2203 5132/2204/2204 2714/2200/2200
f 2700/2203/2203 649/2205/2205 2715/2206/2206 5132/2204/2204
f 5132/2204/2204 2715/2206/2206 664/2207/2207 2729/2208/2208
f 2714/2200/2200 5132/2204/2204 2729/2208/2208 663/2201/2201
f 649/2205/2205 2701/2209/2209 5133/2210/2210 2715/2206/2206
f 2701/2209/2209 650/2211/2211 2716/2212/2212 5133/2210/2210
f 5133/2210/2210 2716/2212/2212 665/2213/2213 2730/2214/2214
f 2715/2206/2206 5133/2210/2210 2730/2214/2214 664/2207/2207
f 650/2211/2211 2702/2215/2215 5134/2216/2216 2716/2212/2212
f 2702/2215/2215 651/2217/2217 2717/2218/2218 5134/2216/2216
f 5134/2216/2216 2717/2218/2218 666/2219/2219 2731/2220/2220
f 2716/2212/2212 5134/2216/2216 2731/2220/2220 665/2213/2213
f 651/2217/2217 2703/2221/2221 5135/2222/2222 2717/2218/2218
f 2703/2221/2221 652/2223/2223 2718/2224/2224 5135/2222/2222
f 5135/2222/2222 2718/2224/2224 667/2225/2225 2732/2226/2226
f 2717/2218/2218 5135/2222/2222 2732/2226/2226 666/2219/2219
f 652/2223/2223 2704/2227/2227 5136/2228/2228 2718/2224/2224
f 2704/2227/2227 653/2229/2229 2719/2230/2230 5136/2228/2228
f 5136/2228/2228 2719/2230/2230 668/2231/2231 2733/2232/2232
f 2718/2224/2224 5136/2228/2228 2733/2232/2232 667/2225/2225
f 654/2154/2154 2720/2153/2153 5137/2233/2233 2734/2234/2234
f 2720/2153/2153 655/2152/2152 2735/2235/2235 5137/2233/2233
f 5137/2233/2233 2735/2235/2235 670/2236/2236 2749/2237/2237
f 2734/2234/2234 5137/2233/2233 2749/2237/2237 669/2238/2238
f 655/2152/2152 2721/2160/2160 5138/2239/2239 2735/2235/2235
f 2721/2160/2160 656/2159/2159 2736/2240/2240 5138/2239/2239
f 5138/2239/2239 2736/2240/2240 671/2241/2241 2750/2242/2242
f 2735/2235/2235 5138/2239/2239 2750/2242/2242 670/2236/2236
f 656/2159/2159 2722/2166/2166 5139/2243/2243 2736/2240/2240
f 2722/2166/2166 657/2165/2165 2737/2244/2244 5139/2243/2243
f 5139/2243/2243 2737/2244/2244 672/2245/2245 2751/2246/2246
f 2736/2240/2240 5139/2243/2243 2751/2246/2246 671/2241/2241
f 657/2165/2165 2723/2172/2172 5140/2247/2247 2737/2244/2244
f 2723/2172/2172 658/2171/2171 2738/2248/2248 5140/2247/2247
f 5140/2247/2247 2738/2248/2248 673/2249/2249 2752/2250/2250
f 2737/2244/2244 5140/2247/2247 2752/2250/2250 672/2245/2245
f 658/2171/2171 2724/2178/2178 5141/2251/2251 2738/2248/2248
f 2724/2178/2178 659/2177/2177 2739/2252/2252 5141/2251/2251
f 5141/2251/2251 2739/2252/2252 674/2253/2253 2753/2254/2254
f 2738/2248/2248 5141/2251/2251 2753/2254/2254 673/2249/2249
f 659/2177/2177 2725/2184/2184 5142/2255/2255 2739/2252/2252
f 2725/2184/2184 660/2183/2183 2740/2256/2256 5142/2255/2255
f 5142/2255/2255 2740/2256/2256 675/2257/2257 2754/2258/2258
f 2739/2252/2252 5142/2255/2255 2754/2258/2258 674/2253/2253
f 660/2183/2183 2726/2190/2190 5143/2259/2259 2740/2256/2256
f 2726/2190/2190 661/2189/2189 2741/2260/2260 5143/2259/2259
f 5143/2259/2259 2741/2260/2260 676/2261/2261 2755/2262/2262
f 2740/2256/2256 5143/2259/2259 2755/2262/2262 675/2257/2257
f 661/2189/2189 2727/2196/2196 5144/2263/2263 2741/2260/2260
f 2727/2196/2196 662/2195/2195 2742/2264/2264 5144/2263/2263
f 5144/2263/2263 2742/2264/2264 677/2265/2265 2756/2266/2266
f 2741/2260/2260 5144/2263/2263 2756/2266/2266 676/2261/2261
f 662/2195/2195 2728/2202/2202 5145/2267/2267 2742/2264/2264
f 2728/2202/2202 663/2201/2201 2743/2268/2268 5145/2267/2267
f 5145/2267/2267 2743/2268/2268 678/2269/2269 2757/2270/2270
f 2742/2264/2264 5145/2267/2267 2757/2270/2270 677/2265/2265
f 663/2201/2201 2729/2208/2208 5146/2271/2271 2743/2268/2268
f 2729/2208/2208 664/2207/2207 2744/2272/2272 5146/2271/2271
f 5146/2271/2271 2744/2272/2272 679/2273/2273 2758/2274/2274
f 2743/2268/2268 5146/2271/2271 2758/2274/2274 678/2269/2269
f 664/2207/2207 2730/2214/2214 5147/2275/2275 2744/2272/2272
f 2730/2214/2214 665/2213/2213 2745/2276/2276 5147/2275/2275
f 5147/2275/2275 2745/2276/2276 680/2277/2277 2759/2278/2278
f 2744/2272/2272 5147/2275/2275 2759/2278/2278 679/2273/2273
f 665/2213/2213 2731/2220/2220 5148/2279/2279 2745/2276/2276
f 2731/2220/2220 666/2219/2219 2746/2280/2280 5148/2279/2279
f 5148/2279/2279 2746/2280/2280 681/2281/2281 2760/2282/2282
f 2745/2276/2276 5148/2279/2279 2760/2282/2282 680/2277/2277
f 666/2219/2219 2732/2226/2226 5149/2283/2283 2746/2280/2280
f 2732/2226/2226 667/2225/2225 2747/2284/2284 5149/2283/2283
f 5149/2283/2283 2747/2284/2284 682/2285/2285 2761/2286/2286
f 2746/2280/2280 5149/2283/2283 2761/2286/2286 681/2281/2281
f 667/2225/2225 2733/2232/2232 5150/2287/2287 2747/2284/2284
f 2733/2232/2232 668/2231/2231 2748/2288/2288 5150/2287/2287
f 5150/2287/2287 2748/2288/2288 683/2289/2289 2762/2290/2290
f 2747/2284/2284 5150/2287/2287 2762/2290/2290 682/2285/2285
f 669/2238/2238 2749/2237/2237 5151/2291/2291 2763/2292/2292
f 2749/2237/2237 670/2236/2236 2764/2293/2293 5151/2291/2291
f 5151/2291/2291 2764/2293/2293 685/2294/2294 2778/2295/2295
f 2763/2292/2292 5151/2291/2291 2778/2295/2295 684/2296/2296
f 670/2236/2236 2750/2242/2242 5152/2297/2297 2764/2293/2293
f 2750/2242/2242 671/2241/2241 2765/2298/2298 5152/2297/2297
f 5152/2297/2297 2765/2298/2298 686/2299/2299 2779/2300/2300
f 2764/2293/2293 5152/2297/2297 2779/2300/2300 685/2294/2294
f 671/2241/2241 2751/2246/2246 5153/2301/2301 2765/2298/2298
f 2751/2246/2246 672/2245/2245 2766/2302/2302 5153/2301/2301
f 5153/2301/2301 2766/2302/2302 687/2303/2303 2780/2304/2304
f 2765/2298/2298 5153/2301/2301 2780/2304/2304 686/2299/2299
f 672/2245/2245 2752/2250/2250 5154/2305/2305 2766/2302/2302
f 2752/2250/2250 673/2249/2249 2767/2306/2306 5154/2305/2305
f 5154/2305/2305 2767/2306/2306 688/2307/2307 2781/2308/2308
f 2766/2302/2302 5154/2305/2305 2781/2308/2308 687/2303/2303
f 673/2249/2249 2753/2254/2254 5155/2309/2309 2767/2306/2306
f 2753/2254/2254 674/2253/2253 2768/2310/2310 5155/2309/2309
f 5155/2309/2309 2768/2310/2310 689/2311/2311 2782/2312/2312
f 2767/2306/2306 5155/2309/2309 2782/2312/2312 688/2307/2307
f 674/2253/2253 2754/2258/2258 5156/2313/2313 2768/2310/2310
f 2754/2258/2258 675/2257/2257 2769/2314/2314 5156/2313/2313
f 5156/2313/2313 2769/2314/2314 690/2315/2315 2783/2316/2316
f 2768/2310/2310 5156/2313/2313 2783/2316/2316 689/2311/2311
f 675/2257/2257 2755/2262/2262 5157/2317/2317 2769/2314/2314
f 2755/2262/2262 676/2261/2261 2770/2318/2318 5157/2317/2317
f 5157/2317/2317 2770/2318/2318 691/2319/2319 2784/2320/2320
f 2769/2314/2314 5157/2317/2317 2784/2320/2320 690/2315/2315
f 676/2261/2261 2756/2266/2266 5158/2321/2321 2770/2318/2318
f 2756/2266/2266 677/2265/2265 2771/2322/2322 5158/2321/2321
f 5158/2321/2321 2771/2322/2322 692/2323/2323 2785/2324/2324
f 2770/2318/2318 5158/2321/2321 2785/2324/2324 691/2319/2319
f 677/2265/2265 2757/2270/2270 5159/2325/2325 2771/2322/2322
f 2757/2270/2270 678/2269/2269 2772/2326/2326 5159/2325/2325
f 5159/2325/2325 2772/2326/2326 693/2327/2327 2786/2328/2328
f 2771/2322/2322 5159/2325/2325 2786/2328/2328 692/2323/2323
f 678/2269/2269 2758/2274/2274 5160/2329/2329 2772/2326/2326
f 2758/2274/2274 679/2273/2273 2773/2330/2330 5160/2329/2329
f 5160/2329/2329 2773/2330/2330 694/2331/2331 2787/2332/2332
f 2772/2326/2326 5160/2329/2329 2787/2332/2332 693/2327/2327
f 679/2273/2273 2759/2278/2278 5161/2333/2333 2773/2330/2330
f 2759/2278/2278 680/2277/2277 2774/2334/2334 5161/2333/2333
f 5161/2333/2333 2774/2334/2334 695/2335/2335 2788/2336/2336
f 2773/2330/2330 5161/2333/2333 2788/2336/2336 694/2331/2331
f 680/2277/2277 2760/2282/2282 5162/2337/2337 2774/2334/2334
f 2760/2282/2282 681/2281/2281 2775/2338/2338 5162/2337/2337
f 5162/2337/2337 2775/2338/2338 696/2339/2339 2789/2340/2340
f 2774/2334/2334 5162/2337/2337 2789/2340/2340 695/2335/2335
f 681/2281/2281 2761/2286/2286 5163/2341/2341 2775/2338/2338
f 2761/2286/2286 682/2285/2285 2776/2342/2342 5163/2341/2341
f 5163/2341/2341 2776/2342/2342 697/2343/2343 2790/2344/2344
f 2775/2338/2338 5163/2341/2341 2790/2344/2344 696/2339/2339
f 682/2285/2285 2762/2290/2290 5164/2345/2345 2776/2342/2342
f 2762/2290/2290 683/2289/2289 2777/2346/2346 5164/2345/2345
f 5164/2345/2345 2777/2346/2346 698/2347/2347 2791/2348/2348
f 2776/2342/2342 5164/2345/2345 2791/2348/2348 697/2343/2343
f 684/2296/2296 2778/2295/2295 5165/2349/2349 2792/2350/2350
f 2778/2295/2295 685/2294/2294 2793/2351/2351 5165/2349/2349
f 5165/2349/2349 2793/2351/2351 700/2352/2352 2807/2353/2353
f 2792/2350/2350 5165/2349/2349 2807/2353/2353 699/2354/2354
f 685/2294/2294 2779/2300/2300 5166/2355/2355 2793/2351/2351
f 2779/2300/2300 686/2299/2299 2794/2356/2356 5166/2355/2355
f 5166/2355/2355 2794/2356/2356 701/2357/2357 2808/2358/2358
f 2793/2351/2351 5166/2355/2355 2808/2358/2358 700/2352/2352
f 686/2299/2299 2780/2304/2304 5167/2359/2359 2794/2356/2356
f 2780/2304/2304 687/2303/2303 2795/2360/2360 5167/2359/2359
f 5167/2359/2359 2795/2360/2360 702/2361/2361 2809/2362/2362
f 2794/2356/2356 5167/2359/2359 2809/2362/2362 701/2357/2357
f 687/2303/2303 2781/2308/2308 5168/2363/2363 2795/2360/2360
f 2781/2308/2308 688/2307/2307 2796/2364/2364 5168/2363/2363
f 5168/2363/2363 2796/2364/2364 703/2365/2365 2810/2366/2366
f 2795/2360/2360 5168/2363/2363 2810/2366/2366 702/2361/2361
f 688/2307/2307 2782/2312/2312 5169/2367/2367 2796/2364/2364
f 2782/2312/2312 689/2311/2311 2797/2368/2368 5169/2367/2367
f 5169/2367/2367 2797/2368/2368 704/2369/2369 2811/2370/2370
f 2796/2364/2364 5169/2367/2367 2811/2370/2370 703/2365/2365
f 689/2311/2311 2783/2316/2316 5170/2371/2371 2797/2368/2368
f 2783/2316/2316 690/2315/2315 2798/2372/2372 5170/2371/2371
f 5170/2371/2371 2798/2372/2372 705/2373/2373 2812/2374/2374
f 2797/2368/2368 5170/2371/2371 2812/2374/2374 704/2369/2369
f 690/2315/2315 2784/2320/2320 5171/2375/2375 2798/2372/2372
f 2784/2320/2320 691/2319/2319 2799/2376/2376 5171/2375/2375
f 5171/2375/2375 2799/2376/2376 706/2377/2377 2813/2378/2378
f 2798/2372/2372 5171/2375/2375 2813/2378/2378 705/2373/2373
f 691/2319/2319 2785/2324/2324 5172/2379/2379 2799/2376/2376
f 2785/2324/2324 692/2323/2323 2800/2380/2380 5172/2379/2379
f 5172/2379/2379 2800/2380/2380 707/2381/2381 2814/2382/2382
f 2799/2376/2376 5172/2379/2379 2814/2382/2382 706/2377/2377
f 692/2323/2323 2786/2328/2328 5173/2383/2383 2800/2380/2380
f 2786/2328/2328 693/2327/2327 2801/2384/2384 5173/2383/2383
f 5173/2383/2383 2801/2384/2384 708/2385/2385 2815/2386/2386
f 2800/2380/2380 5173/2383/2383 2815/2386/2386 707/2381/2381
f 693/2327/2327 2787/2332/2332 5174/2387/2387 2801/2384/2384
f 2787/2332/2332 694/2331/2331 2802/2388/2388 5174/2387/2387
f 5174/2387/2387 2802/2388/2388 709/2389/2389 2816/2390/2390
f 2801/2384/2384 5174/2387/2387 2816/2390/2390 708/2385/2385
f 694/2331/2331 2788/2336/2336 5175/2391/2391 2802/2388/2388
f 2788/2336/2336 695/2335/2335 2803/2392/2392 5175/2391/2391
f 5175/2391/2391 2803/2392/2392 710/2393/2393 2817/2394/2394
f 2802/2388/2388 5175/2391/2391 2817/2394/2394 709/2389/2389
f 695/2335/2335 2789/2340/2340 5176/2395/2395 2803/2392/2392
f 2789/2340/2340 696/2339/2339 2804/2396/2396 5176/2395/2395
f 5176/2395/2395 2804/2396/2396 711/2397/2397 2818/2398/2398
f 2803/2392/2392 5176/2395/2395 2818/2398/2398 710/2393/2393
f 696/2339/2339 2790/2344/2344 5177/2399/2399 2804/2396/2396
f 2790/2344/2344 697/2343/2343 2805/2400/2400 5177/2399/2399
f 5177/2399/2399 2805/2400/2400 712/2401/2401 2819/2402/2402
f 2804/2396/2396 5177/2399/2399 2819/2402/2402 711/2397/2397
f 697/2343/2343 2791/2348/2348 5178/2403/2403 2805/2400/2400
f 2791/2348/2348 698/2347/2347 2806/2404/2404 5178/2403/2403
f 5178/2403/2403 2806/2404/2404 713/2405/2405 2820/2406/2406
f 2805/2400/2400 5178/2403/2403 2820/2406/2406 712/2401/2401
f 699/2354/2354 2807/2353/2353 5179/2407/2407 2821/2408/2408
f 2807/2353/2353 700/2352/2352 2822/2409/2409 5179/2407/2407
f 5179/2407/2407 2822/2409/2409 715/2410/2410 2836/2411/2411
f 2821/2408/2408 5179/2407/2407 2836/2411/2411 714/2412/2412
f 700/2352/2352 2808/2358/2358 5180/2413/2413 2822/2409/2409
f 2808/2358/2358 701/2357/2357 2823/2414/2414 5180/2413/2413
f 5180/2413/2413 2823/2414/2414 716/2415/2415 2837/2416/2416
f 2822/2409/2409 5180/2413/2413 2837/2416/2416 715/2410/2410
f 701/2357/2357 2809/2362/2362 5181/2417/2417 2823/2414/2414
f 2809/2362/2362 702/2361/2361 2824/2418/2418 5181/2417/2417
f 5181/2417/2417 2824/2418/2418 717/2419/2419 2838/2420/2420
f 2823/2414/2414 5181/2417/2417 2838/2420/2420 716/2415/2415
f 702/2361/2361 2810/2366/2366 5182/2421/2421 2824/2418/2418
f 2810/2366/2366 703/2365/2365 2825/2422/2422 5182/2421/2421
f 5182/2421/2421 2825/2422/2422 718/2423/2423 2839/2424/2424
f 2824/2418/2418 5182/2421/2421 2839/2424/2424 717/2419/2419
f 703/2365/2365 2811/2370/2370 5183/2425/2425 2825/2422/2422
f 2811/2370/2370 704/2369/2369 2826/2426/2426 5183/2425/2425
f 5183/2425/2425 2826/2426/2426 719/2427/2427 2840/2428/2428
f 2825/2422/2422 5183/2425/2425 2840/2428/2428 718/2423/2423
f 704/2369/2369 2812/2374/2374 5184/2429/2429 2826/2426/2426
f 2812/2374/2374 705/2373/2373 2827/2430/2430 5184/2429/2429
f 5184/2429/2429 2827/2430/2430 720/2431/2431 2841/2432/2432
f 2826/2426/2426 5184/2429/2429 2841/2432/2432 719/2427/2427
f 705/2373/2373 2813/2378/2378 5185/2433/2433 2827/2430/2430
f 2813/2378/2378 706/2377/2377 2828/2434/2434 5185/2433/2433
f 5185/2433/2433 2828/2434/2434 721/2435/2435 2842/2436/2436
f 2827/2430/2430 5185/2433/2433 2842/2436/2436 720/2431/2431
f 706/2377/2377 2814/2382/2382 5186/2437/2437 2828/2434/2434
f 2814/2382/2382 707/2381/2381 2829/2438/2438 5186/2437/2437
f 5186/2437/2437 2829/2438/2438 722/2439/2439 2843/2440/2440
f 2828/2434/2434 5186/2437/2437 2843/2440/2440 721/2435/2435
f 707/2381/2381 2815/2386/2386 5187/2441/2441 2829/2438/2438
f 2815/2386/2386 708/2385/2385 2830/2442/2442 5187/2441/2441
f 5187/2441/2441 2830/2442/2442 723/2443/2443 2844/2444/2444
f 2829/2438/2438 5187/2441/2441 2844/2444/2444 722/2439/2439
f 708/2385/2385 2816/2390/2390 5188/2445/2445 2830/2442/2442
f 2816/2390/2390 709/2389/2389 2831/2446/2446 5188/2445/2445
f 5188/2445/2445 2831/2446/2446 724/2447/2447 2845/2448/2448
f 2830/2442/2442 5188/2445/2445 2845/2448/2448 723/2443/2443
f 709/2389/2389 2817/2394/2394 5189/2449/2449 2831/2446/2446
f 2817/2394/2394 710/2393/2393 2832/2450/2450 5189/2449/2449
f 5189/2449/2449 2832/2450/2450 725/2451/2451 2846/2452/2452
f 2831/2446/2446 5189/2449/2449 2846/2452/2452 724/2447/2447
f 710/2393/2393 2818/2398/2398 5190/2453/2453 2832/2450/2450
f 2818/2398/2398 711/2397/2397 2833/2454/2454 5190/2453/2453
f 5190/2453/2453 2833/2454/2454 726/2455/2455 2847/2456/2456
f 2832/2450/2450 5190/2453/2453 2847/2456/2456 725/2451/2451
f 711/2397/2397 2819/2402/2402 5191/2457/2457 2833/2454/2454
f 2819/2402/2402 712/2401/2401 2834/2458/2458 5191/2457/2457
f 5191/2457/2457 2834/2458/2458 727/2459/2459 2848/2460/2460
f 2833/2454/2454 5191/2457/2457 2848/2460/2460 726/2455/2455
f 712/2401/2401 2820/2406/2406 5192/2461/2461 2834/2458/2458
f 2820/2406/2406 713/2405/2405 2835/2462/2462 5192/2461/2461
f 5192/2461/2461 2835/2462/2462 728/2463/2463 2849/2464/2464
f 2834/2458/2458 5192/2461/2461 2849/2464/2464 727/2459/2459
f 714/2412/2412 2836/2411/2411 5193/2465/2465 2850/2466/2466
f 2836/2411/2411 715/2410/2410 2851/2467/2467 5193/2465/2465
f 5193/2465/2465 2851/2467/2467 730/2468/2468 2865/2469/2469
f 2850/2466/2466 5193/2465/2465 2865/2469/2469 729/2470/2470
f 715/2410/2410 2837/2416/2416 5194/2471/2471 2851/2467/2467
f 2837/2416/2416 716/2415/2415 2852/2472/2472 5194/2471/2471
f 5194/2471/2471 2852/2472/2472 731/2473/2473 2866/2474/2474
f 2851/2467/2467 5194/2471/2471 2866/2474/2474 730/2468/2468
f 716/2415/2415 2838/2420/2420 5195/2475/2475 2852/2472/2472
f 2838/2420/2420 717/2419/2419 2853/2476/2476 5195/2475/2475
f 5195/2475/2475 2853/2476/2476 732/2477/2477 2867/2478/2478
f 2852/2472/2472 5195/2475/2475 2867/2478/2478 731/2473/2473
f 717/2419/2419 2839/2424/2424 5196/2479/2479 2853/2476/2476
f 2839/2424/2424 718/2423/2423 2854/2480/2480 5196/2479/2479
f 5196/2479/2479 2854/2480/2480 733/2481/2481 2868/2482/2482
f 2853/2476/2476 5196/2479/2479 2868/2482/2482 732/2477/2477
f 718/2423/2423 2840/2428/2428 5197/2483/2483 2854/2480/2480
f 2840/2428/2428 719/2427/2427 2855/2484/2484 5197/2483/2483
f 5197/2483/2483 2855/2484/2484 734/2485/2485 2869/2486/2486
f 2854/2480/2480 5197/2483/2483 2869/2486/2486 733/2481/2481
f 719/2427/2427 2841/2432/2432 5198/2487/2487 2855/2484/2484
f 2841/2432/2432 720/2431/2431 2856/2488/2488 5198/2487/2487
f 5198/2487/2487 2856/2488/2488 735/2489/2489 2870/2490/2490
f 2855/2484/2484 5198/2487/2487 2870/2490/2490 734/2485/2485
f 720/2431/2431 2842/2436/2436 5199/2491/2491 2856/2488/2488
f 2842/2436/2436 721/2435/2435 2857/2492/2492 5199/2491/2491
f 5199/2491/2491 2857/2492/2492 736/2493/2493 2871/2494/2494
f 2856/2488/2488 5199/2491/2491 2871/2494/2494 735/2489/2489
f 721/2435/2435 2843/2440/2440 5200/2495/2495 2857/2492/2492
f 2843/2440/2440 722/2439/2439 2858/2496/2496 5200/2495/2495
f 5200/2495/2495 2858/2496/2496 737/2497/2497 2872/2498/2498
f 2857/2492/2492 5200/2495/2495 2872/2498/2498 736/2493/2493
f 722/2439/2439 2844/2444/2444 5201/2499/2499 2858/2496/2496
f 2844/2444/2444 723/2443/2443 2859/2500/2500 5201/2499/2499
f 5201/2499/2499 2859/2500/2500 738/2501/2501 2873/2502/2502
f 2858/2496/2496 5201/2499/2499 2873/2502/2502 737/2497/2497
f 723/2443/2443 2845/2448/2448 5202/2503/2503 2859/2500/2500
f 2845/2448/2448 724/2447/2447 2860/2504/2504 5202/2503/2503
f 5202/2503/2503 2860/2504/2504 739/2505/2505 2874/2506/2506
f 2859/2500/2500 5202/2503/2503 2874/2506/2506 738/2501/2501
f 724/2447/2447 2846/2452/2452 5203/2507/2507 2860/2504/2504
f 2846/2452/2452 725/2451/2451 2861/2508/2508 5203/2507/2507
f 5203/2507/2507 2861/2508/2508 740/2509/2509 2875/2510/2510
f 2860/2504/2504 5203/2507/2507 2875/2510/2510 739/2505/2505
f 725/2451/2451 2847/2456/2456 5204/2511/2511 2861/2508/2508
f 2847/2456/2456 726/2455/2455 2862/2512/2512 5204/2511/2511
f 5204/2511/2511 2862/2512/2512 741/2513/2513 2876/2514/2514
f 2861/2508/2508 5204/2511/2511 2876/2514/2514 740/2509/2509
f 726/2455/2455 2848/2460/2460 5205/2515/2515 2862/2512/2512
f 2848/2460/2460 727/2459/2459 2863/2516/2516 5205/2515/2515
f 5205/2515/2515 2863/2516/2516 742/2517/2517 2877/2518/2518
f 2862/2512/2512 5205/2515/2515 2877/2518/2518 741/2513/2513
f 727/2459/2459 2849/2464/2464 5206/2519/2519 2863/2516/2516
f 2849/2464/2464 728/2463/2463 2864/2520/2520 5206/2519/2519
f 5206/2519/2519 2864/2520/2520 743/2521/2521 2878/2522/2522
f 2863/2516/2516 5206/2519/2519 2878/2522/2522 742/2517/2517
f 729/2470/2470 2865/2469/2469 5207/2523/2523 2879/2524/2524
f 2865/2469/2469 730/2468/2468 2880/2525/2525 5207/2523/2523
f 5207/2523/2523 2880/2525/2525 745/2526/2526 2894/2527/2527
f 2879/2524/2524 5207/2523/2523 2894/2527/2527 744/2528/2528
f 730/2468/2468 2866/2474/2474 5208/2529/2529 2880/2525/2525
f 2866/2474/2474 731/2473/2473 2881/2530/2530 5208/2529/2529
f 5208/2529/2529 2881/2530/2530 746/2531/2531 2895/2532/2532
f 2880/2525/2525 5208/2529/2529 2895/2532/2532 745/2526/2526
f 731/2473/2473 2867/2478/2478 5209/2533/2533 2881/2530/2530
f 2867/2478/2478 732/2477/2477 2882/2534/2534 5209/2533/2533
f 5209/2533/2533 2882/2534/2534 747/2535/2535 2896/2536/2536
f 2881/2530/2530 5209/2533/2533 2896/2536/2536 746/2531/2531
f 732/2477/2477 2868/2482/2482 5210/2537/2537 2882/2534/2534
f 2868/2482/2482 733/2481/2481 2883/2538/2538 5210/2537/2537
f 5210/2537/2537 2883/2538/2538 748/2539/2539 2897/2540/2540
f 2882/2534/2534 5210/2537/2537 2897/2540/2540 747/2535/2535
f 733/2481/2481 2869/2486/2486 5211/2541/2541 2883/2538/2538
f 2869/2486/2486 734/2485/2485 2884/2542/2542 5211/2541/2541
f 5211/2541/2541 2884/2542/2542 749/2543/2543 2898/2544/2544
f 2883/2538/2538 5211/2541/2541 2898/2544/2544 748/2539/2539
f 734/2485/2485 2870/2490/2490 5212/2545/2545 2884/2542/2542
f 2870/2490/2490 735/2489/2489 2885/2546/2546 5212/2545/2545
f 5212/2545/2545 2885/2546/2546 750/2547/2547 2899/2548/2548
f 2884/2542/2542 5212/2545/2545 2899/2548/2548 749/2543/2543
f 735/2489/2489 2871/2494/2494 5213/2549/2549 2885/2546/2546
f 2871/2494/2494 736/2493/2493 2886/2550/2550 5213/2549/2549
f 5213/2549/2549 2886/2550/2550 751/2551/2551 2900/2552/2552
f 2885/2546/2546 5213/2549/2549 2900/2552/2552 750/2547/2547
f 736/2493/2493 2872/2498/2498 5214/2553/2553 2886/2550/2550
f 2872/2498/2498 737/2497/2497 2887/2554/2554 5214/2553/2553
f 5214/2553/2553 2887/2554/2554 752/2555/2555 2901/2556/2556
f 2886/2550/2550 5214/2553/2553 2901/2556/2556 751/2551/2551
f 737/2497/2497 2873/2502/2502 5215/2557/2557 2887/2554/2554
f 2873/2502/2502 738/2501/2501 2888/2558/2558 5215/2557/2557
f 5215/2557/2557 2888/2558/2558 753/2559/2559 2902/2560/2560
f 2887/2554/2554 5215/2557/2557 2902/2560/2560 752/2555/2555
f 738/2501/2501 2874/2506/2506 5216/2561/2561 2888/2558/2558
f 2874/2506/2506 739/2505/2505 2889/2562/2562 5216/2561/2561
f 5216/2561/2561 2889/2562/2562 754/2563/2563 2903/2564/2564
f 2888/2558/2558 5216/2561/2561 2903/2564/2564 753/2559/2559
f 739/2505/2505 2875/2510/2510 5217/2565/2565 2889/2562/2562
f 2875/2510/2510 740/2509/2509 2890/2566/2566 5217/2565/2565
f 5217/2565/2565 2890/2566/2566 755/2567/2567 2904/2568/2568
f 2889/2562/2562 5217/2565/2565 2904/2568/2568 754/2563/2563
f 740/2509/2509 2876/2514/2514 5218/2569/2569 2890/2566/2566
f 2876/2514/2514 741/2513/2513 2891/2570/2570 5218/2569/2569
f 5218/2569/2569 2891/2570/2570 756/2571/2571 2905/2572/2572
f 2890/2566/2566 5218/2569/2569 2905/2572/2572 755/2567/2567
f 741/2513/2513 2877/2518/2518 5219/2573/2573 2891/2570/2570
f 2877/2518/2518 742/2517/2517 2892/2574/2574 5219/2573/2573
f 5219/2573/2573 2892/2574/2574 757/2575/2575 2906/2576/2576
f 2891/2570/2570 5219/2573/2573 2906/2576/2576 756/2571/2571
f 742/2517/2517 2878/2522/2522 5220/2577/2577 2892/2574/2574
f 2878/2522/2522 743/2521/2521 2893/2578/2578 5220/2577/2577
f 5220/2577/2577 2893/2578/2578 758/2579/2579 2907/2580/2580
f 2892/2574/2574 5220/2577/2577 2907/2580/2580 757/2575/2575
f 744/2528/2528 2894/2527/2527 5221/2581/2581 2908/2582/2582
f 2894/2527/2527 745/2526/2526 2909/2583/2583 5221/2581/2581
f 5221/2581/2581 2909/2583/2583 760/2584/2584 2923/2585/2585
f 2908/2582/2582 5221/2581/2581 2923/2585/2585 759/2586/2586
f 745/2526/2526 2895/2532/2532 5222/2587/2587 2909/2583/2583
f 2895/2532/2532 746/2531/2531 2910/2588/2588 5222/2587/2587
f 5222/2587/2587 2910/2588/2588 761/2589/2589 2924/2590/2590
f 2909/2583/2583 5222/2587/2587 2924/2590/2590 760/2584/2584
f 746/2531/2531 2896/2536/2536 5223/2591/2591 2910/2588/2588
f 2896/2536/2536 747/2535/2535 2911/2592/2592 5223/2591/2591
f 5223/2591/2591 2911/2592/2592 762/2593/2593 2925/2594/2594
f 2910/2588/2588 5223/2591/2591 2925/2594/2594 761/2589/2589
f 747/2535/2535 2897/2540/2540 5224/2595/2595 2911/2592/2592
f 2897/2540/2540 748/2539/2539 2912/2596/2596 5224/2595/2595
f 5224/2595/2595 2912/2596/2596 763/2597/2597 2926/2598/2598
f 2911/2592/2592 5224/2595/2595 2926/2598/2598 762/2593/2593
f 748/2539/2539 2898/2544/2544 5225/2599/2599 2912/2596/2596
f 2898/2544/2544 749/2543/2543 2913/2600/2600 5225/2599/2599
f 5225/2599/2599 2913/2600/2600 764/2601/2601 2927/2602/2602
f 2912/2596/2596 5225/2599/2599 2927/2602/2602 763/2597/2597
f 749/2543/2543 2899/2548/2548 5226/2603/2603 2913/2600/2600
f 2899/2548/2548 750/2547/2547 2914/2604/2604 5226/2603/2603
f 5226/2603/2603 2914/2604/2604 765/2605/2605 2928/2606/2606
f 2913/2600/2600 5226/2603/2603 2928/2606/2606 764/2601/2601
f 750/2547/2547 2900/2552/2552 5227/2607/2607 2914/2604/2604
f 2900/2552/2552 751/2551/2551 2915/2608/2608 5227/2607/2607
f 5227/2607/2607 2915/2608/2608 766/2609/2609 2929/2610/2610
f 2914/2604/2604 5227/2607/2607 2929/2610/2610 765/2605/2605
f 751/2551/2551 2901/2556/2556 5228/2611/2611 2915/2608/2608
f 2901/2556/2556 752/2555/2555 2916/2612/2612 5228/2611/2611
f 5228/2611/2611 2916/2612/2612 767/2613/2613 2930/2614/2614
f 2915/2608/2608 5228/2611/2611 2930/2614/2614 766/2609/2609
f 752/2555/2555 2902/2560/2560 5229/2615/2615 2916/2612/2612
f 2902/2560/2560 753/2559/2559 2917/2616/2616 5229/2615/2615
f 5229/2615/2615 2917/2616/2616 768/2617/2617 2931/2618/2618
f 2916/2612/2612 5229/2615/2615 2931/2618/2618 767/2613/2613
f 753/2559/2559 2903/2564/2564 5230/2619/2619 2917/2616/2616
f 2903/2564/2564 754/2563/2563 2918/2620/2620 5230/2619/2619
f 5230/2619/2619 2918/2620/2620 769/2621/2621 2932/2622/2622
f 2917/2616/2616 5230/2619/2619 2932/2622/2622 768/2617/2617
f 754/2563/2563 2904/2568/2568 5231/2623/2623 2918/2620/2620
f 2904/2568/2568 755/2567/2567 2919/2624/2624 5231/2623/2623
f 5231/2623/2623 2919/2624/2624 770/2625/2625 2933/2626/2626
f 2918/2620/2620 5231/2623/2623 2933/2626/2626 769/2621/2621
f 755/2567/2567 2905/2572/2572 5232/2627/2627 2919/2624/2624
f 2905/2572/2572 756/2571/2571 2920/2628/2628 5232/2627/2627
f 5232/2627/2627 2920/2628/2628 771/2629/2629 2934/2630/2630
f 2919/2624/2624 5232/2627/2627 2934/2630/2630 770/2625/2625
f 756/2571/2571 2906/2576/2576 5233/2631/2631 2920/2628/2628
f 2906/2576/2576 757/2575/2575 2921/2632/2632 5233/2631/2631
f 5233/2631/2631 2921/2632/2632 772/2633/2633 2935/2634/2634
f 2920/2628/2628 5233/2631/2631 2935/2634/2634 771/2629/2629
f 757/2575/2575 2907/2580/2580 5234/2635/2635 2921/2632/2632
f 2907/2580/2580 758/2579/2579 2922/2636/2636 5234/2635/2635
f 5234/2635/2635 2922/2636/2636 773/2637/2637 2936/2638/2638
f 2921/2632/2632 5234/2635/2635 2936/2638/2638 772/2633/2633
f 759/2586/2586 2923/2585/2585 5235/2639/2639 2937/2640/2640
f 2923/2585/2585 760/2584/2584 2938/2641/2641 5235/2639/2639
f 5235/2639/2639 2938/2641/2641 775/2642/2642 2952/2643/2643
f 2937/2640/2640 5235/2639/2639 2952/2643/2643 774/2644/2644
f 760/2584/2584 2924/2590/2590 5236/2645/2645 2938/2641/2641
f 2924/2590/2590 761/2589/2589 2939/2646/2646 5236/2645/2645
f 5236/2645/2645 2939/2646/2646 776/2647/2647 2953/2648/2648
f 2938/2641/2641 5236/2645/2645 2953/2648/2648 775/2642/2642
f 761/2589/2589 2925/2594/2594 5237/2649/2649 2939/2646/2646
f 2925/2594/2594 762/2593/2593 2940/2650/2650 5237/2649/2649
f 5237/2649/2649 2940/2650/2650 777/2651/2651 2954/2652/2652
f 2939/2646/2646 5237/2649/2649 2954/2652/2652 776/2647/2647
f 762/2593/2593 2926/2598/2598 5238/2653/2653 2940/2650/2650
f 2926/2598/2598 763/2597/2597 2941/2654/2654 5238/2653/2653
f 5238/2653/2653 2941/2654/2654 778/2655/2655 2955/2656/2656
f 2940/2650/2650 5238/2653/2653 2955/2656/2656 777/2651/2651
f 763/2597/2597 2927/2602/2602 5239/2657/2657 2941/2654/2654
f 2927/2602/2602 764/2601/2601 2942/2658/2658 5239/2657/2657
f 5239/2657/2657 2942/2658/2658 779/2659/2659 2956/2660/2660
f 2941/2654/2654 5239/2657/2657 2956/2660/2660 778/2655/2655
f 764/2601/2601 2928/2606/2606 5240/2661/2661 2942/2658/2658
f 2928/2606/2606 765/2605/2605 2943/2662/2662 5240/2661/2661
f 5240/2661/2661 2943/2662/2662 780/2663/2663 2957/2664/2664
f 2942/2658/2658 5240/2661/2661 2957/2664/2664 779/2659/2659
f 765/2605/2605 2929/2610/2610 5241/2665/2665 2943/2662/2662
f 2929/2610/2610 766/2609/2609 2944/2666/2666 5241/2665/2665
f 5241/2665/2665 2944/2666/2666 781/2667/2667 2958/2668/2668
f 2943/2662/2662 5241/2665/2665 2958/2668/2668 780/2663/2663
f 766/2609/2609 2930/2614/2614 5242/2669/2669 2944/2666/2666
f 2930/2614/2614 767/2613/2613 2945/2670/2670 5242/2669/2669
f 5242/2669/2669 2945/2670/2670 782/2671/2671 2959/2672/2672
f 2944/2666/2666 5242/2669/2669 2959/2672/2672 781/2667/2667
f 767/2613/2613 2931/2618/2618 5243/2673/2673 2945/2670/2670
f 2931/2618/2618 768/2617/2617 2946/2674/2674 5243/2673/2673
f 5243/2673/2673 2946/2674/2674 783/2675/2675 2960/2676/2676
f 2945/2670/2670 5243/2673/2673 2960/2676/2676 782/2671/2671
f 768/2617/2617 2932/2622/2622 5244/2677/2677 2946/2674/2674
f 2932/2622/2622 769/2621/2621 2947/2678/2678 5244/2677/2677
f 5244/2677/2677 2947/2678/2678 784/2679/2679 2961/2680/2680
f 2946/2674/2674 5244/2677/2677 2961/2680/2680 783/2675/2675
f 769/2621/2621 2933/2626/2626 5245/2681/2681 2947/2678/2678
f 2933/2626/2626 770/2625/2625 2948/2682/2682 5245/2681/2681
f 5245/2681/2681 2948/2682/2682 785/2683/2683 2962/2684/2684
f 2947/2678/2678 5245/2681/2681 2962/2684/2684 784/2679/2679
f 770/2625/2625 2934/2630/2630 5246/2685/2685 2948/2682/2682
f 2934/2630/2630 771/2629/2629 2949/2686/2686 5246/2685/2685
f 5246/2685/2685 2949/2686/2686 786/2687/2687 2963/2688/2688
f 2948/2682/2682 5246/2685/2685 2963/2688/2688 785/2683/2683
f 771/2629/2629 2935/2634/2634 5247/2689/2689 2949/2686/2686
f 2935/2634/2634 772/2633/2633 2950/2690/2690 5247/2689/2689
f 5247/2689/2689 2950/2690/2690 787/2691/2691 2964/2692/2692
f 2949/2686/2686 5247/2689/2689 2964/2692/2692 786/2687/2687
f 772/2633/2633 2936/2638/2638 5248/2693/2693 2950/2690/2690
f 2936/2638/2638 773/2637/2637 2951/2694/2694 5248/2693/2693
f 5248/2693/2693 2951/2694/2694 788/2695/2695 2965/2696/2696
f 2950/2690/2690 5248/2693/2693 2965/2696/2696 787/2691/2691
f 774/2644/2644 2952/2643/2643 5249/2697/2697 2966/2698/2698
f 2952/2643/2643 775/2642/2642 2967/2699/2699 5249/2697/2697
f 5249/2697/2697 2967/2699/2699 790/2700/2700 2981/2701/2701
f 2966/2698/2698 5249/2697/2697 2981/2701/2701 789/2702/2702
f 775/2642/2642 2953/2648/2648 5250/2703/2703 2967/2699/2699
f 2953/2648/2648 776/2647/2647 2968/2704/2704 5250/2703/2703
f 5250/2703/2703 2968/2704/2704 791/2705/2705 2982/2706/2706
f 2967/2699/2699 5250/2703/2703 2982/2706/2706 790/2700/2700
f 776/2647/2647 2954/2652/2652 5251/2707/2707 2968/2704/2704
f 2954/2652/2652 777/2651/2651 2969/2708/2708 5251/2707/2707
f 5251/2707/2707 2969/2708/2708 792/2709/2709 2983/2710/2710
f 2968/2704/2704 5251/2707/2707 2983/2710/2710 791/2705/2705
f 777/2651/2651 2955/2656/2656 5252/2711/2711 2969/2708/2708
f 2955/2656/2656 778/2655/2655 2970/2712/2712 5252/2711/2711
f 5252/2711/2711 2970/2712/2712 793/2713/2713 2984/2714/2714
f 2969/2708/2708 5252/2711/2711 2984/2714/2714 792/2709/2709
f 778/2655/2655 2956/2660/2660 5253/2715/2715 2970/2712/2712
f 2956/2660/2660 779/2659/2659 2971/2716/2716 5253/2715/2715
f 5253/2715/2715 2971/2716/2716 794/2717/2717 2985/2718/2718
f 2970/2712/2712 5253/2715/2715 2985/2718/2718 793/2713/2713
f 779/2659/2659 2957/2664/2664 5254/2719/2719 2971/2716/2716
f 2957/2664/2664 780/2663/2663 2972/2720/2720 5254/2719/2719
f 5254/2719/2719 2972/2720/2720 795/2721/2721 2986/2722/2722
f 2971/2716/2716 5254/2719/2719 2986/2722/2722 794/2717/2717
f 780/2663/2663 2958/2668/2668 5255/2723/2723 2972/2720/2720
f 2958/2668/2668 781/2667/2667 2973/2724/2724 5255/2723/2723
f 5255/2723/2723 2973/2724/2724 796/2725/2725 2987/2726/2726
f 2972/2720/2720 5255/2723/2723 2987/2726/2726 795/2721/2721
f 781/2667/2667 2959/2672/2672 5256/2727/2727 2973/2724/2724
f 2959/2672/2672 782/2671/2671 2974/2728/2728 5256/2727/2727
f 5256/2727/2727 2974/2728/2728 797/2729/2729 2988/2730/2730
f 2973/2724/2724 5256/2727/2727 2988/2730/2730 796/2725/2725
f 782/2671/2671 2960/2676/2676 5257/2731/2731 2974/2728/2728
f 2960/2676/2676 783/2675/2675 2975/2732/2732 5257/2731/2731
f 5257/2731/2731 2975/2732/2732 798/2733/2733 2989/2734/2734
f 2974/2728/2728 5257/2731/2731 2989/2734/2734 797/2729/2729
f 783/2675/2675 2961/2680/2680 5258/2735/2735 2975/2732/2732
f 2961/2680/2680 784/2679/2679 2976/2736/2736 5258/2735/2735
f 5258/2735/2735 2976/2736/2736 799/2737/2737 2990/2738/2738
f 2975/2732/2732 5258/2735/2735 2990/2738/2738 798/2733/2733
f 784/2679/2679 2962/2684/2684 5259/2739/2739 2976/2736/2736
f 2962/2684/2684 785/2683/2683 2977/2740/2740 5259/2739/2739
f 5259/2739/2739 2977/2740/2740 800/2741/2741 2991/2742/2742
f 2976/2736/2736 5259/2739/2739 2991/2742/2742 799/2737/2737
f 785/2683/2683 2963/2688/2688 5260/2743/2743 2977/2740/2740
f 2963/2688/2688 786/2687/2687 2978/2744/2744 5260/2743/2743
f 5260/2743/2743 2978/2744/2744 801/2745/2745 2992/2746/2746
f 2977/2740/2740 5260/2743/2743 2992/2746/2746 800/2741/2741
f 786/2687/2687 2964/2692/2692 5261/2747/2747 2978/2744/2744
f 2964/2692/2692 787/2691/2691 2979/2748/2748 5261/2747/2747
f 5261/2747/2747 2979/2748/2748 802/2749/2749 2993/2750/2750
f 2978/2744/2744 5261/2747/2747 2993/2750/2750 801/2745/2745
f 787/2691/2691 2965/2696/2696 5262/2751/2751 2979/2748/2748
f 2965/2696/2696 788/2695/2695 2980/2752/2752 5262/2751/2751
f 5262/2751/2751 2980/2752/2752 803/2753/2753 2994/2754/2754
f 2979/2748/2748 5262/2751/2751 2994/2754/2754 802/2749/2749
f 789/2702/2702 2981/2701/2701 5263/2755/2755 2995/2756/2756
f 2981/2701/2701 790/2700/2700 2996/2757/2757 5263/2755/2755
f 5263/2755/2755 2996/2757/2757 805/2758/2758 3010/2759/2759
f 2995/2756/2756 5263/2755/2755 3010/2759/2759 804/2760/2760
f 790/2700/2700 2982/2706/2706 5264/2761/2761 2996/2757/2757
f 2982/2706/2706 791/2705/2705 2997/2762/2762 5264/2761/2761
f 5264/2761/2761 2997/2762/2762 806/2763/2763 3011/2764/2764
f 2996/2757/2757 5264/2761/2761 3011/2764/2764 805/2758/2758
f 791/2705/2705 2983/2710/2710 5265/2765/2765 2997/2762/2762
f 2983/2710/2710 792/2709/2709 2998/2766/2766 5265/2765/2765
f 5265/2765/2765 2998/2766/2766 807/2767/2767 3012/2768/2768
f 2997/2762/2762 5265/2765/2765 3012/2768/2768 806/2763/2763
f 792/2709/2709 2984/2714/2714 5266/2769/2769 2998/2766/2766
f 2984/2714/2714 793/2713/2713 2999/2770/2770 5266/2769/2769
f 5266/2769/2769 2999/2770/2770 808/2771/2771 3013/2772/2772
f 2998/2766/2766 5266/2769/2769 3013/2772/2772 807/2767/2767
f 793/2713/2713 2985/2718/2718 5267/2773/2773 2999/2770/2770
f 2985/2718/2718 794/2717/2717 3000/2774/2774 5267/2773/2773
f 5267/2773/2773 3000/2774/2774 809/2775/2775 3014/2776/2776
f 2999/2770/2770 5267/2773/2773 3014/2776/2776 808/2771/2771
f 794/2717/2717 2986/2722/2722 5268/2777/2777 3000/2774/2774
f 2986/2722/2722 795/2721/2721 3001/2778/2778 5268/2777/2777
f 5268/2777/2777 3001/2778/2778 810/2779/2779 3015/2780/2780
f 3000/2774/2774 5268/2777/2777 3015/2780/2780 809/2775/2775
f 795/2721/2721 2987/2726/2726 5269/2781/2781 3001/2778/2778
f 2987/2726/2726 796/2725/2725 3002/2782/2782 5269/2781/2781
f 5269/2781/2781 3002/2782/2782 811/2783/2783 3016/2784/2784
f 3001/2778/2778 5269/2781/2781 3016/2784/2784 810/2779/2779
f 796/2725/2725 2988/2730/2730 5270/2785/2785 3002/2782/2782
f 2988/2730/2730 797/2729/2729 3003/2786/2786 5270/2785/2785
f 5270/2785/2785 3003/2786/2786 812/2787/2787 3017/2788/2788
f 3002/2782/2782 5270/2785/2785 3017/2788/2788 811/2783/2783
f 797/2729/2729 2989/2734/2734 5271/2789/2789 3003/2786/2786
f 2989/2734/2734 798/2733/2733 3004/2790/2790 5271/2789/2789
f 5271/2789/2789 3004/2790/2790 813/2791/2791 3018/2792/2792
f 3003/2786/2786 5271/2789/2789 3018/2792/2792 812/2787/2787
f 798/2733/2733 2990/2738/2738 5272/2793/2793 3004/2790/2790
f 2990/2738/2738 799/2737/2737 3005/2794/2794 5272/2793/2793
f 5272/2793/2793 3005/2794/2794 814/2795/2795 3019/2796/2796
f 3004/2790/2790 5272/2793/2793 3019/2796/2796 813/2791/2791
f 799/2737/2737 2991/2742/2742 5273/2797/2797 3005/2794/2794
f 2991/2742/2742 800/2741/2741 3006/2798/2798 5273/2797/2797
f 5273/2797/2797 3006/2798/2798 815/2799/2799 3020/2800/2800
f 3005/2794/2794 5273/2797/2797 3020/2800/2800 814/2795/2795
f 800/2741/2741 2992/2746/2746 5274/2801/2801 3006/2798/2798
f 2992/2746/2746 801/2745/2745 3007/2802/2802 5274/2801/2801
f 5274/2801/2801 3007/2802/2802 816/2803/2803 3021/2804/2804
f 3006/2798/2798 5274/2801/2801 3021/2804/2804 815/2799/2799
f 801/2745/2745 2993/2750/2750 5275/2805/2805 3007/2802/2802
f 2993/2750/2750 802/2749/2749 3008/2806/2806 5275/2805/2805
f 5275/2805/2805 3008/2806/2806 817/2807/2807 3022/2808/2808
f 3007/2802/2802 5275/2805/2805 3022/2808/2808 816/2803/2803
f 802/2749/2749 2994/2754/2754 5276/2809/2809 3008/2806/2806
f 2994/2754/2754 803/2753/2753 3009/2810/2810 5276/2809/2809
f 5276/2809/2809 3009/2810/2810 818/2811/2811 3023/2812/2812
f 3008/2806/2806 5276/2809/2809 3023/2812/2812 817/2807/2807
f 804/2760/2760 3010/2759/2759 5277/2813/2813 3024/2814/2814
f 3010/2759/2759 805/2758/2758 3025/2815/2815 5277/2813/2813
f 5277/2813/2813 3025/2815/2815 820/2816/2816 3039/2817/2817
f 3024/2814/2814 5277/2813/2813 3039/2817/2817 819/2818/2818
f 805/2758/2758 3011/2764/2764 5278/2819/2819 3025/2815/2815
f 3011/2764/2764 806/2763/2763 3026/2820/2820 5278/2819/2819
f 5278/2819/2819 3026/2820/2820 821/2821/2821 3040/2822/2822
f 3025/2815/2815 5278/2819/2819 3040/2822/2822 820/2816/2816
f 806/2763/2763 3012/2768/2768 5279/2823/2823 3026/2820/2820
f 3012/2768/2768 807/2767/2767 3027/2824/2824 5279/2823/2823
f 5279/2823/2823 3027/2824/2824 822/2825/2825 3041/2826/2826
f 3026/2820/2820 5279/2823/2823 3041/2826/2826 821/2821/2821
f 807/2767/2767 3013/2772/2772 5280/2827/2827 3027/2824/2824
f 3013/2772/2772 808/2771/2771 3028/2828/2828 5280/2827/2827
f 5280/2827/2827 3028/2828/2828 823/2829/2829 3042/2830/2830
f 3027/2824/2824 5280/2827/2827 3042/2830/2830 822/2825/2825
f 808/2771/2771 3014/2776/2776 5281/2831/2831 3028/2828/2828
f 3014/2776/2776 809/2775/2775 3029/2832/2832 5281/2831/2831
f 5281/2831/2831 3029/2832/2832 824/2833/2833 3043/2834/2834
f 3028/2828/2828 5281/2831/2831 3043/2834/2834 823/2829/2829
f 809/2775/2775 3015/2780/2780 5282/2835/2835 3029/2832/2832
f 3015/2780/2780 810/2779/2779 3030/2836/2836 5282/2835/2835
f 5282/2835/2835 3030/2836/2836 825/2837/2837 3044/2838/2838
f 3029/2832/2832 5282/2835/2835 3044/2838/2838 824/2833/2833
f 810/2779/2779 3016/2784/2784 5283/2839/2839 3030/2836/2836
f 3016/2784/2784 811/2783/2783 3031/2840/2840 5283/2839/2839
f 5283/2839/2839 3031/2840/2840 826/2841/2841 3045/2842/2842
f 3030/2836/2836 5283/2839/2839 3045/2842/2842 825/2837/2837
f 811/2783/2783 3017/2788/2788 5284/2843/2843 3031/2840/2840
f 3017/2788/2788 812/2787/2787 3032/2844/2844 5284/2843/2843
f 5284/2843/2843 3032/2844/2844 827/2845/2845 3046/2846/2846
f 3031/2840/2840 5284/2843/2843 3046/2846/2846 826/2841/2841
f 812/2787/2787 3018/2792/2792 5285/2847/2847 3032/2844/2844
f 3018/2792/2792 813/2791/2791 3033/2848/2848 5285/2847/2847
f 5285/2847/2847 3033/2848/2848 828/2849/2849 3047/2850/2850
f 3032/2844/2844 5285/2847/2847 3047/2850/2850 827/2845/2845
f 813/2791/2791 3019/2796/2796 5286/2851/2851 3033/2848/2848
f 3019/2796/2796 814/2795/2795 3034/2852/2852 5286/2851/2851
f 5286/2851/2851 3034/2852/2852 829/2853/2853 3048/2854/2854
f 3033/2848/2848 5286/2851/2851 3048/2854/2854 828/2849/2849
f 814/2795/2795 3020/2800/2800 5287/2855/2855 3034/2852/2852
f 3020/2800/2800 815/2799/2799 3035/2856/2856 5287/2855/2855
f 5287/2855/2855 3035/2856/2856 830/2857/2857 3049/2858/2858
f 3034/2852/2852 5287/2855/2855 3049/2858/2858 829/2853/2853
f 815/2799/2799 3021/2804/2804 5288/2859/2859 3035/2856/2856
f 3021/2804/2804 816/2803/2803 3036/2860/2860 5288/2859/2859
f 5288/2859/2859 3036/2860/2860 831/2861/2861 3050/2862/2862
f 3035/2856/2856 5288/2859/2859 3050/2862/2862 830/2857/2857
f 816/2803/2803 3022/2808/2808 5289/2863/2863 3036/2860/2860
f 3022/2808/2808 817/2807/2807 3037/2864/2864 5289/2863/2863
f 5289/2863/2863 3037/2864/2864 832/2865/2865 3051/2866/2866
f 3036/2860/2860 5289/2863/2863 3051/2866/2866 831/2861/2861
f 817/2807/2807 3023/2812/2812 5290/2867/2867 3037/2864/2864
f 3023/2812/2812 818/2811/2811 3038/2868/2868 5290/2867/2867
f 5290/2867/2867 3038/2868/2868 833/2869/2869 3052/2870/2870
f 3037/2864/2864 5290/2867/2867 3052/2870/2870 832/2865/2865
f 819/2818/2818 3039/2817/2817 5291/2871/2871 3053/2872/2872
f 3039/2817/2817 820/2816/2816 3054/2873/2873 5291/2871/2871
f 5291/2871/2871 3054/2873/2873 835/2874/2874 3068/2875/2875
f 3053/2872/2872 5291/2871/2871 3068/2875/2875 834/2876/2876
f 820/2816/2816 3040/2822/2822 5292/2877/2877 3054/2873/2873
f 3040/2822/2822 821/2821/2821 3055/2878/2878 5292/2877/2877
f 5292/2877/2877 3055/2878/2878 836/2879/2879 3069/2880/2880
f 3054/2873/2873 5292/2877/2877 3069/2880/2880 835/2874/2874
f 821/2821/2821 3041/2826/2826 5293/2881/2881 3055/2878/2878
f 3041/2826/2826 822/2825/2825 3056/2882/2882 5293/2881/2881
f 5293/2881/2881 3056/2882/2882 837/2883/2883 3070/2884/2884
f 3055/2878/2878 5293/2881/2881 3070/2884/2884 836/2879/2879
f 822/2825/2825 3042/2830/2830 5294/2885/2885 3056/2882/2882
f 3042/2830/2830 823/2829/2829 3057/2886/2886 5294/2885/2885
f 5294/2885/2885 3057/2886/2886 838/2887/2887 3071/2888/2888
f 3056/2882/2882 5294/2885/2885 3071/2888/2888 837/2883/2883
f 823/2829/2829 3043/2834/2834 5295/2889/2889 3057/2886/2886
f 3043/2834/2834 824/2833/2833 3058/2890/2890 5295/2889/2889
f 5295/2889/2889 3058/2890/2890 839/2891/2891 3072/2892/2892
f 3057/2886/2886 5295/2889/2889 3072/2892/2892 838/2887/2887
f 824/2833/2833 3044/2838/2838 5296/2893/2893 3058/2890/2890
f 3044/2838/2838 825/2837/2837 3059/2894/2894 5296/2893/2893
f 5296/2893/2893 3059/2894/2894 840/2895/2895 3073/2896/2896
f 3058/2890/2890 5296/2893/2893 3073/2896/2896 839/2891/2891
f 825/2837/2837 3045/2842/2842 5297/2897/2897 3059/2894/2894
f 3045/2842/2842 826/2841/2841 3060/2898/2898 5297/2897/2897
f 5297/2897/2897 3060/2898/2898 841/2899/2899 3074/2900/2900
f 3059/2894/2894 5297/2897/2897 3074/2900/2900 840/2895/2895
f 826/2841/2841 3046/2846/2846 5298/2901/2901 3060/2898/2898
f 3046/2846/2846 827/2845/2845 3061/2902/2902 5298/2901/2901
f 5298/2901/2901 3061/2902/2902 842/2903/2903 3075/2904/2904
f 3060/2898/2898 5298/2901/2901 3075/2904/2904 841/2899/2899
f 827/2845/2845 3047/2850/2850 5299/2905/2905 3061/2902/2902
f 3047/2850/2850 828/2849/2849 3062/2906/2906 5299/2905/2905
f 5299/2905/2905 3062/2906/2906 843/2907/2907 3076/2908/2908
f 3061/2902/2902 5299/2905/2905 3076/2908/2908 842/2903/2903
f 828/2849/2849 3048/2854/2854 5300/2909/2909 3062/2906/2906
f 3048/2854/2854 829/2853/2853 3063/2910/2910 5300/2909/2909
f 5300/2909/2909 3063/2910/2910 844/2911/2911 3077/2912/2912
f 3062/2906/2906 5300/2909/2909 3077/2912/2912 843/2907/2907
f 829/2853/2853 3049/2858/2858 5301/2913/2913 3063/2910/2910
f 3049/2858/2858 830/2857/2857 3064/2914/2914 5301/2913/2913
f 5301/2913/2913 3064/2914/2914 845/2915/2915 3078/2916/2916
f 3063/2910/2910 5301/2913/2913 3078/2916/2916 844/2911/2911
f 830/2857/2857 3050/2862/2862 5302/2917/2917 3064/2914/2914
f 3050/2862/2862 831/2861/2861 3065/2918/2918 5302/2917/2917
f 5302/2917/2917 3065/2918/2918 846/2919/2919 3079/2920/2920
f 3064/2914/2914 5302/2917/2917 3079/2920/2920 845/2915/2915
f 831/2861/2861 3051/2866/2866 5303/2921/2921 3065/2918/2918
f 3051/2866/2866 832/2865/2865 3066/2922/2922 5303/2921/2921
f 5303/2921/2921 3066/2922/2922 847/2923/2923 3080/2924/2924
f 3065/2918/2918 5303/2921/2921 3080/2924/2924 846/2919/2919
f 832/2865/2865 3052/2870/2870 5304/2925/2925 3066/2922/2922
f 3052/2870/2870 833/2869/2869 3067/2926/2926 5304/2925/2925
f 5304/2925/2925 3067/2926/2926 848/2927/2927 3081/2928/2928
f 3066/2922/2922 5304/2925/2925 3081/2928/2928 847/2923/2923
f 834/2876/2876 3068/2875/2875 5305/2929/2929 3082/2930/2930
f 3068/2875/2875 835/2874/2874 3083/2931/2931 5305/2929/2929
f 5305/2929/2929 3083/2931/2931 850/2932/2932 3097/2933/2933
f 3082/2930/2930 5305/2929/2929 3097/2933/2933 849/2934/2934
f 835/2874/2874 3069/2880/2880 5306/2935/2935 3083/2931/2931
f 3069/2880/2880 836/2879/2879 3084/2936/2936 5306/2935/2935
f 5306/2935/2935 3084/2936/2936 851/2937/2937 3098/2938/2938
f 3083/2931/2931 5306/2935/2935 3098/2938/2938 850/2932/2932
f 836/2879/2879 3070/2884/2884 5307/2939/2939 3084/2936/2936
f 3070/2884/2884 837/2883/2883 3085/2940/2940 5307/2939/2939
f 5307/2939/2939 3085/2940/2940 852/2941/2941 3099/2942/2942
f 3084/2936/2936 5307/2939/2939 3099/2942/2942 851/2937/2937
f 837/2883/2883 3071/2888/2888 5308/2943/2943 3085/2940/2940
f 3071/2888/2888 838/2887/2887 3086/2944/2944 5308/2943/2943
f 5308/2943/2943 3086/2944/2944 853/2945/2945 3100/2946/2946
f 3085/2940/2940 5308/2943/2943 3100/2946/2946 852/2941/2941
f 838/2887/2887 3072/2892/2892 5309/2947/2947 3086/2944/2944
f 3072/2892/2892 839/2891/2891 3087/2948/2948 5309/2947/2947
f 5309/2947/2947 3087/2948/2948 854/2949/2949 3101/2950/2950
f 3086/2944/2944 5309/2947/2947 3101/2950/2950 853/2945/2945
f 839/2891/2891 3073/2896/2896 5310/2951/2951 3087/2948/2948
f 3073/2896/2896 840/2895/2895 3088/2952/2952 5310/2951/2951
f 5310/2951/2951 3088/2952/2952 855/2953/2953 3102/2954/2954
f 3087/2948/2948 5310/2951/2951 3102/2954/2954 854/2949/2949
f 840/2895/2895 3074/2900/2900 5311/2955/2955 3088/2952/2952
f 3074/2900/2900 841/2899/2899 3089/2956/2956 5311/2955/2955
f 5311/2955/2955 3089/2956/2956 856/2957/2957 3103/2958/2958
f 3088/2952/2952 5311/2955/2955 3103/2958/2958 855/2953/2953
f 841/2899/2899 3075/2904/2904 5312/2959/2959 3089/2956/2956
f 3075/2904/2904 842/2903/2903 3090/2960/2960 5312/2959/2959
f 5312/2959/2959 3090/2960/2960 857/2961/2961 3104/2962/2962
f 3089/2956/2956 5312/2959/2959 3104/2962/2962 856/2957/2957
f 842/2903/2903 3076/2908/2908 5313/2963/2963 3090/2960/2960
f 3076/2908/2908 843/2907/2907 3091/2964/2964 5313/2963/2963
f 5313/2963/2963 3091/2964/2964 858/2965/2965 3105/2966/2966
f 3090/2960/2960 5313/2963/2963 3105/2966/2966 857/2961/2961
f 843/2907/2907 3077/2912/2912 5314/2967/2967 3091/2964/2964
f 3077/2912/2912 844/2911/2911 3092/2968/2968 5314/2967/2967
f 5314/2967/2967 3092/2968/2968 859/2969/2969 3106/2970/2970
f 3091/2964/2964 5314/2967/2967 3106/2970/2970 858/2965/2965
f 844/2911/2911 3078/2916/2916 5315/2971/2971 3092/2968/2968
f 3078/2916/2916 845/2915/2915 3093/2972/2972 5315/2971/2971
f 5315/2971/2971 3093/2972/2972 860/2973/2973 3107/2974/2974
f 3092/2968/2968 5315/2971/2971 3107/2974/2974 859/2969/2969
f 845/2915/2915 3079/2920/2920 5316/2975/2975 3093/2972/2972
f 3079/2920/2920 846/2919/2919 3094/2976/2976 5316/2975/2975
f 5316/2975/2975 3094/2976/2976 861/2977/2977 3108/2978/2978
f 3093/2972/2972 5316/2975/2975 3108/2978/2978 860/2973/2973
f 846/2919/2919 3080/2924/2924 5317/2979/2979 3094/2976/2976
f 3080/2924/2924 847/2923/2923 3095/2980/2980 5317/2979/2979
f 5317/2979/2979 3095/2980/2980 862/2981/2981 3109/2982/2982
f 3094/2976/2976 5317/2979/2979 3109/2982/2982 861/2977/2977
f 847/2923/2923 3081/2928/2928 5318/2983/2983 3095/2980/2980
f 3081/2928/2928 848/2927/2927 3096/2984/2984 5318/2983/2983
f 5318/2983/2983 3096/2984/2984 863/2985/2985 3110/2986/2986
f 3095/2980/2980 5318/2983/2983 3110/2986/2986 862/2981/2981
f 7/2091/2091 1650/2090/2090 5319/2987/2987 1666/2988/2988
f 1650/2090/2090 113/2085/2085 3111/2989/2989 5319/2987/2987
f 5319/2987/2987 3111/2989/2989 639/2146/2146 3170/2990/2990
f 1666/2988/2988 5319/2987/2987 3170/2990/2990 128/2991/2991
f 113/2085/2085 1649/2084/2084 5320/2992/2992 3111/2989/2989
f 1649/2084/2084 112/2081/2081 3112/2993/2993 5320/2992/2992
f 5320/2992/2992 3112/2993/2993 640/2150/2150 2691/2147/2147
f 3111/2989/2989 5320/2992/2992 2691/2147/2147 639/2146/2146
f 112/2081/2081 1648/2080/2080 5321/2994/2994 3112/2993/2993
f 1648/2080/2080 111/2077/2077 3113/2995/2995 5321/2994/2994
f 5321/2994/2994 3113/2995/2995 641/2157/2157 2692/2155/2155
f 3112/2993/2993 5321/2994/2994 2692/2155/2155 640/2150/2150
f 111/2077/2077 1647/2076/2076 5322/2996/2996 3113/2995/2995
f 1647/2076/2076 110/2073/2073 3114/2997/2997 5322/2996/2996
f 5322/2996/2996 3114/2997/2997 642/2163/2163 2693/2161/2161
f 3113/2995/2995 5322/2996/2996 2693/2161/2161 641/2157/2157
f 110/2073/2073 1646/2072/2072 5323/2998/2998 3114/2997/2997
f 1646/2072/2072 109/2069/2069 3115/2999/2999 5323/2998/2998
f 5323/2998/2998 3115/2999/2999 643/2169/2169 2694/2167/2167
f 3114/2997/2997 5323/2998/2998 2694/2167/2167 642/2163/2163
f 109/2069/2069 1645/2068/2068 5324/3000/3000 3115/2999/2999
f 1645/2068/2068 108/2065/2065 3116/3001/3001 5324/3000/3000
f 5324/3000/3000 3116/3001/3001 644/2175/2175 2695/2173/2173
f 3115/2999/2999 5324/3000/3000 2695/2173/2173 643/2169/2169
f 108/2065/2065 1644/2064/2064 5325/3002/3002 3116/3001/3001
f 1644/2064/2064 107/2061/2061 3117/3003/3003 5325/3002/3002
f 5325/3002/3002 3117/3003/3003 645/2181/2181 2696/2179/2179
f 3116/3001/3001 5325/3002/3002 2696/2179/2179 644/2175/2175
f 107/2061/2061 1643/2060/2060 5326/3004/3004 3117/3003/3003
f 1643/2060/2060 106/2057/2057 3118/3005/3005 5326/3004/3004
f 5326/3004/3004 3118/3005/3005 646/2187/2187 2697/2185/2185
f 3117/3003/3003 5326/3004/3004 2697/2185/2185 645/2181/2181
f 106/2057/2057 1642/2056/2056 5327/3006/3006 3118/3005/3005
f 1642/2056/2056 105/2053/2053 3119/3007/3007 5327/3006/3006
f 5327/3006/3006 3119/3007/3007 647/2193/2193 2698/2191/2191
f 3118/3005/3005 5327/3006/3006 2698/2191/2191 646/2187/2187
f 105/2053/2053 1641/2052/2052 5328/3008/3008 3119/3007/3007
f 1641/2052/2052 104/2049/2049 3120/3009/3009 5328/3008/3008
f 5328/3008/3008 3120/3009/3009 648/2199/2199 2699/2197/2197
f 3119/3007/3007 5328/3008/3008 2699/2197/2197 647/2193/2193
f 104/2049/2049 1640/2048/2048 5329/3010/3010 3120/3009/3009
f 1640/2048/2048 103/2045/2045 3121/3011/3011 5329/3010/3010
f 5329/3010/3010 3121/3011/3011 649/2205/2205 2700/2203/2203
f 3120/3009/3009 5329/3010/3010 2700/2203/2203 648/2199/2199
f 103/2045/2045 1639/2044/2044 5330/3012/3012 3121/3011/3011
f 1639/2044/2044 102/2041/2041 3122/3013/3013 5330/3012/3012
f 5330/3012/3012 3122/3013/3013 650/2211/2211 2701/2209/2209
f 3121/3011/3011 5330/3012/3012 2701/2209/2209 649/2205/2205
f 102/2041/2041 1638/2040/2040 5331/3014/3014 3122/3013/3013
f 1638/2040/2040 101/2037/2037 3123/3015/3015 5331/3014/3014
f 5331/3014/3014 3123/3015/3015 651/2217/2217 2702/2215/2215
f 3122/3013/3013 5331/3014/3014 2702/2215/2215 650/2211/2211
f 101/2037/2037 1637/2036/2036 5332/3016/3016 3123/3015/3015
f 1637/2036/2036 100/2033/2033 3124/3017/3017 5332/3016/3016
f 5332/3016/3016 3124/3017/3017 652/2223/2223 2703/2221/2221
f 3123/3015/3015 5332/3016/3016 2703/2221/2221 651/2217/2217
f 100/2033/2033 1636/2032/2032 5333/3018/3018 3124/3017/3017
f 1636/2032/2032 99/2029/2029 3125/3019/3019 5333/3018/3018
f 5333/3018/3018 3125/3019/3019 653/2229/2229 2704/2227/2227
f 3124/3017/3017 5333/3018/3018 2704/2227/2227 652/2223/2223
f 99/2029/2029 1635/2028/2028 5334/3020/3020 3125/3019/3019
f 1635/2028/2028 8/2027/2027 1667/3021/3021 5334/3020/3020
f 5334/3020/3020 1667/3021/3021 129/3022/3022 3126/3023/3023
f 3125/3019/3019 5334/3020/3020 3126/3023/3023 653/2229/2229
f 653/2229/2229 3126/3023/3023 5335/3024/3024 2719/2230/2230
f 3126/3023/3023 129/3022/3022 1668/3025/3025 5335/3024/3024
f 5335/3024/3024 1668/3025/3025 130/3026/3026 3127/3027/3027
f 2719/2230/2230 5335/3024/3024 3127/3027/3027 668/2231/2231
f 668/2231/2231 3127/3027/3027 5336/3028/3028 2748/2288/2288
f 3127/3027/3027 130/3026/3026 1669/3029/3029 5336/3028/3028
f 5336/3028/3028 1669/3029/3029 131/3030/3030 3128/3031/3031
f 2748/2288/2288 5336/3028/3028 3128/3031/3031 683/2289/2289
f 683/2289/2289 3128/3031/3031 5337/3032/3032 2777/2346/2346
f 3128/3031/3031 131/3030/3030 1670/3033/3033 5337/3032/3032
f 5337/3032/3032 1670/3033/3033 132/3034/3034 3129/3035/3035
f 2777/2346/2346 5337/3032/3032 3129/3035/3035 698/2347/2347
f 698/2347/2347 3129/3035/3035 5338/3036/3036 2806/2404/2404
f 3129/3035/3035 132/3034/3034 1671/3037/3037 5338/3036/3036
f 5338/3036/3036 1671/3037/3037 133/3038/3038 3130/3039/3039
f 2806/2404/2404 5338/3036/3036 3130/3039/3039 713/2405/2405
f 713/2405/2405 3130/3039/3039 5339/3040/3040 2835/2462/2462
f 3130/3039/3039 133/3038/3038 1672/3041/3041 5339/3040/3040
f 5339/3040/3040 1672/3041/3041 134/3042/3042 3131/3043/3043
f 2835/2462/2462 5339/3040/3040 3131/3043/3043 728/2463/2463
f 728/2463/2463 3131/3043/3043 5340/3044/3044 2864/2520/2520
f 3131/3043/3043 134/3042/3042 1673/3045/3045 5340/3044/3044
f 5340/3044/3044 1673/3045/3045 135/3046/3046 3132/3047/3047
f 2864/2520/2520 5340/3044/3044 3132/3047/3047 743/2521/2521
f 743/2521/2521 3132/3047/3047 5341/3048/3048 2893/2578/2578
f 3132/3047/3047 135/3046/3046 1674/3049/3049 5341/3048/3048
f 5341/3048/3048 1674/3049/3049 136/3050/3050 3133/3051/3051
f 2893/2578/2578 5341/3048/3048 3133/3051/3051 758/2579/2579
f 758/2579/2579 3133/3051/3051 5342/3052/3052 2922/2636/2636
f 3133/3051/3051 136/3050/3050 1675/3053/3053 5342/3052/3052
f 5342/3052/3052 1675/3053/3053 137/3054/3054 3134/3055/3055
f 2922/2636/2636 5342/3052/3052 3134/3055/3055 773/2637/2637
f 773/2637/2637 3134/3055/3055 5343/3056/3056 2951/2694/2694
f 3134/3055/3055 137/3054/3054 1676/3057/3057 5343/3056/3056
f 5343/3056/3056 1676/3057/3057 138/3058/3058 3135/3059/3059
f 2951/2694/2694 5343/3056/3056 3135/3059/3059 788/2695/2695
f 788/2695/2695 3135/3059/3059 5344/3060/3060 2980/2752/2752
f 3135/3059/3059 138/3058/3058 1677/3061/3061 5344/3060/3060
f 5344/3060/3060 1677/3061/3061 139/3062/3062 3136/3063/3063
f 2980/2752/2752 5344/3060/3060 3136/3063/3063 803/2753/2753
f 803/2753/2753 3136/3063/3063 5345/3064/3064 3009/2810/2810
f 3136/3063/3063 139/3062/3062 1678/3065/3065 5345/3064/3064
f 5345/3064/3064 1678/3065/3065 140/3066/3066 3137/3067/3067
f 3009/2810/2810 5345/3064/3064 3137/3067/3067 818/2811/2811
f 818/2811/2811 3137/3067/3067 5346/3068/3068 3038/2868/2868
f 3137/3067/3067 140/3066/3066 1679/3069/3069 5346/3068/3068
f 5346/3068/3068 1679/3069/3069 141/3070/3070 3138/3071/3071
f 3038/2868/2868 5346/3068/3068 3138/3071/3071 833/2869/2869
f 833/2869/2869 3138/3071/3071 5347/3072/3072 3067/2926/2926
f 3138/3071/3071 141/3070/3070 1680/3073/3073 5347/3072/3072
f 5347/3072/3072 1680/3073/3073 142/3074/3074 3139/3075/3075
f 3067/2926/2926 5347/3072/3072 3139/3075/3075 848/2927/2927
f 848/2927/2927 3139/3075/3075 5348/3076/3076 3096/2984/2984
f 3139/3075/3075 142/3074/3074 1681/3077/3077 5348/3076/3076
f 5348/3076/3076 1681/3077/3077 143/3078/3078 3140/3079/3079
f 3096/2984/2984 5348/3076/3076 3140/3079/3079 863/2985/2985
f 863/2985/2985 3140/3079/3079 5349/3080/3080 3141/3081/3081
f 3140/3079/3079 143/3078/3078 1682/3082/3082 5349/3080/3080
f 5349/3080/3080 1682/3082/3082 6/3083/3083 1683/3084/3084
f 3141/3081/3081 5349/3080/3080 1683/3084/3084 144/3085/3085
f 862/2981/2981 3110/2986/2986 5350/3086/3086 3142/3087/3087
f 3110/2986/2986 863/2985/2985 3141/3081/3081 5350/3086/3086
f 5350/3086/3086 3141/3081/3081 144/3085/3085 1684/3088/3088
f 3142/3087/3087 5350/3086/3086 1684/3088/3088 145/3089/3089
f 861/2977/2977 3109/2982/2982 5351/3090/3090 3143/3091/3091
f 3109/2982/2982 862/2981/2981 3142/3087/3087 5351/3090/3090
f 5351/3090/3090 3142/3087/3087 145/3089/3089 1685/3092/3092
f 3143/3091/3091 5351/3090/3090 1685/3092/3092 146/3093/3093
f 860/2973/2973 3108/2978/2978 5352/3094/3094 3144/3095/3095
f 3108/2978/2978 861/2977/2977 3143/3091/3091 5352/3094/3094
f 5352/3094/3094 3143/3091/3091 146/3093/3093 1686/3096/3096
f 3144/3095/3095 5352/3094/3094 1686/3096/3096 147/3097/3097
f 859/2969/2969 3107/2974/2974 5353/3098/3098 3145/3099/3099
f 3107/2974/2974 860/2973/2973 3144/3095/3095 5353/3098/3098
f 5353/3098/3098 3144/3095/3095 147/3097/3097 1687/3100/3100
f 3145/3099/3099 5353/3098/3098 1687/3100/3100 148/3101/3101
f 858/2965/2965 3106/2970/2970 5354/3102/3102 3146/3103/3103
f 3106/2970/2970 859/2969/2969 3145/3099/3099 5354/3102/3102
f 5354/3102/3102 3145/3099/3099 148/3101/3101 1688/3104/3104
f 3146/3103/3103 5354/3102/3102 1688/3104/3104 149/3105/3105
f 857/2961/2961 3105/2966/2966 5355/3106/3106 3147/3107/3107
f 3105/2966/2966 858/2965/2965 3146/3103/3103 5355/3106/3106
f 5355/3106/3106 3146/3103/3103 149/3105/3105 1689/3108/3108
f 3147/3107/3107 5355/3106/3106 1689/3108/3108 150/3109/3109
f 856/2957/2957 3104/2962/2962 5356/3110/3110 3148/3111/3111
f 3104/2962/2962 857/2961/2961 3147/3107/3107 5356/3110/3110
f 5356/3110/3110 3147/3107/3107 150/3109/3109 1690/3112/3112
f 3148/3111/3111 5356/3110/3110 1690/3112/3112 151/3113/3113
f 855/2953/2953 3103/2958/2958 5357/3114/3114 3149/3115/3115
f 3103/2958/2958 856/2957/2957 3148/3111/3111 5357/3114/3114
f 5357/3114/3114 3148/3111/3111 151/3113/3113 1691/3116/3116
f 3149/3115/3115 5357/3114/3114 1691/3116/3116 152/3117/3117
f 854/2949/2949 3102/2954/2954 5358/3118/3118 3150/3119/3119
f 3102/2954/2954 855/2953/2953 3149/3115/3115 5358/3118/3118
f 5358/3118/3118 3149/3115/3115 152/3117/3117 1692/3120/3120
f 3150/3119/3119 5358/3118/3118 1692/3120/3120 153/3121/3121
f 853/2945/2945 3101/2950/2950 5359/3122/3122 3151/3123/3123
f 3101/2950/2950 854/2949/2949 3150/3119/3119 5359/3122/3122
f 5359/3122/3122 3150/3119/3119 153/3121/3121 1693/3124/3124
f 3151/3123/3123 5359/3122/3122 1693/3124/3124 154/3125/3125
f 852/2941/2941 3100/2946/2946 5360/3126/3126 3152/3127/3127
f 3100/2946/2946 853/2945/2945 3151/3123/3123 5360/3126/3126
f 5360/3126/3126 3151/3123/3123 154/3125/3125 1694/3128/3128
f 3152/3127/3127 5360/3126/3126 1694/3128/3128 155/3129/3129
f 851/2937/2937 3099/2942/2942 5361/3130/3130 3153/3131/3131
f 3099/2942/2942 852/2941/2941 3152/3127/3127 5361/3130/3130
f 5361/3130/3130 3152/3127/3127 155/3129/3129 1695/3132/3132
f 3153/3131/3131 5361/3130/3130 1695/3132/3132 156/3133/3133
f 850/2932/2932 3098/2938/2938 5362/3134/3134 3154/3135/3135
f 3098/2938/2938 851/2937/2937 3153/3131/3131 5362/3134/3134
f 5362/3134/3134 3153/3131/3131 156/3133/3133 1696/3136/3136
f 3154/3135/3135 5362/3134/3134 1696/3136/3136 157/3137/3137
f 849/2934/2934 3097/2933/2933 5363/3138/3138 3155/3139/3139
f 3097/2933/2933 850/2932/2932 3154/3135/3135 5363/3138/3138
f 5363/3138/3138 3154/3135/3135 157/3137/3137 1697/3140/3140
f 3155/3139/3139 5363/3138/3138 1697/3140/3140 158/3141/3141
f 114/3142/3142 3156/3143/3143 5364/3144/3144 1651/3145/3145
f 3156/3143/3143 849/2934/2934 3155/3139/3139 5364/3144/3144
f 5364/3144/3144 3155/3139/3139 158/3141/3141 1698/3146/3146
f 1651/3145/3145 5364/3144/3144 1698/3146/3146 5/3147/3147
f 115/3148/3148 3157/3149/3149 5365/3150/3150 1652/3151/3151
f 3157/3149/3149 834/2876/2876 3082/2930/2930 5365/3150/3150
f 5365/3150/3150 3082/2930/2930 849/2934/2934 3156/3143/3143
f 1652/3151/3151 5365/3150/3150 3156/3143/3143 114/3142/3142
f 116/3152/3152 3158/3153/3153 5366/3154/3154 1653/3155/3155
f 3158/3153/3153 819/2818/2818 3053/2872/2872 5366/3154/3154
f 5366/3154/3154 3053/2872/2872 834/2876/2876 3157/3149/3149
f 1653/3155/3155 5366/3154/3154 3157/3149/3149 115/3148/3148
f 117/3156/3156 3159/3157/3157 5367/3158/3158 1654/3159/3159
f 3159/3157/3157 804/2760/2760 3024/2814/2814 5367/3158/3158
f 5367/3158/3158 3024/2814/2814 819/2818/2818 3158/3153/3153
f 1654/3159/3159 5367/3158/3158 3158/3153/3153 116/3152/3152
f 118/3160/3160 3160/3161/3161 5368/3162/3162 1655/3163/3163
f 3160/3161/3161 789/2702/2702 2995/2756/2756 5368/3162/3162
f 5368/3162/3162 2995/2756/2756 804/2760/2760 3159/3157/3157
f 1655/3163/3163 5368/3162/3162 3159/3157/3157 117/3156/3156
f 119/3164/3164 3161/3165/3165 5369/3166/3166 1656/3167/3167
f 3161/3165/3165 774/2644/2644 2966/2698/2698 5369/3166/3166
f 5369/3166/3166 2966/2698/2698 789/2702/2702 3160/3161/3161
f 1656/3167/3167 5369/3166/3166 3160/3161/3161 118/3160/3160
f 120/3168/3168 3162/3169/3169 5370/3170/3170 1657/3171/3171
f 3162/3169/3169 759/2586/2586 2937/2640/2640 5370/3170/3170
f 5370/3170/3170 2937/2640/2640 774/2644/2644 3161/3165/3165
f 1657/3171/3171 5370/3170/3170 3161/3165/3165 119/3164/3164
f 121/3172/3172 3163/3173/3173 5371/3174/3174 1658/3175/3175
f 3163/3173/3173 744/2528/2528 2908/2582/2582 5371/3174/3174
f 5371/3174/3174 2908/2582/2582 759/2586/2586 3162/3169/3169
f 1658/3175/3175 5371/3174/3174 3162/3169/3169 120/3168/3168
f 122/3176/3176 3164/3177/3177 5372/3178/3178 1659/3179/3179
f 3164/3177/3177 729/2470/2470 2879/2524/2524 5372/3178/3178
f 5372/3178/3178 2879/2524/2524 744/2528/2528 3163/3173/3173
f 1659/3179/3179 5372/3178/3178 3163/3173/3173 121/3172/3172
f 123/3180/3180 3165/3181/3181 5373/3182/3182 1660/3183/3183
f 3165/3181/3181 714/2412/2412 2850/2466/2466 5373/3182/3182
f 5373/3182/3182 2850/2466/2466 729/2470/2470 3164/3177/3177
f 1660/3183/3183 5373/3182/3182 3164/3177/3177 122/3176/3176
f 124/3184/3184 3166/3185/3185 5374/3186/3186 1661/3187/3187
f 3166/3185/3185 699/2354/2354 2821/2408/2408 5374/3186/3186
f 5374/3186/3186 2821/2408/2408 714/2412/2412 3165/3181/3181
f 1661/3187/3187 5374/3186/3186 3165/3181/3181 123/3180/3180
f 125/3188/3188 3167/3189/3189 5375/3190/3190 1662/3191/3191
f 3167/3189/3189 684/2296/2296 2792/2350/2350 5375/3190/3190
f 5375/3190/3190 2792/2350/2350 699/2354/2354 3166/3185/3185
f 1662/3191/3191 5375/3190/3190 3166/3185/3185 124/3184/3184
f 126/3192/3192 3168/3193/3193 5376/3194/3194 1663/3195/3195
f 3168/3193/3193 669/2238/2238 2763/2292/2292 5376/3194/3194
f 5376/3194/3194 2763/2292/2292 684/2296/2296 3167/3189/3189
f 1663/3195/3195 5376/3194/3194 3167/3189/3189 125/3188/3188
f 127/3196/3196 3169/3197/3197 5377/3198/3198 1664/3199/3199
f 3169/3197/3197 654/2154/2154 2734/2234/2234 5377/3198/3198
f 5377/3198/3198 2734/2234/2234 669/2238/2238 3168/3193/3193
f 1664/3199/3199 5377/3198/3198 3168/3193/3193 126/3192/3192
f 128/2991/2991 3170/2990/2990 5378/3200/3200 1665/3201/3201
f 3170/2990/2990 639/2146/2146 2705/2149/2149 5378/3200/3200
f 5378/3200/3200 2705/2149/2149 654/2154/2154 3169/3197/3197
f 1665/3201/3201 5378/3200/3200 3169/3197/3197 127/3196/3196
f 864/3202/3202 3171/3203/3203 5379/3204/3204 3185/3205/3205
f 3171/3203/3203 865/3206/3206 3186/3207/3207 5379/3204/3204
f 5379/3204/3204 3186/3207/3207 880/3208/3208 3200/3209/3209
f 3185/3205/3205 5379/3204/3204 3200/3209/3209 879/3210/3210
f 865/3206/3206 3172/3211/3211 5380/3212/3212 3186/3207/3207
f 3172/3211/3211 866/3213/3213 3187/3214/3214 5380/3212/3212
f 5380/3212/3212 3187/3214/3214 881/3215/3215 3201/3216/3216
f 3186/3207/3207 5380/3212/3212 3201/3216/3216 880/3208/3208
f 866/3213/3213 3173/3217/3217 5381/3218/3218 3187/3214/3214
f 3173/3217/3217 867/3219/3219 3188/3220/3220 5381/3218/3218
f 5381/3218/3218 3188/3220/3220 882/3221/3221 3202/3222/3222
f 3187/3214/3214 5381/3218/3218 3202/3222/3222 881/3215/3215
f 867/3219/3219 3174/3223/3223 5382/3224/3224 3188/3220/3220
f 3174/3223/3223 868/3225/3225 3189/3226/3226 5382/3224/3224
f 5382/3224/3224 3189/3226/3226 883/3227/3227 3203/3228/3228
f 3188/3220/3220 5382/3224/3224 3203/3228/3228 882/3221/3221
f 868/3225/3225 3175/3229/3229 5383/3230/3230 3189/3226/3226
f 3175/3229/3229 869/3231/3231 3190/3232/3232 5383/3230/3230
f 5383/3230/3230 3190/3232/3232 884/3233/3233 3204/3234/3234
f 3189/3226/3226 5383/3230/3230 3204/3234/3234 883/3227/3227
f 869/3231/3231 3176/3235/3235 5384/3236/3236 3190/3232/3232
f 3176/3235/3235 870/3237/3237 3191/3238/3238 5384/3236/3236
f 5384/3236/3236 3191/3238/3238 885/3239/3239 3205/3240/3240
f 3190/3232/3232 5384/3236/3236 3205/3240/3240 884/3233/3233
f 870/3237/3237 3177/3241/3241 5385/3242/3242 3191/3238/3238
f 3177/3241/3241 871/3243/3243 3192/3244/3244 5385/3242/3242
f 5385/3242/3242 3192/3244/3244 886/3245/3245 3206/3246/3246
f 3191/3238/3238 5385/3242/3242 3206/3246/3246 885/3239/3239
f 871/3243/3243 3178/3247/3247 5386/3248/3248 3192/3244/3244
f 3178/3247/3247 872/3249/3249 3193/3250/3250 5386/3248/3248
f 5386/3248/3248 3193/3250/3250 887/3251/3251 3207/3252/3252
f 3192/3244/3244 5386/3248/3248 3207/3252/3252 886/3245/3245
f 872/3249/3249 3179/3253/3253 5387/3254/3254 3193/3250/3250
f 3179/3253/3253 873/3255/3255 3194/3256/3256 5387/3254/3254
f 5387/3254/3254 3194/3256/3256 888/3257/3257 3208/3258/3258
f 3193/3250/3250 5387/3254/3254 3208/3258/3258 887/3251/3251
f 873/3255/3255 3180/3259/3259 5388/3260/3260 3194/3256/3256
f 3180/3259/3259 874/3261/3261 3195/3262/3262 5388/3260/3260
f 5388/3260/3260 3195/3262/3262 889/3263/3263 3209/3264/3264
f 3194/3256/3256 5388/3260/3260 3209/3264/3264 888/3257/3257
f 874/3261/3261 3181/3265/3265 5389/3266/3266 3195/3262/3262
f 3181/3265/3265 875/3267/3267 3196/3268/3268 5389/3266/3266
f 5389/3266/3266 3196/3268/3268 890/3269/3269 3210/3270/3270
f 3195/3262/3262 5389/3266/3266 3210/3270/3270 889/3263/3263
f 875/3267/3267 3182/3271/3271 5390/3272/3272 3196/3268/3268
f 3182/3271/3271 876/3273/3273 3197/3274/3274 5390/3272/3272
f 5390/3272/3272 3197/3274/3274 891/3275/3275 3211/3276/3276
f 3196/3268/3268 5390/3272/3272 3211/3276/3276 890/3269/3269
f 876/3273/3273 3183/3277/3277 5391/3278/3278 3197/3274/3274
f 3183/3277/3277 877/3279/3279 3198/3280/3280 5391/3278/3278
f 5391/3278/3278 3198/3280/3280 892/3281/3281 3212/3282/3282
f 3197/3274/3274 5391/3278/3278 3212/3282/3282 891/3275/3275
f 877/3279/3279 3184/3283/3283 5392/3284/3284 3198/3280/3280
f 3184/3283/3283 878/3285/3285 3199/3286/3286 5392/3284/3284
f 5392/3284/3284 3199/3286/3286 893/3287/3287 3213/3288/3288
f 3198/3280/3280 5392/3284/3284 3213/3288/3288 892/3281/3281
f 879/3210/3210 3200/3209/3209 5393/3289/3289 3214/3290/3290
f 3200/3209/3209 880/3208/3208 3215/3291/3291 5393/3289/3289
f 5393/3289/3289 3215/3291/3291 895/3292/3292 3229/3293/3293
f 3214/3290/3290 5393/3289/3289 3229/3293/3293 894/3294/3294
f 880/3208/3208 3201/3216/3216 5394/3295/3295 3215/3291/3291
f 3201/3216/3216 881/3215/3215 3216/3296/3296 5394/3295/3295
f 5394/3295/3295 3216/3296/3296 896/3297/3297 3230/3298/3298
f 3215/3291/3291 5394/3295/3295 3230/3298/3298 895/3292/3292
f 881/3215/3215 3202/3222/3222 5395/3299/3299 3216/3296/3296
f 3202/3222/3222 882/3221/3221 3217/3300/3300 5395/3299/3299
f 5395/3299/3299 3217/3300/3300 897/3301/3301 3231/3302/3302
f 3216/3296/3296 5395/3299/3299 3231/3302/3302 896/3297/3297
f 882/3221/3221 3203/3228/3228 5396/3303/3303 3217/3300/3300
f 3203/3228/3228 883/3227/3227 3218/3304/3304 5396/3303/3303
f 5396/3303/3303 3218/3304/3304 898/3305/3305 3232/3306/3306
f 3217/3300/3300 5396/3303/3303 3232/3306/3306 897/3301/3301
f 883/3227/3227 3204/3234/3234 5397/3307/3307 3218/3304/3304
f 3204/3234/3234 884/3233/3233 3219/3308/3308 5397/3307/3307
f 5397/3307/3307 3219/3308/3308 899/3309/3309 3233/3310/3310
f 3218/3304/3304 5397/3307/3307 3233/3310/3310 898/3305/3305
f 884/3233/3233 3205/3240/3240 5398/3311/3311 3219/3308/3308
f 3205/3240/3240 885/3239/3239 3220/3312/3312 5398/3311/3311
f 5398/3311/3311 3220/3312/3312 900/3313/3313 3234/3314/3314
f 3219/3308/3308 5398/3311/3311 3234/3314/3314 899/3309/3309
f 885/3239/3239 3206/3246/3246 5399/3315/3315 3220/3312/3312
f 3206/3246/3246 886/3245/3245 3221/3316/3316 5399/3315/3315
f 5399/3315/3315 3221/3316/3316 901/3317/3317 3235/3318/3318
f 3220/3312/3312 5399/3315/3315 3235/3318/3318 900/3313/3313
f 886/3245/3245 3207/3252/3252 5400/3319/3319 3221/3316/3316
f 3207/3252/3252 887/3251/3251 3222/3320/3320 5400/3319/3319
f 5400/3319/3319 3222/3320/3320 902/3321/3321 3236/3322/3322
f 3221/3316/3316 5400/3319/3319 3236/3322/3322 901/3317/3317
f 887/3251/3251 3208/3258/3258 5401/3323/3323 3222/3320/3320
f 3208/3258/3258 888/3257/3257 3223/3324/3324 5401/3323/3323
f 5401/3323/3323 3223/3324/3324 903/3325/3325 3237/3326/3326
f 3222/3320/3320 5401/3323/3323 3237/3326/3326 902/3321/3321
f 888/3257/3257 3209/3264/3264 5402/3327/3327 3223/3324/3324
f 3209/3264/3264 889/3263/3263 3224/3328/3328 5402/3327/3327
f 5402/3327/3327 3224/3328/3328 904/3329/3329 3238/3330/3330
f 3223/3324/3324 5402/3327/3327 3238/3330/3330 903/3325/3325
f 889/3263/3263 3210/3270/3270 5403/3331/3331 3224/3328/3328
f 3210/3270/3270 890/3269/3269 3225/3332/3332 5403/3331/3331
f 5403/3331/3331 3225/3332/3332 905/3333/3333 3239/3334/3334
f 3224/3328/3328 5403/3331/3331 3239/3334/3334 904/3329/3329
f 890/3269/3269 3211/3276/3276 5404/3335/3335 3225/3332/3332
f 3211/3276/3276 891/3275/3275 3226/3336/3336 5404/3335/3335
f 5404/3335/3335 3226/3336/3336 906/3337/3337 3240/3338/3338
f 3225/3332/3332 5404/3335/3335 3240/3338/3338 905/3333/3333
f 891/3275/3275 3212/3282/3282 5405/3339/3339 3226/3336/3336
f 3212/3282/3282 892/3281/3281 3227/3340/3340 5405/3339/3339
f 5405/3339/3339 3227/3340/3340 907/3341/3341 3241/3342/3342
f 3226/3336/3336 5405/3339/3339 3241/3342/3342 906/3337/3337
f 892/3281/3281 3213/3288/3288 5406/3343/3343 3227/3340/3340
f 3213/3288/3288 893/3287/3287 3228/3344/3344 5406/3343/3343
f 5406/3343/3343 3228/3344/3344 908/3345/3345 3242/3346/3346
f 3227/3340/3340 5406/3343/3343 3242/3346/3346 907/3341/3341
f 894/3294/3294 3229/3293/3293 5407/3347/3347 3243/3348/3348
f 3229/3293/3293 895/3292/3292 3244/3349/3349 5407/3347/3347
f 5407/3347/3347 3244/3349/3349 910/3350/3350 3258/3351/3351
f 3243/3348/3348 5407/3347/3347 3258/3351/3351 909/3352/3352
f 895/3292/3292 3230/3298/3298 5408/3353/3353 3244/3349/3349
f 3230/3298/3298 896/3297/3297 3245/3354/3354 5408/3353/3353
f 5408/3353/3353 3245/3354/3354 911/3355/3355 3259/3356/3356
f 3244/3349/3349 5408/3353/3353 3259/3356/3356 910/3350/3350
f 896/3297/3297 3231/3302/3302 5409/3357/3357 3245/3354/3354
f 3231/3302/3302 897/3301/3301 3246/3358/3358 5409/3357/3357
f 5409/3357/3357 3246/3358/3358 912/3359/3359 3260/3360/3360
f 3245/3354/3354 5409/3357/3357 3260/3360/3360 911/3355/3355
f 897/3301/3301 3232/3306/3306 5410/3361/3361 3246/3358/3358
f 3232/3306/3306 898/3305/3305 3247/3362/3362 5410/3361/3361
f 5410/3361/3361 3247/3362/3362 913/3363/3363 3261/3364/3364
f 3246/3358/3358 5410/3361/3361 3261/3364/3364 912/3359/3359
f 898/3305/3305 3233/3310/3310 5411/3365/3365 3247/3362/3362
f 3233/3310/3310 899/3309/3309 3248/3366/3366 5411/3365/3365
f 5411/3365/3365 3248/3366/3366 914/3367/3367 3262/3368/3368
f 3247/3362/3362 5411/3365/3365 3262/3368/3368 913/3363/3363
f 899/3309/3309 3234/3314/3314 5412/3369/3369 3248/3366/3366
f 3234/3314/3314 900/3313/3313 3249/3370/3370 5412/3369/3369
f 5412/3369/3369 3249/3370/3370 915/3371/3371 3263/3372/3372
f 3248/3366/3366 5412/3369/3369 3263/3372/3372 914/3367/3367
f 900/3313/3313 3235/3318/3318 5413/3373/3373 3249/3370/3370
f 3235/3318/3318 901/3317/3317 3250/3374/3374 5413/3373/3373
f 5413/3373/3373 3250/3374/3374 916/3375/3375 3264/3376/3376
f 3249/3370/3370 5413/3373/3373 3264/3376/3376 915/3371/3371
f 901/3317/3317 3236/3322/3322 5414/3377/3377 3250/3374/3374
f 3236/3322/3322 902/3321/3321 3251/3378/3378 5414/3377/3377
f 5414/3377/3377 3251/3378/3378 917/3379/3379 3265/3380/3380
f 3250/3374/3374 5414/3377/3377 3265/3380/3380 916/3375/3375
f 902/3321/3321 3237/3326/3326 5415/3381/3381 3251/3378/3378
f 3237/3326/3326 903/3325/3325 3252/3382/3382 5415/3381/3381
f 5415/3381/3381 3252/3382/3382 918/3383/3383 3266/3384/3384
f 3251/3378/3378 5415/3381/3381 3266/3384/3384 917/3379/3379
f 903/3325/3325 3238/3330/3330 5416/3385/3385 3252/3382/3382
f 3238/3330/3330 904/3329/3329 3253/3386/3386 5416/3385/3385
f 5416/3385/3385 3253/3386/3386 919/3387/3387 3267/3388/3388
f 3252/3382/3382 5416/3385/3385 3267/3388/3388 918/3383/3383
f 904/3329/3329 3239/3334/3334 5417/3389/3389 3253/3386/3386
f 3239/3334/3334 905/3333/3333 3254/3390/3390 5417/3389/3389
f 5417/3389/3389 3254/3390/3390 920/3391/3391 3268/3392/3392
f 3253/3386/3386 5417/3389/3389 3268/3392/3392 919/3387/3387
f 905/3333/3333 3240/3338/3338 5418/3393/3393 3254/3390/3390
f 3240/3338/3338 906/3337/3337 3255/3394/3394 5418/3393/3393
f 5418/3393/3393 3255/3394/3394 921/3395/3395 3269/3396/3396
f 3254/3390/3390 5418/3393/3393 3269/3396/3396 920/3391/3391
f 906/3337/3337 3241/3342/3342 5419/3397/3397 3255/3394/3394
f 3241/3342/3342 907/3341/3341 3256/3398/3398 5419/3397/3397
f 5419/3397/3397 3256/3398/3398 922/3399/3399 3270/3400/3400
f 3255/3394/3394 5419/3397/3397 3270/3400/3400 921/3395/3395
f 907/3341/3341 3242/3346/3346 5420/3401/3401 3256/3398/3398
f 3242/3346/3346 908/3345/3345 3257/3402/3402 5420/3401/3401
f 5420/3401/3401 3257/3402/3402 923/3403/3403 3271/3404/3404
f 3256/3398/3398 5420/3401/3401 3271/3404/3404 922/3399/3399
f 909/3352/3352 3258/3351/3351 5421/3405/3405 3272/3406/3406
f 3258/3351/3351 910/3350/3350 3273/3407/3407 5421/3405/3405
f 5421/3405/3405 3273/3407/3407 925/3408/3408 3287/3409/3409
f 3272/3406/3406 5421/3405/3405 3287/3409/3409 924/3410/3410
f 910/3350/3350 3259/3356/3356 5422/3411/3411 3273/3407/3407
f 3259/3356/3356 911/3355/3355 3274/3412/3412 5422/3411/3411
f 5422/3411/3411 3274/3412/3412 926/3413/3413 3288/3414/3414
f 3273/3407/3407 5422/3411/3411 3288/3414/3414 925/3408/3408
f 911/3355/3355 3260/3360/3360 5423/3415/3415 3274/3412/3412
f 3260/3360/3360 912/3359/3359 3275/3416/3416 5423/3415/3415
f 5423/3415/3415 3275/3416/3416 927/3417/3417 3289/3418/3418
f 3274/3412/3412 5423/3415/3415 3289/3418/3418 926/3413/3413
f 912/3359/3359 3261/3364/3364 5424/3419/3419 3275/3416/3416
f 3261/3364/3364 913/3363/3363 3276/3420/3420 5424/3419/3419
f 5424/3419/3419 3276/3420/3420 928/3421/3421 3290/3422/3422
f 3275/3416/3416 5424/3419/3419 3290/3422/3422 927/3417/3417
f 913/3363/3363 3262/3368/3368 5425/3423/3423 3276/3420/3420
f 3262/3368/3368 914/3367/3367 3277/3424/3424 5425/3423/3423
f 5425/3423/3423 3277/3424/3424 929/3425/3425 3291/3426/3426
f 3276/3420/3420 5425/3423/3423 3291/3426/3426 928/3421/3421
f 914/3367/3367 3263/3372/3372 5426/3427/3427 3277/3424/3424
f 3263/3372/3372 915/3371/3371 3278/3428/3428 5426/3427/3427
f 5426/3427/3427 3278/3428/3428 930/3429/3429 3292/3430/3430
f 3277/3424/3424 5426/3427/3427 3292/3430/3430 929/3425/3425
f 915/3371/3371 3264/3376/3376 5427/3431/3431 3278/3428/3428
f 3264/3376/3376 916/3375/3375 3279/3432/3432 5427/3431/3431
f 5427/3431/3431 3279/3432/3432 931/3433/3433 3293/3434/3434
f 3278/3428/3428 5427/3431/3431 3293/3434/3434 930/3429/3429
f 916/3375/3375 3265/3380/3380 5428/3435/3435 3279/3432/3432
f 3265/3380/3380 917/3379/3379 3280/3436/3436 5428/3435/3435
f 5428/3435/3435 3280/3436/3436 932/3437/3437 3294/3438/3438
f 3279/3432/3432 5428/3435/3435 3294/3438/3438 931/3433/3433
f 917/3379/3379 3266/3384/3384 5429/3439/3439 3280/3436/3436
f 3266/3384/3384 918/3383/3383 3281/3440/3440 5429/3439/3439
f 5429/3439/3439 3281/3440/3440 933/3441/3441 3295/3442/3442
f 3280/3436/3436 5429/3439/3439 3295/3442/3442 932/3437/3437
f 918/3383/3383 3267/3388/3388 5430/3443/3443 3281/3440/3440
f 3267/3388/3388 919/3387/3387 3282/3444/3444 5430/3443/3443
f 5430/3443/3443 3282/3444/3444 934/3445/3445 3296/3446/3446
f 3281/3440/3440 5430/3443/3443 3296/3446/3446 933/3441/3441
f 919/3387/3387 3268/3392/3392 5431/3447/3447 3282/3444/3444
f 3268/3392/3392 920/3391/3391 3283/3448/3448 5431/3447/3447
f 5431/3447/3447 3283/3448/3448 935/3449/3449 3297/3450/3450
f 3282/3444/3444 5431/3447/3447 3297/3450/3450 934/3445/3445
f 920/3391/3391 3269/3396/3396 5432/3451/3451 3283/3448/3448
f 3269/3396/3396 921/3395/3395 3284/3452/3452 5432/3451/3451
f 5432/3451/3451 3284/3452/3452 936/3453/3453 3298/3454/3454
f 3283/3448/3448 5432/3451/3451 3298/3454/3454 935/3449/3449
f 921/3395/3395 3270/3400/3400 5433/3455/3455 3284/3452/3452
f 3270/3400/3400 922/3399/3399 3285/3456/3456 5433/3455/3455
f 5433/3455/3455 3285/3456/3456 937/3457/3457 3299/3458/3458
f 3284/3452/3452 5433/3455/3455 3299/3458/3458 936/3453/3453
f 922/3399/3399 3271/3404/3404 5434/3459/3459 3285/3456/3456
f 3271/3404/3404 923/3403/3403 3286/3460/3460 5434/3459/3459
f 5434/3459/3459 3286/3460/3460 938/3461/3461 3300/3462/3462
f 3285/3456/3456 5434/3459/3459 3300/3462/3462 937/3457/3457
f 924/3410/3410 3287/3409/3409 5435/3463/3463 3301/3464/3464
f 3287/3409/3409 925/3408/3408 3302/3465/3465 5435/3463/3463
f 5435/3463/3463 3302/3465/3465 940/3466/3466 3316/3467/3467
f 3301/3464/3464 5435/3463/3463 3316/3467/3467 939/3468/3468
f 925/3408/3408 3288/3414/3414 5436/3469/3469 3302/3465/3465
f 3288/3414/3414 926/3413/3413 3303/3470/3470 5436/3469/3469
f 5436/3469/3469 3303/3470/3470 941/3471/3471 3317/3472/3472
f 3302/3465/3465 5436/3469/3469 3317/3472/3472 940/3466/3466
f 926/3413/3413 3289/3418/3418 5437/3473/3473 3303/3470/3470
f 3289/3418/3418 927/3417/3417 3304/3474/3474 5437/3473/3473
f 5437/3473/3473 3304/3474/3474 942/3475/3475 3318/3476/3476
f 3303/3470/3470 5437/3473/3473 3318/3476/3476 941/3471/3471
f 927/3417/3417 3290/3422/3422 5438/3477/3477 3304/3474/3474
f 3290/3422/3422 928/3421/3421 3305/3478/3478 5438/3477/3477
f 5438/3477/3477 3305/3478/3478 943/3479/3479 3319/3480/3480
f 3304/3474/3474 5438/3477/3477 3319/3480/3480 942/3475/3475
f 928/3421/3421 3291/3426/3426 5439/3481/3481 3305/3478/3478
f 3291/3426/3426 929/3425/3425 3306/3482/3482 5439/3481/3481
f 5439/3481/3481 3306/3482/3482 944/3483/3483 3320/3484/3484
f 3305/3478/3478 5439/3481/3481 3320/3484/3484 943/3479/3479
f 929/3425/3425 3292/3430/3430 5440/3485/3485 3306/3482/3482
f 3292/3430/3430 930/3429/3429 3307/3486/3486 5440/3485/3485
f 5440/3485/3485 3307/3486/3486 945/3487/3487 3321/3488/3488
f 3306/3482/3482 5440/3485/3485 3321/3488/3488 944/3483/3483
f 930/3429/3429 3293/3434/3434 5441/3489/3489 3307/3486/3486
f 3293/3434/3434 931/3433/3433 3308/3490/3490 5441/3489/3489
f 5441/3489/3489 3308/3490/3490 946/3491/3491 3322/3492/3492
f 3307/3486/3486 5441/3489/3489 3322/3492/3492 945/3487/3487
f 931/3433/3433 3294/3438/3438 5442/3493/3493 3308/3490/3490
f 3294/3438/3438 932/3437/3437 3309/3494/3494 5442/3493/3493
f 5442/3493/3493 3309/3494/3494 947/3495/3495 3323/3496/3496
f 3308/3490/3490 5442/3493/3493 3323/3496/3496 946/3491/3491
f 932/3437/3437 3295/3442/3442 5443/3497/3497 3309/3494/3494
f 3295/3442/3442 933/3441/3441 3310/3498/3498 5443/3497/3497
f 5443/3497/3497 3310/3498/3498 948/3499/3499 3324/3500/3500
f 3309/3494/3494 5443/3497/3497 3324/3500/3500 947/3495/3495
f 933/3441/3441 3296/3446/3446 5444/3501/3501 3310/3498/3498
f 3296/3446/3446 934/3445/3445 3311/3502/3502 5444/3501/3501
f 5444/3501/3501 3311/3502/3502 949/3503/3503 3325/3504/3504
f 3310/3498/3498 5444/3501/3501 3325/3504/3504 948/3499/3499
f 934/3445/3445 3297/3450/3450 5445/3505/3505 3311/3502/3502
f 3297/3450/3450 935/3449/3449 3312/3506/3506 5445/3505/3505
f 5445/3505/3505 3312/3506/3506 950/3507/3507 3326/3508/3508
f 3311/3502/3502 5445/3505/3505 3326/3508/3508 949/3503/3503
f 935/3449/3449 3298/3454/3454 5446/3509/3509 3312/3506/3506
f 3298/3454/3454 936/3453/3453 3313/3510/3510 5446/3509/3509
f 5446/3509/3509 3313/3510/3510 951/3511/3511 3327/3512/3512
f 3312/3506/3506 5446/3509/3509 3327/3512/3512 950/3507/3507
f 936/3453/3453 3299/3458/3458 5447/3513/3513 3313/3510/3510
f 3299/3458/3458 937/3457/3457 3314/3514/3514 5447/3513/3513
f 5447/3513/3513 3314/3514/3514 952/3515/3515 3328/3516/3516
f 3313/3510/3510 5447/3513/3513 3328/3516/3516 951/3511/3511
f 937/3457/3457 3300/3462/3462 5448/3517/3517 3314/3514/3514
f 3300/3462/3462 938/3461/3461 3315/3518/3518 5448/3517/3517
f 5448/3517/3517 3315/3518/3518 953/3519/3519 3329/3520/3520
f 3314/3514/3514 5448/3517/3517 3329/3520/3520 952/3515/3515
f 939/3468/3468 3316/3467/3467 5449/3521/3521 3330/3522/3522
f 3316/3467/3467 940/3466/3466 3331/3523/3523 5449/3521/3521
f 5449/3521/3521 3331/3523/3523 955/3524/3524 3345/3525/3525
f 3330/3522/3522 5449/3521/3521 3345/3525/3525 954/3526/3526
f 940/3466/3466 3317/3472/3472 5450/3527/3527 3331/3523/3523
f 3317/3472/3472 941/3471/3471 3332/3528/3528 5450/3527/3527
f 5450/3527/3527 3332/3528/3528 956/3529/3529 3346/3530/3530
f 3331/3523/3523 5450/3527/3527 3346/3530/3530 955/3524/3524
f 941/3471/3471 3318/3476/3476 5451/3531/3531 3332/3528/3528
f 3318/3476/3476 942/3475/3475 3333/3532/3532 5451/3531/3531
f 5451/3531/3531 3333/3532/3532 957/3533/3533 3347/3534/3534
f 3332/3528/3528 5451/3531/3531 3347/3534/3534 956/3529/3529
f 942/3475/3475 3319/3480/3480 5452/3535/3535 3333/3532/3532
f 3319/3480/3480 943/3479/3479 3334/3536/3536 5452/3535/3535
f 5452/3535/3535 3334/3536/3536 958/3537/3537 3348/3538/3538
f 3333/3532/3532 5452/3535/3535 3348/3538/3538 957/3533/3533
f 943/3479/3479 3320/3484/3484 5453/3539/3539 3334/3536/3536
f 3320/3484/3484 944/3483/3483 3335/3540/3540 5453/3539/3539
f 5453/3539/3539 3335/3540/3540 959/3541/3541 3349/3542/3542
f 3334/3536/3536 5453/3539/3539 3349/3542/3542 958/3537/3537
f 944/3483/3483 3321/3488/3488 5454/3543/3543 3335/3540/3540
f 3321/3488/3488 945/3487/3487 3336/3544/3544 5454/3543/3543
f 5454/3543/3543 3336/3544/3544 960/3545/3545 3350/3546/3546
f 3335/3540/3540 5454/3543/3543 3350/3546/3546 959/3541/3541
f 945/3487/3487 3322/3492/3492 5455/3547/3547 3336/3544/3544
f 3322/3492/3492 946/3491/3491 3337/3548/3548 5455/3547/3547
f 5455/3547/3547 3337/3548/3548 961/3549/3549 3351/3550/3550
f 3336/3544/3544 5455/3547/3547 3351/3550/3550 960/3545/3545
f 946/3491/3491 3323/3496/3496 5456/3551/3551 3337/3548/3548
f 3323/3496/3496 947/3495/3495 3338/3552/3552 5456/3551/3551
f 5456/3551/3551 3338/3552/3552 962/3553/3553 3352/3554/3554
f 3337/3548/3548 5456/3551/3551 3352/3554/3554 961/3549/3549
f 947/3495/3495 3324/3500/3500 5457/3555/3555 3338/3552/3552
f 3324/3500/3500 948/3499/3499 3339/3556/3556 5457/3555/3555
f 5457/3555/3555 3339/3556/3556 963/3557/3557 3353/3558/3558
f 3338/3552/3552 5457/3555/3555 3353/3558/3558 962/3553/3553
f 948/3499/3499 3325/3504/3504 5458/3559/3559 3339/3556/3556
f 3325/3504/3504 949/3503/3503 3340/3560/3560 5458/3559/3559
f 5458/3559/3559 3340/3560/3560 964/3561/3561 3354/3562/3562
f 3339/3556/3556 5458/3559/3559 3354/3562/3562 963/3557/3557
f 949/3503/3503 3326/3508/3508 5459/3563/3563 3340/3560/3560
f 3326/3508/3508 950/3507/3507 3341/3564/3564 5459/3563/3563
f 5459/3563/3563 3341/3564/3564 965/3565/3565 3355/3566/3566
f 3340/3560/3560 5459/3563/3563 3355/3566/3566 964/3561/3561
f 950/3507/3507 3327/3512/3512 5460/3567/3567 3341/3564/3564
f 3327/3512/3512 951/3511/3511 3342/3568/3568 5460/3567/3567
f 5460/3567/3567 3342/3568/3568 966/3569/3569 3356/3570/3570
f 3341/3564/3564 5460/3567/3567 3356/3570/3570 965/3565/3565
f 951/3511/3511 3328/3516/3516 5461/3571/3571 3342/3568/3568
f 3328/3516/3516 952/3515/3515 3343/3572/3572 5461/3571/3571
f 5461/3571/3571 3343/3572/3572 967/3573/3573 3357/3574/3574
f 3342/3568/3568 5461/3571/3571 3357/3574/3574 966/3569/3569
f 952/3515/3515 3329/3520/3520 5462/3575/3575 3343/3572/3572
f 3329/3520/3520 953/3519/3519 3344/3576/3576 5462/3575/3575
f 5462/3575/3575 3344/3576/3576 968/3577/3577 3358/3578/3578
f 3343/3572/3572 5462/3575/3575 3358/3578/3578 967/3573/3573
f 954/3526/3526 3345/3525/3525 5463/3579/3579 3359/3580/3580
f 3345/3525/3525 955/3524/3524 3360/3581/3581 5463/3579/3579
f 5463/3579/3579 3360/3581/3581 970/3582/3582 3374/3583/3583
f 3359/3580/3580 5463/3579/3579 3374/3583/3583 969/3584/3584
f 955/3524/3524 3346/3530/3530 5464/3585/3585 3360/3581/3581
f 3346/3530/3530 956/3529/3529 3361/3586/3586 5464/3585/3585
f 5464/3585/3585 3361/3586/3586 971/3587/3587 3375/3588/3588
f 3360/3581/3581 5464/3585/3585 3375/3588/3588 970/3582/3582
f 956/3529/3529 3347/3534/3534 5465/3589/3589 3361/3586/3586
f 3347/3534/3534 957/3533/3533 3362/3590/3590 5465/3589/3589
f 5465/3589/3589 3362/3590/3590 972/3591/3591 3376/3592/3592
f 3361/3586/3586 5465/3589/3589 3376/3592/3592 971/3587/3587
f 957/3533/3533 3348/3538/3538 5466/3593/3593 3362/3590/3590
f 3348/3538/3538 958/3537/3537 3363/3594/3594 5466/3593/3593
f 5466/3593/3593 3363/3594/3594 973/3595/3595 3377/3596/3596
f 3362/3590/3590 5466/3593/3593 3377/3596/3596 972/3591/3591
f 958/3537/3537 3349/3542/3542 5467/3597/3597 3363/3594/3594
f 3349/3542/3542 959/3541/3541 3364/3598/3598 5467/3597/3597
f 5467/3597/3597 3364/3598/3598 974/3599/3599 3378/3600/3600
f 3363/3594/3594 5467/3597/3597 3378/3600/3600 973/3595/3595
f 959/3541/3541 3350/3546/3546 5468/3601/3601 3364/3598/3598
f 3350/3546/3546 960/3545/3545 3365/3602/3602 5468/3601/3601
f 5468/3601/3601 3365/3602/3602 975/3603/3603 3379/3604/3604
f 3364/3598/3598 5468/3601/3601 3379/3604/3604 974/3599/3599
f 960/3545/3545 3351/3550/3550 5469/3605/3605 3365/3602/3602
f 3351/3550/3550 961/3549/3549 3366/3606/3606 5469/3605/3605
f 5469/3605/3605 3366/3606/3606 976/3607/3607 3380/3608/3608
f 3365/3602/3602 5469/3605/3605 3380/3608/3608 975/3603/3603
f 961/3549/3549 3352/3554/3554 5470/3609/3609 3366/3606/3606
f 3352/3554/3554 962/3553/3553 3367/3610/3610 5470/3609/3609
f 5470/3609/3609 3367/3610/3610 977/3611/3611 3381/3612/3612
f 3366/3606/3606 5470/3609/3609 3381/3612/3612 976/3607/3607
f 962/3553/3553 3353/3558/3558 5471/3613/3613 3367/3610/3610
f 3353/3558/3558 963/3557/3557 3368/3614/3614 5471/3613/3613
f 5471/3613/3613 3368/3614/3614 978/3615/3615 3382/3616/3616
f 3367/3610/3610 5471/3613/3613 3382/3616/3616 977/3611/3611
f 963/3557/3557 3354/3562/3562 5472/3617/3617 3368/3614/3614
f 3354/3562/3562 964/3561/3561 3369/3618/3618 5472/3617/3617
f 5472/3617/3617 3369/3618/3618 979/3619/3619 3383/3620/3620
f 3368/3614/3614 5472/3617/3617 3383/3620/3620 978/3615/3615
f 964/3561/3561 3355/3566/3566 5473/3621/3621 3369/3618/3618
f 3355/3566/3566 965/3565/3565 3370/3622/3622 5473/3621/3621
f 5473/3621/3621 3370/3622/3622 980/3623/3623 3384/3624/3624
f 3369/3618/3618 5473/3621/3621 3384/3624/3624 979/3619/3619
f 965/3565/3565 3356/3570/3570 5474/3625/3625 3370/3622/3622
f 3356/3570/3570 966/3569/3569 3371/3626/3626 5474/3625/3625
f 5474/3625/3625 3371/3626/3626 981/3627/3627 3385/3628/3628
f 3370/3622/3622 5474/3625/3625 3385/3628/3628 980/3623/3623
f 966/3569/3569 3357/3574/3574 5475/3629/3629 3371/3626/3626
f 3357/3574/3574 967/3573/3573 3372/3630/3630 5475/3629/3629
f 5475/3629/3629 3372/3630/3630 982/3631/3631 3386/3632/3632
f 3371/3626/3626 5475/3629/3629 3386/3632/3632 981/3627/3627
f 967/3573/3573 3358/3578/3578 5476/3633/3633 3372/3630/3630
f 3358/3578/3578 968/3577/3577 3373/3634/3634 5476/3633/3633
f 5476/3633/3633 3373/3634/3634 983/3635/3635 3387/3636/3636
f 3372/3630/3630 5476/3633/3633 3387/3636/3636 982/3631/3631
f 969/3584/3584 3374/3583/3583 5477/3637/3637 3388/3638/3638
f 3374/3583/3583 970/3582/3582 3389/3639/3639 5477/3637/3637
f 5477/3637/3637 3389/3639/3639 985/3640/3640 3403/3641/3641
f 3388/3638/3638 5477/3637/3637 3403/3641/3641 984/3642/3642
f 970/3582/3582 3375/3588/3588 5478/3643/3643 3389/3639/3639
f 3375/3588/3588 971/3587/3587 3390/3644/3644 5478/3643/3643
f 5478/3643/3643 3390/3644/3644 986/3645/3645 3404/3646/3646
f 3389/3639/3639 5478/3643/3643 3404/3646/3646 985/3640/3640
f 971/3587/3587 3376/3592/3592 5479/3647/3647 3390/3644/3644
f 3376/3592/3592 972/3591/3591 3391/3648/3648 5479/3647/3647
f 5479/3647/3647 3391/3648/3648 987/3649/3649 3405/3650/3650
f 3390/3644/3644 5479/3647/3647 3405/3650/3650 986/3645/3645
f 972/3591/3591 3377/3596/3596 5480/3651/3651 3391/3648/3648
f 3377/3596/3596 973/3595/3595 3392/3652/3652 5480/3651/3651
f 5480/3651/3651 3392/3652/3652 988/3653/3653 3406/3654/3654
f 3391/3648/3648 5480/3651/3651 3406/3654/3654 987/3649/3649
f 973/3595/3595 3378/3600/3600 5481/3655/3655 3392/3652/3652
f 3378/3600/3600 974/3599/3599 3393/3656/3656 5481/3655/3655
f 5481/3655/3655 3393/3656/3656 989/3657/3657 3407/3658/3658
f 3392/3652/3652 5481/3655/3655 3407/3658/3658 988/3653/3653
f 974/3599/3599 3379/3604/3604 5482/3659/3659 3393/3656/3656
f 3379/3604/3604 975/3603/3603 3394/3660/3660 5482/3659/3659
f 5482/3659/3659 3394/3660/3660 990/3661/3661 3408/3662/3662
f 3393/3656/3656 5482/3659/3659 3408/3662/3662 989/3657/3657
f 975/3603/3603 3380/3608/3608 5483/3663/3663 3394/3660/3660
f 3380/3608/3608 976/3607/3607 3395/3664/3664 5483/3663/3663
f 5483/3663/3663 3395/3664/3664 991/3665/3665 3409/3666/3666
f 3394/3660/3660 5483/3663/3663 3409/3666/3666 990/3661/3661
f 976/3607/3607 3381/3612/3612 5484/3667/3667 3395/3664/3664
f 3381/3612/3612 977/3611/3611 3396/3668/3668 5484/3667/3667
f 5484/3667/3667 3396/3668/3668 992/3669/3669 3410/3670/3670
f 3395/3664/3664 5484/3667/3667 3410/3670/3670 991/3665/3665
f 977/3611/3611 3382/3616/3616 5485/3671/3671 3396/3668/3668
f 3382/3616/3616 978/3615/3615 3397/3672/3672 5485/3671/3671
f 5485/3671/3671 3397/3672/3672 993/3673/3673 3411/3674/3674
f 3396/3668/3668 5485/3671/3671 3411/3674/3674 992/3669/3669
f 978/3615/3615 3383/3620/3620 5486/3675/3675 3397/3672/3672
f 3383/3620/3620 979/3619/3619 3398/3676/3676 5486/3675/3675
f 5486/3675/3675 3398/3676/3676 994/3677/3677 3412/3678/3678
f 3397/3672/3672 5486/3675/3675 3412/3678/3678 993/3673/3673
f 979/3619/3619 3384/3624/3624 5487/3679/3679 3398/3676/3676
f 3384/3624/3624 980/3623/3623 3399/3680/3680 5487/3679/3679
f 5487/3679/3679 3399/3680/3680 995/3681/3681 3413/3682/3682
f 3398/3676/3676 5487/3679/3679 3413/3682/3682 994/3677/3677
f 980/3623/3623 3385/3628/3628 5488/3683/3683 3399/3680/3680
f 3385/3628/3628 981/3627/3627 3400/3684/3684 5488/3683/3683
f 5488/3683/3683 3400/3684/3684 996/3685/3685 3414/3686/3686
f 3399/3680/3680 5488/3683/3683 3414/3686/3686 995/3681/3681
f 981/3627/3627 3386/3632/3632 5489/3687/3687 3400/3684/3684
f 3386/3632/3632 982/3631/3631 3401/3688/3688 5489/3687/3687
f 5489/3687/3687 3401/3688/3688 997/3689/3689 3415/3690/3690
f 3400/3684/3684 5489/3687/3687 3415/3690/3690 996/3685/3685
f 982/3631/3631 3387/3636/3636 5490/3691/3691 3401/3688/3688
f 3387/3636/3636 983/3635/3635 3402/3692/3692 5490/3691/3691
f 5490/3691/3691 3402/3692/3692 998/3693/3693 3416/3694/3694
f 3401/3688/3688 5490/3691/3691 3416/3694/3694 997/3689/3689
f 984/3642/3642 3403/3641/3641 5491/3695/3695 3417/3696/3696
f 3403/3641/3641 985/3640/3640 3418/3697/3697 5491/3695/3695
f 5491/3695/3695 3418/3697/3697 1000/3698/3698 3432/3699/3699
f 3417/3696/3696 5491/3695/3695 3432/3699/3699 999/3700/3700
f 985/3640/3640 3404/3646/3646 5492/3701/3701 3418/3697/3697
f 3404/3646/3646 986/3645/3645 3419/3702/3702 5492/3701/3701
f 5492/3701/3701 3419/3702/3702 1001/3703/3703 3433/3704/3704
f 3418/3697/3697 5492/3701/3701 3433/3704/3704 1000/3698/3698
f 986/3645/3645 3405/3650/3650 5493/3705/3705 3419/3702/3702
f 3405/3650/3650 987/3649/3649 3420/3706/3706 5493/3705/3705
f 5493/3705/3705 3420/3706/3706 1002/3707/3707 3434/3708/3708
f 3419/3702/3702 5493/3705/3705 3434/3708/3708 1001/3703/3703
f 987/3649/3649 3406/3654/3654 5494/3709/3709 3420/3706/3706
f 3406/3654/3654 988/3653/3653 3421/3710/3710 5494/3709/3709
f 5494/3709/3709 3421/3710/3710 1003/3711/3711 3435/3712/3712
f 3420/3706/3706 5494/3709/3709 3435/3712/3712 1002/3707/3707
f 988/3653/3653 3407/3658/3658 5495/3713/3713 3421/3710/3710
f 3407/3658/3658 989/3657/3657 3422/3714/3714 5495/3713/3713
f 5495/3713/3713 3422/3714/3714 1004/3715/3715 3436/3716/3716
f 3421/3710/3710 5495/3713/3713 3436/3716/3716 1003/3711/3711
f 989/3657/3657 3408/3662/3662 5496/3717/3717 3422/3714/3714
f 3408/3662/3662 990/3661/3661 3423/3718/3718 5496/3717/3717
f 5496/3717/3717 3423/3718/3718 1005/3719/3719 3437/3720/3720
f 3422/3714/3714 5496/3717/3717 3437/3720/3720 1004/3715/3715
f 990/3661/3661 3409/3666/3666 5497/3721/3721 3423/3718/3718
f 3409/3666/3666 991/3665/3665 3424/3722/3722 5497/3721/3721
f 5497/3721/3721 3424/3722/3722 1006/3723/3723 3438/3724/3724
f 3423/3718/3718 5497/3721/3721 3438/3724/3724 1005/3719/3719
f 991/3665/3665 3410/3670/3670 5498/3725/3725 3424/3722/3722
f 3410/3670/3670 992/3669/3669 3425/3726/3726 5498/3725/3725
f 5498/3725/3725 3425/3726/3726 1007/3727/3727 3439/3728/3728
f 3424/3722/3722 5498/3725/3725 3439/3728/3728 1006/3723/3723
f 992/3669/3669 3411/3674/3674 5499/3729/3729 3425/3726/3726
f 3411/3674/3674 993/3673/3673 3426/3730/3730 5499/3729/3729
f 5499/3729/3729 3426/3730/3730 1008/3731/3731 3440/3732/3732
f 3425/3726/3726 5499/3729/3729 3440/3732/3732 1007/3727/3727
f 993/3673/3673 3412/3678/3678 5500/3733/3733 3426/3730/3730
f 3412/3678/3678 994/3677/3677 3427/3734/3734 5500/3733/3733
f 5500/3733/3733 3427/3734/3734 1009/3735/3735 3441/3736/3736
f 3426/3730/3730 5500/3733/3733 3441/3736/3736 1008/3731/3731
f 994/3677/3677 3413/3682/3682 5501/3737/3737 3427/3734/3734
f 3413/3682/3682 995/3681/3681 3428/3738/3738 5501/3737/3737
f 5501/3737/3737 3428/3738/3738 1010/3739/3739 3442/3740/3740
f 3427/3734/3734 5501/3737/3737 3442/3740/3740 1009/3735/3735
f 995/3681/3681 3414/3686/3686 5502/3741/3741 3428/3738/3738
f 3414/3686/3686 996/3685/3685 3429/3742/3742 5502/3741/3741
f 5502/3741/3741 3429/3742/3742 1011/3743/3743 3443/3744/3744
f 3428/3738/3738 5502/3741/3741 3443/3744/3744 1010/3739/3739
f 996/3685/3685 3415/3690/3690 5503/3745/3745 3429/3742/3742
f 3415/3690/3690 997/3689/3689 3430/3746/3746 5503/3745/3745
f 5503/3745/3745 3430/3746/3746 1012/3747/3747 3444/3748/3748
f 3429/3742/3742 5503/3745/3745 3444/3748/3748 1011/3743/3743
f 997/3689/3689 3416/3694/3694 5504/3749/3749 3430/3746/3746
f 3416/3694/3694 998/3693/3693 3431/3750/3750 5504/3749/3749
f 5504/3749/3749 3431/3750/3750 1013/3751/3751 3445/3752/3752
f 3430/3746/3746 5504/3749/3749 3445/3752/3752 1012/3747/3747
f 999/3700/3700 3432/3699/3699 5505/3753/3753 3446/3754/3754
f 3432/3699/3699 1000/3698/3698 3447/3755/3755 5505/3753/3753
f 5505/3753/3753 3447/3755/3755 1015/3756/3756 3461/3757/3757
f 3446/3754/3754 5505/3753/3753 3461/3757/3757 1014/3758/3758
f 1000/3698/3698 3433/3704/3704 5506/3759/3759 3447/3755/3755
f 3433/3704/3704 1001/3703/3703 3448/3760/3760 5506/3759/3759
f 5506/3759/3759 3448/3760/3760 1016/3761/3761 3462/3762/3762
f 3447/3755/3755 5506/3759/3759 3462/3762/3762 1015/3756/3756
f 1001/3703/3703 3434/3708/3708 5507/3763/3763 3448/3760/3760
f 3434/3708/3708 1002/3707/3707 3449/3764/3764 5507/3763/3763
f 5507/3763/3763 3449/3764/3764 1017/3765/3765 3463/3766/3766
f 3448/3760/3760 5507/3763/3763 3463/3766/3766 1016/3761/3761
f 1002/3707/3707 3435/3712/3712 5508/3767/3767 3449/3764/3764
f 3435/3712/3712 1003/3711/3711 3450/3768/3768 5508/3767/3767
f 5508/3767/3767 3450/3768/3768 1018/3769/3769 3464/3770/3770
f 3449/3764/3764 5508/3767/3767 3464/3770/3770 1017/3765/3765
f 1003/3711/3711 3436/3716/3716 5509/3771/3771 3450/3768/3768
f 3436/3716/3716 1004/3715/3715 3451/3772/3772 5509/3771/3771
f 5509/3771/3771 3451/3772/3772 1019/3773/3773 3465/3774/3774
f 3450/3768/3768 5509/3771/3771 3465/3774/3774 1018/3769/3769
f 1004/3715/3715 3437/3720/3720 5510/3775/3775 3451/3772/3772
f 3437/3720/3720 1005/3719/3719 3452/3776/3776 5510/3775/3775
f 5510/3775/3775 3452/3776/3776 1020/3777/3777 3466/3778/3778
f 3451/3772/3772 5510/3775/3775 3466/3778/3778 1019/3773/3773
f 1005/3719/3719 3438/3724/3724 5511/3779/3779 3452/3776/3776
f 3438/3724/3724 1006/3723/3723 3453/3780/3780 5511/3779/3779
f 5511/3779/3779 3453/3780/3780 1021/3781/3781 3467/3782/3782
f 3452/3776/3776 5511/3779/3779 3467/3782/3782 1020/3777/3777
f 1006/3723/3723 3439/3728/3728 5512/3783/3783 3453/3780/3780
f 3439/3728/3728 1007/3727/3727 3454/3784/3784 5512/3783/3783
f 5512/3783/3783 3454/3784/3784 1022/3785/3785 3468/3786/3786
f 3453/3780/3780 5512/3783/3783 3468/3786/3786 1021/3781/3781
f 1007/3727/3727 3440/3732/3732 5513/3787/3787 3454/3784/3784
f 3440/3732/3732 1008/3731/3731 3455/3788/3788 5513/3787/3787
f 5513/3787/3787 3455/3788/3788 1023/3789/3789 3469/3790/3790
f 3454/3784/3784 5513/3787/3787 3469/3790/3790 1022/3785/3785
f 1008/3731/3731 3441/3736/3736 5514/3791/3791 3455/3788/3788
f 3441/3736/3736 1009/3735/3735 3456/3792/3792 5514/3791/3791
f 5514/3791/3791 3456/3792/3792 1024/3793/3793 3470/3794/3794
f 3455/3788/3788 5514/3791/3791 3470/3794/3794 1023/3789/3789
f 1009/3735/3735 3442/3740/3740 5515/3795/3795 3456/3792/3792
f 3442/3740/3740 1010/3739/3739 3457/3796/3796 5515/3795/3795
f 5515/3795/3795 3457/3796/3796 1025/3797/3797 3471/3798/3798
f 3456/3792/3792 5515/3795/3795 3471/3798/3798 1024/3793/3793
f 1010/3739/3739 3443/3744/3744 5516/3799/3799 3457/3796/3796
f 3443/3744/3744 1011/3743/3743 3458/3800/3800 5516/3799/3799
f 5516/3799/3799 3458/3800/3800 1026/3801/3801 3472/3802/3802
f 3457/3796/3796 5516/3799/3799 3472/3802/3802 1025/3797/3797
f 1011/3743/3743 3444/3748/3748 5517/3803/3803 3458/3800/3800
f 3444/3748/3748 1012/3747/3747 3459/3804/3804 5517/3803/3803
f 5517/3803/3803 3459/3804/3804 1027/3805/3805 3473/3806/3806
f 3458/3800/3800 5517/3803/3803 3473/3806/3806 1026/3801/3801
f 1012/3747/3747 3445/3752/3752 5518/3807/3807 3459/3804/3804
f 3445/3752/3752 1013/3751/3751 3460/3808/3808 5518/3807/3807
f 5518/3807/3807 3460/3808/3808 1028/3809/3809 3474/3810/3810
f 3459/3804/3804 5518/3807/3807 3474/3810/3810 1027/3805/3805
f 1014/3758/3758 3461/3757/3757 5519/3811/3811 3475/3812/3812
f 3461/3757/3757 1015/3756/3756 3476/3813/3813 5519/3811/3811
f 5519/3811/3811 3476/3813/3813 1030/3814/3814 3490/3815/3815
f 3475/3812/3812 5519/3811/3811 3490/3815/3815 1029/3816/3816
f 1015/3756/3756 3462/3762/3762 5520/3817/3817 3476/3813/3813
f 3462/3762/3762 1016/3761/3761 3477/3818/3818 5520/3817/3817
f 5520/3817/3817 3477/3818/3818 1031/3819/3819 3491/3820/3820
f 3476/3813/3813 5520/3817/3817 3491/3820/3820 1030/3814/3814
f 1016/3761/3761 3463/3766/3766 5521/3821/3821 3477/3818/3818
f 3463/3766/3766 1017/3765/3765 3478/3822/3822 5521/3821/3821
f 5521/3821/3821 3478/3822/3822 1032/3823/3823 3492/3824/3824
f 3477/3818/3818 5521/3821/3821 3492/3824/3824 1031/3819/3819
f 1017/3765/3765 3464/3770/3770 5522/3825/3825 3478/3822/3822
f 3464/3770/3770 1018/3769/3769 3479/3826/3826 5522/3825/3825
f 5522/3825/3825 3479/3826/3826 1033/3827/3827 3493/3828/3828
f 3478/3822/3822 5522/3825/3825 3493/3828/3828 1032/3823/3823
f 1018/3769/3769 3465/3774/3774 5523/3829/3829 3479/3826/3826
f 3465/3774/3774 1019/3773/3773 3480/3830/3830 5523/3829/3829
f 5523/3829/3829 3480/3830/3830 1034/3831/3831 3494/3832/3832
f 3479/3826/3826 5523/3829/3829 3494/3832/3832 1033/3827/3827
f 1019/3773/3773 3466/3778/3778 5524/3833/3833 3480/3830/3830
f 3466/3778/3778 1020/3777/3777 3481/3834/3834 5524/3833/3833
f 5524/3833/3833 3481/3834/3834 1035/3835/3835 3495/3836/3836
f 3480/3830/3830 5524/3833/3833 3495/3836/3836 1034/3831/3831
f 1020/3777/3777 3467/3782/3782 5525/3837/3837 3481/3834/3834
f 3467/3782/3782 1021/3781/3781 3482/3838/3838 5525/3837/3837
f 5525/3837/3837 3482/3838/3838 1036/3839/3839 3496/3840/3840
f 3481/3834/3834 5525/3837/3837 3496/3840/3840 1035/3835/3835
f 1021/3781/3781 3468/3786/3786 5526/3841/3841 3482/3838/3838
f 3468/3786/3786 1022/3785/3785 3483/3842/3842 5526/3841/3841
f 5526/3841/3841 3483/3842/3842 1037/3843/3843 3497/3844/3844
f 3482/3838/3838 5526/3841/3841 3497/3844/3844 1036/3839/3839
f 1022/3785/3785 3469/3790/3790 5527/3845/3845 3483/3842/3842
f 3469/3790/3790 1023/3789/3789 3484/3846/3846 5527/3845/3845
f 5527/3845/3845 3484/3846/3846 1038/3847/3847 3498/3848/3848
f 3483/3842/3842 5527/3845/3845 3498/3848/3848 1037/3843/3843
f 1023/3789/3789 3470/3794/3794 5528/3849/3849 3484/3846/3846
f 3470/3794/3794 1024/3793/3793 3485/3850/3850 5528/3849/3849
f 5528/3849/3849 3485/3850/3850 1039/3851/3851 3499/3852/3852
f 3484/3846/3846 5528/3849/3849 3499/3852/3852 1038/3847/3847
f 1024/3793/3793 3471/3798/3798 5529/3853/3853 3485/3850/3850
f 3471/3798/3798 1025/3797/3797 3486/3854/3854 5529/3853/3853
f 5529/3853/3853 3486/3854/3854 1040/3855/3855 3500/3856/3856
f 3485/3850/3850 5529/3853/3853 3500/3856/3856 1039/3851/3851
f 1025/3797/3797 3472/3802/3802 5530/3857/3857 3486/3854/3854
f 3472/3802/3802 1026/3801/3801 3487/3858/3858 5530/3857/3857
f 5530/3857/3857 3487/3858/3858 1041/3859/3859 3501/3860/3860
f 3486/3854/3854 5530/3857/3857 3501/3860/3860 1040/3855/3855
f 1026/3801/3801 3473/3806/3806 5531/3861/3861 3487/3858/3858
f 3473/3806/3806 1027/3805/3805 3488/3862/3862 5531/3861/3861
f 5531/3861/3861 3488/3862/3862 1042/3863/3863 3502/3864/3864
f 3487/3858/3858 5531/3861/3861 3502/3864/3864 1041/3859/3859
f 1027/3805/3805 3474/3810/3810 5532/3865/3865 3488/3862/3862
f 3474/3810/3810 1028/3809/3809 3489/3866/3866 5532/3865/3865
f 5532/3865/3865 3489/3866/3866 1043/3867/3867 3503/3868/3868
f 3488/3862/3862 5532/3865/3865 3503/3868/3868 1042/3863/3863
f 1029/3816/3816 3490/3815/3815 5533/3869/3869 3504/3870/3870
f 3490/3815/3815 1030/3814/3814 3505/3871/3871 5533/3869/3869
f 5533/3869/3869 3505/3871/3871 1045/3872/3872 3519/3873/3873
f 3504/3870/3870 5533/3869/3869 3519/3873/3873 1044/3874/3874
f 1030/3814/3814 3491/3820/3820 5534/3875/3875 3505/3871/3871
f 3491/3820/3820 1031/3819/3819 3506/3876/3876 5534/3875/3875
f 5534/3875/3875 3506/3876/3876 1046/3877/3877 3520/3878/3878
f 3505/3871/3871 5534/3875/3875 3520/3878/3878 1045/3872/3872
f 1031/3819/3819 3492/3824/3824 5535/3879/3879 3506/3876/3876
f 3492/3824/3824 1032/3823/3823 3507/3880/3880 5535/3879/3879
f 5535/3879/3879 3507/3880/3880 1047/3881/3881 3521/3882/3882
f 3506/3876/3876 5535/3879/3879 3521/3882/3882 1046/3877/3877
f 1032/3823/3823 3493/3828/3828 5536/3883/3883 3507/3880/3880
f 3493/3828/3828 1033/3827/3827 3508/3884/3884 5536/3883/3883
f 5536/3883/3883 3508/3884/3884 1048/3885/3885 3522/3886/3886
f 3507/3880/3880 5536/3883/3883 3522/3886/3886 1047/3881/3881
f 1033/3827/3827 3494/3832/3832 5537/3887/3887 3508/3884/3884
f 3494/3832/3832 1034/3831/3831 3509/3888/3888 5537/3887/3887
f 5537/3887/3887 3509/3888/3888 1049/3889/3889 3523/3890/3890
f 3508/3884/3884 5537/3887/3887 3523/3890/3890 1048/3885/3885
f 1034/3831/3831 3495/3836/3836 5538/3891/3891 3509/3888/3888
f 3495/3836/3836 1035/3835/3835 3510/3892/3892 5538/3891/3891
f 5538/3891/3891 3510/3892/3892 1050/3893/3893 3524/3894/3894
f 3509/3888/3888 5538/3891/3891 3524/3894/3894 1049/3889/3889
f 1035/3835/3835 3496/3840/3840 5539/3895/3895 3510/3892/3892
f 3496/3840/3840 1036/3839/3839 3511/3896/3896 5539/3895/3895
f 5539/3895/3895 3511/3896/3896 1051/3897/3897 3525/3898/3898
f 3510/3892/3892 5539/3895/3895 3525/3898/3898 1050/3893/3893
f 1036/3839/3839 3497/3844/3844 5540/3899/3899 3511/3896/3896
f 3497/3844/3844 1037/3843/3843 3512/3900/3900 5540/3899/3899
f 5540/3899/3899 3512/3900/3900 1052/3901/3901 3526/3902/3902
f 3511/3896/3896 5540/3899/3899 3526/3902/3902 1051/3897/3897
f 1037/3843/3843 3498/3848/3848 5541/3903/3903 3512/3900/3900
f 3498/3848/3848 1038/3847/3847 3513/3904/3904 5541/3903/3903
f 5541/3903/3903 3513/3904/3904 1053/3905/3905 3527/3906/3906
f 3512/3900/3900 5541/3903/3903 3527/3906/3906 1052/3901/3901
f 1038/3847/3847 3499/3852/3852 5542/3907/3907 3513/3904/3904
f 3499/3852/3852 1039/3851/3851 3514/3908/3908 5542/3907/3907
f 5542/3907/3907 3514/3908/3908 1054/3909/3909 3528/3910/3910
f 3513/3904/3904 5542/3907/3907 3528/3910/3910 1053/3905/3905
f 1039/3851/3851 3500/3856/3856 5543/3911/3911 3514/3908/3908
f 3500/3856/3856 1040/3855/3855 3515/3912/3912 5543/3911/3911
f 5543/3911/3911 3515/3912/3912 1055/3913/3913 3529/3914/3914
f 3514/3908/3908 5543/3911/3911 3529/3914/3914 1054/3909/3909
f 1040/3855/3855 3501/3860/3860 5544/3915/3915 3515/3912/3912
f 3501/3860/3860 1041/3859/3859 3516/3916/3916 5544/3915/3915
f 5544/3915/3915 3516/3916/3916 1056/3917/3917 3530/3918/3918
f 3515/3912/3912 5544/3915/3915 3530/3918/3918 1055/3913/3913
f 1041/3859/3859 3502/3864/3864 5545/3919/3919 3516/3916/3916
f 3502/3864/3864 1042/3863/3863 3517/3920/3920 5545/3919/3919
f 5545/3919/3919 3517/3920/3920 1057/3921/3921 3531/3922/3922
f 3516/3916/3916 5545/3919/3919 3531/3922/3922 1056/3917/3917
f 1042/3863/3863 3503/3868/3868 5546/3923/3923 3517/3920/3920
f 3503/3868/3868 1043/3867/3867 3518/3924/3924 5546/3923/3923
f 5546/3923/3923 3518/3924/3924 1058/3925/3925 3532/3926/3926
f 3517/3920/3920 5546/3923/3923 3532/3926/3926 1057/3921/3921
f 1044/3874/3874 3519/3873/3873 5547/3927/3927 3533/3928/3928
f 3519/3873/3873 1045/3872/3872 3534/3929/3929 5547/3927/3927
f 5547/3927/3927 3534/3929/3929 1060/3930/3930 3548/3931/3931
f 3533/3928/3928 5547/3927/3927 3548/3931/3931 1059/3932/3932
f 1045/3872/3872 3520/3878/3878 5548/3933/3933 3534/3929/3929
f 3520/3878/3878 1046/3877/3877 3535/3934/3934 5548/3933/3933
f 5548/3933/3933 3535/3934/3934 1061/3935/3935 3549/3936/3936
f 3534/3929/3929 5548/3933/3933 3549/3936/3936 1060/3930/3930
f 1046/3877/3877 3521/3882/3882 5549/3937/3937 3535/3934/3934
f 3521/3882/3882 1047/3881/3881 3536/3938/3938 5549/3937/3937
f 5549/3937/3937 3536/3938/3938 1062/3939/3939 3550/3940/3940
f 3535/3934/3934 5549/3937/3937 3550/3940/3940 1061/3935/3935
f 1047/3881/3881 3522/3886/3886 5550/3941/3941 3536/3938/3938
f 3522/3886/3886 1048/3885/3885 3537/3942/3942 5550/3941/3941
f 5550/3941/3941 3537/3942/3942 1063/3943/3943 3551/3944/3944
f 3536/3938/3938 5550/3941/3941 3551/3944/3944 1062/3939/3939
f 1048/3885/3885 3523/3890/3890 5551/3945/3945 3537/3942/3942
f 3523/3890/3890 1049/3889/3889 3538/3946/3946 5551/3945/3945
f 5551/3945/3945 3538/3946/3946 1064/3947/3947 3552/3948/3948
f 3537/3942/3942 5551/3945/3945 3552/3948/3948 1063/3943/3943
f 1049/3889/3889 3524/3894/3894 5552/3949/3949 3538/3946/3946
f 3524/3894/3894 1050/3893/3893 3539/3950/3950 5552/3949/3949
f 5552/3949/3949 3539/3950/3950 1065/3951/3951 3553/3952/3952
f 3538/3946/3946 5552/3949/3949 3553/3952/3952 1064/3947/3947
f 1050/3893/3893 3525/3898/3898 5553/3953/3953 3539/3950/3950
f 3525/3898/3898 1051/3897/3897 3540/3954/3954 5553/3953/3953
f 5553/3953/3953 3540/3954/3954 1066/3955/3955 3554/3956/3956
f 3539/3950/3950 5553/3953/3953 3554/3956/3956 1065/3951/3951
f 1051/3897/3897 3526/3902/3902 5554/3957/3957 3540/3954/3954
f 3526/3902/3902 1052/3901/3901 3541/3958/3958 5554/3957/3957
f 5554/3957/3957 3541/3958/3958 1067/3959/3959 3555/3960/3960
f 3540/3954/3954 5554/3957/3957 3555/3960/3960 1066/3955/3955
f 1052/3901/3901 3527/3906/3906 5555/3961/3961 3541/3958/3958
f 3527/3906/3906 1053/3905/3905 3542/3962/3962 5555/3961/3961
f 5555/3961/3961 3542/3962/3962 1068/3963/3963 3556/3964/3964
f 3541/3958/3958 5555/3961/3961 3556/3964/3964 1067/3959/3959
f 1053/3905/3905 3528/3910/3910 5556/3965/3965 3542/3962/3962
f 3528/3910/3910 1054/3909/3909 3543/3966/3966 5556/3965/3965
f 5556/3965/3965 3543/3966/3966 1069/3967/3967 3557/3968/3968
f 3542/3962/3962 5556/3965/3965 3557/3968/3968 1068/3963/3963
f 1054/3909/3909 3529/3914/3914 5557/3969/3969 3543/3966/3966
f 3529/3914/3914 1055/3913/3913 3544/3970/3970 5557/3969/3969
f 5557/3969/3969 3544/3970/3970 1070/3971/3971 3558/3972/3972
f 3543/3966/3966 5557/3969/3969 3558/3972/3972 1069/3967/3967
f 1055/3913/3913 3530/3918/3918 5558/3973/3973 3544/3970/3970
f 3530/3918/3918 1056/3917/3917 3545/3974/3974 5558/3973/3973
f 5558/3973/3973 3545/3974/3974 1071/3975/3975 3559/3976/3976
f 3544/3970/3970 5558/3973/3973 3559/3976/3976 1070/3971/3971
f 1056/3917/3917 3531/3922/3922 5559/3977/3977 3545/3974/3974
f 3531/3922/3922 1057/3921/3921 3546/3978/3978 5559/3977/3977
f 5559/3977/3977 3546/3978/3978 1072/3979/3979 3560/3980/3980
f 3545/3974/3974 5559/3977/3977 3560/3980/3980 1071/3975/3975
f 1057/3921/3921 3532/3926/3926 5560/3981/3981 3546/3978/3978
f 3532/3926/3926 1058/3925/3925 3547/3982/3982 5560/3981/3981
f 5560/3981/3981 3547/3982/3982 1073/3983/3983 3561/3984/3984
f 3546/3978/3978 5560/3981/3981 3561/3984/3984 1072/3979/3979
f 1059/3932/3932 3548/3931/3931 5561/3985/3985 3562/3986/3986
f 3548/3931/3931 1060/3930/3930 3563/3987/3987 5561/3985/3985
f 5561/3985/3985 3563/3987/3987 1075/3988/3988 3577/3989/3989
f 3562/3986/3986 5561/3985/3985 3577/3989/3989 1074/3990/3990
f 1060/3930/3930 3549/3936/3936 5562/3991/3991 3563/3987/3987
f 3549/3936/3936 1061/3935/3935 3564/3992/3992 5562/3991/3991
f 5562/3991/3991 3564/3992/3992 1076/3993/3993 3578/3994/3994
f 3563/3987/3987 5562/3991/3991 3578/3994/3994 1075/3988/3988
f 1061/3935/3935 3550/3940/3940 5563/3995/3995 3564/3992/3992
f 3550/3940/3940 1062/3939/3939 3565/3996/3996 5563/3995/3995
f 5563/3995/3995 3565/3996/3996 1077/3997/3997 3579/3998/3998
f 3564/3992/3992 5563/3995/3995 3579/3998/3998 1076/3993/3993
f 1062/3939/3939 3551/3944/3944 5564/3999/3999 3565/3996/3996
f 3551/3944/3944 1063/3943/3943 3566/4000/4000 5564/3999/3999
f 5564/3999/3999 3566/4000/4000 1078/4001/4001 3580/4002/4002
f 3565/3996/3996 5564/3999/3999 3580/4002/4002 1077/3997/3997
f 1063/3943/3943 3552/3948/3948 5565/4003/4003 3566/4000/4000
f 3552/3948/3948 1064/3947/3947 3567/4004/4004 5565/4003/4003
f 5565/4003/4003 3567/4004/4004 1079/4005/4005 3581/4006/4006
f 3566/4000/4000 5565/4003/4003 3581/4006/4006 1078/4001/4001
f 1064/3947/3947 3553/3952/3952 5566/4007/4007 3567/4004/4004
f 3553/3952/3952 1065/3951/3951 3568/4008/4008 5566/4007/4007
f 5566/4007/4007 3568/4008/4008 1080/4009/4009 3582/4010/4010
f 3567/4004/4004 5566/4007/4007 3582/4010/4010 1079/4005/4005
f 1065/3951/3951 3554/3956/3956 5567/4011/4011 3568/4008/4008
f 3554/3956/3956 1066/3955/3955 3569/4012/4012 5567/4011/4011
f 5567/4011/4011 3569/4012/4012 1081/4013/4013 3583/4014/4014
f 3568/4008/4008 5567/4011/4011 3583/4014/4014 1080/4009/4009
f 1066/3955/3955 3555/3960/3960 5568/4015/4015 3569/4012/4012
f 3555/3960/3960 1067/3959/3959 3570/4016/4016 5568/4015/4015
f 5568/4015/4015 3570/4016/4016 1082/4017/4017 3584/4018/4018
f 3569/4012/4012 5568/4015/4015 3584/4018/4018 1081/4013/4013
f 1067/3959/3959 3556/3964/3964 5569/4019/4019 3570/4016/4016
f 3556/3964/3964 1068/3963/3963 3571/4020/4020 5569/4019/4019
f 5569/4019/4019 3571/4020/4020 1083/4021/4021 3585/4022/4022
f 3570/4016/4016 5569/4019/4019 3585/4022/4022 1082/4017/4017
f 1068/3963/3963 3557/3968/3968 5570/4023/4023 3571/4020/4020
f 3557/3968/3968 1069/3967/3967 3572/4024/4024 5570/4023/4023
f 5570/4023/4023 3572/4024/4024 1084/4025/4025 3586/4026/4026
f 3571/4020/4020 5570/4023/4023 3586/4026/4026 1083/4021/4021
f 1069/3967/3967 3558/3972/3972 5571/4027/4027 3572/4024/4024
f 3558/3972/3972 1070/3971/3971 3573/4028/4028 5571/4027/4027
f 5571/4027/4027 3573/4028/4028 1085/4029/4029 3587/4030/4030
f 3572/4024/4024 5571/4027/4027 3587/4030/4030 1084/4025/4025
f 1070/3971/3971 3559/3976/3976 5572/4031/4031 3573/4028/4028
f 3559/3976/3976 1071/3975/3975 3574/4032/4032 5572/4031/4031
f 5572/4031/4031 3574/4032/4032 1086/4033/4033 3588/4034/4034
f 3573/4028/4028 5572/4031/4031 3588/4034/4034 1085/4029/4029
f 1071/3975/3975 3560/3980/3980 5573/4035/4035 3574/4032/4032
f 3560/3980/3980 1072/3979/3979 3575/4036/4036 5573/4035/4035
f 5573/4035/4035 3575/4036/4036 1087/4037/4037 3589/4038/4038
f 3574/4032/4032 5573/4035/4035 3589/4038/4038 1086/4033/4033
f 1072/3979/3979 3561/3984/3984 5574/4039/4039 3575/4036/4036
f 3561/3984/3984 1073/3983/3983 3576/4040/4040 5574/4039/4039
f 5574/4039/4039 3576/4040/4040 1088/4041/4041 3590/4042/4042
f 3575/4036/4036 5574/4039/4039 3590/4042/4042 1087/4037/4037
f 5/3147/3147 1698/3146/3146 5575/4043/4043 1714/4044/4044
f 1698/3146/3146 158/3141/3141 3591/4045/4045 5575/4043/4043
f 5575/4043/4043 3591/4045/4045 864/3202/3202 3650/4046/4046
f 1714/4044/4044 5575/4043/4043 3650/4046/4046 173/4047/4047
f 158/3141/3141 1697/3140/3140 5576/4048/4048 3591/4045/4045
f 1697/3140/3140 157/3137/3137 3592/4049/4049 5576/4048/4048
f 5576/4048/4048 3592/4049/4049 865/3206/3206 3171/3203/3203
f 3591/4045/4045 5576/4048/4048 3171/3203/3203 864/3202/3202
f 157/3137/3137 1696/3136/3136 5577/4050/4050 3592/4049/4049
f 1696/3136/3136 156/3133/3133 3593/4051/4051 5577/4050/4050
f 5577/4050/4050 3593/4051/4051 866/3213/3213 3172/3211/3211
f 3592/4049/4049 5577/4050/4050 3172/3211/3211 865/3206/3206
f 156/3133/3133 1695/3132/3132 5578/4052/4052 3593/4051/4051
f 1695/3132/3132 155/3129/3129 3594/4053/4053 5578/4052/4052
f 5578/4052/4052 3594/4053/4053 867/3219/3219 3173/3217/3217
f 3593/4051/4051 5578/4052/4052 3173/3217/3217 866/3213/3213
f 155/3129/3129 1694/3128/3128 5579/4054/4054 3594/4053/4053
f 1694/3128/3128 154/3125/3125 3595/4055/4055 5579/4054/4054
f 5579/4054/4054 3595/4055/4055 868/3225/3225 3174/3223/3223
f 3594/4053/4053 5579/4054/4054 3174/3223/3223 867/3219/3219
f 154/3125/3125 1693/3124/3124 5580/4056/4056 3595/4055/4055
f 1693/3124/3124 153/3121/3121 3596/4057/4057 5580/4056/4056
f 5580/4056/4056 3596/4057/4057 869/3231/3231 3175/3229/3229
f 3595/4055/4055 5580/4056/4056 3175/3229/3229 868/3225/3225
f 153/3121/3121 1692/3120/3120 5581/4058/4058 3596/4057/4057
f 1692/3120/3120 152/3117/3117 3597/4059/4059 5581/4058/4058
f 5581/4058/4058 3597/4059/4059 870/3237/3237 3176/3235/3235
f 3596/4057/4057 5581/4058/4058 3176/3235/3235 869/3231/3231
f 152/3117/3117 1691/3116/3116 5582/4060/4060 3597/4059/4059
f 1691/3116/3116 151/3113/3113 3598/4061/4061 5582/4060/4060
f 5582/4060/4060 3598/4061/4061 871/3243/3243 3177/3241/3241
f 3597/4059/4059 5582/4060/4060 3177/3241/3241 870/3237/3237
f 151/3113/3113 1690/3112/3112 5583/4062/4062 3598/4061/4061
f 1690/3112/3112 150/3109/3109 3599/4063/4063 5583/4062/4062
f 5583/4062/4062 3599/4063/4063 872/3249/3249 3178/3247/3247
f 3598/4061/4061 5583/4062/4062 3178/3247/3247 871/3243/3243
f 150/3109/3109 1689/3108/3108 5584/4064/4064 3599/4063/4063
f 1689/3108/3108 149/3105/3105 3600/4065/4065 5584/4064/4064
f 5584/4064/4064 3600/4065/4065 873/3255/3255 3179/3253/3253
f 3599/4063/4063 5584/4064/4064 3179/3253/3253 872/3249/3249
f 149/3105/3105 1688/3104/3104 5585/4066/4066 3600/4065/4065
f 1688/3104/3104 148/3101/3101 3601/4067/4067 5585/4066/4066
f 5585/4066/4066 3601/4067/4067 874/3261/3261 3180/3259/3259
f 3600/4065/4065 5585/4066/4066 3180/3259/3259 873/3255/3255
f 148/3101/3101 1687/3100/3100 5586/4068/4068 3601/4067/4067
f 1687/3100/3100 147/3097/3097 3602/4069/4069 5586/4068/4068
f 5586/4068/4068 3602/4069/4069 875/3267/3267 3181/3265/3265
f 3601/4067/4067 5586/4068/4068 3181/3265/3265 874/3261/3261
f 147/3097/3097 1686/3096/3096 5587/4070/4070 3602/4069/4069
f 1686/3096/3096 146/3093/3093 3603/4071/4071 5587/4070/4070
f 5587/4070/4070 3603/4071/4071 876/3273/3273 3182/3271/3271
f 3602/4069/4069 5587/4070/4070 3182/3271/3271 875/3267/3267
f 146/3093/3093 1685/3092/3092 5588/4072/4072 3603/4071/4071
f 1685/3092/3092 145/3089/3089 3604/4073/4073 5588/4072/4072
f 5588/4072/4072 3604/4073/4073 877/3279/3279 3183/3277/3277
f 3603/4071/4071 5588/4072/4072 3183/3277/3277 876/3273/3273
f 145/3089/3089 1684/3088/3088 5589/4074/4074 3604/4073/4073
f 1684/3088/3088 144/3085/3085 3605/4075/4075 5589/4074/4074
f 5589/4074/4074 3605/4075/4075 878/3285/3285 3184/3283/3283
f 3604/4073/4073 5589/4074/4074 3184/3283/3283 877/3279/3279
f 144/3085/3085 1683/3084/3084 5590/4076/4076 3605/4075/4075
f 1683/3084/3084 6/3083/3083 1715/4077/4077 5590/4076/4076
f 5590/4076/4076 1715/4077/4077 174/4078/4078 3606/4079/4079
f 3605/4075/4075 5590/4076/4076 3606/4079/4079 878/3285/3285
f 878/3285/3285 3606/4079/4079 5591/4080/4080 3199/3286/3286
f 3606/4079/4079 174/4078/4078 1716/4081/4081 5591/4080/4080
f 5591/4080/4080 1716/4081/4081 175/4082/4082 3607/4083/4083
f 3199/3286/3286 5591/4080/4080 3607/4083/4083 893/3287/3287
f 893/3287/3287 3607/4083/4083 5592/4084/4084 3228/3344/3344
f 3607/4083/4083 175/4082/4082 1717/4085/4085 5592/4084/4084
f 5592/4084/4084 1717/4085/4085 176/4086/4086 3608/4087/4087
f 3228/3344/3344 5592/4084/4084 3608/4087/4087 908/3345/3345
f 908/3345/3345 3608/4087/4087 5593/4088/4088 3257/3402/3402
f 3608/4087/4087 176/4086/4086 1718/4089/4089 5593/4088/4088
f 5593/4088/4088 1718/4089/4089 177/4090/4090 3609/4091/4091
f 3257/3402/3402 5593/4088/4088 3609/4091/4091 923/3403/3403
f 923/3403/3403 3609/4091/4091 5594/4092/4092 3286/3460/3460
f 3609/4091/4091 177/4090/4090 1719/4093/4093 5594/4092/4092
f 5594/4092/4092 1719/4093/4093 178/4094/4094 3610/4095/4095
f 3286/3460/3460 5594/4092/4092 3610/4095/4095 938/3461/3461
f 938/3461/3461 3610/4095/4095 5595/4096/4096 3315/3518/3518
f 3610/4095/4095 178/4094/4094 1720/4097/4097 5595/4096/4096
f 5595/4096/4096 1720/4097/4097 179/4098/4098 3611/4099/4099
f 3315/3518/3518 5595/4096/4096 3611/4099/4099 953/3519/3519
f 953/3519/3519 3611/4099/4099 5596/4100/4100 3344/3576/3576
f 3611/4099/4099 179/4098/4098 1721/4101/4101 5596/4100/4100
f 5596/4100/4100 1721/4101/4101 180/4102/4102 3612/4103/4103
f 3344/3576/3576 5596/4100/4100 3612/4103/4103 968/3577/3577
f 968/3577/3577 3612/4103/4103 5597/4104/4104 3373/3634/3634
f 3612/4103/4103 180/4102/4102 1722/4105/4105 5597/4104/4104
f 5597/4104/4104 1722/4105/4105 181/4106/4106 3613/4107/4107
f 3373/3634/3634 5597/4104/4104 3613/4107/4107 983/3635/3635
f 983/3635/3635 3613/4107/4107 5598/4108/4108 3402/3692/3692
f 3613/4107/4107 181/4106/4106 1723/4109/4109 5598/4108/4108
f 5598/4108/4108 1723/4109/4109 182/4110/4110 3614/4111/4111
f 3402/3692/3692 5598/4108/4108 3614/4111/4111 998/3693/3693
f 998/3693/3693 3614/4111/4111 5599/4112/4112 3431/3750/3750
f 3614/4111/4111 182/4110/4110 1724/4113/4113 5599/4112/4112
f 5599/4112/4112 1724/4113/4113 183/4114/4114 3615/4115/4115
f 3431/3750/3750 5599/4112/4112 3615/4115/4115 1013/3751/3751
f 1013/3751/3751 3615/4115/4115 5600/4116/4116 3460/3808/3808
f 3615/4115/4115 183/4114/4114 1725/4117/4117 5600/4116/4116
f 5600/4116/4116 1725/4117/4117 184/4118/4118 3616/4119/4119
f 3460/3808/3808 5600/4116/4116 3616/4119/4119 1028/3809/3809
f 1028/3809/3809 3616/4119/4119 5601/4120/4120 3489/3866/3866
f 3616/4119/4119 184/4118/4118 1726/4121/4121 5601/4120/4120
f 5601/4120/4120 1726/4121/4121 185/4122/4122 3617/4123/4123
f 3489/3866/3866 5601/4120/4120 3617/4123/4123 1043/3867/3867
f 1043/3867/3867 3617/4123/4123 5602/4124/4124 3518/3924/3924
f 3617/4123/4123 185/4122/4122 1727/4125/4125 5602/4124/4124
f 5602/4124/4124 1727/4125/4125 186/4126/4126 3618/4127/4127
f 3518/3924/3924 5602/4124/4124 3618/4127/4127 1058/3925/3925
f 1058/3925/3925 3618/4127/4127 5603/4128/4128 3547/3982/3982
f 3618/4127/4127 186/4126/4126 1728/4129/4129 5603/4128/4128
f 5603/4128/4128 1728/4129/4129 187/4130/4130 3619/4131/4131
f 3547/3982/3982 5603/4128/4128 3619/4131/4131 1073/3983/3983
f 1073/3983/3983 3619/4131/4131 5604/4132/4132 3576/4040/4040
f 3619/4131/4131 187/4130/4130 1729/4133/4133 5604/4132/4132
f 5604/4132/4132 1729/4133/4133 188/4134/4134 3620/4135/4135
f 3576/4040/4040 5604/4132/4132 3620/4135/4135 1088/4041/4041
f 1088/4041/4041 3620/4135/4135 5605/4136/4136 3621/4137/4137
f 3620/4135/4135 188/4134/4134 1730/4138/4138 5605/4136/4136
f 5605/4136/4136 1730/4138/4138 2/4139/908 1570/4140/906
f 3621/4137/4137 5605/4136/4136 1570/4140/906 38/4141/904
f 1087/4037/4037 3590/4042/4042 5606/4142/4139 3622/4143/4140
f 3590/4042/4042 1088/4041/4041 3621/4137/4137 5606/4142/4139
f 5606/4142/4139 3621/4137/4137 38/4141/904 1569/4144/902
f 3622/4143/4140 5606/4142/4139 1569/4144/902 37/4145/900
f 1086/4033/4033 3589/4038/4038 5607/4146/4141 3623/4147/4142
f 3589/4038/4038 1087/4037/4037 3622/4143/4140 5607/4146/4141
f 5607/4146/4141 3622/4143/4140 37/4145/900 1568/4148/898
f 3623/4147/4142 5607/4146/4141 1568/4148/898 36/4149/896
f 1085/4029/4029 3588/4034/4034 5608/4150/4143 3624/4151/4144
f 3588/4034/4034 1086/4033/4033 3623/4147/4142 5608/4150/4143
f 5608/4150/4143 3623/4147/4142 36/4149/896 1567/4152/894
f 3624/4151/4144 5608/4150/4143 1567/4152/894 35/4153/892
f 1084/4025/4025 3587/4030/4030 5609/4154/4145 3625/4155/4146
f 3587/4030/4030 1085/4029/4029 3624/4151/4144 5609/4154/4145
f 5609/4154/4145 3624/4151/4144 35/4153/892 1566/4156/890
f 3625/4155/4146 5609/4154/4145 1566/4156/890 34/4157/888
f 1083/4021/4021 3586/4026/4026 5610/4158/4147 3626/4159/4148
f 3586/4026/4026 1084/4025/4025 3625/4155/4146 5610/4158/4147
f 5610/4158/4147 3625/4155/4146 34/4157/888 1565/4160/886
f 3626/4159/4148 5610/4158/4147 1565/4160/886 33/4161/884
f 1082/4017/4017 3585/4022/4022 5611/4162/4149 3627/4163/4150
f 3585/4022/4022 1083/4021/4021 3626/4159/4148 5611/4162/4149
f 5611/4162/4149 3626/4159/4148 33/4161/884 1564/4164/882
f 3627/4163/4150 5611/4162/4149 1564/4164/882 32/4165/880
f 1081/4013/4013 3584/4018/4018 5612/4166/4151 3628/4167/4152
f 3584/4018/4018 1082/4017/4017 3627/4163/4150 5612/4166/4151
f 5612/4166/4151 3627/4163/4150 32/4165/880 1563/4168/878
f 3628/4167/4152 5612/4166/4151 1563/4168/878 31/4169/876
f 1080/4009/4009 3583/4014/4014 5613/4170/4153 3629/4171/4154
f 3583/4014/4014 1081/4013/4013 3628/4167/4152 5613/4170/4153
f 5613/4170/4153 3628/4167/4152 31/4169/876 1562/4172/874
f 3629/4171/4154 5613/4170/4153 1562/4172/874 30/4173/872
f 1079/4005/4005 3582/4010/4010 5614/4174/4155 3630/4175/4156
f 3582/4010/4010 1080/4009/4009 3629/4171/4154 5614/4174/4155
f 5614/4174/4155 3629/4171/4154 30/4173/872 1561/4176/870
f 3630/4175/4156 5614/4174/4155 1561/4176/870 29/4177/868
f 1078/4001/4001 3581/4006/4006 5615/4178/4157 3631/4179/4158
f 3581/4006/4006 1079/4005/4005 3630/4175/4156 5615/4178/4157
f 5615/4178/4157 3630/4175/4156 29/4177/868 1560/4180/866
f 3631/4179/4158 5615/4178/4157 1560/4180/866 28/4181/864
f 1077/3997/3997 3580/4002/4002 5616/4182/4159 3632/4183/4160
f 3580/4002/4002 1078/4001/4001 3631/4179/4158 5616/4182/4159
f 5616/4182/4159 3631/4179/4158 28/4181/864 1559/4184/862
f 3632/4183/4160 5616/4182/4159 1559/4184/862 27/4185/860
f 1076/3993/3993 3579/3998/3998 5617/4186/4161 3633/4187/4162
f 3579/3998/3998 1077/3997/3997 3632/4183/4160 5617/4186/4161
f 5617/4186/4161 3632/4183/4160 27/4185/860 1558/4188/858
f 3633/4187/4162 5617/4186/4161 1558/4188/858 26/4189/856
f 1075/3988/3988 3578/3994/3994 5618/4190/4163 3634/4191/4164
f 3578/3994/3994 1076/3993/3993 3633/4187/4162 5618/4190/4163
f 5618/4190/4163 3633/4187/4162 26/4189/856 1557/4192/854
f 3634/4191/4164 5618/4190/4163 1557/4192/854 25/4193/852
f 1074/3990/3990 3577/3989/3989 5619/4194/4165 3635/4195/4166
f 3577/3989/3989 1075/3988/3988 3634/4191/4164 5619/4194/4165
f 5619/4194/4165 3634/4191/4164 25/4193/852 1556/4196/850
f 3635/4195/4166 5619/4194/4165 1556/4196/850 24/4197/846
f 159/4198/4167 3636/4199/4168 5620/4200/4169 1699/4201/4170
f 3636/4199/4168 1074/3990/3990 3635/4195/4166 5620/4200/4169
f 5620/4200/4169 3635/4195/4166 24/4197/846 1555/4202/843
f 1699/4201/4170 5620/4200/4169 1555/4202/843 1/4203/842
f 160/4204/4171 3637/4205/4172 5621/4206/4173 1700/4207/4174
f 3637/4205/4172 1059/3932/3932 3562/3986/3986 5621/4206/4173
f 5621/4206/4173 3562/3986/3986 1074/3990/3990 3636/4199/4168
f 1700/4207/4174 5621/4206/4173 3636/4199/4168 159/4198/4167
f 161/4208/4175 3638/4209/4176 5622/4210/4177 1701/4211/4178
f 3638/4209/4176 1044/3874/3874 3533/3928/3928 5622/4210/4177
f 5622/4210/4177 3533/3928/3928 1059/3932/3932 3637/4205/4172
f 1701/4211/4178 5622/4210/4177 3637/4205/4172 160/4204/4171
f 162/4212/4179 3639/4213/4180 5623/4214/4181 1702/4215/4182
f 3639/4213/4180 1029/3816/3816 3504/3870/3870 5623/4214/4181
f 5623/4214/4181 3504/3870/3870 1044/3874/3874 3638/4209/4176
f 1702/4215/4182 5623/4214/4181 3638/4209/4176 161/4208/4175
f 163/4216/4183 3640/4217/4184 5624/4218/4185 1703/4219/4186
f 3640/4217/4184 1014/3758/3758 3475/3812/3812 5624/4218/4185
f 5624/4218/4185 3475/3812/3812 1029/3816/3816 3639/4213/4180
f 1703/4219/4186 5624/4218/4185 3639/4213/4180 162/4212/4179
f 164/4220/4187 3641/4221/4188 5625/4222/4189 1704/4223/4190
f 3641/4221/4188 999/3700/3700 3446/3754/3754 5625/4222/4189
f 5625/4222/4189 3446/3754/3754 1014/3758/3758 3640/4217/4184
f 1704/4223/4190 5625/4222/4189 3640/4217/4184 163/4216/4183
f 165/4224/4191 3642/4225/4192 5626/4226/4193 1705/4227/4194
f 3642/4225/4192 984/3642/3642 3417/3696/3696 5626/4226/4193
f 5626/4226/4193 3417/3696/3696 999/3700/3700 3641/4221/4188
f 1705/4227/4194 5626/4226/4193 3641/4221/4188 164/4220/4187
f 166/4228/4195 3643/4229/4196 5627/4230/4197 1706/4231/4198
f 3643/4229/4196 969/3584/3584 3388/3638/3638 5627/4230/4197
f 5627/4230/4197 3388/3638/3638 984/3642/3642 3642/4225/4192
f 1706/4231/4198 5627/4230/4197 3642/4225/4192 165/4224/4191
f 167/4232/4199 3644/4233/4200 5628/4234/4201 1707/4235/4202
f 3644/4233/4200 954/3526/3526 3359/3580/3580 5628/4234/4201
f 5628/4234/4201 3359/3580/3580 969/3584/3584 3643/4229/4196
f 1707/4235/4202 5628/4234/4201 3643/4229/4196 166/4228/4195
f 168/4236/4203 3645/4237/4204 5629/4238/4205 1708/4239/4206
f 3645/4237/4204 939/3468/3468 3330/3522/3522 5629/4238/4205
f 5629/4238/4205 3330/3522/3522 954/3526/3526 3644/4233/4200
f 1708/4239/4206 5629/4238/4205 3644/4233/4200 167/4232/4199
f 169/4240/4207 3646/4241/4208 5630/4242/4209 1709/4243/4210
f 3646/4241/4208 924/3410/3410 3301/3464/3464 5630/4242/4209
f 5630/4242/4209 3301/3464/3464 939/3468/3468 3645/4237/4204
f 1709/4243/4210 5630/4242/4209 3645/4237/4204 168/4236/4203
f 170/4244/4211 3647/4245/4212 5631/4246/4213 1710/4247/4214
f 3647/4245/4212 909/3352/3352 3272/3406/3406 5631/4246/4213
f 5631/4246/4213 3272/3406/3406 924/3410/3410 3646/4241/4208
f 1710/4247/4214 5631/4246/4213 3646/4241/4208 169/4240/4207
f 171/4248/4215 3648/4249/4216 5632/4250/4217 1711/4251/4218
f 3648/4249/4216 894/3294/3294 3243/3348/3348 5632/4250/4217
f 5632/4250/4217 3243/3348/3348 909/3352/3352 3647/4245/4212
f 1711/4251/4218 5632/4250/4217 3647/4245/4212 170/4244/4211
f 172/4252/4219 3649/4253/4220 5633/4254/4221 1712/4255/4222
f 3649/4253/4220 879/3210/3210 3214/3290/3290 5633/4254/4221
f 5633/4254/4221 3214/3290/3290 894/3294/3294 3648/4249/4216
f 1712/4255/4222 5633/4254/4221 3648/4249/4216 171/4248/4215
f 173/4047/4047 3650/4046/4046 5634/4256/4223 1713/4257/4224
f 3650/4046/4046 864/3202/3202 3185/3205/3205 5634/4256/4223
f 5634/4256/4223 3185/3205/3205 879/3210/3210 3649/4253/4220
f 1713/4257/4224 5634/4256/4223 3649/4253/4220 172/4252/4219
f 1089/4258/4225 3651/4259/4226 5635/4260/4227 3665/4261/4228
f 3651/4259/4226 1090/4262/4229 3666/4263/4230 5635/4260/4227
f 5635/4260/4227 3666/4263/4230 1105/4264/4231 3680/4265/4232
f 3665/4261/4228 5635/4260/4227 3680/4265/4232 1104/4266/4233
f 1090/4262/4229 3652/4267/4234 5636/4268/4235 3666/4263/4230
f 3652/4267/4234 1091/4269/4236 3667/4270/4237 5636/4268/4235
f 5636/4268/4235 3667/4270/4237 1106/4271/4238 3681/4272/4239
f 3666/4263/4230 5636/4268/4235 3681/4272/4239 1105/4264/4231
f 1091/4269/4236 3653/4273/4240 5637/4274/4241 3667/4270/4237
f 3653/4273/4240 1092/4275/4242 3668/4276/4243 5637/4274/4241
f 5637/4274/4241 3668/4276/4243 1107/4277/4244 3682/4278/4245
f 3667/4270/4237 5637/4274/4241 3682/4278/4245 1106/4271/4238
f 1092/4275/4242 3654/4279/4246 5638/4280/4247 3668/4276/4243
f 3654/4279/4246 1093/4281/4248 3669/4282/4249 5638/4280/4247
f 5638/4280/4247 3669/4282/4249 1108/4283/4250 3683/4284/4251
f 3668/4276/4243 5638/4280/4247 3683/4284/4251 1107/4277/4244
f 1093/4281/4248 3655/4285/4252 5639/4286/4253 3669/4282/4249
f 3655/4285/4252 1094/4287/4254 3670/4288/4255 5639/4286/4253
f 5639/4286/4253 3670/4288/4255 1109/4289/4256 3684/4290/4257
f 3669/4282/4249 5639/4286/4253 3684/4290/4257 1108/4283/4250
f 1094/4287/4254 3656/4291/4258 5640/4292/4259 3670/4288/4255
f 3656/4291/4258 1095/4293/4260 3671/4294/4261 5640/4292/4259
f 5640/4292/4259 3671/4294/4261 1110/4295/4262 3685/4296/4263
f 3670/4288/4255 5640/4292/4259 3685/4296/4263 1109/4289/4256
f 1095/4293/4260 3657/4297/4264 5641/4298/4265 3671/4294/4261
f 3657/4297/4264 1096/4299/4266 3672/4300/4267 5641/4298/4265
f 5641/4298/4265 3672/4300/4267 1111/4301/4268 3686/4302/4269
f 3671/4294/4261 5641/4298/4265 3686/4302/4269 1110/4295/4262
f 1096/4299/4266 3658/4303/4270 5642/4304/4271 3672/4300/4267
f 3658/4303/4270 1097/4305/4272 3673/4306/4273 5642/4304/4271
f 5642/4304/4271 3673/4306/4273 1112/4307/4274 3687/4308/4275
f 3672/4300/4267 5642/4304/4271 3687/4308/4275 1111/4301/4268
f 1097/4305/4272 3659/4309/4276 5643/4310/4277 3673/4306/4273
f 3659/4309/4276 1098/4311/4278 3674/4312/4279 5643/4310/4277
f 5643/4310/4277 3674/4312/4279 1113/4313/4280 3688/4314/4281
f 3673/4306/4273 5643/4310/4277 3688/4314/4281 1112/4307/4274
f 1098/4311/4278 3660/4315/4282 5644/4316/4283 3674/4312/4279
f 3660/4315/4282 1099/4317/4284 3675/4318/4285 5644/4316/4283
f 5644/4316/4283 3675/4318/4285 1114/4319/4286 3689/4320/4287
f 3674/4312/4279 5644/4316/4283 3689/4320/4287 1113/4313/4280
f 1099/4317/4284 3661/4321/4288 5645/4322/4289 3675/4318/4285
f 3661/4321/4288 1100/4323/4290 3676/4324/4291 5645/4322/4289
f 5645/4322/4289 3676/4324/4291 1115/4325/4292 3690/4326/4293
f 3675/4318/4285 5645/4322/4289 3690/4326/4293 1114/4319/4286
f 1100/4323/4290 3662/4327/4294 5646/4328/4295 3676/4324/4291
f 3662/4327/4294 1101/4329/4296 3677/4330/4297 5646/4328/4295
f 5646/4328/4295 3677/4330/4297 1116/4331/4298 3691/4332/4299
f 3676/4324/4291 5646/4328/4295 3691/4332/4299 1115/4325/4292
f 1101/4329/4296 3663/4333/4300 5647/4334/4301 3677/4330/4297
f 3663/4333/4300 1102/4335/4302 3678/4336/4303 5647/4334/4301
f 5647/4334/4301 3678/4336/4303 1117/4337/4304 3692/4338/4305
f 3677/4330/4297 5647/4334/4301 3692/4338/4305 1116/4331/4298
f 1102/4335/4302 3664/4339/4306 5648/4340/4307 3678/4336/4303
f 3664/4339/4306 1103/4341/4308 3679/4342/4309 5648/4340/4307
f 5648/4340/4307 3679/4342/4309 1118/4343/4310 3693/4344/4311
f 3678/4336/4303 5648/4340/4307 3693/4344/4311 1117/4337/4304
f 1104/4266/4233 3680/4265/4232 5649/4345/4312 3694/4346/4313
f 3680/4265/4232 1105/4264/4231 3695/4347/4314 5649/4345/4312
f 5649/4345/4312 3695/4347/4314 1120/4348/4315 3709/4349/4316
f 3694/4346/4313 5649/4345/4312 3709/4349/4316 1119/4350/4317
f 1105/4264/4231 3681/4272/4239 5650/4351/4318 3695/4347/4314
f 3681/4272/4239 1106/4271/4238 3696/4352/4319 5650/4351/4318
f 5650/4351/4318 3696/4352/4319 1121/4353/4320 3710/4354/4321
f 3695/4347/4314 5650/4351/4318 3710/4354/4321 1120/4348/4315
f 1106/4271/4238 3682/4278/4245 5651/4355/4322 3696/4352/4319
f 3682/4278/4245 1107/4277/4244 3697/4356/4323 5651/4355/4322
f 5651/4355/4322 3697/4356/4323 1122/4357/4324 3711/4358/4325
f 3696/4352/4319 5651/4355/4322 3711/4358/4325 1121/4353/4320
f 1107/4277/4244 3683/4284/4251 5652/4359/4326 3697/4356/4323
f 3683/4284/4251 1108/4283/4250 3698/4360/4327 5652/4359/4326
f 5652/4359/4326 3698/4360/4327 1123/4361/4328 3712/4362/4329
f 3697/4356/4323 5652/4359/4326 3712/4362/4329 1122/4357/4324
f 1108/4283/4250 3684/4290/4257 5653/4363/4330 3698/4360/4327
f 3684/4290/4257 1109/4289/4256 3699/4364/4331 5653/4363/4330
f 5653/4363/4330 3699/4364/4331 1124/4365/4332 3713/4366/4333
f 3698/4360/4327 5653/4363/4330 3713/4366/4333 1123/4361/4328
f 1109/4289/4256 3685/4296/4263 5654/4367/4334 3699/4364/4331
f 3685/4296/4263 1110/4295/4262 3700/4368/4335 5654/4367/4334
f 5654/4367/4334 3700/4368/4335 1125/4369/4336 3714/4370/4337
f 3699/4364/4331 5654/4367/4334 3714/4370/4337 1124/4365/4332
f 1110/4295/4262 3686/4302/4269 5655/4371/4338 3700/4368/4335
f 3686/4302/4269 1111/4301/4268 3701/4372/4339 5655/4371/4338
f 5655/4371/4338 3701/4372/4339 1126/4373/4340 3715/4374/4341
f 3700/4368/4335 5655/4371/4338 3715/4374/4341 1125/4369/4336
f 1111/4301/4268 3687/4308/4275 5656/4375/4342 3701/4372/4339
f 3687/4308/4275 1112/4307/4274 3702/4376/4343 5656/4375/4342
f 5656/4375/4342 3702/4376/4343 1127/4377/4344 3716/4378/4345
f 3701/4372/4339 5656/4375/4342 3716/4378/4345 1126/4373/4340
f 1112/4307/4274 3688/4314/4281 5657/4379/4346 3702/4376/4343
f 3688/4314/4281 1113/4313/4280 3703/4380/4347 5657/4379/4346
f 5657/4379/4346 3703/4380/4347 1128/4381/4348 3717/4382/4349
f 3702/4376/4343 5657/4379/4346 3717/4382/4349 1127/4377/4344
f 1113/4313/4280 3689/4320/4287 5658/4383/4350 3703/4380/4347
f 3689/4320/4287 1114/4319/4286 3704/4384/4351 5658/4383/4350
f 5658/4383/4350 3704/4384/4351 1129/4385/4352 3718/4386/4353
f 3703/4380/4347 5658/4383/4350 3718/4386/4353 1128/4381/4348
f 1114/4319/4286 3690/4326/4293 5659/4387/4354 3704/4384/4351
f 3690/4326/4293 1115/4325/4292 3705/4388/4355 5659/4387/4354
f 5659/4387/4354 3705/4388/4355 1130/4389/4356 3719/4390/4357
f 3704/4384/4351 5659/4387/4354 3719/4390/4357 1129/4385/4352
f 1115/4325/4292 3691/4332/4299 5660/4391/4358 3705/4388/4355
f 3691/4332/4299 1116/4331/4298 3706/4392/4359 5660/4391/4358
f 5660/4391/4358 3706/4392/4359 1131/4393/4360 3720/4394/4361
f 3705/4388/4355 5660/4391/4358 3720/4394/4361 1130/4389/4356
f 1116/4331/4298 3692/4338/4305 5661/4395/4362 3706/4392/4359
f 3692/4338/4305 1117/4337/4304 3707/4396/4363 5661/4395/4362
f 5661/4395/4362 3707/4396/4363 1132/4397/4364 3721/4398/4365
f 3706/4392/4359 5661/4395/4362 3721/4398/4365 1131/4393/4360
f 1117/4337/4304 3693/4344/4311 5662/4399/4366 3707/4396/4363
f 3693/4344/4311 1118/4343/4310 3708/4400/4367 5662/4399/4366
f 5662/4399/4366 3708/4400/4367 1133/4401/4368 3722/4402/4369
f 3707/4396/4363 5662/4399/4366 3722/4402/4369 1132/4397/4364
f 1119/4350/4317 3709/4349/4316 5663/4403/4370 3723/4404/4371
f 3709/4349/4316 1120/4348/4315 3724/4405/4372 5663/4403/4370
f 5663/4403/4370 3724/4405/4372 1135/4406/4373 3738/4407/4374
f 3723/4404/4371 5663/4403/4370 3738/4407/4374 1134/4408/4375
f 1120/4348/4315 3710/4354/4321 5664/4409/4376 3724/4405/4372
f 3710/4354/4321 1121/4353/4320 3725/4410/4377 5664/4409/4376
f 5664/4409/4376 3725/4410/4377 1136/4411/4378 3739/4412/4379
f 3724/4405/4372 5664/4409/4376 3739/4412/4379 1135/4406/4373
f 1121/4353/4320 3711/4358/4325 5665/4413/4380 3725/4410/4377
f 3711/4358/4325 1122/4357/4324 3726/4414/4381 5665/4413/4380
f 5665/4413/4380 3726/4414/4381 1137/4415/4382 3740/4416/4383
f 3725/4410/4377 5665/4413/4380 3740/4416/4383 1136/4411/4378
f 1122/4357/4324 3712/4362/4329 5666/4417/4384 3726/4414/4381
f 3712/4362/4329 1123/4361/4328 3727/4418/4385 5666/4417/4384
f 5666/4417/4384 3727/4418/4385 1138/4419/4386 3741/4420/4387
f 3726/4414/4381 5666/4417/4384 3741/4420/4387 1137/4415/4382
f 1123/4361/4328 3713/4366/4333 5667/4421/4388 3727/4418/4385
f 3713/4366/4333 1124/4365/4332 3728/4422/4389 5667/4421/4388
f 5667/4421/4388 3728/4422/4389 1139/4423/4390 3742/4424/4391
f 3727/4418/4385 5667/4421/4388 3742/4424/4391 1138/4419/4386
f 1124/4365/4332 3714/4370/4337 5668/4425/4392 3728/4422/4389
f 3714/4370/4337 1125/4369/4336 3729/4426/4393 5668/4425/4392
f 5668/4425/4392 3729/4426/4393 1140/4427/4394 3743/4428/4395
f 3728/4422/4389 5668/4425/4392 3743/4428/4395 1139/4423/4390
f 1125/4369/4336 3715/4374/4341 5669/4429/4396 3729/4426/4393
f 3715/4374/4341 1126/4373/4340 3730/4430/4397 5669/4429/4396
f 5669/4429/4396 3730/4430/4397 1141/4431/4398 3744/4432/4399
f 3729/4426/4393 5669/4429/4396 3744/4432/4399 1140/4427/4394
f 1126/4373/4340 3716/4378/4345 5670/4433/4400 3730/4430/4397
f 3716/4378/4345 1127/4377/4344 3731/4434/4401 5670/4433/4400
f 5670/4433/4400 3731/4434/4401 1142/4435/4402 3745/4436/4403
f 3730/4430/4397 5670/4433/4400 3745/4436/4403 1141/4431/4398
f 1127/4377/4344 3717/4382/4349 5671/4437/4404 3731/4434/4401
f 3717/4382/4349 1128/4381/4348 3732/4438/4405 5671/4437/4404
f 5671/4437/4404 3732/4438/4405 1143/4439/4406 3746/4440/4407
f 3731/4434/4401 5671/4437/4404 3746/4440/4407 1142/4435/4402
f 1128/4381/4348 3718/4386/4353 5672/4441/4408 3732/4438/4405
f 3718/4386/4353 1129/4385/4352 3733/4442/4409 5672/4441/4408
f 5672/4441/4408 3733/4442/4409 1144/4443/4410 3747/4444/4411
f 3732/4438/4405 5672/4441/4408 3747/4444/4411 1143/4439/4406
f 1129/4385/4352 3719/4390/4357 5673/4445/4412 3733/4442/4409
f 3719/4390/4357 1130/4389/4356 3734/4446/4413 5673/4445/4412
f 5673/4445/4412 3734/4446/4413 1145/4447/4414 3748/4448/4415
f 3733/4442/4409 5673/4445/4412 3748/4448/4415 1144/4443/4410
f 1130/4389/4356 3720/4394/4361 5674/4449/4416 3734/4446/4413
f 3720/4394/4361 1131/4393/4360 3735/4450/4417 5674/4449/4416
f 5674/4449/4416 3735/4450/4417 1146/4451/4418 3749/4452/4419
f 3734/4446/4413 5674/4449/4416 3749/4452/4419 1145/4447/4414
f 1131/4393/4360 3721/4398/4365 5675/4453/4420 3735/4450/4417
f 3721/4398/4365 1132/4397/4364 3736/4454/4421 5675/4453/4420
f 5675/4453/4420 3736/4454/4421 1147/4455/4422 3750/4456/4423
f 3735/4450/4417 5675/4453/4420 3750/4456/4423 1146/4451/4418
f 1132/4397/4364 3722/4402/4369 5676/4457/4424 3736/4454/4421
f 3722/4402/4369 1133/4401/4368 3737/4458/4425 5676/4457/4424
f 5676/4457/4424 3737/4458/4425 1148/4459/4426 3751/4460/4427
f 3736/4454/4421 5676/4457/4424 3751/4460/4427 1147/4455/4422
f 1134/4408/4375 3738/4407/4374 5677/4461/4428 3752/4462/4429
f 3738/4407/4374 1135/4406/4373 3753/4463/4430 5677/4461/4428
f 5677/4461/4428 3753/4463/4430 1150/4464/4431 3767/4465/4432
f 3752/4462/4429 5677/4461/4428 3767/4465/4432 1149/4466/4433
f 1135/4406/4373 3739/4412/4379 5678/4467/4434 3753/4463/4430
f 3739/4412/4379 1136/4411/4378 3754/4468/4435 5678/4467/4434
f 5678/4467/4434 3754/4468/4435 1151/4469/4436 3768/4470/4437
f 3753/4463/4430 5678/4467/4434 3768/4470/4437 1150/4464/4431
f 1136/4411/4378 3740/4416/4383 5679/4471/4438 3754/4468/4435
f 3740/4416/4383 1137/4415/4382 3755/4472/4439 5679/4471/4438
f 5679/4471/4438 3755/4472/4439 1152/4473/4440 3769/4474/4441
f 3754/4468/4435 5679/4471/4438 3769/4474/4441 1151/4469/4436
f 1137/4415/4382 3741/4420/4387 5680/4475/4442 3755/4472/4439
f 3741/4420/4387 1138/4419/4386 3756/4476/4443 5680/4475/4442
f 5680/4475/4442 3756/4476/4443 1153/4477/4444 3770/4478/4445
f 3755/4472/4439 5680/4475/4442 3770/4478/4445 1152/4473/4440
f 1138/4419/4386 3742/4424/4391 5681/4479/4446 3756/4476/4443
f 3742/4424/4391 1139/4423/4390 3757/4480/4447 5681/4479/4446
f 5681/4479/4446 3757/4480/4447 1154/4481/4448 3771/4482/4449
f 3756/4476/4443 5681/4479/4446 3771/4482/4449 1153/4477/4444
f 1139/4423/4390 3743/4428/4395 5682/4483/4450 3757/4480/4447
f 3743/4428/4395 1140/4427/4394 3758/4484/4451 5682/4483/4450
f 5682/4483/4450 3758/4484/4451 1155/4485/4452 3772/4486/4453
f 3757/4480/4447 5682/4483/4450 3772/4486/4453 1154/4481/4448
f 1140/4427/4394 3744/4432/4399 5683/4487/4454 3758/4484/4451
f 3744/4432/4399 1141/4431/4398 3759/4488/4455 5683/4487/4454
f 5683/4487/4454 3759/4488/4455 1156/4489/4456 3773/4490/4457
f 3758/4484/4451 5683/4487/4454 3773/4490/4457 1155/4485/4452
f 1141/4431/4398 3745/4436/4403 5684/4491/4458 3759/4488/4455
f 3745/4436/4403 1142/4435/4402 3760/4492/4459 5684/4491/4458
f 5684/4491/4458 3760/4492/4459 1157/4493/4460 3774/4494/4461
f 3759/4488/4455 5684/4491/4458 3774/4494/4461 1156/4489/4456
f 1142/4435/4402 3746/4440/4407 5685/4495/4462 3760/4492/4459
f 3746/4440/4407 1143/4439/4406 3761/4496/4463 5685/4495/4462
f 5685/4495/4462 3761/4496/4463 1158/4497/4464 3775/4498/4465
f 3760/4492/4459 5685/4495/4462 3775/4498/4465 1157/4493/4460
f 1143/4439/4406 3747/4444/4411 5686/4499/4466 3761/4496/4463
f 3747/4444/4411 1144/4443/4410 3762/4500/4467 5686/4499/4466
f 5686/4499/4466 3762/4500/4467 1159/4501/4468 3776/4502/4469
f 3761/4496/4463 5686/4499/4466 3776/4502/4469 1158/4497/4464
f 1144/4443/4410 3748/4448/4415 5687/4503/4470 3762/4500/4467
f 3748/4448/4415 1145/4447/4414 3763/4504/4471 5687/4503/4470
f 5687/4503/4470 3763/4504/4471 1160/4505/4472 3777/4506/4473
f 3762/4500/4467 5687/4503/4470 3777/4506/4473 1159/4501/4468
f 1145/4447/4414 3749/4452/4419 5688/4507/4474 3763/4504/4471
f 3749/4452/4419 1146/4451/4418 3764/4508/4475 5688/4507/4474
f 5688/4507/4474 3764/4508/4475 1161/4509/4476 3778/4510/4477
f 3763/4504/4471 5688/4507/4474 3778/4510/4477 1160/4505/4472
f 1146/4451/4418 3750/4456/4423 5689/4511/4478 3764/4508/4475
f 3750/4456/4423 1147/4455/4422 3765/4512/4479 5689/4511/4478
f 5689/4511/4478 3765/4512/4479 1162/4513/4480 3779/4514/4481
f 3764/4508/4475 5689/4511/4478 3779/4514/4481 1161/4509/4476
f 1147/4455/4422 3751/4460/4427 5690/4515/4482 3765/4512/4479
f 3751/4460/4427 1148/4459/4426 3766/4516/4483 5690/4515/4482
f 5690/4515/4482 3766/4516/4483 1163/4517/4484 3780/4518/4485
f 3765/4512/4479 5690/4515/4482 3780/4518/4485 1162/4513/4480
f 1149/4466/4433 3767/4465/4432 5691/4519/4486 3781/4520/4487
f 3767/4465/4432 1150/4464/4431 3782/4521/4488 5691/4519/4486
f 5691/4519/4486 3782/4521/4488 1165/4522/4489 3796/4523/4490
f 3781/4520/4487 5691/4519/4486 3796/4523/4490 1164/4524/4491
f 1150/4464/4431 3768/4470/4437 5692/4525/4492 3782/4521/4488
f 3768/4470/4437 1151/4469/4436 3783/4526/4493 5692/4525/4492
f 5692/4525/4492 3783/4526/4493 1166/4527/4494 3797/4528/4495
f 3782/4521/4488 5692/4525/4492 3797/4528/4495 1165/4522/4489
f 1151/4469/4436 3769/4474/4441 5693/4529/4496 3783/4526/4493
f 3769/4474/4441 1152/4473/4440 3784/4530/4497 5693/4529/4496
f 5693/4529/4496 3784/4530/4497 1167/4531/4498 3798/4532/4499
f 3783/4526/4493 5693/4529/4496 3798/4532/4499 1166/4527/4494
f 1152/4473/4440 3770/4478/4445 5694/4533/4500 3784/4530/4497
f 3770/4478/4445 1153/4477/4444 3785/4534/4501 5694/4533/4500
f 5694/4533/4500 3785/4534/4501 1168/4535/4502 3799/4536/4503
f 3784/4530/4497 5694/4533/4500 3799/4536/4503 1167/4531/4498
f 1153/4477/4444 3771/4482/4449 5695/4537/4504 3785/4534/4501
f 3771/4482/4449 1154/4481/4448 3786/4538/4505 5695/4537/4504
f 5695/4537/4504 3786/4538/4505 1169/4539/4506 3800/4540/4507
f 3785/4534/4501 5695/4537/4504 3800/4540/4507 1168/4535/4502
f 1154/4481/4448 3772/4486/4453 5696/4541/4508 3786/4538/4505
f 3772/4486/4453 1155/4485/4452 3787/4542/4509 5696/4541/4508
f 5696/4541/4508 3787/4542/4509 1170/4543/4510 3801/4544/4511
f 3786/4538/4505 5696/4541/4508 3801/4544/4511 1169/4539/4506
f 1155/4485/4452 3773/4490/4457 5697/4545/4512 3787/4542/4509
f 3773/4490/4457 1156/4489/4456 3788/4546/4513 5697/4545/4512
f 5697/4545/4512 3788/4546/4513 1171/4547/4514 3802/4548/4515
f 3787/4542/4509 5697/4545/4512 3802/4548/4515 1170/4543/4510
f 1156/4489/4456 3774/4494/4461 5698/4549/4516 3788/4546/4513
f 3774/4494/4461 1157/4493/4460 3789/4550/4517 5698/4549/4516
f 5698/4549/4516 3789/4550/4517 1172/4551/4518 3803/4552/4519
f 3788/4546/4513 5698/4549/4516 3803/4552/4519 1171/4547/4514
f 1157/4493/4460 3775/4498/4465 5699/4553/4520 3789/4550/4517
f 3775/4498/4465 1158/4497/4464 3790/4554/4521 5699/4553/4520
f 5699/4553/4520 3790/4554/4521 1173/4555/4522 3804/4556/4523
f 3789/4550/4517 5699/4553/4520 3804/4556/4523 1172/4551/4518
f 1158/4497/4464 3776/4502/4469 5700/4557/4524 3790/4554/4521
f 3776/4502/4469 1159/4501/4468 3791/4558/4525 5700/4557/4524
f 5700/4557/4524 3791/4558/4525 1174/4559/4526 3805/4560/4527
f 3790/4554/4521 5700/4557/4524 3805/4560/4527 1173/4555/4522
f 1159/4501/4468 3777/4506/4473 5701/4561/4528 3791/4558/4525
f 3777/4506/4473 1160/4505/4472 3792/4562/4529 5701/4561/4528
f 5701/4561/4528 3792/4562/4529 1175/4563/4530 3806/4564/4531
f 3791/4558/4525 5701/4561/4528 3806/4564/4531 1174/4559/4526
f 1160/4505/4472 3778/4510/4477 5702/4565/4532 3792/4562/4529
f 3778/4510/4477 1161/4509/4476 3793/4566/4533 5702/4565/4532
f 5702/4565/4532 3793/4566/4533 1176/4567/4534 3807/4568/4535
f 3792/4562/4529 5702/4565/4532 3807/4568/4535 1175/4563/4530
f 1161/4509/4476 3779/4514/4481 5703/4569/4536 3793/4566/4533
f 3779/4514/4481 1162/4513/4480 3794/4570/4537 5703/4569/4536
f 5703/4569/4536 3794/4570/4537 1177/4571/4538 3808/4572/4539
f 3793/4566/4533 5703/4569/4536 3808/4572/4539 1176/4567/4534
f 1162/4513/4480 3780/4518/4485 5704/4573/4540 3794/4570/4537
f 3780/4518/4485 1163/4517/4484 3795/4574/4541 5704/4573/4540
f 5704/4573/4540 3795/4574/4541 1178/4575/4542 3809/4576/4543
f 3794/4570/4537 5704/4573/4540 3809/4576/4543 1177/4571/4538
f 1164/4524/4491 3796/4523/4490 5705/4577/4544 3810/4578/4545
f 3796/4523/4490 1165/4522/4489 3811/4579/4546 5705/4577/4544
f 5705/4577/4544 3811/4579/4546 1180/4580/4547 3825/4581/4548
f 3810/4578/4545 5705/4577/4544 3825/4581/4548 1179/4582/4549
f 1165/4522/4489 3797/4528/4495 5706/4583/4550 3811/4579/4546
f 3797/4528/4495 1166/4527/4494 3812/4584/4551 5706/4583/4550
f 5706/4583/4550 3812/4584/4551 1181/4585/4552 3826/4586/4553
f 3811/4579/4546 5706/4583/4550 3826/4586/4553 1180/4580/4547
f 1166/4527/4494 3798/4532/4499 5707/4587/4554 3812/4584/4551
f 3798/4532/4499 1167/4531/4498 3813/4588/4555 5707/4587/4554
f 5707/4587/4554 3813/4588/4555 1182/4589/4556 3827/4590/4557
f 3812/4584/4551 5707/4587/4554 3827/4590/4557 1181/4585/4552
f 1167/4531/4498 3799/4536/4503 5708/4591/4558 3813/4588/4555
f 3799/4536/4503 1168/4535/4502 3814/4592/4559 5708/4591/4558
f 5708/4591/4558 3814/4592/4559 1183/4593/4560 3828/4594/4561
f 3813/4588/4555 5708/4591/4558 3828/4594/4561 1182/4589/4556
f 1168/4535/4502 3800/4540/4507 5709/4595/4562 3814/4592/4559
f 3800/4540/4507 1169/4539/4506 3815/4596/4563 5709/4595/4562
f 5709/4595/4562 3815/4596/4563 1184/4597/4564 3829/4598/4565
f 3814/4592/4559 5709/4595/4562 3829/4598/4565 1183/4593/4560
f 1169/4539/4506 3801/4544/4511 5710/4599/4566 3815/4596/4563
f 3801/4544/4511 1170/4543/4510 3816/4600/4567 5710/4599/4566
f 5710/4599/4566 3816/4600/4567 1185/4601/4568 3830/4602/4569
f 3815/4596/4563 5710/4599/4566 3830/4602/4569 1184/4597/4564
f 1170/4543/4510 3802/4548/4515 5711/4603/4570 3816/4600/4567
f 3802/4548/4515 1171/4547/4514 3817/4604/4571 5711/4603/4570
f 5711/4603/4570 3817/4604/4571 1186/4605/4572 3831/4606/4573
f 3816/4600/4567 5711/4603/4570 3831/4606/4573 1185/4601/4568
f 1171/4547/4514 3803/4552/4519 5712/4607/4574 3817/4604/4571
f 3803/4552/4519 1172/4551/4518 3818/4608/4575 5712/4607/4574
f 5712/4607/4574 3818/4608/4575 1187/4609/4576 3832/4610/4577
f 3817/4604/4571 5712/4607/4574 3832/4610/4577 1186/4605/4572
f 1172/4551/4518 3804/4556/4523 5713/4611/4578 3818/4608/4575
f 3804/4556/4523 1173/4555/4522 3819/4612/4579 5713/4611/4578
f 5713/4611/4578 3819/4612/4579 1188/4613/4580 3833/4614/4581
f 3818/4608/4575 5713/4611/4578 3833/4614/4581 1187/4609/4576
f 1173/4555/4522 3805/4560/4527 5714/4615/4582 3819/4612/4579
f 3805/4560/4527 1174/4559/4526 3820/4616/4583 5714/4615/4582
f 5714/4615/4582 3820/4616/4583 1189/4617/4584 3834/4618/4585
f 3819/4612/4579 5714/4615/4582 3834/4618/4585 1188/4613/4580
f 1174/4559/4526 3806/4564/4531 5715/4619/4586 3820/4616/4583
f 3806/4564/4531 1175/4563/4530 3821/4620/4587 5715/4619/4586
f 5715/4619/4586 3821/4620/4587 1190/4621/4588 3835/4622/4589
f 3820/4616/4583 5715/4619/4586 3835/4622/4589 1189/4617/4584
f 1175/4563/4530 3807/4568/4535 5716/4623/4590 3821/4620/4587
f 3807/4568/4535 1176/4567/4534 3822/4624/4591 5716/4623/4590
f 5716/4623/4590 3822/4624/4591 1191/4625/4592 3836/4626/4593
f 3821/4620/4587 5716/4623/4590 3836/4626/4593 1190/4621/4588
f 1176/4567/4534 3808/4572/4539 5717/4627/4594 3822/4624/4591
f 3808/4572/4539 1177/4571/4538 3823/4628/4595 5717/4627/4594
f 5717/4627/4594 3823/4628/4595 1192/4629/4596 3837/4630/4597
f 3822/4624/4591 5717/4627/4594 3837/4630/4597 1191/4625/4592
f 1177/4571/4538 3809/4576/4543 5718/4631/4598 3823/4628/4595
f 3809/4576/4543 1178/4575/4542 3824/4632/4599 5718/4631/4598
f 5718/4631/4598 3824/4632/4599 1193/4633/4600 3838/4634/4601
f 3823/4628/4595 5718/4631/4598 3838/4634/4601 1192/4629/4596
f 1179/4582/4549 3825/4581/4548 5719/4635/4602 3839/4636/4603
f 3825/4581/4548 1180/4580/4547 3840/4637/4604 5719/4635/4602
f 5719/4635/4602 3840/4637/4604 1195/4638/4605 3854/4639/4606
f 3839/4636/4603 5719/4635/4602 3854/4639/4606 1194/4640/4607
f 1180/4580/4547 3826/4586/4553 5720/4641/4608 3840/4637/4604
f 3826/4586/4553 1181/4585/4552 3841/4642/4609 5720/4641/4608
f 5720/4641/4608 3841/4642/4609 1196/4643/4610 3855/4644/4611
f 3840/4637/4604 5720/4641/4608 3855/4644/4611 1195/4638/4605
f 1181/4585/4552 3827/4590/4557 5721/4645/4612 3841/4642/4609
f 3827/4590/4557 1182/4589/4556 3842/4646/4613 5721/4645/4612
f 5721/4645/4612 3842/4646/4613 1197/4647/4614 3856/4648/4615
f 3841/4642/4609 5721/4645/4612 3856/4648/4615 1196/4643/4610
f 1182/4589/4556 3828/4594/4561 5722/4649/4616 3842/4646/4613
f 3828/4594/4561 1183/4593/4560 3843/4650/4617 5722/4649/4616
f 5722/4649/4616 3843/4650/4617 1198/4651/4618 3857/4652/4619
f 3842/4646/4613 5722/4649/4616 3857/4652/4619 1197/4647/4614
f 1183/4593/4560 3829/4598/4565 5723/4653/4620 3843/4650/4617
f 3829/4598/4565 1184/4597/4564 3844/4654/4621 5723/4653/4620
f 5723/4653/4620 3844/4654/4621 1199/4655/4622 3858/4656/4623
f 3843/4650/4617 5723/4653/4620 3858/4656/4623 1198/4651/4618
f 1184/4597/4564 3830/4602/4569 5724/4657/4624 3844/4654/4621
f 3830/4602/4569 1185/4601/4568 3845/4658/4625 5724/4657/4624
f 5724/4657/4624 3845/4658/4625 1200/4659/4626 3859/4660/4627
f 3844/4654/4621 5724/4657/4624 3859/4660/4627 1199/4655/4622
f 1185/4601/4568 3831/4606/4573 5725/4661/4628 3845/4658/4625
f 3831/4606/4573 1186/4605/4572 3846/4662/4629 5725/4661/4628
f 5725/4661/4628 3846/4662/4629 1201/4663/4630 3860/4664/4631
f 3845/4658/4625 5725/4661/4628 3860/4664/4631 1200/4659/4626
f 1186/4605/4572 3832/4610/4577 5726/4665/4632 3846/4662/4629
f 3832/4610/4577 1187/4609/4576 3847/4666/4633 5726/4665/4632
f 5726/4665/4632 3847/4666/4633 1202/4667/4634 3861/4668/4635
f 3846/4662/4629 5726/4665/4632 3861/4668/4635 1201/4663/4630
f 1187/4609/4576 3833/4614/4581 5727/4669/4636 3847/4666/4633
f 3833/4614/4581 1188/4613/4580 3848/4670/4637 5727/4669/4636
f 5727/4669/4636 3848/4670/4637 1203/4671/4638 3862/4672/4639
f 3847/4666/4633 5727/4669/4636 3862/4672/4639 1202/4667/4634
f 1188/4613/4580 3834/4618/4585 5728/4673/4640 3848/4670/4637
f 3834/4618/4585 1189/4617/4584 3849/4674/4641 5728/4673/4640
f 5728/4673/4640 3849/4674/4641 1204/4675/4642 3863/4676/4643
f 3848/4670/4637 5728/4673/4640 3863/4676/4643 1203/4671/4638
f 1189/4617/4584 3835/4622/4589 5729/4677/4644 3849/4674/4641
f 3835/4622/4589 1190/4621/4588 3850/4678/4645 5729/4677/4644
f 5729/4677/4644 3850/4678/4645 1205/4679/4646 3864/4680/4647
f 3849/4674/4641 5729/4677/4644 3864/4680/4647 1204/4675/4642
f 1190/4621/4588 3836/4626/4593 5730/4681/4648 3850/4678/4645
f 3836/4626/4593 1191/4625/4592 3851/4682/4649 5730/4681/4648
f 5730/4681/4648 3851/4682/4649 1206/4683/4650 3865/4684/4651
f 3850/4678/4645 5730/4681/4648 3865/4684/4651 1205/4679/4646
f 1191/4625/4592 3837/4630/4597 5731/4685/4652 3851/4682/4649
f 3837/4630/4597 1192/4629/4596 3852/4686/4653 5731/4685/4652
f 5731/4685/4652 3852/4686/4653 1207/4687/4654 3866/4688/4655
f 3851/4682/4649 5731/4685/4652 3866/4688/4655 1206/4683/4650
f 1192/4629/4596 3838/4634/4601 5732/4689/4656 3852/4686/4653
f 3838/4634/4601 1193/4633/4600 3853/4690/4657 5732/4689/4656
f 5732/4689/4656 3853/4690/4657 1208/4691/4658 3867/4692/4659
f 3852/4686/4653 5732/4689/4656 3867/4692/4659 1207/4687/4654
f 1194/4640/4607 3854/4639/4606 5733/4693/4660 3868/4694/4661
f 3854/4639/4606 1195/4638/4605 3869/4695/4662 5733/4693/4660
f 5733/4693/4660 3869/4695/4662 1210/4696/4663 3883/4697/4664
f 3868/4694/4661 5733/4693/4660 3883/4697/4664 1209/4698/4665
f 1195/4638/4605 3855/4644/4611 5734/4699/4666 3869/4695/4662
f 3855/4644/4611 1196/4643/4610 3870/4700/4667 5734/4699/4666
f 5734/4699/4666 3870/4700/4667 1211/4701/4668 3884/4702/4669
f 3869/4695/4662 5734/4699/4666 3884/4702/4669 1210/4696/4663
f 1196/4643/4610 3856/4648/4615 5735/4703/4670 3870/4700/4667
f 3856/4648/4615 1197/4647/4614 3871/4704/4671 5735/4703/4670
f 5735/4703/4670 3871/4704/4671 1212/4705/4672 3885/4706/4673
f 3870/4700/4667 5735/4703/4670 3885/4706/4673 1211/4701/4668
f 1197/4647/4614 3857/4652/4619 5736/4707/4674 3871/4704/4671
f 3857/4652/4619 1198/4651/4618 3872/4708/4675 5736/4707/4674
f 5736/4707/4674 3872/4708/4675 1213/4709/4676 3886/4710/4677
f 3871/4704/4671 5736/4707/4674 3886/4710/4677 1212/4705/4672
f 1198/4651/4618 3858/4656/4623 5737/4711/4678 3872/4708/4675
f 3858/4656/4623 1199/4655/4622 3873/4712/4679 5737/4711/4678
f 5737/4711/4678 3873/4712/4679 1214/4713/4680 3887/4714/4681
f 3872/4708/4675 5737/4711/4678 3887/4714/4681 1213/4709/4676
f 1199/4655/4622 3859/4660/4627 5738/4715/4682 3873/4712/4679
f 3859/4660/4627 1200/4659/4626 3874/4716/4683 5738/4715/4682
f 5738/4715/4682 3874/4716/4683 1215/4717/4684 3888/4718/4685
f 3873/4712/4679 5738/4715/4682 3888/4718/4685 1214/4713/4680
f 1200/4659/4626 3860/4664/4631 5739/4719/4686 3874/4716/4683
f 3860/4664/4631 1201/4663/4630 3875/4720/4687 5739/4719/4686
f 5739/4719/4686 3875/4720/4687 1216/4721/4688 3889/4722/4689
f 3874/4716/4683 5739/4719/4686 3889/4722/4689 1215/4717/4684
f 1201/4663/4630 3861/4668/4635 5740/4723/4690 3875/4720/4687
f 3861/4668/4635 1202/4667/4634 3876/4724/4691 5740/4723/4690
f 5740/4723/4690 3876/4724/4691 1217/4725/4692 3890/4726/4693
f 3875/4720/4687 5740/4723/4690 3890/4726/4693 1216/4721/4688
f 1202/4667/4634 3862/4672/4639 5741/4727/4694 3876/4724/4691
f 3862/4672/4639 1203/4671/4638 3877/4728/4695 5741/4727/4694
f 5741/4727/4694 3877/4728/4695 1218/4729/4696 3891/4730/4697
f 3876/4724/4691 5741/4727/4694 3891/4730/4697 1217/4725/4692
f 1203/4671/4638 3863/4676/4643 5742/4731/4698 3877/4728/4695
f 3863/4676/4643 1204/4675/4642 3878/4732/4699 5742/4731/4698
f 5742/4731/4698 3878/4732/4699 1219/4733/4700 3892/4734/4701
f 3877/4728/4695 5742/4731/4698 3892/4734/4701 1218/4729/4696
f 1204/4675/4642 3864/4680/4647 5743/4735/4702 3878/4732/4699
f 3864/4680/4647 1205/4679/4646 3879/4736/4703 5743/4735/4702
f 5743/4735/4702 3879/4736/4703 1220/4737/4704 3893/4738/4705
f 3878/4732/4699 5743/4735/4702 3893/4738/4705 1219/4733/4700
f 1205/4679/4646 3865/4684/4651 5744/4739/4706 3879/4736/4703
f 3865/4684/4651 1206/4683/4650 3880/4740/4707 5744/4739/4706
f 5744/4739/4706 3880/4740/4707 1221/4741/4708 3894/4742/4709
f 3879/4736/4703 5744/4739/4706 3894/4742/4709 1220/4737/4704
f 1206/4683/4650 3866/4688/4655 5745/4743/4710 3880/4740/4707
f 3866/4688/4655 1207/4687/4654 3881/4744/4711 5745/4743/4710
f 5745/4743/4710 3881/4744/4711 1222/4745/4712 3895/4746/4713
f 3880/4740/4707 5745/4743/4710 3895/4746/4713 1221/4741/4708
f 1207/4687/4654 3867/4692/4659 5746/4747/4714 3881/4744/4711
f 3867/4692/4659 1208/4691/4658 3882/4748/4715 5746/4747/4714
f 5746/4747/4714 3882/4748/4715 1223/4749/4716 3896/4750/4717
f 3881/4744/4711 5746/4747/4714 3896/4750/4717 1222/4745/4712
f 1209/4698/4665 3883/4697/4664 5747/4751/4718 3897/4752/4719
f 3883/4697/4664 1210/4696/4663 3898/4753/4720 5747/4751/4718
f 5747/4751/4718 3898/4753/4720 1225/4754/4721 3912/4755/4722
f 3897/4752/4719 5747/4751/4718 3912/4755/4722 1224/4756/4723
f 1210/4696/4663 3884/4702/4669 5748/4757/4724 3898/4753/4720
f 3884/4702/4669 1211/4701/4668 3899/4758/4725 5748/4757/4724
f 5748/4757/4724 3899/4758/4725 1226/4759/4726 3913/4760/4727
f 3898/4753/4720 5748/4757/4724 3913/4760/4727 1225/4754/4721
f 1211/4701/4668 3885/4706/4673 5749/4761/4728 3899/4758/4725
f 3885/4706/4673 1212/4705/4672 3900/4762/4729 5749/4761/4728
f 5749/4761/4728 3900/4762/4729 1227/4763/4730 3914/4764/4731
f 3899/4758/4725 5749/4761/4728 3914/4764/4731 1226/4759/4726
f 1212/4705/4672 3886/4710/4677 5750/4765/4732 3900/4762/4729
f 3886/4710/4677 1213/4709/4676 3901/4766/4733 5750/4765/4732
f 5750/4765/4732 3901/4766/4733 1228/4767/4734 3915/4768/4735
f 3900/4762/4729 5750/4765/4732 3915/4768/4735 1227/4763/4730
f 1213/4709/4676 3887/4714/4681 5751/4769/4736 3901/4766/4733
f 3887/4714/4681 1214/4713/4680 3902/4770/4737 5751/4769/4736
f 5751/4769/4736 3902/4770/4737 1229/4771/4738 3916/4772/4739
f 3901/4766/4733 5751/4769/4736 3916/4772/4739 1228/4767/4734
f 1214/4713/4680 3888/4718/4685 5752/4773/4740 3902/4770/4737
f 3888/4718/4685 1215/4717/4684 3903/4774/4741 5752/4773/4740
f 5752/4773/4740 3903/4774/4741 1230/4775/4742 3917/4776/4743
f 3902/4770/4737 5752/4773/4740 3917/4776/4743 1229/4771/4738
f 1215/4717/4684 3889/4722/4689 5753/4777/4744 3903/4774/4741
f 3889/4722/4689 1216/4721/4688 3904/4778/4745 5753/4777/4744
f 5753/4777/4744 3904/4778/4745 1231/4779/4746 3918/4780/4747
f 3903/4774/4741 5753/4777/4744 3918/4780/4747 1230/4775/4742
f 1216/4721/4688 3890/4726/4693 5754/4781/4748 3904/4778/4745
f 3890/4726/4693 1217/4725/4692 3905/4782/4749 5754/4781/4748
f 5754/4781/4748 3905/4782/4749 1232/4783/4750 3919/4784/4751
f 3904/4778/4745 5754/4781/4748 3919/4784/4751 1231/4779/4746
f 1217/4725/4692 3891/4730/4697 5755/4785/4752 3905/4782/4749
f 3891/4730/4697 1218/4729/4696 3906/4786/4753 5755/4785/4752
f 5755/4785/4752 3906/4786/4753 1233/4787/4754 3920/4788/4755
f 3905/4782/4749 5755/4785/4752 3920/4788/4755 1232/4783/4750
f 1218/4729/4696 3892/4734/4701 5756/4789/4756 3906/4786/4753
f 3892/4734/4701 1219/4733/4700 3907/4790/4757 5756/4789/4756
f 5756/4789/4756 3907/4790/4757 1234/4791/4758 3921/4792/4759
f 3906/4786/4753 5756/4789/4756 3921/4792/4759 1233/4787/4754
f 1219/4733/4700 3893/4738/4705 5757/4793/4760 3907/4790/4757
f 3893/4738/4705 1220/4737/4704 3908/4794/4761 5757/4793/4760
f 5757/4793/4760 3908/4794/4761 1235/4795/4762 3922/4796/4763
f 3907/4790/4757 5757/4793/4760 3922/4796/4763 1234/4791/4758
f 1220/4737/4704 3894/4742/4709 5758/4797/4764 3908/4794/4761
f 3894/4742/4709 1221/4741/4708 3909/4798/4765 5758/4797/4764
f 5758/4797/4764 3909/4798/4765 1236/4799/4766 3923/4800/4767
f 3908/4794/4761 5758/4797/4764 3923/4800/4767 1235/4795/4762
f 1221/4741/4708 3895/4746/4713 5759/4801/4768 3909/4798/4765
f 3895/4746/4713 1222/4745/4712 3910/4802/4769 5759/4801/4768
f 5759/4801/4768 3910/4802/4769 1237/4803/4770 3924/4804/4771
f 3909/4798/4765 5759/4801/4768 3924/4804/4771 1236/4799/4766
f 1222/4745/4712 3896/4750/4717 5760/4805/4772 3910/4802/4769
f 3896/4750/4717 1223/4749/4716 3911/4806/4773 5760/4805/4772
f 5760/4805/4772 3911/4806/4773 1238/4807/4774 3925/4808/4775
f 3910/4802/4769 5760/4805/4772 3925/4808/4775 1237/4803/4770
f 1224/4756/4723 3912/4755/4722 5761/4809/4776 3926/4810/4777
f 3912/4755/4722 1225/4754/4721 3927/4811/4778 5761/4809/4776
f 5761/4809/4776 3927/4811/4778 1240/4812/4779 3941/4813/4780
f 3926/4810/4777 5761/4809/4776 3941/4813/4780 1239/4814/4781
f 1225/4754/4721 3913/4760/4727 5762/4815/4782 3927/4811/4778
f 3913/4760/4727 1226/4759/4726 3928/4816/4783 5762/4815/4782
f 5762/4815/4782 3928/4816/4783 1241/4817/4784 3942/4818/4785
f 3927/4811/4778 5762/4815/4782 3942/4818/4785 1240/4812/4779
f 1226/4759/4726 3914/4764/4731 5763/4819/4786 3928/4816/4783
f 3914/4764/4731 1227/4763/4730 3929/4820/4787 5763/4819/4786
f 5763/4819/4786 3929/4820/4787 1242/4821/4788 3943/4822/4789
f 3928/4816/4783 5763/4819/4786 3943/4822/4789 1241/4817/4784
f 1227/4763/4730 3915/4768/4735 5764/4823/4790 3929/4820/4787
f 3915/4768/4735 1228/4767/4734 3930/4824/4791 5764/4823/4790
f 5764/4823/4790 3930/4824/4791 1243/4825/4792 3944/4826/4793
f 3929/4820/4787 5764/4823/4790 3944/4826/4793 1242/4821/4788
f 1228/4767/4734 3916/4772/4739 5765/4827/4794 3930/4824/4791
f 3916/4772/4739 1229/4771/4738 3931/4828/4795 5765/4827/4794
f 5765/4827/4794 3931/4828/4795 1244/4829/4796 3945/4830/4797
f 3930/4824/4791 5765/4827/4794 3945/4830/4797 1243/4825/4792
f 1229/4771/4738 3917/4776/4743 5766/4831/4798 3931/4828/4795
f 3917/4776/4743 1230/4775/4742 3932/4832/4799 5766/4831/4798
f 5766/4831/4798 3932/4832/4799 1245/4833/4800 3946/4834/4801
f 3931/4828/4795 5766/4831/4798 3946/4834/4801 1244/4829/4796
f 1230/4775/4742 3918/4780/4747 5767/4835/4802 3932/4832/4799
f 3918/4780/4747 1231/4779/4746 3933/4836/4803 5767/4835/4802
f 5767/4835/4802 3933/4836/4803 1246/4837/4804 3947/4838/4805
f 3932/4832/4799 5767/4835/4802 3947/4838/4805 1245/4833/4800
f 1231/4779/4746 3919/4784/4751 5768/4839/4806 3933/4836/4803
f 3919/4784/4751 1232/4783/4750 3934/4840/4807 5768/4839/4806
f 5768/4839/4806 3934/4840/4807 1247/4841/4808 3948/4842/4809
f 3933/4836/4803 5768/4839/4806 3948/4842/4809 1246/4837/4804
f 1232/4783/4750 3920/4788/4755 5769/4843/4810 3934/4840/4807
f 3920/4788/4755 1233/4787/4754 3935/4844/4811 5769/4843/4810
f 5769/4843/4810 3935/4844/4811 1248/4845/4812 3949/4846/4813
f 3934/4840/4807 5769/4843/4810 3949/4846/4813 1247/4841/4808
f 1233/4787/4754 3921/4792/4759 5770/4847/4814 3935/4844/4811
f 3921/4792/4759 1234/4791/4758 3936/4848/4815 5770/4847/4814
f 5770/4847/4814 3936/4848/4815 1249/4849/4816 3950/4850/4817
f 3935/4844/4811 5770/4847/4814 3950/4850/4817 1248/4845/4812
f 1234/4791/4758 3922/4796/4763 5771/4851/4818 3936/4848/4815
f 3922/4796/4763 1235/4795/4762 3937/4852/4819 5771/4851/4818
f 5771/4851/4818 3937/4852/4819 1250/4853/4820 3951/4854/4821
f 3936/4848/4815 5771/4851/4818 3951/4854/4821 1249/4849/4816
f 1235/4795/4762 3923/4800/4767 5772/4855/4822 3937/4852/4819
f 3923/4800/4767 1236/4799/4766 3938/4856/4823 5772/4855/4822
f 5772/4855/4822 3938/4856/4823 1251/4857/4824 3952/4858/4825
f 3937/4852/4819 5772/4855/4822 3952/4858/4825 1250/4853/4820
f 1236/4799/4766 3924/4804/4771 5773/4859/4826 3938/4856/4823
f 3924/4804/4771 1237/4803/4770 3939/4860/4827 5773/4859/4826
f 5773/4859/4826 3939/4860/4827 1252/4861/4828 3953/4862/4829
f 3938/4856/4823 5773/4859/4826 3953/4862/4829 1251/4857/4824
f 1237/4803/4770 3925/4808/4775 5774/4863/4830 3939/4860/4827
f 3925/4808/4775 1238/4807/4774 3940/4864/4831 5774/4863/4830
f 5774/4863/4830 3940/4864/4831 1253/4865/4832 3954/4866/4833
f 3939/4860/4827 5774/4863/4830 3954/4866/4833 1252/4861/4828
f 1239/4814/4781 3941/4813/4780 5775/4867/4834 3955/4868/4835
f 3941/4813/4780 1240/4812/4779 3956/4869/4836 5775/4867/4834
f 5775/4867/4834 3956/4869/4836 1255/4870/4837 3970/4871/4838
f 3955/4868/4835 5775/4867/4834 3970/4871/4838 1254/4872/4839
f 1240/4812/4779 3942/4818/4785 5776/4873/4840 3956/4869/4836
f 3942/4818/4785 1241/4817/4784 3957/4874/4841 5776/4873/4840
f 5776/4873/4840 3957/4874/4841 1256/4875/4842 3971/4876/4843
f 3956/4869/4836 5776/4873/4840 3971/4876/4843 1255/4870/4837
f 1241/4817/4784 3943/4822/4789 5777/4877/4844 3957/4874/4841
f 3943/4822/4789 1242/4821/4788 3958/4878/4845 5777/4877/4844
f 5777/4877/4844 3958/4878/4845 1257/4879/4846 3972/4880/4847
f 3957/4874/4841 5777/4877/4844 3972/4880/4847 1256/4875/4842
f 1242/4821/4788 3944/4826/4793 5778/4881/4848 3958/4878/4845
f 3944/4826/4793 1243/4825/4792 3959/4882/4849 5778/4881/4848
f 5778/4881/4848 3959/4882/4849 1258/4883/4850 3973/4884/4851
f 3958/4878/4845 5778/4881/4848 3973/4884/4851 1257/4879/4846
f 1243/4825/4792 3945/4830/4797 5779/4885/4852 3959/4882/4849
f 3945/4830/4797 1244/4829/4796 3960/4886/4853 5779/4885/4852
f 5779/4885/4852 3960/4886/4853 1259/4887/4854 3974/4888/4855
f 3959/4882/4849 5779/4885/4852 3974/4888/4855 1258/4883/4850
f 1244/4829/4796 3946/4834/4801 5780/4889/4856 3960/4886/4853
f 3946/4834/4801 1245/4833/4800 3961/4890/4857 5780/4889/4856
f 5780/4889/4856 3961/4890/4857 1260/4891/4858 3975/4892/4859
f 3960/4886/4853 5780/4889/4856 3975/4892/4859 1259/4887/4854
f 1245/4833/4800 3947/4838/4805 5781/4893/4860 3961/4890/4857
f 3947/4838/4805 1246/4837/4804 3962/4894/4861 5781/4893/4860
f 5781/4893/4860 3962/4894/4861 1261/4895/4862 3976/4896/4863
f 3961/4890/4857 5781/4893/4860 3976/4896/4863 1260/4891/4858
f 1246/4837/4804 3948/4842/4809 5782/4897/4864 3962/4894/4861
f 3948/4842/4809 1247/4841/4808 3963/4898/4865 5782/4897/4864
f 5782/4897/4864 3963/4898/4865 1262/4899/4866 3977/4900/4867
f 3962/4894/4861 5782/4897/4864 3977/4900/4867 1261/4895/4862
f 1247/4841/4808 3949/4846/4813 5783/4901/4868 3963/4898/4865
f 3949/4846/4813 1248/4845/4812 3964/4902/4869 5783/4901/4868
f 5783/4901/4868 3964/4902/4869 1263/4903/4870 3978/4904/4871
f 3963/4898/4865 5783/4901/4868 3978/4904/4871 1262/4899/4866
f 1248/4845/4812 3950/4850/4817 5784/4905/4872 3964/4902/4869
f 3950/4850/4817 1249/4849/4816 3965/4906/4873 5784/4905/4872
f 5784/4905/4872 3965/4906/4873 1264/4907/4874 3979/4908/4875
f 3964/4902/4869 5784/4905/4872 3979/4908/4875 1263/4903/4870
f 1249/4849/4816 3951/4854/4821 5785/4909/4876 3965/4906/4873
f 3951/4854/4821 1250/4853/4820 3966/4910/4877 5785/4909/4876
f 5785/4909/4876 3966/4910/4877 1265/4911/4878 3980/4912/4879
f 3965/4906/4873 5785/4909/4876 3980/4912/4879 1264/4907/4874
f 1250/4853/4820 3952/4858/4825 5786/4913/4880 3966/4910/4877
f 3952/4858/4825 1251/4857/4824 3967/4914/4881 5786/4913/4880
f 5786/4913/4880 3967/4914/4881 1266/4915/4882 3981/4916/4883
f 3966/4910/4877 5786/4913/4880 3981/4916/4883 1265/4911/4878
f 1251/4857/4824 3953/4862/4829 5787/4917/4884 3967/4914/4881
f 3953/4862/4829 1252/4861/4828 3968/4918/4885 5787/4917/4884
f 5787/4917/4884 3968/4918/4885 1267/4919/4886 3982/4920/4887
f 3967/4914/4881 5787/4917/4884 3982/4920/4887 1266/4915/4882
f 1252/4861/4828 3954/4866/4833 5788/4921/4888 3968/4918/4885
f 3954/4866/4833 1253/4865/4832 3969/4922/4889 5788/4921/4888
f 5788/4921/4888 3969/4922/4889 1268/4923/4890 3983/4924/4891
f 3968/4918/4885 5788/4921/4888 3983/4924/4891 1267/4919/4886
f 1254/4872/4839 3970/4871/4838 5789/4925/4892 3984/4926/4893
f 3970/4871/4838 1255/4870/4837 3985/4927/4894 5789/4925/4892
f 5789/4925/4892 3985/4927/4894 1270/4928/4895 3999/4929/4896
f 3984/4926/4893 5789/4925/4892 3999/4929/4896 1269/4930/4897
f 1255/4870/4837 3971/4876/4843 5790/4931/4898 3985/4927/4894
f 3971/4876/4843 1256/4875/4842 3986/4932/4899 5790/4931/4898
f 5790/4931/4898 3986/4932/4899 1271/4933/4900 4000/4934/4901
f 3985/4927/4894 5790/4931/4898 4000/4934/4901 1270/4928/4895
f 1256/4875/4842 3972/4880/4847 5791/4935/4902 3986/4932/4899
f 3972/4880/4847 1257/4879/4846 3987/4936/4903 5791/4935/4902
f 5791/4935/4902 3987/4936/4903 1272/4937/4904 4001/4938/4905
f 3986/4932/4899 5791/4935/4902 4001/4938/4905 1271/4933/4900
f 1257/4879/4846 3973/4884/4851 5792/4939/4906 3987/4936/4903
f 3973/4884/4851 1258/4883/4850 3988/4940/4907 5792/4939/4906
f 5792/4939/4906 3988/4940/4907 1273/4941/4908 4002/4942/4909
f 3987/4936/4903 5792/4939/4906 4002/4942/4909 1272/4937/4904
f 1258/4883/4850 3974/4888/4855 5793/4943/4910 3988/4940/4907
f 3974/4888/4855 1259/4887/4854 3989/4944/4911 5793/4943/4910
f 5793/4943/4910 3989/4944/4911 1274/4945/4912 4003/4946/4913
f 3988/4940/4907 5793/4943/4910 4003/4946/4913 1273/4941/4908
f 1259/4887/4854 3975/4892/4859 5794/4947/4914 3989/4944/4911
f 3975/4892/4859 1260/4891/4858 3990/4948/4915 5794/4947/4914
f 5794/4947/4914 3990/4948/4915 1275/4949/4916 4004/4950/4917
f 3989/4944/4911 5794/4947/4914 4004/4950/4917 1274/4945/4912
f 1260/4891/4858 3976/4896/4863 5795/4951/4918 3990/4948/4915
f 3976/4896/4863 1261/4895/4862 3991/4952/4919 5795/4951/4918
f 5795/4951/4918 3991/4952/4919 1276/4953/4920 4005/4954/4921
f 3990/4948/4915 5795/4951/4918 4005/4954/4921 1275/4949/4916
f 1261/4895/4862 3977/4900/4867 5796/4955/4922 3991/4952/4919
f 3977/4900/4867 1262/4899/4866 3992/4956/4923 5796/4955/4922
f 5796/4955/4922 3992/4956/4923 1277/4957/4924 4006/4958/4925
f 3991/4952/4919 5796/4955/4922 4006/4958/4925 1276/4953/4920
f 1262/4899/4866 3978/4904/4871 5797/4959/4926 3992/4956/4923
f 3978/4904/4871 1263/4903/4870 3993/4960/4927 5797/4959/4926
f 5797/4959/4926 3993/4960/4927 1278/4961/4928 4007/4962/4929
f 3992/4956/4923 5797/4959/4926 4007/4962/4929 1277/4957/4924
f 1263/4903/4870 3979/4908/4875 5798/4963/4930 3993/4960/4927
f 3979/4908/4875 1264/4907/4874 3994/4964/4931 5798/4963/4930
f 5798/4963/4930 3994/4964/4931 1279/4965/4932 4008/4966/4933
f 3993/4960/4927 5798/4963/4930 4008/4966/4933 1278/4961/4928
f 1264/4907/4874 3980/4912/4879 5799/4967/4934 3994/4964/4931
f 3980/4912/4879 1265/4911/4878 3995/4968/4935 5799/4967/4934
f 5799/4967/4934 3995/4968/4935 1280/4969/4936 4009/4970/4937
f 3994/4964/4931 5799/4967/4934 4009/4970/4937 1279/4965/4932
f 1265/4911/4878 3981/4916/4883 5800/4971/4938 3995/4968/4935
f 3981/4916/4883 1266/4915/4882 3996/4972/4939 5800/4971/4938
f 5800/4971/4938 3996/4972/4939 1281/4973/4940 4010/4974/4941
f 3995/4968/4935 5800/4971/4938 4010/4974/4941 1280/4969/4936
f 1266/4915/4882 3982/4920/4887 5801/4975/4942 3996/4972/4939
f 3982/4920/4887 1267/4919/4886 3997/4976/4943 5801/4975/4942
f 5801/4975/4942 3997/4976/4943 1282/4977/4944 4011/4978/4945
f 3996/4972/4939 5801/4975/4942 4011/4978/4945 1281/4973/4940
f 1267/4919/4886 3983/4924/4891 5802/4979/4946 3997/4976/4943
f 3983/4924/4891 1268/4923/4890 3998/4980/4947 5802/4979/4946
f 5802/4979/4946 3998/4980/4947 1283/4981/4948 4012/4982/4949
f 3997/4976/4943 5802/4979/4946 4012/4982/4949 1282/4977/4944
f 1269/4930/4897 3999/4929/4896 5803/4983/4950 4013/4984/4951
f 3999/4929/4896 1270/4928/4895 4014/4985/4952 5803/4983/4950
f 5803/4983/4950 4014/4985/4952 1285/4986/4953 4028/4987/4954
f 4013/4984/4951 5803/4983/4950 4028/4987/4954 1284/4988/4955
f 1270/4928/4895 4000/4934/4901 5804/4989/4956 4014/4985/4952
f 4000/4934/4901 1271/4933/4900 4015/4990/4957 5804/4989/4956
f 5804/4989/4956 4015/4990/4957 1286/4991/4958 4029/4992/4959
f 4014/4985/4952 5804/4989/4956 4029/4992/4959 1285/4986/4953
f 1271/4933/4900 4001/4938/4905 5805/4993/4960 4015/4990/4957
f 4001/4938/4905 1272/4937/4904 4016/4994/4961 5805/4993/4960
f 5805/4993/4960 4016/4994/4961 1287/4995/4962 4030/4996/4963
f 4015/4990/4957 5805/4993/4960 4030/4996/4963 1286/4991/4958
f 1272/4937/4904 4002/4942/4909 5806/4997/4964 4016/4994/4961
f 4002/4942/4909 1273/4941/4908 4017/4998/4965 5806/4997/4964
f 5806/4997/4964 4017/4998/4965 1288/4999/4966 4031/5000/4967
f 4016/4994/4961 5806/4997/4964 4031/5000/4967 1287/4995/4962
f 1273/4941/4908 4003/4946/4913 5807/5001/4968 4017/4998/4965
f 4003/4946/4913 1274/4945/4912 4018/5002/4969 5807/5001/4968
f 5807/5001/4968 4018/5002/4969 1289/5003/4970 4032/5004/4971
f 4017/4998/4965 5807/5001/4968 4032/5004/4971 1288/4999/4966
f 1274/4945/4912 4004/4950/4917 5808/5005/4972 4018/5002/4969
f 4004/4950/4917 1275/4949/4916 4019/5006/4973 5808/5005/4972
f 5808/5005/4972 4019/5006/4973 1290/5007/4974 4033/5008/4975
f 4018/5002/4969 5808/5005/4972 4033/5008/4975 1289/5003/4970
f 1275/4949/4916 4005/4954/4921 5809/5009/4976 4019/5006/4973
f 4005/4954/4921 1276/4953/4920 4020/5010/4977 5809/5009/4976
f 5809/5009/4976 4020/5010/4977 1291/5011/4978 4034/5012/4979
f 4019/5006/4973 5809/5009/4976 4034/5012/4979 1290/5007/4974
f 1276/4953/4920 4006/4958/4925 5810/5013/4980 4020/5010/4977
f 4006/4958/4925 1277/4957/4924 4021/5014/4981 5810/5013/4980
f 5810/5013/4980 4021/5014/4981 1292/5015/4982 4035/5016/4983
f 4020/5010/4977 5810/5013/4980 4035/5016/4983 1291/5011/4978
f 1277/4957/4924 4007/4962/4929 5811/5017/4984 4021/5014/4981
f 4007/4962/4929 1278/4961/4928 4022/5018/4985 5811/5017/4984
f 5811/5017/4984 4022/5018/4985 1293/5019/4986 4036/5020/4987
f 4021/5014/4981 5811/5017/4984 4036/5020/4987 1292/5015/4982
f 1278/4961/4928 4008/4966/4933 5812/5021/4988 4022/5018/4985
f 4008/4966/4933 1279/4965/4932 4023/5022/4989 5812/5021/4988
f 5812/5021/4988 4023/5022/4989 1294/5023/4990 4037/5024/4991
f 4022/5018/4985 5812/5021/4988 4037/5024/4991 1293/5019/4986
f 1279/4965/4932 4009/4970/4937 5813/5025/4992 4023/5022/4989
f 4009/4970/4937 1280/4969/4936 4024/5026/4993 5813/5025/4992
f 5813/5025/4992 4024/5026/4993 1295/5027/4994 4038/5028/4995
f 4023/5022/4989 5813/5025/4992 4038/5028/4995 1294/5023/4990
f 1280/4969/4936 4010/4974/4941 5814/5029/4996 4024/5026/4993
f 4010/4974/4941 1281/4973/4940 4025/5030/4997 5814/5029/4996
f 5814/5029/4996 4025/5030/4997 1296/5031/4998 4039/5032/4999
f 4024/5026/4993 5814/5029/4996 4039/5032/4999 1295/5027/4994
f 1281/4973/4940 4011/4978/4945 5815/5033/5000 4025/5030/4997
f 4011/4978/4945 1282/4977/4944 4026/5034/5001 5815/5033/5000
f 5815/5033/5000 4026/5034/5001 1297/5035/5002 4040/5036/5003
f 4025/5030/4997 5815/5033/5000 4040/5036/5003 1296/5031/4998
f 1282/4977/4944 4012/4982/4949 5816/5037/5004 4026/5034/5001
f 4012/4982/4949 1283/4981/4948 4027/5038/5005 5816/5037/5004
f 5816/5037/5004 4027/5038/5005 1298/5039/5006 4041/5040/5007
f 4026/5034/5001 5816/5037/5004 4041/5040/5007 1297/5035/5002
f 1284/4988/4955 4028/4987/4954 5817/5041/5008 4042/5042/5009
f 4028/4987/4954 1285/4986/4953 4043/5043/5010 5817/5041/5008
f 5817/5041/5008 4043/5043/5010 1300/5044/5011 4057/5045/5012
f 4042/5042/5009 5817/5041/5008 4057/5045/5012 1299/5046/5013
f 1285/4986/4953 4029/4992/4959 5818/5047/5014 4043/5043/5010
f 4029/4992/4959 1286/4991/4958 4044/5048/5015 5818/5047/5014
f 5818/5047/5014 4044/5048/5015 1301/5049/5016 4058/5050/5017
f 4043/5043/5010 5818/5047/5014 4058/5050/5017 1300/5044/5011
f 1286/4991/4958 4030/4996/4963 5819/5051/5018 4044/5048/5015
f 4030/4996/4963 1287/4995/4962 4045/5052/5019 5819/5051/5018
f 5819/5051/5018 4045/5052/5019 1302/5053/5020 4059/5054/5021
f 4044/5048/5015 5819/5051/5018 4059/5054/5021 1301/5049/5016
f 1287/4995/4962 4031/5000/4967 5820/5055/5022 4045/5052/5019
f 4031/5000/4967 1288/4999/4966 4046/5056/5023 5820/5055/5022
f 5820/5055/5022 4046/5056/5023 1303/5057/5024 4060/5058/5025
f 4045/5052/5019 5820/5055/5022 4060/5058/5025 1302/5053/5020
f 1288/4999/4966 4032/5004/4971 5821/5059/5026 4046/5056/5023
f 4032/5004/4971 1289/5003/4970 4047/5060/5027 5821/5059/5026
f 5821/5059/5026 4047/5060/5027 1304/5061/5028 4061/5062/5029
f 4046/5056/5023 5821/5059/5026 4061/5062/5029 1303/5057/5024
f 1289/5003/4970 4033/5008/4975 5822/5063/5030 4047/5060/5027
f 4033/5008/4975 1290/5007/4974 4048/5064/5031 5822/5063/5030
f 5822/5063/5030 4048/5064/5031 1305/5065/5032 4062/5066/5033
f 4047/5060/5027 5822/5063/5030 4062/5066/5033 1304/5061/5028
f 1290/5007/4974 4034/5012/4979 5823/5067/5034 4048/5064/5031
f 4034/5012/4979 1291/5011/4978 4049/5068/5035 5823/5067/5034
f 5823/5067/5034 4049/5068/5035 1306/5069/5036 4063/5070/5037
f 4048/5064/5031 5823/5067/5034 4063/5070/5037 1305/5065/5032
f 1291/5011/4978 4035/5016/4983 5824/5071/5038 4049/5068/5035
f 4035/5016/4983 1292/5015/4982 4050/5072/5039 5824/5071/5038
f 5824/5071/5038 4050/5072/5039 1307/5073/5040 4064/5074/5041
f 4049/5068/5035 5824/5071/5038 4064/5074/5041 1306/5069/5036
f 1292/5015/4982 4036/5020/4987 5825/5075/5042 4050/5072/5039
f 4036/5020/4987 1293/5019/4986 4051/5076/5043 5825/5075/5042
f 5825/5075/5042 4051/5076/5043 1308/5077/5044 4065/5078/5045
f 4050/5072/5039 5825/5075/5042 4065/5078/5045 1307/5073/5040
f 1293/5019/4986 4037/5024/4991 5826/5079/5046 4051/5076/5043
f 4037/5024/4991 1294/5023/4990 4052/5080/5047 5826/5079/5046
f 5826/5079/5046 4052/5080/5047 1309/5081/5048 4066/5082/5049
f 4051/5076/5043 5826/5079/5046 4066/5082/5049 1308/5077/5044
f 1294/5023/4990 4038/5028/4995 5827/5083/5050 4052/5080/5047
f 4038/5028/4995 1295/5027/4994 4053/5084/5051 5827/5083/5050
f 5827/5083/5050 4053/5084/5051 1310/5085/5052 4067/5086/5053
f 4052/5080/5047 5827/5083/5050 4067/5086/5053 1309/5081/5048
f 1295/5027/4994 4039/5032/4999 5828/5087/5054 4053/5084/5051
f 4039/5032/4999 1296/5031/4998 4054/5088/5055 5828/5087/5054
f 5828/5087/5054 4054/5088/5055 1311/5089/5056 4068/5090/5057
f 4053/5084/5051 5828/5087/5054 4068/5090/5057 1310/5085/5052
f 1296/5031/4998 4040/5036/5003 5829/5091/5058 4054/5088/5055
f 4040/5036/5003 1297/5035/5002 4055/5092/5059 5829/5091/5058
f 5829/5091/5058 4055/5092/5059 1312/5093/5060 4069/5094/5061
f 4054/5088/5055 5829/5091/5058 4069/5094/5061 1311/5089/5056
f 1297/5035/5002 4041/5040/5007 5830/5095/5062 4055/5092/5059
f 4041/5040/5007 1298/5039/5006 4056/5096/5063 5830/5095/5062
f 5830/5095/5062 4056/5096/5063 1313/5097/5064 4070/5098/5065
f 4055/5092/5059 5830/5095/5062 4070/5098/5065 1312/5093/5060
f 3/5099/1035 1618/5100/1932 5831/5101/5066 1539/5102/1033
f 1618/5100/1932 83/5103/1935 4071/5104/5067 5831/5101/5066
f 5831/5101/5066 4071/5104/5067 1089/4258/4225 4130/5105/5068
f 1539/5102/1033 5831/5101/5066 4130/5105/5068 9/5106/1030
f 83/5103/1935 1617/5107/2145 5832/5108/5069 4071/5104/5067
f 1617/5107/2145 82/5109/2140 4072/5110/5070 5832/5108/5069
f 5832/5108/5069 4072/5110/5070 1090/4262/4229 3651/4259/4226
f 4071/5104/5067 5832/5108/5069 3651/4259/4226 1089/4258/4225
f 82/5109/2140 1616/5111/2143 5833/5112/5071 4072/5110/5070
f 1616/5111/2143 81/5113/2136 4073/5114/5072 5833/5112/5071
f 5833/5112/5071 4073/5114/5072 1091/4269/4236 3652/4267/4234
f 4072/5110/5070 5833/5112/5071 3652/4267/4234 1090/4262/4229
f 81/5113/2136 1615/5115/2139 5834/5116/5073 4073/5114/5072
f 1615/5115/2139 80/5117/2132 4074/5118/5074 5834/5116/5073
f 5834/5116/5073 4074/5118/5074 1092/4275/4242 3653/4273/4240
f 4073/5114/5072 5834/5116/5073 3653/4273/4240 1091/4269/4236
f 80/5117/2132 1614/5119/2135 5835/5120/5075 4074/5118/5074
f 1614/5119/2135 79/5121/2128 4075/5122/5076 5835/5120/5075
f 5835/5120/5075 4075/5122/5076 1093/4281/4248 3654/4279/4246
f 4074/5118/5074 5835/5120/5075 3654/4279/4246 1092/4275/4242
f 79/5121/2128 1613/5123/2131 5836/5124/5077 4075/5122/5076
f 1613/5123/2131 78/5125/2124 4076/5126/5078 5836/5124/5077
f 5836/5124/5077 4076/5126/5078 1094/4287/4254 3655/4285/4252
f 4075/5122/5076 5836/5124/5077 3655/4285/4252 1093/4281/4248
f 78/5125/2124 1612/5127/2127 5837/5128/5079 4076/5126/5078
f 1612/5127/2127 77/5129/2120 4077/5130/5080 5837/5128/5079
f 5837/5128/5079 4077/5130/5080 1095/4293/4260 3656/4291/4258
f 4076/5126/5078 5837/5128/5079 3656/4291/4258 1094/4287/4254
f 77/5129/2120 1611/5131/2123 5838/5132/5081 4077/5130/5080
f 1611/5131/2123 76/5133/2116 4078/5134/5082 5838/5132/5081
f 5838/5132/5081 4078/5134/5082 1096/4299/4266 3657/4297/4264
f 4077/5130/5080 5838/5132/5081 3657/4297/4264 1095/4293/4260
f 76/5133/2116 1610/5135/2119 5839/5136/5083 4078/5134/5082
f 1610/5135/2119 75/5137/2112 4079/5138/5084 5839/5136/5083
f 5839/5136/5083 4079/5138/5084 1097/4305/4272 3658/4303/4270
f 4078/5134/5082 5839/5136/5083 3658/4303/4270 1096/4299/4266
f 75/5137/2112 1609/5139/2115 5840/5140/5085 4079/5138/5084
f 1609/5139/2115 74/5141/2108 4080/5142/5086 5840/5140/5085
f 5840/5140/5085 4080/5142/5086 1098/4311/4278 3659/4309/4276
f 4079/5138/5084 5840/5140/5085 3659/4309/4276 1097/4305/4272
f 74/5141/2108 1608/5143/2111 5841/5144/5087 4080/5142/5086
f 1608/5143/2111 73/5145/2104 4081/5146/5088 5841/5144/5087
f 5841/5144/5087 4081/5146/5088 1099/4317/4284 3660/4315/4282
f 4080/5142/5086 5841/5144/5087 3660/4315/4282 1098/4311/4278
f 73/5145/2104 1607/5147/2107 5842/5148/5089 4081/5146/5088
f 1607/5147/2107 72/5149/2100 4082/5150/5090 5842/5148/5089
f 5842/5148/5089 4082/5150/5090 1100/4323/4290 3661/4321/4288
f 4081/5146/5088 5842/5148/5089 3661/4321/4288 1099/4317/4284
f 72/5149/2100 1606/5151/2103 5843/5152/5091 4082/5150/5090
f 1606/5151/2103 71/5153/2096 4083/5154/5092 5843/5152/5091
f 5843/5152/5091 4083/5154/5092 1101/4329/4296 3662/4327/4294
f 4082/5150/5090 5843/5152/5091 3662/4327/4294 1100/4323/4290
f 71/5153/2096 1605/5155/2099 5844/5156/5093 4083/5154/5092
f 1605/5155/2099 70/5157/2092 4084/5158/5094 5844/5156/5093
f 5844/5156/5093 4084/5158/5094 1102/4335/4302 3663/4333/4300
f 4083/5154/5092 5844/5156/5093 3663/4333/4300 1101/4329/4296
f 70/5157/2092 1604/5159/2095 5845/5160/5095 4084/5158/5094
f 1604/5159/2095 69/5161/2086 4085/5162/5096 5845/5160/5095
f 5845/5160/5095 4085/5162/5096 1103/4341/4308 3664/4339/4306
f 4084/5158/5094 5845/5160/5095 3664/4339/4306 1102/4335/4302
f 69/5161/2086 1603/5163/2089 5846/5164/5097 4085/5162/5096
f 1603/5163/2089 7/2091/2091 1666/2988/2988 5846/5164/5097
f 5846/5164/5097 1666/2988/2988 128/2991/2991 4086/5165/5098
f 4085/5162/5096 5846/5164/5097 4086/5165/5098 1103/4341/4308
f 1103/4341/4308 4086/5165/5098 5847/5166/5099 3679/4342/4309
f 4086/5165/5098 128/2991/2991 1665/3201/3201 5847/5166/5099
f 5847/5166/5099 1665/3201/3201 127/3196/3196 4087/5167/5100
f 3679/4342/4309 5847/5166/5099 4087/5167/5100 1118/4343/4310
f 1118/4343/4310 4087/5167/5100 5848/5168/5101 3708/4400/4367
f 4087/5167/5100 127/3196/3196 1664/3199/3199 5848/5168/5101
f 5848/5168/5101 1664/3199/3199 126/3192/3192 4088/5169/5102
f 3708/4400/4367 5848/5168/5101 4088/5169/5102 1133/4401/4368
f 1133/4401/4368 4088/5169/5102 5849/5170/5103 3737/4458/4425
f 4088/5169/5102 126/3192/3192 1663/3195/3195 5849/5170/5103
f 5849/5170/5103 1663/3195/3195 125/3188/3188 4089/5171/5104
f 3737/4458/4425 5849/5170/5103 4089/5171/5104 1148/4459/4426
f 1148/4459/4426 4089/5171/5104 5850/5172/5105 3766/4516/4483
f 4089/5171/5104 125/3188/3188 1662/3191/3191 5850/5172/5105
f 5850/5172/5105 1662/3191/3191 124/3184/3184 4090/5173/5106
f 3766/4516/4483 5850/5172/5105 4090/5173/5106 1163/4517/4484
f 1163/4517/4484 4090/5173/5106 5851/5174/5107 3795/4574/4541
f 4090/5173/5106 124/3184/3184 1661/3187/3187 5851/5174/5107
f 5851/5174/5107 1661/3187/3187 123/3180/3180 4091/5175/5108
f 3795/4574/4541 5851/5174/5107 4091/5175/5108 1178/4575/4542
f 1178/4575/4542 4091/5175/5108 5852/5176/5109 3824/4632/4599
f 4091/5175/5108 123/3180/3180 1660/3183/3183 5852/5176/5109
f 5852/5176/5109 1660/3183/3183 122/3176/3176 4092/5177/5110
f 3824/4632/4599 5852/5176/5109 4092/5177/5110 1193/4633/4600
f 1193/4633/4600 4092/5177/5110 5853/5178/5111 3853/4690/4657
f 4092/5177/5110 122/3176/3176 1659/3179/3179 5853/5178/5111
f 5853/5178/5111 1659/3179/3179 121/3172/3172 4093/5179/5112
f 3853/4690/4657 5853/5178/5111 4093/5179/5112 1208/4691/4658
f 1208/4691/4658 4093/5179/5112 5854/5180/5113 3882/4748/4715
f 4093/5179/5112 121/3172/3172 1658/3175/3175 5854/5180/5113
f 5854/5180/5113 1658/3175/3175 120/3168/3168 4094/5181/5114
f 3882/4748/4715 5854/5180/5113 4094/5181/5114 1223/4749/4716
f 1223/4749/4716 4094/5181/5114 5855/5182/5115 3911/4806/4773
f 4094/5181/5114 120/3168/3168 1657/3171/3171 5855/5182/5115
f 5855/5182/5115 1657/3171/3171 119/3164/3164 4095/5183/5116
f 3911/4806/4773 5855/5182/5115 4095/5183/5116 1238/4807/4774
f 1238/4807/4774 4095/5183/5116 5856/5184/5117 3940/4864/4831
f 4095/5183/5116 119/3164/3164 1656/3167/3167 5856/5184/5117
f 5856/5184/5117 1656/3167/3167 118/3160/3160 4096/5185/5118
f 3940/4864/4831 5856/5184/5117 4096/5185/5118 1253/4865/4832
f 1253/4865/4832 4096/5185/5118 5857/5186/5119 3969/4922/4889
f 4096/5185/5118 118/3160/3160 1655/3163/3163 5857/5186/5119
f 5857/5186/5119 1655/3163/3163 117/3156/3156 4097/5187/5120
f 3969/4922/4889 5857/5186/5119 4097/5187/5120 1268/4923/4890
f 1268/4923/4890 4097/5187/5120 5858/5188/5121 3998/4980/4947
f 4097/5187/5120 117/3156/3156 1654/3159/3159 5858/5188/5121
f 5858/5188/5121 1654/3159/3159 116/3152/3152 4098/5189/5122
f 3998/4980/4947 5858/5188/5121 4098/5189/5122 1283/4981/4948
f 1283/4981/4948 4098/5189/5122 5859/5190/5123 4027/5038/5005
f 4098/5189/5122 116/3152/3152 1653/3155/3155 5859/5190/5123
f 5859/5190/5123 1653/3155/3155 115/3148/3148 4099/5191/5124
f 4027/5038/5005 5859/5190/5123 4099/5191/5124 1298/5039/5006
f 1298/5039/5006 4099/5191/5124 5860/5192/5125 4056/5096/5063
f 4099/5191/5124 115/3148/3148 1652/3151/3151 5860/5192/5125
f 5860/5192/5125 1652/3151/3151 114/3142/3142 4100/5193/5126
f 4056/5096/5063 5860/5192/5125 4100/5193/5126 1313/5097/5064
f 1313/5097/5064 4100/5193/5126 5861/5194/5127 4101/5195/5128
f 4100/5193/5126 114/3142/3142 1651/3145/3145 5861/5194/5127
f 5861/5194/5127 1651/3145/3145 5/3147/3147 1714/5196/4044
f 4101/5195/5128 5861/5194/5127 1714/5196/4044 173/5197/4047
f 1312/5093/5060 4070/5098/5065 5862/5198/5129 4102/5199/5130
f 4070/5098/5065 1313/5097/5064 4101/5195/5128 5862/5198/5129
f 5862/5198/5129 4101/5195/5128 173/5197/4047 1713/5200/4224
f 4102/5199/5130 5862/5198/5129 1713/5200/4224 172/5201/4219
f 1311/5089/5056 4069/5094/5061 5863/5202/5131 4103/5203/5132
f 4069/5094/5061 1312/5093/5060 4102/5199/5130 5863/5202/5131
f 5863/5202/5131 4102/5199/5130 172/5201/4219 1712/5204/4222
f 4103/5203/5132 5863/5202/5131 1712/5204/4222 171/5205/4215
f 1310/5085/5052 4068/5090/5057 5864/5206/5133 4104/5207/5134
f 4068/5090/5057 1311/5089/5056 4103/5203/5132 5864/5206/5133
f 5864/5206/5133 4103/5203/5132 171/5205/4215 1711/5208/4218
f 4104/5207/5134 5864/5206/5133 1711/5208/4218 170/5209/4211
f 1309/5081/5048 4067/5086/5053 5865/5210/5135 4105/5211/5136
f 4067/5086/5053 1310/5085/5052 4104/5207/5134 5865/5210/5135
f 5865/5210/5135 4104/5207/5134 170/5209/4211 1710/5212/4214
f 4105/5211/5136 5865/5210/5135 1710/5212/4214 169/5213/4207
f 1308/5077/5044 4066/5082/5049 5866/5214/5137 4106/5215/5138
f 4066/5082/5049 1309/5081/5048 4105/5211/5136 5866/5214/5137
f 5866/5214/5137 4105/5211/5136 169/5213/4207 1709/5216/4210
f 4106/5215/5138 5866/5214/5137 1709/5216/4210 168/5217/4203
f 1307/5073/5040 4065/5078/5045 5867/5218/5139 4107/5219/5140
f 4065/5078/5045 1308/5077/5044 4106/5215/5138 5867/5218/5139
f 5867/5218/5139 4106/5215/5138 168/5217/4203 1708/5220/4206
f 4107/5219/5140 5867/5218/5139 1708/5220/4206 167/5221/4199
f 1306/5069/5036 4064/5074/5041 5868/5222/5141 4108/5223/5142
f 4064/5074/5041 1307/5073/5040 4107/5219/5140 5868/5222/5141
f 5868/5222/5141 4107/5219/5140 167/5221/4199 1707/5224/4202
f 4108/5223/5142 5868/5222/5141 1707/5224/4202 166/5225/4195
f 1305/5065/5032 4063/5070/5037 5869/5226/5143 4109/5227/5144
f 4063/5070/5037 1306/5069/5036 4108/5223/5142 5869/5226/5143
f 5869/5226/5143 4108/5223/5142 166/5225/4195 1706/5228/4198
f 4109/5227/5144 5869/5226/5143 1706/5228/4198 165/5229/4191
f 1304/5061/5028 4062/5066/5033 5870/5230/5145 4110/5231/5146
f 4062/5066/5033 1305/5065/5032 4109/5227/5144 5870/5230/5145
f 5870/5230/5145 4109/5227/5144 165/5229/4191 1705/5232/4194
f 4110/5231/5146 5870/5230/5145 1705/5232/4194 164/5233/4187
f 1303/5057/5024 4061/5062/5029 5871/5234/5147 4111/5235/5148
f 4061/5062/5029 1304/5061/5028 4110/5231/5146 5871/5234/5147
f 5871/5234/5147 4110/5231/5146 164/5233/4187 1704/5236/4190
f 4111/5235/5148 5871/5234/5147 1704/5236/4190 163/5237/4183
f 1302/5053/5020 4060/5058/5025 5872/5238/5149 4112/5239/5150
f 4060/5058/5025 1303/5057/5024 4111/5235/5148 5872/5238/5149
f 5872/5238/5149 4111/5235/5148 163/5237/4183 1703/5240/4186
f 4112/5239/5150 5872/5238/5149 1703/5240/4186 162/5241/4179
f 1301/5049/5016 4059/5054/5021 5873/5242/5151 4113/5243/5152
f 4059/5054/5021 1302/5053/5020 4112/5239/5150 5873/5242/5151
f 5873/5242/5151 4112/5239/5150 162/5241/4179 1702/5244/4182
f 4113/5243/5152 5873/5242/5151 1702/5244/4182 161/5245/4175
f 1300/5044/5011 4058/5050/5017 5874/5246/5153 4114/5247/5154
f 4058/5050/5017 1301/5049/5016 4113/5243/5152 5874/5246/5153
f 5874/5246/5153 4113/5243/5152 161/5245/4175 1701/5248/4178
f 4114/5247/5154 5874/5246/5153 1701/5248/4178 160/5249/4171
f 1299/5046/5013 4057/5045/5012 5875/5250/5155 4115/5251/5156
f 4057/5045/5012 1300/5044/5011 4114/5247/5154 5875/5250/5155
f 5875/5250/5155 4114/5247/5154 160/5249/4171 1700/5252/4174
f 4115/5251/5156 5875/5250/5155 1700/5252/4174 159/5253/4167
f 23/5254/849 4116/5255/5157 5876/5256/5158 1554/5257/845
f 4116/5255/5157 1299/5046/5013 4115/5251/5156 5876/5256/5158
f 5876/5256/5158 4115/5251/5156 159/5253/4167 1699/5258/4170
f 1554/5257/845 5876/5256/5158 1699/5258/4170 1/5259/842
f 22/5260/1084 4117/5261/5159 5877/5262/5160 1553/5263/1089
f 4117/5261/5159 1284/4988/4955 4042/5042/5009 5877/5262/5160
f 5877/5262/5160 4042/5042/5009 1299/5046/5013 4116/5255/5157
f 1553/5263/1089 5877/5262/5160 4116/5255/5157 23/5254/849
f 21/5264/1080 4118/5265/5161 5878/5266/5162 1552/5267/1087
f 4118/5265/5161 1269/4930/4897 4013/4984/4951 5878/5266/5162
f 5878/5266/5162 4013/4984/4951 1284/4988/4955 4117/5261/5159
f 1552/5267/1087 5878/5266/5162 4117/5261/5159 22/5260/1084
f 20/5268/1076 4119/5269/5163 5879/5270/5164 1551/5271/1083
f 4119/5269/5163 1254/4872/4839 3984/4926/4893 5879/5270/5164
f 5879/5270/5164 3984/4926/4893 1269/4930/4897 4118/5265/5161
f 1551/5271/1083 5879/5270/5164 4118/5265/5161 21/5264/1080
f 19/5272/1072 4120/5273/5165 5880/5274/5166 1550/5275/1079
f 4120/5273/5165 1239/4814/4781 3955/4868/4835 5880/5274/5166
f 5880/5274/5166 3955/4868/4835 1254/4872/4839 4119/5269/5163
f 1550/5275/1079 5880/5274/5166 4119/5269/5163 20/5268/1076
f 18/5276/1068 4121/5277/5167 5881/5278/5168 1549/5279/1075
f 4121/5277/5167 1224/4756/4723 3926/4810/4777 5881/5278/5168
f 5881/5278/5168 3926/4810/4777 1239/4814/4781 4120/5273/5165
f 1549/5279/1075 5881/5278/5168 4120/5273/5165 19/5272/1072
f 17/5280/1064 4122/5281/5169 5882/5282/5170 1548/5283/1071
f 4122/5281/5169 1209/4698/4665 3897/4752/4719 5882/5282/5170
f 5882/5282/5170 3897/4752/4719 1224/4756/4723 4121/5277/5167
f 1548/5283/1071 5882/5282/5170 4121/5277/5167 18/5276/1068
f 16/5284/1060 4123/5285/5171 5883/5286/5172 1547/5287/1067
f 4123/5285/5171 1194/4640/4607 3868/4694/4661 5883/5286/5172
f 5883/5286/5172 3868/4694/4661 1209/4698/4665 4122/5281/5169
f 1547/5287/1067 5883/5286/5172 4122/5281/5169 17/5280/1064
f 15/5288/1056 4124/5289/5173 5884/5290/5174 1546/5291/1063
f 4124/5289/5173 1179/4582/4549 3839/4636/4603 5884/5290/5174
f 5884/5290/5174 3839/4636/4603 1194/4640/4607 4123/5285/5171
f 1546/5291/1063 5884/5290/5174 4123/5285/5171 16/5284/1060
f 14/5292/1052 4125/5293/5175 5885/5294/5176 1545/5295/1059
f 4125/5293/5175 1164/4524/4491 3810/4578/4545 5885/5294/5176
f 5885/5294/5176 3810/4578/4545 1179/4582/4549 4124/5289/5173
f 1545/5295/1059 5885/5294/5176 4124/5289/5173 15/5288/1056
f 13/5296/1048 4126/5297/5177 5886/5298/5178 1544/5299/1055
f 4126/5297/5177 1149/4466/4433 3781/4520/4487 5886/5298/5178
f 5886/5298/5178 3781/4520/4487 1164/4524/4491 4125/5293/5175
f 1544/5299/1055 5886/5298/5178 4125/5293/5175 14/5292/1052
f 12/5300/1044 4127/5301/5179 5887/5302/5180 1543/5303/1051
f 4127/5301/5179 1134/4408/4375 3752/4462/4429 5887/5302/5180
f 5887/5302/5180 3752/4462/4429 1149/4466/4433 4126/5297/5177
f 1543/5303/1051 5887/5302/5180 4126/5297/5177 13/5296/1048
f 11/5304/1040 4128/5305/5181 5888/5306/5182 1542/5307/1047
f 4128/5305/5181 1119/4350/4317 3723/4404/4371 5888/5306/5182
f 5888/5306/5182 3723/4404/4371 1134/4408/4375 4127/5301/5179
f 1542/5307/1047 5888/5306/5182 4127/5301/5179 12/5300/1044
f 10/5308/1036 4129/5309/5183 5889/5310/5184 1541/5311/1043
f 4129/5309/5183 1104/4266/4233 3694/4346/4313 5889/5310/5184
f 5889/5310/5184 3694/4346/4313 1119/4350/4317 4128/5305/5181
f 1541/5311/1043 5889/5310/5184 4128/5305/5181 11/5304/1040
f 9/5106/1030 4130/5105/5068 5890/5312/5185 1540/5313/1039
f 4130/5105/5068 1089/4258/4225 3665/4261/4228 5890/5312/5185
f 5890/5312/5185 3665/4261/4228 1104/4266/4233 4129/5309/5183
f 1540/5313/1039 5890/5312/5185 4129/5309/5183 10/5308/1036
f 1314/5314/5186 4131/5315/5187 5891/5316/5188 4145/5317/5189
f 4131/5315/5187 1315/5318/5190 4146/5319/5191 5891/5316/5188
f 5891/5316/5188 4146/5319/5191 1330/5320/5192 4160/5321/5193
f 4145/5317/5189 5891/5316/5188 4160/5321/5193 1329/5322/5194
f 1315/5318/5190 4132/5323/5195 5892/5324/5196 4146/5319/5191
f 4132/5323/5195 1316/5325/5197 4147/5326/5198 5892/5324/5196
f 5892/5324/5196 4147/5326/5198 1331/5327/5199 4161/5328/5200
f 4146/5319/5191 5892/5324/5196 4161/5328/5200 1330/5320/5192
f 1316/5325/5197 4133/5329/5201 5893/5330/5202 4147/5326/5198
f 4133/5329/5201 1317/5331/5203 4148/5332/5204 5893/5330/5202
f 5893/5330/5202 4148/5332/5204 1332/5333/5205 4162/5334/5206
f 4147/5326/5198 5893/5330/5202 4162/5334/5206 1331/5327/5199
f 1317/5331/5203 4134/5335/5207 5894/5336/5208 4148/5332/5204
f 4134/5335/5207 1318/5337/5209 4149/5338/5210 5894/5336/5208
f 5894/5336/5208 4149/5338/5210 1333/5339/5211 4163/5340/5212
f 4148/5332/5204 5894/5336/5208 4163/5340/5212 1332/5333/5205
f 1318/5337/5209 4135/5341/5213 5895/5342/5214 4149/5338/5210
f 4135/5341/5213 1319/5343/5215 4150/5344/5216 5895/5342/5214
f 5895/5342/5214 4150/5344/5216 1334/5345/5217 4164/5346/5218
f 4149/5338/5210 5895/5342/5214 4164/5346/5218 1333/5339/5211
f 1319/5343/5215 4136/5347/5219 5896/5348/5220 4150/5344/5216
f 4136/5347/5219 1320/5349/5221 4151/5350/5222 5896/5348/5220
f 5896/5348/5220 4151/5350/5222 1335/5351/5223 4165/5352/5224
f 4150/5344/5216 5896/5348/5220 4165/5352/5224 1334/5345/5217
f 1320/5349/5221 4137/5353/5225 5897/5354/5226 4151/5350/5222
f 4137/5353/5225 1321/5355/5227 4152/5356/5228 5897/5354/5226
f 5897/5354/5226 4152/5356/5228 1336/5357/5229 4166/5358/5230
f 4151/5350/5222 5897/5354/5226 4166/5358/5230 1335/5351/5223
f 1321/5355/5227 4138/5359/5231 5898/5360/5232 4152/5356/5228
f 4138/5359/5231 1322/5361/5233 4153/5362/5234 5898/5360/5232
f 5898/5360/5232 4153/5362/5234 1337/5363/5235 4167/5364/5236
f 4152/5356/5228 5898/5360/5232 4167/5364/5236 1336/5357/5229
f 1322/5361/5233 4139/5365/5237 5899/5366/5238 4153/5362/5234
f 4139/5365/5237 1323/5367/5239 4154/5368/5240 5899/5366/5238
f 5899/5366/5238 4154/5368/5240 1338/5369/5241 4168/5370/5242
f 4153/5362/5234 5899/5366/5238 4168/5370/5242 1337/5363/5235
f 1323/5367/5239 4140/5371/5243 5900/5372/5244 4154/5368/5240
f 4140/5371/5243 1324/5373/5245 4155/5374/5246 5900/5372/5244
f 5900/5372/5244 4155/5374/5246 1339/5375/5247 4169/5376/5248
f 4154/5368/5240 5900/5372/5244 4169/5376/5248 1338/5369/5241
f 1324/5373/5245 4141/5377/5249 5901/5378/5250 4155/5374/5246
f 4141/5377/5249 1325/5379/5251 4156/5380/5252 5901/5378/5250
f 5901/5378/5250 4156/5380/5252 1340/5381/5253 4170/5382/5254
f 4155/5374/5246 5901/5378/5250 4170/5382/5254 1339/5375/5247
f 1325/5379/5251 4142/5383/5255 5902/5384/5256 4156/5380/5252
f 4142/5383/5255 1326/5385/5257 4157/5386/5258 5902/5384/5256
f 5902/5384/5256 4157/5386/5258 1341/5387/5259 4171/5388/5260
f 4156/5380/5252 5902/5384/5256 4171/5388/5260 1340/5381/5253
f 1326/5385/5257 4143/5389/5261 5903/5390/5262 4157/5386/5258
f 4143/5389/5261 1327/5391/5263 4158/5392/5264 5903/5390/5262
f 5903/5390/5262 4158/5392/5264 1342/5393/5265 4172/5394/5266
f 4157/5386/5258 5903/5390/5262 4172/5394/5266 1341/5387/5259
f 1327/5391/5263 4144/5395/5267 5904/5396/5268 4158/5392/5264
f 4144/5395/5267 1328/5397/5269 4159/5398/5270 5904/5396/5268
f 5904/5396/5268 4159/5398/5270 1343/5399/5271 4173/5400/5272
f 4158/5392/5264 5904/5396/5268 4173/5400/5272 1342/5393/5265
f 1329/5322/5194 4160/5321/5193 5905/5401/5273 4174/5402/5274
f 4160/5321/5193 1330/5320/5192 4175/5403/5275 5905/5401/5273
f 5905/5401/5273 4175/5403/5275 1345/5404/5276 4189/5405/5277
f 4174/5402/5274 5905/5401/5273 4189/5405/5277 1344/5406/5278
f 1330/5320/5192 4161/5328/5200 5906/5407/5279 4175/5403/5275
f 4161/5328/5200 1331/5327/5199 4176/5408/5280 5906/5407/5279
f 5906/5407/5279 4176/5408/5280 1346/5409/5281 4190/5410/5282
f 4175/5403/5275 5906/5407/5279 4190/5410/5282 1345/5404/5276
f 1331/5327/5199 4162/5334/5206 5907/5411/5283 4176/5408/5280
f 4162/5334/5206 1332/5333/5205 4177/5412/5284 5907/5411/5283
f 5907/5411/5283 4177/5412/5284 1347/5413/5285 4191/5414/5286
f 4176/5408/5280 5907/5411/5283 4191/5414/5286 1346/5409/5281
f 1332/5333/5205 4163/5340/5212 5908/5415/5287 4177/5412/5284
f 4163/5340/5212 1333/5339/5211 4178/5416/5288 5908/5415/5287
f 5908/5415/5287 4178/5416/5288 1348/5417/5289 4192/5418/5290
f 4177/5412/5284 5908/5415/5287 4192/5418/5290 1347/5413/5285
f 1333/5339/5211 4164/5346/5218 5909/5419/5291 4178/5416/5288
f 4164/5346/5218 1334/5345/5217 4179/5420/5292 5909/5419/5291
f 5909/5419/5291 4179/5420/5292 1349/5421/5293 4193/5422/5294
f 4178/5416/5288 5909/5419/5291 4193/5422/5294 1348/5417/5289
f 1334/5345/5217 4165/5352/5224 5910/5423/5295 4179/5420/5292
f 4165/5352/5224 1335/5351/5223 4180/5424/5296 5910/5423/5295
f 5910/5423/5295 4180/5424/5296 1350/5425/5297 4194/5426/5298
f 4179/5420/5292 5910/5423/5295 4194/5426/5298 1349/5421/5293
f 1335/5351/5223 4166/5358/5230 5911/5427/5299 4180/5424/5296
f 4166/5358/5230 1336/5357/5229 4181/5428/5300 5911/5427/5299
f 5911/5427/5299 4181/5428/5300 1351/5429/5301 4195/5430/5302
f 4180/5424/5296 5911/5427/5299 4195/5430/5302 1350/5425/5297
f 1336/5357/5229 4167/5364/5236 5912/5431/5303 4181/5428/5300
f 4167/5364/5236 1337/5363/5235 4182/5432/5304 5912/5431/5303
f 5912/5431/5303 4182/5432/5304 1352/5433/5305 4196/5434/5306
f 4181/5428/5300 5912/5431/5303 4196/5434/5306 1351/5429/5301
f 1337/5363/5235 4168/5370/5242 5913/5435/5307 4182/5432/5304
f 4168/5370/5242 1338/5369/5241 4183/5436/5308 5913/5435/5307
f 5913/5435/5307 4183/5436/5308 1353/5437/5309 4197/5438/5310
f 4182/5432/5304 5913/5435/5307 4197/5438/5310 1352/5433/5305
f 1338/5369/5241 4169/5376/5248 5914/5439/5311 4183/5436/5308
f 4169/5376/5248 1339/5375/5247 4184/5440/5312 5914/5439/5311
f 5914/5439/5311 4184/5440/5312 1354/5441/5313 4198/5442/5314
f 4183/5436/5308 5914/5439/5311 4198/5442/5314 1353/5437/5309
f 1339/5375/5247 4170/5382/5254 5915/5443/5315 4184/5440/5312
f 4170/5382/5254 1340/5381/5253 4185/5444/5316 5915/5443/5315
f 5915/5443/5315 4185/5444/5316 1355/5445/5317 4199/5446/5318
f 4184/5440/5312 5915/5443/5315 4199/5446/5318 1354/5441/5313
f 1340/5381/5253 4171/5388/5260 5916/5447/5319 4185/5444/5316
f 4171/5388/5260 1341/5387/5259 4186/5448/5320 5916/5447/5319
f 5916/5447/5319 4186/5448/5320 1356/5449/5321 4200/5450/5322
f 4185/5444/5316 5916/5447/5319 4200/5450/5322 1355/5445/5317
f 1341/5387/5259 4172/5394/5266 5917/5451/5323 4186/5448/5320
f 4172/5394/5266 1342/5393/5265 4187/5452/5324 5917/5451/5323
f 5917/5451/5323 4187/5452/5324 1357/5453/5325 4201/5454/5326
f 4186/5448/5320 5917/5451/5323 4201/5454/5326 1356/5449/5321
f 1342/5393/5265 4173/5400/5272 5918/5455/5327 4187/5452/5324
f 4173/5400/5272 1343/5399/5271 4188/5456/5328 5918/5455/5327
f 5918/5455/5327 4188/5456/5328 1358/5457/5329 4202/5458/5330
f 4187/5452/5324 5918/5455/5327 4202/5458/5330 1357/5453/5325
f 1344/5406/5278 4189/5405/5277 5919/5459/5331 4203/5460/5332
f 4189/5405/5277 1345/5404/5276 4204/5461/5333 5919/5459/5331
f 5919/5459/5331 4204/5461/5333 1360/5462/5334 4218/5463/5335
f 4203/5460/5332 5919/5459/5331 4218/5463/5335 1359/5464/5336
f 1345/5404/5276 4190/5410/5282 5920/5465/5337 4204/5461/5333
f 4190/5410/5282 1346/5409/5281 4205/5466/5338 5920/5465/5337
f 5920/5465/5337 4205/5466/5338 1361/5467/5339 4219/5468/5340
f 4204/5461/5333 5920/5465/5337 4219/5468/5340 1360/5462/5334
f 1346/5409/5281 4191/5414/5286 5921/5469/5341 4205/5466/5338
f 4191/5414/5286 1347/5413/5285 4206/5470/5342 5921/5469/5341
f 5921/5469/5341 4206/5470/5342 1362/5471/5343 4220/5472/5344
f 4205/5466/5338 5921/5469/5341 4220/5472/5344 1361/5467/5339
f 1347/5413/5285 4192/5418/5290 5922/5473/5345 4206/5470/5342
f 4192/5418/5290 1348/5417/5289 4207/5474/5346 5922/5473/5345
f 5922/5473/5345 4207/5474/5346 1363/5475/5347 4221/5476/5348
f 4206/5470/5342 5922/5473/5345 4221/5476/5348 1362/5471/5343
f 1348/5417/5289 4193/5422/5294 5923/5477/5349 4207/5474/5346
f 4193/5422/5294 1349/5421/5293 4208/5478/5350 5923/5477/5349
f 5923/5477/5349 4208/5478/5350 1364/5479/5351 4222/5480/5352
f 4207/5474/5346 5923/5477/5349 4222/5480/5352 1363/5475/5347
f 1349/5421/5293 4194/5426/5298 5924/5481/5353 4208/5478/5350
f 4194/5426/5298 1350/5425/5297 4209/5482/5354 5924/5481/5353
f 5924/5481/5353 4209/5482/5354 1365/5483/5355 4223/5484/5356
f 4208/5478/5350 5924/5481/5353 4223/5484/5356 1364/5479/5351
f 1350/5425/5297 4195/5430/5302 5925/5485/5357 4209/5482/5354
f 4195/5430/5302 1351/5429/5301 4210/5486/5358 5925/5485/5357
f 5925/5485/5357 4210/5486/5358 1366/5487/5359 4224/5488/5360
f 4209/5482/5354 5925/5485/5357 4224/5488/5360 1365/5483/5355
f 1351/5429/5301 4196/5434/5306 5926/5489/5361 4210/5486/5358
f 4196/5434/5306 1352/5433/5305 4211/5490/5362 5926/5489/5361
f 5926/5489/5361 4211/5490/5362 1367/5491/5363 4225/5492/5364
f 4210/5486/5358 5926/5489/5361 4225/5492/5364 1366/5487/5359
f 1352/5433/5305 4197/5438/5310 5927/5493/5365 4211/5490/5362
f 4197/5438/5310 1353/5437/5309 4212/5494/5366 5927/5493/5365
f 5927/5493/5365 4212/5494/5366 1368/5495/5367 4226/5496/5368
f 4211/5490/5362 5927/5493/5365 4226/5496/5368 1367/5491/5363
f 1353/5437/5309 4198/5442/5314 5928/5497/5369 4212/5494/5366
f 4198/5442/5314 1354/5441/5313 4213/5498/5370 5928/5497/5369
f 5928/5497/5369 4213/5498/5370 1369/5499/5371 4227/5500/5372
f 4212/5494/5366 5928/5497/5369 4227/5500/5372 1368/5495/5367
f 1354/5441/5313 4199/5446/5318 5929/5501/5373 4213/5498/5370
f 4199/5446/5318 1355/5445/5317 4214/5502/5374 5929/5501/5373
f 5929/5501/5373 4214/5502/5374 1370/5503/5375 4228/5504/5376
f 4213/5498/5370 5929/5501/5373 4228/5504/5376 1369/5499/5371
f 1355/5445/5317 4200/5450/5322 5930/5505/5377 4214/5502/5374
f 4200/5450/5322 1356/5449/5321 4215/5506/5378 5930/5505/5377
f 5930/5505/5377 4215/5506/5378 1371/5507/5379 4229/5508/5380
f 4214/5502/5374 5930/5505/5377 4229/5508/5380 1370/5503/5375
f 1356/5449/5321 4201/5454/5326 5931/5509/5381 4215/5506/5378
f 4201/5454/5326 1357/5453/5325 4216/5510/5382 5931/5509/5381
f 5931/5509/5381 4216/5510/5382 1372/5511/5383 4230/5512/5384
f 4215/5506/5378 5931/5509/5381 4230/5512/5384 1371/5507/5379
f 1357/5453/5325 4202/5458/5330 5932/5513/5385 4216/5510/5382
f 4202/5458/5330 1358/5457/5329 4217/5514/5386 5932/5513/5385
f 5932/5513/5385 4217/5514/5386 1373/5515/5387 4231/5516/5388
f 4216/5510/5382 5932/5513/5385 4231/5516/5388 1372/5511/5383
f 1359/5464/5336 4218/5463/5335 5933/5517/5389 4232/5518/5390
f 4218/5463/5335 1360/5462/5334 4233/5519/5391 5933/5517/5389
f 5933/5517/5389 4233/5519/5391 1375/5520/5392 4247/5521/5393
f 4232/5518/5390 5933/5517/5389 4247/5521/5393 1374/5522/5394
f 1360/5462/5334 4219/5468/5340 5934/5523/5395 4233/5519/5391
f 4219/5468/5340 1361/5467/5339 4234/5524/5396 5934/5523/5395
f 5934/5523/5395 4234/5524/5396 1376/5525/5397 4248/5526/5398
f 4233/5519/5391 5934/5523/5395 4248/5526/5398 1375/5520/5392
f 1361/5467/5339 4220/5472/5344 5935/5527/5399 4234/5524/5396
f 4220/5472/5344 1362/5471/5343 4235/5528/5400 5935/5527/5399
f 5935/5527/5399 4235/5528/5400 1377/5529/5401 4249/5530/5402
f 4234/5524/5396 5935/5527/5399 4249/5530/5402 1376/5525/5397
f 1362/5471/5343 4221/5476/5348 5936/5531/5403 4235/5528/5400
f 4221/5476/5348 1363/5475/5347 4236/5532/5404 5936/5531/5403
f 5936/5531/5403 4236/5532/5404 1378/5533/5405 4250/5534/5406
f 4235/5528/5400 5936/5531/5403 4250/5534/5406 1377/5529/5401
f 1363/5475/5347 4222/5480/5352 5937/5535/5407 4236/5532/5404
f 4222/5480/5352 1364/5479/5351 4237/5536/5408 5937/5535/5407
f 5937/5535/5407 4237/5536/5408 1379/5537/5409 4251/5538/5410
f 4236/5532/5404 5937/5535/5407 4251/5538/5410 1378/5533/5405
f 1364/5479/5351 4223/5484/5356 5938/5539/5411 4237/5536/5408
f 4223/5484/5356 1365/5483/5355 4238/5540/5412 5938/5539/5411
f 5938/5539/5411 4238/5540/5412 1380/5541/5413 4252/5542/5414
f 4237/5536/5408 5938/5539/5411 4252/5542/5414 1379/5537/5409
f 1365/5483/5355 4224/5488/5360 5939/5543/5415 4238/5540/5412
f 4224/5488/5360 1366/5487/5359 4239/5544/5416 5939/5543/5415
f 5939/5543/5415 4239/5544/5416 1381/5545/5417 4253/5546/5418
f 4238/5540/5412 5939/5543/5415 4253/5546/5418 1380/5541/5413
f 1366/5487/5359 4225/5492/5364 5940/5547/5419 4239/5544/5416
f 4225/5492/5364 1367/5491/5363 4240/5548/5420 5940/5547/5419
f 5940/5547/5419 4240/5548/5420 1382/5549/5421 4254/5550/5422
f 4239/5544/5416 5940/5547/5419 4254/5550/5422 1381/5545/5417
f 1367/5491/5363 4226/5496/5368 5941/5551/5423 4240/5548/5420
f 4226/5496/5368 1368/5495/5367 4241/5552/5424 5941/5551/5423
f 5941/5551/5423 4241/5552/5424 1383/5553/5425 4255/5554/5426
f 4240/5548/5420 5941/5551/5423 4255/5554/5426 1382/5549/5421
f 1368/5495/5367 4227/5500/5372 5942/5555/5427 4241/5552/5424
f 4227/5500/5372 1369/5499/5371 4242/5556/5428 5942/5555/5427
f 5942/5555/5427 4242/5556/5428 1384/5557/5429 4256/5558/5430
f 4241/5552/5424 5942/5555/5427 4256/5558/5430 1383/5553/5425
f 1369/5499/5371 4228/5504/5376 5943/5559/5431 4242/5556/5428
f 4228/5504/5376 1370/5503/5375 4243/5560/5432 5943/5559/5431
f 5943/5559/5431 4243/5560/5432 1385/5561/5433 4257/5562/5434
f 4242/5556/5428 5943/5559/5431 4257/5562/5434 1384/5557/5429
f 1370/5503/5375 4229/5508/5380 5944/5563/5435 4243/5560/5432
f 4229/5508/5380 1371/5507/5379 4244/5564/5436 5944/5563/5435
f 5944/5563/5435 4244/5564/5436 1386/5565/5437 4258/5566/5438
f 4243/5560/5432 5944/5563/5435 4258/5566/5438 1385/5561/5433
f 1371/5507/5379 4230/5512/5384 5945/5567/5439 4244/5564/5436
f 4230/5512/5384 1372/5511/5383 4245/5568/5440 5945/5567/5439
f 5945/5567/5439 4245/5568/5440 1387/5569/5441 4259/5570/5442
f 4244/5564/5436 5945/5567/5439 4259/5570/5442 1386/5565/5437
f 1372/5511/5383 4231/5516/5388 5946/5571/5443 4245/5568/5440
f 4231/5516/5388 1373/5515/5387 4246/5572/5444 5946/5571/5443
f 5946/5571/5443 4246/5572/5444 1388/5573/5445 4260/5574/5446
f 4245/5568/5440 5946/5571/5443 4260/5574/5446 1387/5569/5441
f 1374/5522/5394 4247/5521/5393 5947/5575/5447 4261/5576/5448
f 4247/5521/5393 1375/5520/5392 4262/5577/5449 5947/5575/5447
f 5947/5575/5447 4262/5577/5449 1390/5578/5450 4276/5579/5451
f 4261/5576/5448 5947/5575/5447 4276/5579/5451 1389/5580/5452
f 1375/5520/5392 4248/5526/5398 5948/5581/5453 4262/5577/5449
f 4248/5526/5398 1376/5525/5397 4263/5582/5454 5948/5581/5453
f 5948/5581/5453 4263/5582/5454 1391/5583/5455 4277/5584/5456
f 4262/5577/5449 5948/5581/5453 4277/5584/5456 1390/5578/5450
f 1376/5525/5397 4249/5530/5402 5949/5585/5457 4263/5582/5454
f 4249/5530/5402 1377/5529/5401 4264/5586/5458 5949/5585/5457
f 5949/5585/5457 4264/5586/5458 1392/5587/5459 4278/5588/5460
f 4263/5582/5454 5949/5585/5457 4278/5588/5460 1391/5583/5455
f 1377/5529/5401 4250/5534/5406 5950/5589/5461 4264/5586/5458
f 4250/5534/5406 1378/5533/5405 4265/5590/5462 5950/5589/5461
f 5950/5589/5461 4265/5590/5462 1393/5591/5463 4279/5592/5464
f 4264/5586/5458 5950/5589/5461 4279/5592/5464 1392/5587/5459
f 1378/5533/5405 4251/5538/5410 5951/5593/5465 4265/5590/5462
f 4251/5538/5410 1379/5537/5409 4266/5594/5466 5951/5593/5465
f 5951/5593/5465 4266/5594/5466 1394/5595/5467 4280/5596/5468
f 4265/5590/5462 5951/5593/5465 4280/5596/5468 1393/5591/5463
f 1379/5537/5409 4252/5542/5414 5952/5597/5469 4266/5594/5466
f 4252/5542/5414 1380/5541/5413 4267/5598/5470 5952/5597/5469
f 5952/5597/5469 4267/5598/5470 1395/5599/5471 4281/5600/5472
f 4266/5594/5466 5952/5597/5469 4281/5600/5472 1394/5595/5467
f 1380/5541/5413 4253/5546/5418 5953/5601/5473 4267/5598/5470
f 4253/5546/5418 1381/5545/5417 4268/5602/5474 5953/5601/5473
f 5953/5601/5473 4268/5602/5474 1396/5603/5475 4282/5604/5476
f 4267/5598/5470 5953/5601/5473 4282/5604/5476 1395/5599/5471
f 1381/5545/5417 4254/5550/5422 5954/5605/5477 4268/5602/5474
f 4254/5550/5422 1382/5549/5421 4269/5606/5478 5954/5605/5477
f 5954/5605/5477 4269/5606/5478 1397/5607/5479 4283/5608/5480
f 4268/5602/5474 5954/5605/5477 4283/5608/5480 1396/5603/5475
f 1382/5549/5421 4255/5554/5426 5955/5609/5481 4269/5606/5478
f 4255/5554/5426 1383/5553/5425 4270/5610/5482 5955/5609/5481
f 5955/5609/5481 4270/5610/5482 1398/5611/5483 4284/5612/5484
f 4269/5606/5478 5955/5609/5481 4284/5612/5484 1397/5607/5479
f 1383/5553/5425 4256/5558/5430 5956/5613/5485 4270/5610/5482
f 4256/5558/5430 1384/5557/5429 4271/5614/5486 5956/5613/5485
f 5956/5613/5485 4271/5614/5486 1399/5615/5487 4285/5616/5488
f 4270/5610/5482 5956/5613/5485 4285/5616/5488 1398/5611/5483
f 1384/5557/5429 4257/5562/5434 5957/5617/5489 4271/5614/5486
f 4257/5562/5434 1385/5561/5433 4272/5618/5490 5957/5617/5489
f 5957/5617/5489 4272/5618/5490 1400/5619/5491 4286/5620/5492
f 4271/5614/5486 5957/5617/5489 4286/5620/5492 1399/5615/5487
f 1385/5561/5433 4258/5566/5438 5958/5621/5493 4272/5618/5490
f 4258/5566/5438 1386/5565/5437 4273/5622/5494 5958/5621/5493
f 5958/5621/5493 4273/5622/5494 1401/5623/5495 4287/5624/5496
f 4272/5618/5490 5958/5621/5493 4287/5624/5496 1400/5619/5491
f 1386/5565/5437 4259/5570/5442 5959/5625/5497 4273/5622/5494
f 4259/5570/5442 1387/5569/5441 4274/5626/5498 5959/5625/5497
f 5959/5625/5497 4274/5626/5498 1402/5627/5499 4288/5628/5500
f 4273/5622/5494 5959/5625/5497 4288/5628/5500 1401/5623/5495
f 1387/5569/5441 4260/5574/5446 5960/5629/5501 4274/5626/5498
f 4260/5574/5446 1388/5573/5445 4275/5630/5502 5960/5629/5501
f 5960/5629/5501 4275/5630/5502 1403/5631/5503 4289/5632/5504
f 4274/5626/5498 5960/5629/5501 4289/5632/5504 1402/5627/5499
f 1389/5580/5452 4276/5579/5451 5961/5633/5505 4290/5634/5506
f 4276/5579/5451 1390/5578/5450 4291/5635/5507 5961/5633/5505
f 5961/5633/5505 4291/5635/5507 1405/5636/5508 4305/5637/5509
f 4290/5634/5506 5961/5633/5505 4305/5637/5509 1404/5638/5510
f 1390/5578/5450 4277/5584/5456 5962/5639/5511 4291/5635/5507
f 4277/5584/5456 1391/5583/5455 4292/5640/5512 5962/5639/5511
f 5962/5639/5511 4292/5640/5512 1406/5641/5513 4306/5642/5514
f 4291/5635/5507 5962/5639/5511 4306/5642/5514 1405/5636/5508
f 1391/5583/5455 4278/5588/5460 5963/5643/5515 4292/5640/5512
f 4278/5588/5460 1392/5587/5459 4293/5644/5516 5963/5643/5515
f 5963/5643/5515 4293/5644/5516 1407/5645/5517 4307/5646/5518
f 4292/5640/5512 5963/5643/5515 4307/5646/5518 1406/5641/5513
f 1392/5587/5459 4279/5592/5464 5964/5647/5519 4293/5644/5516
f 4279/5592/5464 1393/5591/5463 4294/5648/5520 5964/5647/5519
f 5964/5647/5519 4294/5648/5520 1408/5649/5521 4308/5650/5522
f 4293/5644/5516 5964/5647/5519 4308/5650/5522 1407/5645/5517
f 1393/5591/5463 4280/5596/5468 5965/5651/5523 4294/5648/5520
f 4280/5596/5468 1394/5595/5467 4295/5652/5524 5965/5651/5523
f 5965/5651/5523 4295/5652/5524 1409/5653/5525 4309/5654/5526
f 4294/5648/5520 5965/5651/5523 4309/5654/5526 1408/5649/5521
f 1394/5595/5467 4281/5600/5472 5966/5655/5527 4295/5652/5524
f 4281/5600/5472 1395/5599/5471 4296/5656/5528 5966/5655/5527
f 5966/5655/5527 4296/5656/5528 1410/5657/5529 4310/5658/5530
f 4295/5652/5524 5966/5655/5527 4310/5658/5530 1409/5653/5525
f 1395/5599/5471 4282/5604/5476 5967/5659/5531 4296/5656/5528
f 4282/5604/5476 1396/5603/5475 4297/5660/5532 5967/5659/5531
f 5967/5659/5531 4297/5660/5532 1411/5661/5533 4311/5662/5534
f 4296/5656/5528 5967/5659/5531 4311/5662/5534 1410/5657/5529
f 1396/5603/5475 4283/5608/5480 5968/5663/5535 4297/5660/5532
f 4283/5608/5480 1397/5607/5479 4298/5664/5536 5968/5663/5535
f 5968/5663/5535 4298/5664/5536 1412/5665/5537 4312/5666/5538
f 4297/5660/5532 5968/5663/5535 4312/5666/5538 1411/5661/5533
f 1397/5607/5479 4284/5612/5484 5969/5667/5539 4298/5664/5536
f 4284/5612/5484 1398/5611/5483 4299/5668/5540 5969/5667/5539
f 5969/5667/5539 4299/5668/5540 1413/5669/5541 4313/5670/5542
f 4298/5664/5536 5969/5667/5539 4313/5670/5542 1412/5665/5537
f 1398/5611/5483 4285/5616/5488 5970/5671/5543 4299/5668/5540
f 4285/5616/5488 1399/5615/5487 4300/5672/5544 5970/5671/5543
f 5970/5671/5543 4300/5672/5544 1414/5673/5545 4314/5674/5546
f 4299/5668/5540 5970/5671/5543 4314/5674/5546 1413/5669/5541
f 1399/5615/5487 4286/5620/5492 5971/5675/5547 4300/5672/5544
f 4286/5620/5492 1400/5619/5491 4301/5676/5548 5971/5675/5547
f 5971/5675/5547 4301/5676/5548 1415/5677/5549 4315/5678/5550
f 4300/5672/5544 5971/5675/5547 4315/5678/5550 1414/5673/5545
f 1400/5619/5491 4287/5624/5496 5972/5679/5551 4301/5676/5548
f 4287/5624/5496 1401/5623/5495 4302/5680/5552 5972/5679/5551
f 5972/5679/5551 4302/5680/5552 1416/5681/5553 4316/5682/5554
f 4301/5676/5548 5972/5679/5551 4316/5682/5554 1415/5677/5549
f 1401/5623/5495 4288/5628/5500 5973/5683/5555 4302/5680/5552
f 4288/5628/5500 1402/5627/5499 4303/5684/5556 5973/5683/5555
f 5973/5683/5555 4303/5684/5556 1417/5685/5557 4317/5686/5558
f 4302/5680/5552 5973/5683/5555 4317/5686/5558 1416/5681/5553
f 1402/5627/5499 4289/5632/5504 5974/5687/5559 4303/5684/5556
f 4289/5632/5504 1403/5631/5503 4304/5688/5560 5974/5687/5559
f 5974/5687/5559 4304/5688/5560 1418/5689/5561 4318/5690/5562
f 4303/5684/5556 5974/5687/5559 4318/5690/5562 1417/5685/5557
f 1404/5638/5510 4305/5637/5509 5975/5691/5563 4319/5692/5564
f 4305/5637/5509 1405/5636/5508 4320/5693/5565 5975/5691/5563
f 5975/5691/5563 4320/5693/5565 1420/5694/5566 4334/5695/5567
f 4319/5692/5564 5975/5691/5563 4334/5695/5567 1419/5696/5568
f 1405/5636/5508 4306/5642/5514 5976/5697/5569 4320/5693/5565
f 4306/5642/5514 1406/5641/5513 4321/5698/5570 5976/5697/5569
f 5976/5697/5569 4321/5698/5570 1421/5699/5571 4335/5700/5572
f 4320/5693/5565 5976/5697/5569 4335/5700/5572 1420/5694/5566
f 1406/5641/5513 4307/5646/5518 5977/5701/5573 4321/5698/5570
f 4307/5646/5518 1407/5645/5517 4322/5702/5574 5977/5701/5573
f 5977/5701/5573 4322/5702/5574 1422/5703/5575 4336/5704/5576
f 4321/5698/5570 5977/5701/5573 4336/5704/5576 1421/5699/5571
f 1407/5645/5517 4308/5650/5522 5978/5705/5577 4322/5702/5574
f 4308/5650/5522 1408/5649/5521 4323/5706/5578 5978/5705/5577
f 5978/5705/5577 4323/5706/5578 1423/5707/5579 4337/5708/5580
f 4322/5702/5574 5978/5705/5577 4337/5708/5580 1422/5703/5575
f 1408/5649/5521 4309/5654/5526 5979/5709/5581 4323/5706/5578
f 4309/5654/5526 1409/5653/5525 4324/5710/5582 5979/5709/5581
f 5979/5709/5581 4324/5710/5582 1424/5711/5583 4338/5712/5584
f 4323/5706/5578 5979/5709/5581 4338/5712/5584 1423/5707/5579
f 1409/5653/5525 4310/5658/5530 5980/5713/5585 4324/5710/5582
f 4310/5658/5530 1410/5657/5529 4325/5714/5586 5980/5713/5585
f 5980/5713/5585 4325/5714/5586 1425/5715/5587 4339/5716/5588
f 4324/5710/5582 5980/5713/5585 4339/5716/5588 1424/5711/5583
f 1410/5657/5529 4311/5662/5534 5981/5717/5589 4325/5714/5586
f 4311/5662/5534 1411/5661/5533 4326/5718/5590 5981/5717/5589
f 5981/5717/5589 4326/5718/5590 1426/5719/5591 4340/5720/5592
f 4325/5714/5586 5981/5717/5589 4340/5720/5592 1425/5715/5587
f 1411/5661/5533 4312/5666/5538 5982/5721/5593 4326/5718/5590
f 4312/5666/5538 1412/5665/5537 4327/5722/5594 5982/5721/5593
f 5982/5721/5593 4327/5722/5594 1427/5723/5595 4341/5724/5596
f 4326/5718/5590 5982/5721/5593 4341/5724/5596 1426/5719/5591
f 1412/5665/5537 4313/5670/5542 5983/5725/5597 4327/5722/5594
f 4313/5670/5542 1413/5669/5541 4328/5726/5598 5983/5725/5597
f 5983/5725/5597 4328/5726/5598 1428/5727/5599 4342/5728/5600
f 4327/5722/5594 5983/5725/5597 4342/5728/5600 1427/5723/5595
f 1413/5669/5541 4314/5674/5546 5984/5729/5601 4328/5726/5598
f 4314/5674/5546 1414/5673/5545 4329/5730/5602 5984/5729/5601
f 5984/5729/5601 4329/5730/5602 1429/5731/5603 4343/5732/5604
f 4328/5726/5598 5984/5729/5601 4343/5732/5604 1428/5727/5599
f 1414/5673/5545 4315/5678/5550 5985/5733/5605 4329/5730/5602
f 4315/5678/5550 1415/5677/5549 4330/5734/5606 5985/5733/5605
f 5985/5733/5605 4330/5734/5606 1430/5735/5607 4344/5736/5608
f 4329/5730/5602 5985/5733/5605 4344/5736/5608 1429/5731/5603
f 1415/5677/5549 4316/5682/5554 5986/5737/5609 4330/5734/5606
f 4316/5682/5554 1416/5681/5553 4331/5738/5610 5986/5737/5609
f 5986/5737/5609 4331/5738/5610 1431/5739/5611 4345/5740/5612
f 4330/5734/5606 5986/5737/5609 4345/5740/5612 1430/5735/5607
f 1416/5681/5553 4317/5686/5558 5987/5741/5613 4331/5738/5610
f 4317/5686/5558 1417/5685/5557 4332/5742/5614 5987/5741/5613
f 5987/5741/5613 4332/5742/5614 1432/5743/5615 4346/5744/5616
f 4331/5738/5610 5987/5741/5613 4346/5744/5616 1431/5739/5611
f 1417/5685/5557 4318/5690/5562 5988/5745/5617 4332/5742/5614
f 4318/5690/5562 1418/5689/5561 4333/5746/5618 5988/5745/5617
f 5988/5745/5617 4333/5746/5618 1433/5747/5619 4347/5748/5620
f 4332/5742/5614 5988/5745/5617 4347/5748/5620 1432/5743/5615
f 1419/5696/5568 4334/5695/5567 5989/5749/5621 4348/5750/5622
f 4334/5695/5567 1420/5694/5566 4349/5751/5623 5989/5749/5621
f 5989/5749/5621 4349/5751/5623 1435/5752/5624 4363/5753/5625
f 4348/5750/5622 5989/5749/5621 4363/5753/5625 1434/5754/5626
f 1420/5694/5566 4335/5700/5572 5990/5755/5627 4349/5751/5623
f 4335/5700/5572 1421/5699/5571 4350/5756/5628 5990/5755/5627
f 5990/5755/5627 4350/5756/5628 1436/5757/5629 4364/5758/5630
f 4349/5751/5623 5990/5755/5627 4364/5758/5630 1435/5752/5624
f 1421/5699/5571 4336/5704/5576 5991/5759/5631 4350/5756/5628
f 4336/5704/5576 1422/5703/5575 4351/5760/5632 5991/5759/5631
f 5991/5759/5631 4351/5760/5632 1437/5761/5633 4365/5762/5634
f 4350/5756/5628 5991/5759/5631 4365/5762/5634 1436/5757/5629
f 1422/5703/5575 4337/5708/5580 5992/5763/5635 4351/5760/5632
f 4337/5708/5580 1423/5707/5579 4352/5764/5636 5992/5763/5635
f 5992/5763/5635 4352/5764/5636 1438/5765/5637 4366/5766/5638
f 4351/5760/5632 5992/5763/5635 4366/5766/5638 1437/5761/5633
f 1423/5707/5579 4338/5712/5584 5993/5767/5639 4352/5764/5636
f 4338/5712/5584 1424/5711/5583 4353/5768/5640 5993/5767/5639
f 5993/5767/5639 4353/5768/5640 1439/5769/5641 4367/5770/5642
f 4352/5764/5636 5993/5767/5639 4367/5770/5642 1438/5765/5637
f 1424/5711/5583 4339/5716/5588 5994/5771/5643 4353/5768/5640
f 4339/5716/5588 1425/5715/5587 4354/5772/5644 5994/5771/5643
f 5994/5771/5643 4354/5772/5644 1440/5773/5645 4368/5774/5646
f 4353/5768/5640 5994/5771/5643 4368/5774/5646 1439/5769/5641
f 1425/5715/5587 4340/5720/5592 5995/5775/5647 4354/5772/5644
f 4340/5720/5592 1426/5719/5591 4355/5776/5648 5995/5775/5647
f 5995/5775/5647 4355/5776/5648 1441/5777/5649 4369/5778/5650
f 4354/5772/5644 5995/5775/5647 4369/5778/5650 1440/5773/5645
f 1426/5719/5591 4341/5724/5596 5996/5779/5651 4355/5776/5648
f 4341/5724/5596 1427/5723/5595 4356/5780/5652 5996/5779/5651
f 5996/5779/5651 4356/5780/5652 1442/5781/5653 4370/5782/5654
f 4355/5776/5648 5996/5779/5651 4370/5782/5654 1441/5777/5649
f 1427/5723/5595 4342/5728/5600 5997/5783/5655 4356/5780/5652
f 4342/5728/5600 1428/5727/5599 4357/5784/5656 5997/5783/5655
f 5997/5783/5655 4357/5784/5656 1443/5785/5657 4371/5786/5658
f 4356/5780/5652 5997/5783/5655 4371/5786/5658 1442/5781/5653
f 1428/5727/5599 4343/5732/5604 5998/5787/5659 4357/5784/5656
f 4343/5732/5604 1429/5731/5603 4358/5788/5660 5998/5787/5659
f 5998/5787/5659 4358/5788/5660 1444/5789/5661 4372/5790/5662
f 4357/5784/5656 5998/5787/5659 4372/5790/5662 1443/5785/5657
f 1429/5731/5603 4344/5736/5608 5999/5791/5663 4358/5788/5660
f 4344/5736/5608 1430/5735/5607 4359/5792/5664 5999/5791/5663
f 5999/5791/5663 4359/5792/5664 1445/5793/5665 4373/5794/5666
f 4358/5788/5660 5999/5791/5663 4373/5794/5666 1444/5789/5661
f 1430/5735/5607 4345/5740/5612 6000/5795/5667 4359/5792/5664
f 4345/5740/5612 1431/5739/5611 4360/5796/5668 6000/5795/5667
f 6000/5795/5667 4360/5796/5668 1446/5797/5669 4374/5798/5670
f 4359/5792/5664 6000/5795/5667 4374/5798/5670 1445/5793/5665
f 1431/5739/5611 4346/5744/5616 6001/5799/5671 4360/5796/5668
f 4346/5744/5616 1432/5743/5615 4361/5800/5672 6001/5799/5671
f 6001/5799/5671 4361/5800/5672 1447/5801/5673 4375/5802/5674
f 4360/5796/5668 6001/5799/5671 4375/5802/5674 1446/5797/5669
f 1432/5743/5615 4347/5748/5620 6002/5803/5675 4361/5800/5672
f 4347/5748/5620 1433/5747/5619 4362/5804/5676 6002/5803/5675
f 6002/5803/5675 4362/5804/5676 1448/5805/5677 4376/5806/5678
f 4361/5800/5672 6002/5803/5675 4376/5806/5678 1447/5801/5673
f 1434/5754/5626 4363/5753/5625 6003/5807/5679 4377/5808/5680
f 4363/5753/5625 1435/5752/5624 4378/5809/5681 6003/5807/5679
f 6003/5807/5679 4378/5809/5681 1450/5810/5682 4392/5811/5683
f 4377/5808/5680 6003/5807/5679 4392/5811/5683 1449/5812/5684
f 1435/5752/5624 4364/5758/5630 6004/5813/5685 4378/5809/5681
f 4364/5758/5630 1436/5757/5629 4379/5814/5686 6004/5813/5685
f 6004/5813/5685 4379/5814/5686 1451/5815/5687 4393/5816/5688
f 4378/5809/5681 6004/5813/5685 4393/5816/5688 1450/5810/5682
f 1436/5757/5629 4365/5762/5634 6005/5817/5689 4379/5814/5686
f 4365/5762/5634 1437/5761/5633 4380/5818/5690 6005/5817/5689
f 6005/5817/5689 4380/5818/5690 1452/5819/5691 4394/5820/5692
f 4379/5814/5686 6005/5817/5689 4394/5820/5692 1451/5815/5687
f 1437/5761/5633 4366/5766/5638 6006/5821/5693 4380/5818/5690
f 4366/5766/5638 1438/5765/5637 4381/5822/5694 6006/5821/5693
f 6006/5821/5693 4381/5822/5694 1453/5823/5695 4395/5824/5696
f 4380/5818/5690 6006/5821/5693 4395/5824/5696 1452/5819/5691
f 1438/5765/5637 4367/5770/5642 6007/5825/5697 4381/5822/5694
f 4367/5770/5642 1439/5769/5641 4382/5826/5698 6007/5825/5697
f 6007/5825/5697 4382/5826/5698 1454/5827/5699 4396/5828/5700
f 4381/5822/5694 6007/5825/5697 4396/5828/5700 1453/5823/5695
f 1439/5769/5641 4368/5774/5646 6008/5829/5701 4382/5826/5698
f 4368/5774/5646 1440/5773/5645 4383/5830/5702 6008/5829/5701
f 6008/5829/5701 4383/5830/5702 1455/5831/5703 4397/5832/5704
f 4382/5826/5698 6008/5829/5701 4397/5832/5704 1454/5827/5699
f 1440/5773/5645 4369/5778/5650 6009/5833/5705 4383/5830/5702
f 4369/5778/5650 1441/5777/5649 4384/5834/5706 6009/5833/5705
f 6009/5833/5705 4384/5834/5706 1456/5835/5707 4398/5836/5708
f 4383/5830/5702 6009/5833/5705 4398/5836/5708 1455/5831/5703
f 1441/5777/5649 4370/5782/5654 6010/5837/5709 4384/5834/5706
f 4370/5782/5654 1442/5781/5653 4385/5838/5710 6010/5837/5709
f 6010/5837/5709 4385/5838/5710 1457/5839/5711 4399/5840/5712
f 4384/5834/5706 6010/5837/5709 4399/5840/5712 1456/5835/5707
f 1442/5781/5653 4371/5786/5658 6011/5841/5713 4385/5838/5710
f 4371/5786/5658 1443/5785/5657 4386/5842/5714 6011/5841/5713
f 6011/5841/5713 4386/5842/5714 1458/5843/5715 4400/5844/5716
f 4385/5838/5710 6011/5841/5713 4400/5844/5716 1457/5839/5711
f 1443/5785/5657 4372/5790/5662 6012/5845/5717 4386/5842/5714
f 4372/5790/5662 1444/5789/5661 4387/5846/5718 6012/5845/5717
f 6012/5845/5717 4387/5846/5718 1459/5847/5719 4401/5848/5720
f 4386/5842/5714 6012/5845/5717 4401/5848/5720 1458/5843/5715
f 1444/5789/5661 4373/5794/5666 6013/5849/5721 4387/5846/5718
f 4373/5794/5666 1445/5793/5665 4388/5850/5722 6013/5849/5721
f 6013/5849/5721 4388/5850/5722 1460/5851/5723 4402/5852/5724
f 4387/5846/5718 6013/5849/5721 4402/5852/5724 1459/5847/5719
f 1445/5793/5665 4374/5798/5670 6014/5853/5725 4388/5850/5722
f 4374/5798/5670 1446/5797/5669 4389/5854/5726 6014/5853/5725
f 6014/5853/5725 4389/5854/5726 1461/5855/5727 4403/5856/5728
f 4388/5850/5722 6014/5853/5725 4403/5856/5728 1460/5851/5723
f 1446/5797/5669 4375/5802/5674 6015/5857/5729 4389/5854/5726
f 4375/5802/5674 1447/5801/5673 4390/5858/5730 6015/5857/5729
f 6015/5857/5729 4390/5858/5730 1462/5859/5731 4404/5860/5732
f 4389/5854/5726 6015/5857/5729 4404/5860/5732 1461/5855/5727
f 1447/5801/5673 4376/5806/5678 6016/5861/5733 4390/5858/5730
f 4376/5806/5678 1448/5805/5677 4391/5862/5734 6016/5861/5733
f 6016/5861/5733 4391/5862/5734 1463/5863/5735 4405/5864/5736
f 4390/5858/5730 6016/5861/5733 4405/5864/5736 1462/5859/5731
f 1449/5812/5684 4392/5811/5683 6017/5865/5737 4406/5866/5738
f 4392/5811/5683 1450/5810/5682 4407/5867/5739 6017/5865/5737
f 6017/5865/5737 4407/5867/5739 1465/5868/5740 4421/5869/5741
f 4406/5866/5738 6017/5865/5737 4421/5869/5741 1464/5870/5742
f 1450/5810/5682 4393/5816/5688 6018/5871/5743 4407/5867/5739
f 4393/5816/5688 1451/5815/5687 4408/5872/5744 6018/5871/5743
f 6018/5871/5743 4408/5872/5744 1466/5873/5745 4422/5874/5746
f 4407/5867/5739 6018/5871/5743 4422/5874/5746 1465/5868/5740
f 1451/5815/5687 4394/5820/5692 6019/5875/5747 4408/5872/5744
f 4394/5820/5692 1452/5819/5691 4409/5876/5748 6019/5875/5747
f 6019/5875/5747 4409/5876/5748 1467/5877/5749 4423/5878/5750
f 4408/5872/5744 6019/5875/5747 4423/5878/5750 1466/5873/5745
f 1452/5819/5691 4395/5824/5696 6020/5879/5751 4409/5876/5748
f 4395/5824/5696 1453/5823/5695 4410/5880/5752 6020/5879/5751
f 6020/5879/5751 4410/5880/5752 1468/5881/5753 4424/5882/5754
f 4409/5876/5748 6020/5879/5751 4424/5882/5754 1467/5877/5749
f 1453/5823/5695 4396/5828/5700 6021/5883/5755 4410/5880/5752
f 4396/5828/5700 1454/5827/5699 4411/5884/5756 6021/5883/5755
f 6021/5883/5755 4411/5884/5756 1469/5885/5757 4425/5886/5758
f 4410/5880/5752 6021/5883/5755 4425/5886/5758 1468/5881/5753
f 1454/5827/5699 4397/5832/5704 6022/5887/5759 4411/5884/5756
f 4397/5832/5704 1455/5831/5703 4412/5888/5760 6022/5887/5759
f 6022/5887/5759 4412/5888/5760 1470/5889/5761 4426/5890/5762
f 4411/5884/5756 6022/5887/5759 4426/5890/5762 1469/5885/5757
f 1455/5831/5703 4398/5836/5708 6023/5891/5763 4412/5888/5760
f 4398/5836/5708 1456/5835/5707 4413/5892/5764 6023/5891/5763
f 6023/5891/5763 4413/5892/5764 1471/5893/5765 4427/5894/5766
f 4412/5888/5760 6023/5891/5763 4427/5894/5766 1470/5889/5761
f 1456/5835/5707 4399/5840/5712 6024/5895/5767 4413/5892/5764
f 4399/5840/5712 1457/5839/5711 4414/5896/5768 6024/5895/5767
f 6024/5895/5767 4414/5896/5768 1472/5897/5769 4428/5898/5770
f 4413/5892/5764 6024/5895/5767 4428/5898/5770 1471/5893/5765
f 1457/5839/5711 4400/5844/5716 6025/5899/5771 4414/5896/5768
f 4400/5844/5716 1458/5843/5715 4415/5900/5772 6025/5899/5771
f 6025/5899/5771 4415/5900/5772 1473/5901/5773 4429/5902/5774
f 4414/5896/5768 6025/5899/5771 4429/5902/5774 1472/5897/5769
f 1458/5843/5715 4401/5848/5720 6026/5903/5775 4415/5900/5772
f 4401/5848/5720 1459/5847/5719 4416/5904/5776 6026/5903/5775
f 6026/5903/5775 4416/5904/5776 1474/5905/5777 4430/5906/5778
f 4415/5900/5772 6026/5903/5775 4430/5906/5778 1473/5901/5773
f 1459/5847/5719 4402/5852/5724 6027/5907/5779 4416/5904/5776
f 4402/5852/5724 1460/5851/5723 4417/5908/5780 6027/5907/5779
f 6027/5907/5779 4417/5908/5780 1475/5909/5781 4431/5910/5782
f 4416/5904/5776 6027/5907/5779 4431/5910/5782 1474/5905/5777
f 1460/5851/5723 4403/5856/5728 6028/5911/5783 4417/5908/5780
f 4403/5856/5728 1461/5855/5727 4418/5912/5784 6028/5911/5783
f 6028/5911/5783 4418/5912/5784 1476/5913/5785 4432/5914/5786
f 4417/5908/5780 6028/5911/5783 4432/5914/5786 1475/5909/5781
f 1461/5855/5727 4404/5860/5732 6029/5915/5787 4418/5912/5784
f 4404/5860/5732 1462/5859/5731 4419/5916/5788 6029/5915/5787
f 6029/5915/5787 4419/5916/5788 1477/5917/5789 4433/5918/5790
f 4418/5912/5784 6029/5915/5787 4433/5918/5790 1476/5913/5785
f 1462/5859/5731 4405/5864/5736 6030/5919/5791 4419/5916/5788
f 4405/5864/5736 1463/5863/5735 4420/5920/5792 6030/5919/5791
f 6030/5919/5791 4420/5920/5792 1478/5921/5793 4434/5922/5794
f 4419/5916/5788 6030/5919/5791 4434/5922/5794 1477/5917/5789
f 1464/5870/5742 4421/5869/5741 6031/5923/5795 4435/5924/5796
f 4421/5869/5741 1465/5868/5740 4436/5925/5797 6031/5923/5795
f 6031/5923/5795 4436/5925/5797 1480/5926/5798 4450/5927/5799
f 4435/5924/5796 6031/5923/5795 4450/5927/5799 1479/5928/5800
f 1465/5868/5740 4422/5874/5746 6032/5929/5801 4436/5925/5797
f 4422/5874/5746 1466/5873/5745 4437/5930/5802 6032/5929/5801
f 6032/5929/5801 4437/5930/5802 1481/5931/5803 4451/5932/5804
f 4436/5925/5797 6032/5929/5801 4451/5932/5804 1480/5926/5798
f 1466/5873/5745 4423/5878/5750 6033/5933/5805 4437/5930/5802
f 4423/5878/5750 1467/5877/5749 4438/5934/5806 6033/5933/5805
f 6033/5933/5805 4438/5934/5806 1482/5935/5807 4452/5936/5808
f 4437/5930/5802 6033/5933/5805 4452/5936/5808 1481/5931/5803
f 1467/5877/5749 4424/5882/5754 6034/5937/5809 4438/5934/5806
f 4424/5882/5754 1468/5881/5753 4439/5938/5810 6034/5937/5809
f 6034/5937/5809 4439/5938/5810 1483/5939/5811 4453/5940/5812
f 4438/5934/5806 6034/5937/5809 4453/5940/5812 1482/5935/5807
f 1468/5881/5753 4425/5886/5758 6035/5941/5813 4439/5938/5810
f 4425/5886/5758 1469/5885/5757 4440/5942/5814 6035/5941/5813
f 6035/5941/5813 4440/5942/5814 1484/5943/5815 4454/5944/5816
f 4439/5938/5810 6035/5941/5813 4454/5944/5816 1483/5939/5811
f 1469/5885/5757 4426/5890/5762 6036/5945/5817 4440/5942/5814
f 4426/5890/5762 1470/5889/5761 4441/5946/5818 6036/5945/5817
f 6036/5945/5817 4441/5946/5818 1485/5947/5819 4455/5948/5820
f 4440/5942/5814 6036/5945/5817 4455/5948/5820 1484/5943/5815
f 1470/5889/5761 4427/5894/5766 6037/5949/5821 4441/5946/5818
f 4427/5894/5766 1471/5893/5765 4442/5950/5822 6037/5949/5821
f 6037/5949/5821 4442/5950/5822 1486/5951/5823 4456/5952/5824
f 4441/5946/5818 6037/5949/5821 4456/5952/5824 1485/5947/5819
f 1471/5893/5765 4428/5898/5770 6038/5953/5825 4442/5950/5822
f 4428/5898/5770 1472/5897/5769 4443/5954/5826 6038/5953/5825
f 6038/5953/5825 4443/5954/5826 1487/5955/5827 4457/5956/5828
f 4442/5950/5822 6038/5953/5825 4457/5956/5828 1486/5951/5823
f 1472/5897/5769 4429/5902/5774 6039/5957/5829 4443/5954/5826
f 4429/5902/5774 1473/5901/5773 4444/5958/5830 6039/5957/5829
f 6039/5957/5829 4444/5958/5830 1488/5959/5831 4458/5960/5832
f 4443/5954/5826 6039/5957/5829 4458/5960/5832 1487/5955/5827
f 1473/5901/5773 4430/5906/5778 6040/5961/5833 4444/5958/5830
f 4430/5906/5778 1474/5905/5777 4445/5962/5834 6040/5961/5833
f 6040/5961/5833 4445/5962/5834 1489/5963/5835 4459/5964/5836
f 4444/5958/5830 6040/5961/5833 4459/5964/5836 1488/5959/5831
f 1474/5905/5777 4431/5910/5782 6041/5965/5837 4445/5962/5834
f 4431/5910/5782 1475/5909/5781 4446/5966/5838 6041/5965/5837
f 6041/5965/5837 4446/5966/5838 1490/5967/5839 4460/5968/5840
f 4445/5962/5834 6041/5965/5837 4460/5968/5840 1489/5963/5835
f 1475/5909/5781 4432/5914/5786 6042/5969/5841 4446/5966/5838
f 4432/5914/5786 1476/5913/5785 4447/5970/5842 6042/5969/5841
f 6042/5969/5841 4447/5970/5842 1491/5971/5843 4461/5972/5844
f 4446/5966/5838 6042/5969/5841 4461/5972/5844 1490/5967/5839
f 1476/5913/5785 4433/5918/5790 6043/5973/5845 4447/5970/5842
f 4433/5918/5790 1477/5917/5789 4448/5974/5846 6043/5973/5845
f 6043/5973/5845 4448/5974/5846 1492/5975/5847 4462/5976/5848
f 4447/5970/5842 6043/5973/5845 4462/5976/5848 1491/5971/5843
f 1477/5917/5789 4434/5922/5794 6044/5977/5849 4448/5974/5846
f 4434/5922/5794 1478/5921/5793 4449/5978/5850 6044/5977/5849
f 6044/5977/5849 4449/5978/5850 1493/5979/5851 4463/5980/5852
f 4448/5974/5846 6044/5977/5849 4463/5980/5852 1492/5975/5847
f 1479/5928/5800 4450/5927/5799 6045/5981/5853 4464/5982/5854
f 4450/5927/5799 1480/5926/5798 4465/5983/5855 6045/5981/5853
f 6045/5981/5853 4465/5983/5855 1495/5984/5856 4479/5985/5857
f 4464/5982/5854 6045/5981/5853 4479/5985/5857 1494/5986/5858
f 1480/5926/5798 4451/5932/5804 6046/5987/5859 4465/5983/5855
f 4451/5932/5804 1481/5931/5803 4466/5988/5860 6046/5987/5859
f 6046/5987/5859 4466/5988/5860 1496/5989/5861 4480/5990/5862
f 4465/5983/5855 6046/5987/5859 4480/5990/5862 1495/5984/5856
f 1481/5931/5803 4452/5936/5808 6047/5991/5863 4466/5988/5860
f 4452/5936/5808 1482/5935/5807 4467/5992/5864 6047/5991/5863
f 6047/5991/5863 4467/5992/5864 1497/5993/5865 4481/5994/5866
f 4466/5988/5860 6047/5991/5863 4481/5994/5866 1496/5989/5861
f 1482/5935/5807 4453/5940/5812 6048/5995/5867 4467/5992/5864
f 4453/5940/5812 1483/5939/5811 4468/5996/5868 6048/5995/5867
f 6048/5995/5867 4468/5996/5868 1498/5997/5869 4482/5998/5870
f 4467/5992/5864 6048/5995/5867 4482/5998/5870 1497/5993/5865
f 1483/5939/5811 4454/5944/5816 6049/5999/5871 4468/5996/5868
f 4454/5944/5816 1484/5943/5815 4469/6000/5872 6049/5999/5871
f 6049/5999/5871 4469/6000/5872 1499/6001/5873 4483/6002/5874
f 4468/5996/5868 6049/5999/5871 4483/6002/5874 1498/5997/5869
f 1484/5943/5815 4455/5948/5820 6050/6003/5875 4469/6000/5872
f 4455/5948/5820 1485/5947/5819 4470/6004/5876 6050/6003/5875
f 6050/6003/5875 4470/6004/5876 1500/6005/5877 4484/6006/5878
f 4469/6000/5872 6050/6003/5875 4484/6006/5878 1499/6001/5873
f 1485/5947/5819 4456/5952/5824 6051/6007/5879 4470/6004/5876
f 4456/5952/5824 1486/5951/5823 4471/6008/5880 6051/6007/5879
f 6051/6007/5879 4471/6008/5880 1501/6009/5881 4485/6010/5882
f 4470/6004/5876 6051/6007/5879 4485/6010/5882 1500/6005/5877
f 1486/5951/5823 4457/5956/5828 6052/6011/5883 4471/6008/5880
f 4457/5956/5828 1487/5955/5827 4472/6012/5884 6052/6011/5883
f 6052/6011/5883 4472/6012/5884 1502/6013/5885 4486/6014/5886
f 4471/6008/5880 6052/6011/5883 4486/6014/5886 1501/6009/5881
f 1487/5955/5827 4458/5960/5832 6053/6015/5887 4472/6012/5884
f 4458/5960/5832 1488/5959/5831 4473/6016/5888 6053/6015/5887
f 6053/6015/5887 4473/6016/5888 1503/6017/5889 4487/6018/5890
f 4472/6012/5884 6053/6015/5887 4487/6018/5890 1502/6013/5885
f 1488/5959/5831 4459/5964/5836 6054/6019/5891 4473/6016/5888
f 4459/5964/5836 1489/5963/5835 4474/6020/5892 6054/6019/5891
f 6054/6019/5891 4474/6020/5892 1504/6021/5893 4488/6022/5894
f 4473/6016/5888 6054/6019/5891 4488/6022/5894 1503/6017/5889
f 1489/5963/5835 4460/5968/5840 6055/6023/5895 4474/6020/5892
f 4460/5968/5840 1490/5967/5839 4475/6024/5896 6055/6023/5895
f 6055/6023/5895 4475/6024/5896 1505/6025/5897 4489/6026/5898
f 4474/6020/5892 6055/6023/5895 4489/6026/5898 1504/6021/5893
f 1490/5967/5839 4461/5972/5844 6056/6027/5899 4475/6024/5896
f 4461/5972/5844 1491/5971/5843 4476/6028/5900 6056/6027/5899
f 6056/6027/5899 4476/6028/5900 1506/6029/5901 4490/6030/5902
f 4475/6024/5896 6056/6027/5899 4490/6030/5902 1505/6025/5897
f 1491/5971/5843 4462/5976/5848 6057/6031/5903 4476/6028/5900
f 4462/5976/5848 1492/5975/5847 4477/6032/5904 6057/6031/5903
f 6057/6031/5903 4477/6032/5904 1507/6033/5905 4491/6034/5906
f 4476/6028/5900 6057/6031/5903 4491/6034/5906 1506/6029/5901
f 1492/5975/5847 4463/5980/5852 6058/6035/5907 4477/6032/5904
f 4463/5980/5852 1493/5979/5851 4478/6036/5908 6058/6035/5907
f 6058/6035/5907 4478/6036/5908 1508/6037/5909 4492/6038/5910
f 4477/6032/5904 6058/6035/5907 4492/6038/5910 1507/6033/5905
f 1494/5986/5858 4479/5985/5857 6059/6039/5911 4493/6040/5912
f 4479/5985/5857 1495/5984/5856 4494/6041/5913 6059/6039/5911
f 6059/6039/5911 4494/6041/5913 1510/6042/5914 4508/6043/5915
f 4493/6040/5912 6059/6039/5911 4508/6043/5915 1509/6044/5916
f 1495/5984/5856 4480/5990/5862 6060/6045/5917 4494/6041/5913
f 4480/5990/5862 1496/5989/5861 4495/6046/5918 6060/6045/5917
f 6060/6045/5917 4495/6046/5918 1511/6047/5919 4509/6048/5920
f 4494/6041/5913 6060/6045/5917 4509/6048/5920 1510/6042/5914
f 1496/5989/5861 4481/5994/5866 6061/6049/5921 4495/6046/5918
f 4481/5994/5866 1497/5993/5865 4496/6050/5922 6061/6049/5921
f 6061/6049/5921 4496/6050/5922 1512/6051/5923 4510/6052/5924
f 4495/6046/5918 6061/6049/5921 4510/6052/5924 1511/6047/5919
f 1497/5993/5865 4482/5998/5870 6062/6053/5925 4496/6050/5922
f 4482/5998/5870 1498/5997/5869 4497/6054/5926 6062/6053/5925
f 6062/6053/5925 4497/6054/5926 1513/6055/5927 4511/6056/5928
f 4496/6050/5922 6062/6053/5925 4511/6056/5928 1512/6051/5923
f 1498/5997/5869 4483/6002/5874 6063/6057/5929 4497/6054/5926
f 4483/6002/5874 1499/6001/5873 4498/6058/5930 6063/6057/5929
f 6063/6057/5929 4498/6058/5930 1514/6059/5931 4512/6060/5932
f 4497/6054/5926 6063/6057/5929 4512/6060/5932 1513/6055/5927
f 1499/6001/5873 4484/6006/5878 6064/6061/5933 4498/6058/5930
f 4484/6006/5878 1500/6005/5877 4499/6062/5934 6064/6061/5933
f 6064/6061/5933 4499/6062/5934 1515/6063/5935 4513/6064/5936
f 4498/6058/5930 6064/6061/5933 4513/6064/5936 1514/6059/5931
f 1500/6005/5877 4485/6010/5882 6065/6065/5937 4499/6062/5934
f 4485/6010/5882 1501/6009/5881 4500/6066/5938 6065/6065/5937
f 6065/6065/5937 4500/6066/5938 1516/6067/5939 4514/6068/5940
f 4499/6062/5934 6065/6065/5937 4514/6068/5940 1515/6063/5935
f 1501/6009/5881 4486/6014/5886 6066/6069/5941 4500/6066/5938
f 4486/6014/5886 1502/6013/5885 4501/6070/5942 6066/6069/5941
f 6066/6069/5941 4501/6070/5942 1517/6071/5943 4515/6072/5944
f 4500/6066/5938 6066/6069/5941 4515/6072/5944 1516/6067/5939
f 1502/6013/5885 4487/6018/5890 6067/6073/5945 4501/6070/5942
f 4487/6018/5890 1503/6017/5889 4502/6074/5946 6067/6073/5945
f 6067/6073/5945 4502/6074/5946 1518/6075/5947 4516/6076/5948
f 4501/6070/5942 6067/6073/5945 4516/6076/5948 1517/6071/5943
f 1503/6017/5889 4488/6022/5894 6068/6077/5949 4502/6074/5946
f 4488/6022/5894 1504/6021/5893 4503/6078/5950 6068/6077/5949
f 6068/6077/5949 4503/6078/5950 1519/6079/5951 4517/6080/5952
f 4502/6074/5946 6068/6077/5949 4517/6080/5952 1518/6075/5947
f 1504/6021/5893 4489/6026/5898 6069/6081/5953 4503/6078/5950
f 4489/6026/5898 1505/6025/5897 4504/6082/5954 6069/6081/5953
f 6069/6081/5953 4504/6082/5954 1520/6083/5955 4518/6084/5956
f 4503/6078/5950 6069/6081/5953 4518/6084/5956 1519/6079/5951
f 1505/6025/5897 4490/6030/5902 6070/6085/5957 4504/6082/5954
f 4490/6030/5902 1506/6029/5901 4505/6086/5958 6070/6085/5957
f 6070/6085/5957 4505/6086/5958 1521/6087/5959 4519/6088/5960
f 4504/6082/5954 6070/6085/5957 4519/6088/5960 1520/6083/5955
f 1506/6029/5901 4491/6034/5906 6071/6089/5961 4505/6086/5958
f 4491/6034/5906 1507/6033/5905 4506/6090/5962 6071/6089/5961
f 6071/6089/5961 4506/6090/5962 1522/6091/5963 4520/6092/5964
f 4505/6086/5958 6071/6089/5961 4520/6092/5964 1521/6087/5959
f 1507/6033/5905 4492/6038/5910 6072/6093/5965 4506/6090/5962
f 4492/6038/5910 1508/6037/5909 4507/6094/5966 6072/6093/5965
f 6072/6093/5965 4507/6094/5966 1523/6095/5967 4521/6096/5968
f 4506/6090/5962 6072/6093/5965 4521/6096/5968 1522/6091/5963
f 1509/6044/5916 4508/6043/5915 6073/6097/5969 4522/6098/5970
f 4508/6043/5915 1510/6042/5914 4523/6099/5971 6073/6097/5969
f 6073/6097/5969 4523/6099/5971 1525/6100/5972 4537/6101/5973
f 4522/6098/5970 6073/6097/5969 4537/6101/5973 1524/6102/5974
f 1510/6042/5914 4509/6048/5920 6074/6103/5975 4523/6099/5971
f 4509/6048/5920 1511/6047/5919 4524/6104/5976 6074/6103/5975
f 6074/6103/5975 4524/6104/5976 1526/6105/5977 4538/6106/5978
f 4523/6099/5971 6074/6103/5975 4538/6106/5978 1525/6100/5972
f 1511/6047/5919 4510/6052/5924 6075/6107/5979 4524/6104/5976
f 4510/6052/5924 1512/6051/5923 4525/6108/5980 6075/6107/5979
f 6075/6107/5979 4525/6108/5980 1527/6109/5981 4539/6110/5982
f 4524/6104/5976 6075/6107/5979 4539/6110/5982 1526/6105/5977
f 1512/6051/5923 4511/6056/5928 6076/6111/5983 4525/6108/5980
f 4511/6056/5928 1513/6055/5927 4526/6112/5984 6076/6111/5983
f 6076/6111/5983 4526/6112/5984 1528/6113/5985 4540/6114/5986
f 4525/6108/5980 6076/6111/5983 4540/6114/5986 1527/6109/5981
f 1513/6055/5927 4512/6060/5932 6077/6115/5987 4526/6112/5984
f 4512/6060/5932 1514/6059/5931 4527/6116/5988 6077/6115/5987
f 6077/6115/5987 4527/6116/5988 1529/6117/5989 4541/6118/5990
f 4526/6112/5984 6077/6115/5987 4541/6118/5990 1528/6113/5985
f 1514/6059/5931 4513/6064/5936 6078/6119/5991 4527/6116/5988
f 4513/6064/5936 1515/6063/5935 4528/6120/5992 6078/6119/5991
f 6078/6119/5991 4528/6120/5992 1530/6121/5993 4542/6122/5994
f 4527/6116/5988 6078/6119/5991 4542/6122/5994 1529/6117/5989
f 1515/6063/5935 4514/6068/5940 6079/6123/5995 4528/6120/5992
f 4514/6068/5940 1516/6067/5939 4529/6124/5996 6079/6123/5995
f 6079/6123/5995 4529/6124/5996 1531/6125/5997 4543/6126/5998
f 4528/6120/5992 6079/6123/5995 4543/6126/5998 1530/6121/5993
f 1516/6067/5939 4515/6072/5944 6080/6127/5999 4529/6124/5996
f 4515/6072/5944 1517/6071/5943 4530/6128/6000 6080/6127/5999
f 6080/6127/5999 4530/6128/6000 1532/6129/6001 4544/6130/6002
f 4529/6124/5996 6080/6127/5999 4544/6130/6002 1531/6125/5997
f 1517/6071/5943 4516/6076/5948 6081/6131/6003 4530/6128/6000
f 4516/6076/5948 1518/6075/5947 4531/6132/6004 6081/6131/6003
f 6081/6131/6003 4531/6132/6004 1533/6133/6005 4545/6134/6006
f 4530/6128/6000 6081/6131/6003 4545/6134/6006 1532/6129/6001
f 1518/6075/5947 4517/6080/5952 6082/6135/6007 4531/6132/6004
f 4517/6080/5952 1519/6079/5951 4532/6136/6008 6082/6135/6007
f 6082/6135/6007 4532/6136/6008 1534/6137/6009 4546/6138/6010
f 4531/6132/6004 6082/6135/6007 4546/6138/6010 1533/6133/6005
f 1519/6079/5951 4518/6084/5956 6083/6139/6011 4532/6136/6008
f 4518/6084/5956 1520/6083/5955 4533/6140/6012 6083/6139/6011
f 6083/6139/6011 4533/6140/6012 1535/6141/6013 4547/6142/6014
f 4532/6136/6008 6083/6139/6011 4547/6142/6014 1534/6137/6009
f 1520/6083/5955 4519/6088/5960 6084/6143/6015 4533/6140/6012
f 4519/6088/5960 1521/6087/5959 4534/6144/6016 6084/6143/6015
f 6084/6143/6015 4534/6144/6016 1536/6145/6017 4548/6146/6018
f 4533/6140/6012 6084/6143/6015 4548/6146/6018 1535/6141/6013
f 1521/6087/5959 4520/6092/5964 6085/6147/6019 4534/6144/6016
f 4520/6092/5964 1522/6091/5963 4535/6148/6020 6085/6147/6019
f 6085/6147/6019 4535/6148/6020 1537/6149/6021 4549/6150/6022
f 4534/6144/6016 6085/6147/6019 4549/6150/6022 1536/6145/6017
f 1522/6091/5963 4521/6096/5968 6086/6151/6023 4535/6148/6020
f 4521/6096/5968 1523/6095/5967 4536/6152/6024 6086/6151/6023
f 6086/6151/6023 4536/6152/6024 1538/6153/6025 4550/6154/6026
f 4535/6148/6020 6086/6151/6023 4550/6154/6026 1537/6149/6021
f 8/2027/2027 1634/6155/2026 6087/6156/6027 1667/3021/3021
f 1634/6155/2026 98/6157/2022 4551/6158/6028 6087/6156/6027
f 6087/6156/6027 4551/6158/6028 1314/5314/5186 4610/6159/6029
f 1667/3021/3021 6087/6156/6027 4610/6159/6029 129/3022/3022
f 98/6157/2022 1633/6160/2021 6088/6161/6030 4551/6158/6028
f 1633/6160/2021 97/6162/2018 4552/6163/6031 6088/6161/6030
f 6088/6161/6030 4552/6163/6031 1315/5318/5190 4131/5315/5187
f 4551/6158/6028 6088/6161/6030 4131/5315/5187 1314/5314/5186
f 97/6162/2018 1632/6164/2017 6089/6165/6032 4552/6163/6031
f 1632/6164/2017 96/6166/2014 4553/6167/6033 6089/6165/6032
f 6089/6165/6032 4553/6167/6033 1316/5325/5197 4132/5323/5195
f 4552/6163/6031 6089/6165/6032 4132/5323/5195 1315/5318/5190
f 96/6166/2014 1631/6168/2013 6090/6169/6034 4553/6167/6033
f 1631/6168/2013 95/6170/2010 4554/6171/6035 6090/6169/6034
f 6090/6169/6034 4554/6171/6035 1317/5331/5203 4133/5329/5201
f 4553/6167/6033 6090/6169/6034 4133/5329/5201 1316/5325/5197
f 95/6170/2010 1630/6172/2009 6091/6173/6036 4554/6171/6035
f 1630/6172/2009 94/6174/2006 4555/6175/6037 6091/6173/6036
f 6091/6173/6036 4555/6175/6037 1318/5337/5209 4134/5335/5207
f 4554/6171/6035 6091/6173/6036 4134/5335/5207 1317/5331/5203
f 94/6174/2006 1629/6176/2005 6092/6177/6038 4555/6175/6037
f 1629/6176/2005 93/6178/2002 4556/6179/6039 6092/6177/6038
f 6092/6177/6038 4556/6179/6039 1319/5343/5215 4135/5341/5213
f 4555/6175/6037 6092/6177/6038 4135/5341/5213 1318/5337/5209
f 93/6178/2002 1628/6180/2001 6093/6181/6040 4556/6179/6039
f 1628/6180/2001 92/6182/1998 4557/6183/6041 6093/6181/6040
f 6093/6181/6040 4557/6183/6041 1320/5349/5221 4136/5347/5219
f 4556/6179/6039 6093/6181/6040 4136/5347/5219 1319/5343/5215
f 92/6182/1998 1627/6184/1997 6094/6185/6042 4557/6183/6041
f 1627/6184/1997 91/6186/1994 4558/6187/6043 6094/6185/6042
f 6094/6185/6042 4558/6187/6043 1321/5355/5227 4137/5353/5225
f 4557/6183/6041 6094/6185/6042 4137/5353/5225 1320/5349/5221
f 91/6186/1994 1626/6188/1993 6095/6189/6044 4558/6187/6043
f 1626/6188/1993 90/6190/1990 4559/6191/6045 6095/6189/6044
f 6095/6189/6044 4559/6191/6045 1322/5361/5233 4138/5359/5231
f 4558/6187/6043 6095/6189/6044 4138/5359/5231 1321/5355/5227
f 90/6190/1990 1625/6192/1989 6096/6193/6046 4559/6191/6045
f 1625/6192/1989 89/6194/1986 4560/6195/6047 6096/6193/6046
f 6096/6193/6046 4560/6195/6047 1323/5367/5239 4139/5365/5237
f 4559/6191/6045 6096/6193/6046 4139/5365/5237 1322/5361/5233
f 89/6194/1986 1624/6196/1985 6097/6197/6048 4560/6195/6047
f 1624/6196/1985 88/6198/1982 4561/6199/6049 6097/6197/6048
f 6097/6197/6048 4561/6199/6049 1324/5373/5245 4140/5371/5243
f 4560/6195/6047 6097/6197/6048 4140/5371/5243 1323/5367/5239
f 88/6198/1982 1623/6200/1981 6098/6201/6050 4561/6199/6049
f 1623/6200/1981 87/6202/1978 4562/6203/6051 6098/6201/6050
f 6098/6201/6050 4562/6203/6051 1325/5379/5251 4141/5377/5249
f 4561/6199/6049 6098/6201/6050 4141/5377/5249 1324/5373/5245
f 87/6202/1978 1622/6204/1977 6099/6205/6052 4562/6203/6051
f 1622/6204/1977 86/6206/1974 4563/6207/6053 6099/6205/6052
f 6099/6205/6052 4563/6207/6053 1326/5385/5257 4142/5383/5255
f 4562/6203/6051 6099/6205/6052 4142/5383/5255 1325/5379/5251
f 86/6206/1974 1621/6208/1973 6100/6209/6054 4563/6207/6053
f 1621/6208/1973 85/6210/1970 4564/6211/6055 6100/6209/6054
f 6100/6209/6054 4564/6211/6055 1327/5391/5263 4143/5389/5261
f 4563/6207/6053 6100/6209/6054 4143/5389/5261 1326/5385/5257
f 85/6210/1970 1620/6212/1969 6101/6213/6056 4564/6211/6055
f 1620/6212/1969 84/6214/1966 4565/6215/6057 6101/6213/6056
f 6101/6213/6056 4565/6215/6057 1328/5397/5269 4144/5395/5267
f 4564/6211/6055 6101/6213/6056 4144/5395/5267 1327/5391/5263
f 84/6214/1966 1619/6216/1965 6102/6217/6058 4565/6215/6057
f 1619/6216/1965 4/6218/971 1586/6219/970 6102/6217/6058
f 6102/6217/6058 1586/6219/970 53/6220/966 4566/6221/6059
f 4565/6215/6057 6102/6217/6058 4566/6221/6059 1328/5397/5269
f 1328/5397/5269 4566/6221/6059 6103/6222/6060 4159/5398/5270
f 4566/6221/6059 53/6220/966 1585/6223/965 6103/6222/6060
f 6103/6222/6060 1585/6223/965 52/6224/962 4567/6225/6061
f 4159/5398/5270 6103/6222/6060 4567/6225/6061 1343/5399/5271
f 1343/5399/5271 4567/6225/6061 6104/6226/6062 4188/5456/5328
f 4567/6225/6061 52/6224/962 1584/6227/961 6104/6226/6062
f 6104/6226/6062 1584/6227/961 51/6228/958 4568/6229/6063
f 4188/5456/5328 6104/6226/6062 4568/6229/6063 1358/5457/5329
f 1358/5457/5329 4568/6229/6063 6105/6230/6064 4217/5514/5386
f 4568/6229/6063 51/6228/958 1583/6231/957 6105/6230/6064
f 6105/6230/6064 1583/6231/957 50/6232/954 4569/6233/6065
f 4217/5514/5386 6105/6230/6064 4569/6233/6065 1373/5515/5387
f 1373/5515/5387 4569/6233/6065 6106/6234/6066 4246/5572/5444
f 4569/6233/6065 50/6232/954 1582/6235/953 6106/6234/6066
f 6106/6234/6066 1582/6235/953 49/6236/950 4570/6237/6067
f 4246/5572/5444 6106/6234/6066 4570/6237/6067 1388/5573/5445
f 1388/5573/5445 4570/6237/6067 6107/6238/6068 4275/5630/5502
f 4570/6237/6067 49/6236/950 1581/6239/949 6107/6238/6068
f 6107/6238/6068 1581/6239/949 48/6240/946 4571/6241/6069
f 4275/5630/5502 6107/6238/6068 4571/6241/6069 1403/5631/5503
f 1403/5631/5503 4571/6241/6069 6108/6242/6070 4304/5688/5560
f 4571/6241/6069 48/6240/946 1580/6243/945 6108/6242/6070
f 6108/6242/6070 1580/6243/945 47/6244/942 4572/6245/6071
f 4304/5688/5560 6108/6242/6070 4572/6245/6071 1418/5689/5561
f 1418/5689/5561 4572/6245/6071 6109/6246/6072 4333/5746/5618
f 4572/6245/6071 47/6244/942 1579/6247/941 6109/6246/6072
f 6109/6246/6072 1579/6247/941 46/6248/938 4573/6249/6073
f 4333/5746/5618 6109/6246/6072 4573/6249/6073 1433/5747/5619
f 1433/5747/5619 4573/6249/6073 6110/6250/6074 4362/5804/5676
f 4573/6249/6073 46/6248/938 1578/6251/937 6110/6250/6074
f 6110/6250/6074 1578/6251/937 45/6252/934 4574/6253/6075
f 4362/5804/5676 6110/6250/6074 4574/6253/6075 1448/5805/5677
f 1448/5805/5677 4574/6253/6075 6111/6254/6076 4391/5862/5734
f 4574/6253/6075 45/6252/934 1577/6255/933 6111/6254/6076
f 6111/6254/6076 1577/6255/933 44/6256/930 4575/6257/6077
f 4391/5862/5734 6111/6254/6076 4575/6257/6077 1463/5863/5735
f 1463/5863/5735 4575/6257/6077 6112/6258/6078 4420/5920/5792
f 4575/6257/6077 44/6256/930 1576/6259/929 6112/6258/6078
f 6112/6258/6078 1576/6259/929 43/6260/926 4576/6261/6079
f 4420/5920/5792 6112/6258/6078 4576/6261/6079 1478/5921/5793
f 1478/5921/5793 4576/6261/6079 6113/6262/6080 4449/5978/5850
f 4576/6261/6079 43/6260/926 1575/6263/925 6113/6262/6080
f 6113/6262/6080 1575/6263/925 42/6264/922 4577/6265/6081
f 4449/5978/5850 6113/6262/6080 4577/6265/6081 1493/5979/5851
f 1493/5979/5851 4577/6265/6081 6114/6266/6082 4478/6036/5908
f 4577/6265/6081 42/6264/922 1574/6267/921 6114/6266/6082
f 6114/6266/6082 1574/6267/921 41/6268/918 4578/6269/6083
f 4478/6036/5908 6114/6266/6082 4578/6269/6083 1508/6037/5909
f 1508/6037/5909 4578/6269/6083 6115/6270/6084 4507/6094/5966
f 4578/6269/6083 41/6268/918 1573/6271/917 6115/6270/6084
f 6115/6270/6084 1573/6271/917 40/6272/914 4579/6273/6085
f 4507/6094/5966 6115/6270/6084 4579/6273/6085 1523/6095/5967
f 1523/6095/5967 4579/6273/6085 6116/6274/6086 4536/6152/6024
f 4579/6273/6085 40/6272/914 1572/6275/913 6116/6274/6086
f 6116/6274/6086 1572/6275/913 39/6276/910 4580/6277/6087
f 4536/6152/6024 6116/6274/6086 4580/6277/6087 1538/6153/6025
f 1538/6153/6025 4580/6277/6087 6117/6278/6088 4581/6279/6089
f 4580/6277/6087 39/6276/910 1571/6280/909 6117/6278/6088
f 6117/6278/6088 1571/6280/909 2/6281/908 1730/6282/4138
f 4581/6279/6089 6117/6278/6088 1730/6282/4138 188/6283/4134
f 1537/6149/6021 4550/6154/6026 6118/6284/6090 4582/6285/6091
f 4550/6154/6026 1538/6153/6025 4581/6279/6089 6118/6284/6090
f 6118/6284/6090 4581/6279/6089 188/6283/4134 1729/6286/4133
f 4582/6285/6091 6118/6284/6090 1729/6286/4133 187/6287/4130
f 1536/6145/6017 4549/6150/6022 6119/6288/6092 4583/6289/6093
f 4549/6150/6022 1537/6149/6021 4582/6285/6091 6119/6288/6092
f 6119/6288/6092 4582/6285/6091 187/6287/4130 1728/6290/4129
f 4583/6289/6093 6119/6288/6092 1728/6290/4129 186/6291/4126
f 1535/6141/6013 4548/6146/6018 6120/6292/6094 4584/6293/6095
f 4548/6146/6018 1536/6145/6017 4583/6289/6093 6120/6292/6094
f 6120/6292/6094 4583/6289/6093 186/6291/4126 1727/6294/4125
f 4584/6293/6095 6120/6292/6094 1727/6294/4125 185/6295/4122
f 1534/6137/6009 4547/6142/6014 6121/6296/6096 4585/6297/6097
f 4547/6142/6014 1535/6141/6013 4584/6293/6095 6121/6296/6096
f 6121/6296/6096 4584/6293/6095 185/6295/4122 1726/6298/4121
f 4585/6297/6097 6121/6296/6096 1726/6298/4121 184/6299/4118
f 1533/6133/6005 4546/6138/6010 6122/6300/6098 4586/6301/6099
f 4546/6138/6010 1534/6137/6009 4585/6297/6097 6122/6300/6098
f 6122/6300/6098 4585/6297/6097 184/6299/4118 1725/6302/4117
f 4586/6301/6099 6122/6300/6098 1725/6302/4117 183/6303/4114
f 1532/6129/6001 4545/6134/6006 6123/6304/6100 4587/6305/6101
f 4545/6134/6006 1533/6133/6005 4586/6301/6099 6123/6304/6100
f 6123/6304/6100 4586/6301/6099 183/6303/4114 1724/6306/4113
f 4587/6305/6101 6123/6304/6100 1724/6306/4113 182/6307/4110
f 1531/6125/5997 4544/6130/6002 6124/6308/6102 4588/6309/6103
f 4544/6130/6002 1532/6129/6001 4587/6305/6101 6124/6308/6102
f 6124/6308/6102 4587/6305/6101 182/6307/4110 1723/6310/4109
f 4588/6309/6103 6124/6308/6102 1723/6310/4109 181/6311/4106
f 1530/6121/5993 4543/6126/5998 6125/6312/6104 4589/6313/6105
f 4543/6126/5998 1531/6125/5997 4588/6309/6103 6125/6312/6104
f 6125/6312/6104 4588/6309/6103 181/6311/4106 1722/6314/4105
f 4589/6313/6105 6125/6312/6104 1722/6314/4105 180/6315/4102
f 1529/6117/5989 4542/6122/5994 6126/6316/6106 4590/6317/6107
f 4542/6122/5994 1530/6121/5993 4589/6313/6105 6126/6316/6106
f 6126/6316/6106 4589/6313/6105 180/6315/4102 1721/6318/4101
f 4590/6317/6107 6126/6316/6106 1721/6318/4101 179/6319/4098
f 1528/6113/5985 4541/6118/5990 6127/6320/6108 4591/6321/6109
f 4541/6118/5990 1529/6117/5989 4590/6317/6107 6127/6320/6108
f 6127/6320/6108 4590/6317/6107 179/6319/4098 1720/6322/4097
f 4591/6321/6109 6127/6320/6108 1720/6322/4097 178/6323/4094
f 1527/6109/5981 4540/6114/5986 6128/6324/6110 4592/6325/6111
f 4540/6114/5986 1528/6113/5985 4591/6321/6109 6128/6324/6110
f 6128/6324/6110 4591/6321/6109 178/6323/4094 1719/6326/4093
f 4592/6325/6111 6128/6324/6110 1719/6326/4093 177/6327/4090
f 1526/6105/5977 4539/6110/5982 6129/6328/6112 4593/6329/6113
f 4539/6110/5982 1527/6109/5981 4592/6325/6111 6129/6328/6112
f 6129/6328/6112 4592/6325/6111 177/6327/4090 1718/6330/4089
f 4593/6329/6113 6129/6328/6112 1718/6330/4089 176/6331/4086
f 1525/6100/5972 4538/6106/5978 6130/6332/6114 4594/6333/6115
f 4538/6106/5978 1526/6105/5977 4593/6329/6113 6130/6332/6114
f 6130/6332/6114 4593/6329/6113 176/6331/4086 1717/6334/4085
f 4594/6333/6115 6130/6332/6114 1717/6334/4085 175/6335/4082
f 1524/6102/5974 4537/6101/5973 6131/6336/6116 4595/6337/6117
f 4537/6101/5973 1525/6100/5972 4594/6333/6115 6131/6336/6116
f 6131/6336/6116 4594/6333/6115 175/6335/4082 1716/6338/4081
f 4595/6337/6117 6131/6336/6116 1716/6338/4081 174/6339/4078
f 143/3078/3078 4596/6340/6118 6132/6341/6119 1682/3082/3082
f 4596/6340/6118 1524/6102/5974 4595/6337/6117 6132/6341/6119
f 6132/6341/6119 4595/6337/6117 174/6339/4078 1715/6342/4077
f 1682/3082/3082 6132/6341/6119 1715/6342/4077 6/3083/3083
f 142/3074/3074 4597/6343/6120 6133/6344/6121 1681/3077/3077
f 4597/6343/6120 1509/6044/5916 4522/6098/5970 6133/6344/6121
f 6133/6344/6121 4522/6098/5970 1524/6102/5974 4596/6340/6118
f 1681/3077/3077 6133/6344/6121 4596/6340/6118 143/3078/3078
f 141/3070/3070 4598/6345/6122 6134/6346/6123 1680/3073/3073
f 4598/6345/6122 1494/5986/5858 4493/6040/5912 6134/6346/6123
f 6134/6346/6123 4493/6040/5912 1509/6044/5916 4597/6343/6120
f 1680/3073/3073 6134/6346/6123 4597/6343/6120 142/3074/3074
f 140/3066/3066 4599/6347/6124 6135/6348/6125 1679/3069/3069
f 4599/6347/6124 1479/5928/5800 4464/5982/5854 6135/6348/6125
f 6135/6348/6125 4464/5982/5854 1494/5986/5858 4598/6345/6122
f 1679/3069/3069 6135/6348/6125 4598/6345/6122 141/3070/3070
f 139/3062/3062 4600/6349/6126 6136/6350/6127 1678/3065/3065
f 4600/6349/6126 1464/5870/5742 4435/5924/5796 6136/6350/6127
f 6136/6350/6127 4435/5924/5796 1479/5928/5800 4599/6347/6124
f 1678/3065/3065 6136/6350/6127 4599/6347/6124 140/3066/3066
f 138/3058/3058 4601/6351/6128 6137/6352/6129 1677/3061/3061
f 4601/6351/6128 1449/5812/5684 4406/5866/5738 6137/6352/6129
f 6137/6352/6129 4406/5866/5738 1464/5870/5742 4600/6349/6126
f 1677/3061/3061 6137/6352/6129 4600/6349/6126 139/3062/3062
f 137/3054/3054 4602/6353/6130 6138/6354/6131 1676/3057/3057
f 4602/6353/6130 1434/5754/5626 4377/5808/5680 6138/6354/6131
f 6138/6354/6131 4377/5808/5680 1449/5812/5684 4601/6351/6128
f 1676/3057/3057 6138/6354/6131 4601/6351/6128 138/3058/3058
f 136/3050/3050 4603/6355/6132 6139/6356/6133 1675/3053/3053
f 4603/6355/6132 1419/5696/5568 4348/5750/5622 6139/6356/6133
f 6139/6356/6133 4348/5750/5622 1434/5754/5626 4602/6353/6130
f 1675/3053/3053 6139/6356/6133 4602/6353/6130 137/3054/3054
f 135/3046/3046 4604/6357/6134 6140/6358/6135 1674/3049/3049
f 4604/6357/6134 1404/5638/5510 4319/5692/5564 6140/6358/6135
f 6140/6358/6135 4319/5692/5564 1419/5696/5568 4603/6355/6132
f 1674/3049/3049 6140/6358/6135 4603/6355/6132 136/3050/3050
f 134/3042/3042 4605/6359/6136 6141/6360/6137 1673/3045/3045
f 4605/6359/6136 1389/5580/5452 4290/5634/5506 6141/6360/6137
f 6141/6360/6137 4290/5634/5506 1404/5638/5510 4604/6357/6134
f 1673/3045/3045 6141/6360/6137 4604/6357/6134 135/3046/3046
f 133/3038/3038 4606/6361/6138 6142/6362/6139 1672/3041/3041
f 4606/6361/6138 1374/5522/5394 4261/5576/5448 6142/6362/6139
f 6142/6362/6139 4261/5576/5448 1389/5580/5452 4605/6359/6136
f 1672/3041/3041 6142/6362/6139 4605/6359/6136 134/3042/3042
f 132/3034/3034 4607/6363/6140 6143/6364/6141 1671/3037/3037
f 4607/6363/6140 1359/5464/5336 4232/5518/5390 6143/6364/6141
f 6143/6364/6141 4232/5518/5390 1374/5522/5394 4606/6361/6138
f 1671/3037/3037 6143/6364/6141 4606/6361/6138 133/3038/3038
f 131/3030/3030 4608/6365/6142 6144/6366/6143 1670/3033/3033
f 4608/6365/6142 1344/5406/5278 4203/5460/5332 6144/6366/6143
f 6144/6366/6143 4203/5460/5332 1359/5464/5336 4607/6363/6140
f 1670/3033/3033 6144/6366/6143 4607/6363/6140 132/3034/3034
f 130/3026/3026 4609/6367/6144 6145/6368/6145 1669/3029/3029
f 4609/6367/6144 1329/5322/5194 4174/5402/5274 6145/6368/6145
f 6145/6368/6145 4174/5402/5274 1344/5406/5278 4608/6365/6142
f 1669/3029/3029 6145/6368/6145 4608/6365/6142 131/3030/3030
f 129/3022/3022 4610/6159/6029 6146/6369/6146 1668/3025/3025
f 4610/6159/6029 1314/5314/5186 4145/5317/5189 6146/6369/6146
f 6146/6369/6146 4145/5317/5189 1329/5322/5194 4609/6367/6144
f 1668/3025/3025 6146/6369/6146 4609/6367/6144 130/3026/3026
